pd_object_id,entity_name,entity_code,udp,value,source_path
C89651D5-480F-4D63-83F4-B05265388373,FUEL_FORM_PROPERTY,FL_FRM_PRPRTY,PD_ObjectID,C89651D5-480F-4D63-83F4-B05265388373,
C89651D5-480F-4D63-83F4-B05265388373,FUEL_FORM_PROPERTY,FL_FRM_PRPRTY,PD_SourceExtraction,46603045,
C89651D5-480F-4D63-83F4-B05265388373,FUEL_FORM_PROPERTY,FL_FRM_PRPRTY,PD_SourceModel,05_Carbon_Calculator,
C89651D5-480F-4D63-83F4-B05265388373,FUEL_FORM_PROPERTY,FL_FRM_PRPRTY,DesignStatus,Approved,BIM-core.DesignStatus
C89651D5-480F-4D63-83F4-B05265388373,FUEL_FORM_PROPERTY,FL_FRM_PRPRTY,DataCategory,Structured,BIM-core.DataCategory
C89651D5-480F-4D63-83F4-B05265388373,FUEL_FORM_PROPERTY,FL_FRM_PRPRTY,EntityCategory,Internal Reference,BIM-core.EntityCategory
C89651D5-480F-4D63-83F4-B05265388373,FUEL_FORM_PROPERTY,FL_FRM_PRPRTY,Criticality,No Critical Data,BIM-core.Criticality
C89651D5-480F-4D63-83F4-B05265388373,FUEL_FORM_PROPERTY,FL_FRM_PRPRTY,CommerciallySensitiveInformation,No Commercially Sensitive Information,BIM-core.CommerciallySensitiveInformation
C89651D5-480F-4D63-83F4-B05265388373,FUEL_FORM_PROPERTY,FL_FRM_PRPRTY,DataConfidentiality,Internal,BIM-core.DataConfidentiality
C89651D5-480F-4D63-83F4-B05265388373,FUEL_FORM_PROPERTY,FL_FRM_PRPRTY,EntityPersonalData,No Personal Data,BIM-core.EntityPersonalData
C89651D5-480F-4D63-83F4-B05265388373,FUEL_FORM_PROPERTY,FL_FRM_PRPRTY,FinancialPersonalData,No Financial Personal Data,BIM-core.FinancialPersonalData
C89651D5-480F-4D63-83F4-B05265388373,FUEL_FORM_PROPERTY,FL_FRM_PRPRTY,SensitivePersonalData,No Sensitive Personal Data,BIM-core.SensitivePersonalData
C89651D5-480F-4D63-83F4-B05265388373,FUEL_FORM_PROPERTY,FL_FRM_PRPRTY,MTED_EDaM_Mapping_Note,{\rtf1\ansi\ansicpg1252\deff0\nouicompat\deflang2057{\fonttbl{\f0\fnil\fcharset0 Times New Roman;}},BIM-core.MTED_EDaM_Mapping_Note
1A2A5A62-42CD-4956-AEE4-8F37CE811B49,DISCLAIMER,DISCLAIMER,PD_ObjectID,1A2A5A62-42CD-4956-AEE4-8F37CE811B49,
1A2A5A62-42CD-4956-AEE4-8F37CE811B49,DISCLAIMER,DISCLAIMER,PD_SourceExtraction,46603045,
1A2A5A62-42CD-4956-AEE4-8F37CE811B49,DISCLAIMER,DISCLAIMER,PD_SourceModel,05_Carbon_Calculator,
1A2A5A62-42CD-4956-AEE4-8F37CE811B49,DISCLAIMER,DISCLAIMER,CommerciallySensitiveInformation,No Commercially Sensitive Information,BIM-core.CommerciallySensitiveInformation
1A2A5A62-42CD-4956-AEE4-8F37CE811B49,DISCLAIMER,DISCLAIMER,Criticality,No Critical Data,BIM-core.Criticality
1A2A5A62-42CD-4956-AEE4-8F37CE811B49,DISCLAIMER,DISCLAIMER,DataCategory,Structured,BIM-core.DataCategory
1A2A5A62-42CD-4956-AEE4-8F37CE811B49,DISCLAIMER,DISCLAIMER,DataConfidentiality,Internal,BIM-core.DataConfidentiality
1A2A5A62-42CD-4956-AEE4-8F37CE811B49,DISCLAIMER,DISCLAIMER,DesignStatus,Approved,BIM-core.DesignStatus
1A2A5A62-42CD-4956-AEE4-8F37CE811B49,DISCLAIMER,DISCLAIMER,EntityCategory,Master,BIM-core.EntityCategory
1A2A5A62-42CD-4956-AEE4-8F37CE811B49,DISCLAIMER,DISCLAIMER,EntityPersonalData,No Personal Data,BIM-core.EntityPersonalData
1A2A5A62-42CD-4956-AEE4-8F37CE811B49,DISCLAIMER,DISCLAIMER,FinancialPersonalData,No Financial Personal Data,BIM-core.FinancialPersonalData
1A2A5A62-42CD-4956-AEE4-8F37CE811B49,DISCLAIMER,DISCLAIMER,SensitivePersonalData,No Sensitive Personal Data,BIM-core.SensitivePersonalData
1A2A5A62-42CD-4956-AEE4-8F37CE811B49,DISCLAIMER,DISCLAIMER,MTED_EDaM_Mapping_Note,{\rtf1\ansi\ansicpg1252\deff0\nouicompat\deflang2057{\fonttbl{\f0\fnil\fcharset0 Times New Roman;}},BIM-core.MTED_EDaM_Mapping_Note
1A2A5A62-42CD-4956-AEE4-8F37CE811B49,DISCLAIMER,DISCLAIMER,MappingLevel,Application Specific,BIM-core.MappingLevel
1DD1F57D-C54E-4424-92F3-E1123E29FDA0,NCI_CLIENT_PARAMETER_PVS,NCI_CLIENT_PARAMETER_PVS,PD_ObjectID,1DD1F57D-C54E-4424-92F3-E1123E29FDA0,
1DD1F57D-C54E-4424-92F3-E1123E29FDA0,NCI_CLIENT_PARAMETER_PVS,NCI_CLIENT_PARAMETER_PVS,PD_SourceExtraction,46603045,
1DD1F57D-C54E-4424-92F3-E1123E29FDA0,NCI_CLIENT_PARAMETER_PVS,NCI_CLIENT_PARAMETER_PVS,PD_SourceModel,05_Carbon_Calculator,
1DD1F57D-C54E-4424-92F3-E1123E29FDA0,NCI_CLIENT_PARAMETER_PVS,NCI_CLIENT_PARAMETER_PVS,CommerciallySensitiveInformation,No Commercially Sensitive Information,BIM-core.CommerciallySensitiveInformation
1DD1F57D-C54E-4424-92F3-E1123E29FDA0,NCI_CLIENT_PARAMETER_PVS,NCI_CLIENT_PARAMETER_PVS,Criticality,No Critical Data,BIM-core.Criticality
1DD1F57D-C54E-4424-92F3-E1123E29FDA0,NCI_CLIENT_PARAMETER_PVS,NCI_CLIENT_PARAMETER_PVS,DataCategory,Structured,BIM-core.DataCategory
1DD1F57D-C54E-4424-92F3-E1123E29FDA0,NCI_CLIENT_PARAMETER_PVS,NCI_CLIENT_PARAMETER_PVS,DataConfidentiality,Internal,BIM-core.DataConfidentiality
1DD1F57D-C54E-4424-92F3-E1123E29FDA0,NCI_CLIENT_PARAMETER_PVS,NCI_CLIENT_PARAMETER_PVS,DesignStatus,Approved,BIM-core.DesignStatus
1DD1F57D-C54E-4424-92F3-E1123E29FDA0,NCI_CLIENT_PARAMETER_PVS,NCI_CLIENT_PARAMETER_PVS,EntityCategory,Master,BIM-core.EntityCategory
1DD1F57D-C54E-4424-92F3-E1123E29FDA0,NCI_CLIENT_PARAMETER_PVS,NCI_CLIENT_PARAMETER_PVS,EntityPersonalData,No Personal Data,BIM-core.EntityPersonalData
1DD1F57D-C54E-4424-92F3-E1123E29FDA0,NCI_CLIENT_PARAMETER_PVS,NCI_CLIENT_PARAMETER_PVS,FinancialPersonalData,No Financial Personal Data,BIM-core.FinancialPersonalData
1DD1F57D-C54E-4424-92F3-E1123E29FDA0,NCI_CLIENT_PARAMETER_PVS,NCI_CLIENT_PARAMETER_PVS,SensitivePersonalData,No Sensitive Personal Data,BIM-core.SensitivePersonalData
1DD1F57D-C54E-4424-92F3-E1123E29FDA0,NCI_CLIENT_PARAMETER_PVS,NCI_CLIENT_PARAMETER_PVS,MTED_EDaM_Mapping_Note,{\rtf1\ansi\ansicpg1252\deff0\nouicompat\deflang2057{\fonttbl{\f0\fnil\fcharset0 Times New Roman;}},BIM-core.MTED_EDaM_Mapping_Note
1DD1F57D-C54E-4424-92F3-E1123E29FDA0,NCI_CLIENT_PARAMETER_PVS,NCI_CLIENT_PARAMETER_PVS,MappingLevel,Application Specific,BIM-core.MappingLevel
861A5E9D-80AB-4664-89B1-CEBC92384F54,PRODUCT_EMISSION_COMPONENT_HISTORY,PRODUCT_EMISSION_COMPONENT_HISTORY,PD_ObjectID,861A5E9D-80AB-4664-89B1-CEBC92384F54,
861A5E9D-80AB-4664-89B1-CEBC92384F54,PRODUCT_EMISSION_COMPONENT_HISTORY,PRODUCT_EMISSION_COMPONENT_HISTORY,PD_SourceExtraction,46603045,
861A5E9D-80AB-4664-89B1-CEBC92384F54,PRODUCT_EMISSION_COMPONENT_HISTORY,PRODUCT_EMISSION_COMPONENT_HISTORY,PD_SourceModel,05_Carbon_Calculator,
861A5E9D-80AB-4664-89B1-CEBC92384F54,PRODUCT_EMISSION_COMPONENT_HISTORY,PRODUCT_EMISSION_COMPONENT_HISTORY,CSI,false,SHL_LDM_EntityPropertyExtension.CSI
861A5E9D-80AB-4664-89B1-CEBC92384F54,PRODUCT_EMISSION_COMPONENT_HISTORY,PRODUCT_EMISSION_COMPONENT_HISTORY,MTED_Encryption_Required,false,SHL_LDM_EntityPropertyExtension.MTED_Encryption_Required
861A5E9D-80AB-4664-89B1-CEBC92384F54,PRODUCT_EMISSION_COMPONENT_HISTORY,PRODUCT_EMISSION_COMPONENT_HISTORY,PII,false,SHL_LDM_EntityPropertyExtension.PII
861A5E9D-80AB-4664-89B1-CEBC92384F54,PRODUCT_EMISSION_COMPONENT_HISTORY,PRODUCT_EMISSION_COMPONENT_HISTORY,CommerciallySensitiveInformation,No Commercially Sensitive Information,BIM-core.CommerciallySensitiveInformation
861A5E9D-80AB-4664-89B1-CEBC92384F54,PRODUCT_EMISSION_COMPONENT_HISTORY,PRODUCT_EMISSION_COMPONENT_HISTORY,Criticality,No Critical Data,BIM-core.Criticality
861A5E9D-80AB-4664-89B1-CEBC92384F54,PRODUCT_EMISSION_COMPONENT_HISTORY,PRODUCT_EMISSION_COMPONENT_HISTORY,DataCategory,Structured,BIM-core.DataCategory
861A5E9D-80AB-4664-89B1-CEBC92384F54,PRODUCT_EMISSION_COMPONENT_HISTORY,PRODUCT_EMISSION_COMPONENT_HISTORY,DataConfidentiality,Internal,BIM-core.DataConfidentiality
861A5E9D-80AB-4664-89B1-CEBC92384F54,PRODUCT_EMISSION_COMPONENT_HISTORY,PRODUCT_EMISSION_COMPONENT_HISTORY,DesignStatus,Approved,BIM-core.DesignStatus
861A5E9D-80AB-4664-89B1-CEBC92384F54,PRODUCT_EMISSION_COMPONENT_HISTORY,PRODUCT_EMISSION_COMPONENT_HISTORY,EntityCategory,Master,BIM-core.EntityCategory
861A5E9D-80AB-4664-89B1-CEBC92384F54,PRODUCT_EMISSION_COMPONENT_HISTORY,PRODUCT_EMISSION_COMPONENT_HISTORY,EntityPersonalData,No Personal Data,BIM-core.EntityPersonalData
861A5E9D-80AB-4664-89B1-CEBC92384F54,PRODUCT_EMISSION_COMPONENT_HISTORY,PRODUCT_EMISSION_COMPONENT_HISTORY,FinancialPersonalData,No Financial Personal Data,BIM-core.FinancialPersonalData
861A5E9D-80AB-4664-89B1-CEBC92384F54,PRODUCT_EMISSION_COMPONENT_HISTORY,PRODUCT_EMISSION_COMPONENT_HISTORY,SensitivePersonalData,No Sensitive Personal Data,BIM-core.SensitivePersonalData
861A5E9D-80AB-4664-89B1-CEBC92384F54,PRODUCT_EMISSION_COMPONENT_HISTORY,PRODUCT_EMISSION_COMPONENT_HISTORY,MTED_EDaM_Mapping_Note,{\rtf1\ansi\ansicpg1252\deff0\nouicompat\deflang2057{\fonttbl{\f0\fnil\fcharset0 Times New Roman;}},BIM-core.MTED_EDaM_Mapping_Note
861A5E9D-80AB-4664-89B1-CEBC92384F54,PRODUCT_EMISSION_COMPONENT_HISTORY,PRODUCT_EMISSION_COMPONENT_HISTORY,MappingLevel,Application Specific,BIM-core.MappingLevel
94EEA88E-AEBC-4028-837A-39087F565580,GHG,GHG,PD_ObjectID,94EEA88E-AEBC-4028-837A-39087F565580,
94EEA88E-AEBC-4028-837A-39087F565580,GHG,GHG,PD_SourceExtraction,46603045,
94EEA88E-AEBC-4028-837A-39087F565580,GHG,GHG,PD_SourceModel,05_Carbon_Calculator,
94EEA88E-AEBC-4028-837A-39087F565580,GHG,GHG,CSI,false,SHL_LDM_EntityPropertyExtension.CSI
94EEA88E-AEBC-4028-837A-39087F565580,GHG,GHG,MTED_Encryption_Required,false,SHL_LDM_EntityPropertyExtension.MTED_Encryption_Required
94EEA88E-AEBC-4028-837A-39087F565580,GHG,GHG,PII,false,SHL_LDM_EntityPropertyExtension.PII
94EEA88E-AEBC-4028-837A-39087F565580,GHG,GHG,CommerciallySensitiveInformation,No Commercially Sensitive Information,BIM-core.CommerciallySensitiveInformation
94EEA88E-AEBC-4028-837A-39087F565580,GHG,GHG,Criticality,No Critical Data,BIM-core.Criticality
94EEA88E-AEBC-4028-837A-39087F565580,GHG,GHG,DataCategory,Structured,BIM-core.DataCategory
94EEA88E-AEBC-4028-837A-39087F565580,GHG,GHG,DataConfidentiality,Internal,BIM-core.DataConfidentiality
94EEA88E-AEBC-4028-837A-39087F565580,GHG,GHG,DesignStatus,Approved,BIM-core.DesignStatus
94EEA88E-AEBC-4028-837A-39087F565580,GHG,GHG,EntityCategory,External Reference,BIM-core.EntityCategory
94EEA88E-AEBC-4028-837A-39087F565580,GHG,GHG,EntityPersonalData,No Personal Data,BIM-core.EntityPersonalData
94EEA88E-AEBC-4028-837A-39087F565580,GHG,GHG,FinancialPersonalData,No Financial Personal Data,BIM-core.FinancialPersonalData
94EEA88E-AEBC-4028-837A-39087F565580,GHG,GHG,MapsToEntity,GREENHOUSE_GAS,BIM-core.MapsToEntity
94EEA88E-AEBC-4028-837A-39087F565580,GHG,GHG,SensitivePersonalData,No Sensitive Personal Data,BIM-core.SensitivePersonalData
94EEA88E-AEBC-4028-837A-39087F565580,GHG,GHG,DataArea,Emission,BIM-core.DataArea
94EEA88E-AEBC-4028-837A-39087F565580,GHG,GHG,MappingLevel,BLM,BIM-core.MappingLevel
65BC2CC6-353E-4F2B-A9E6-BC545309FDB5,PARAMETER_TYPE,PARAMETER_TYPE,PD_ObjectID,65BC2CC6-353E-4F2B-A9E6-BC545309FDB5,
65BC2CC6-353E-4F2B-A9E6-BC545309FDB5,PARAMETER_TYPE,PARAMETER_TYPE,PD_SourceExtraction,46603045,
65BC2CC6-353E-4F2B-A9E6-BC545309FDB5,PARAMETER_TYPE,PARAMETER_TYPE,PD_SourceModel,05_Carbon_Calculator,
65BC2CC6-353E-4F2B-A9E6-BC545309FDB5,PARAMETER_TYPE,PARAMETER_TYPE,CSI,false,SHL_LDM_EntityPropertyExtension.CSI
65BC2CC6-353E-4F2B-A9E6-BC545309FDB5,PARAMETER_TYPE,PARAMETER_TYPE,MTED_Encryption_Required,false,SHL_LDM_EntityPropertyExtension.MTED_Encryption_Required
65BC2CC6-353E-4F2B-A9E6-BC545309FDB5,PARAMETER_TYPE,PARAMETER_TYPE,PII,false,SHL_LDM_EntityPropertyExtension.PII
65BC2CC6-353E-4F2B-A9E6-BC545309FDB5,PARAMETER_TYPE,PARAMETER_TYPE,CommerciallySensitiveInformation,No Commercially Sensitive Information,BIM-core.CommerciallySensitiveInformation
65BC2CC6-353E-4F2B-A9E6-BC545309FDB5,PARAMETER_TYPE,PARAMETER_TYPE,Criticality,No Critical Data,BIM-core.Criticality
65BC2CC6-353E-4F2B-A9E6-BC545309FDB5,PARAMETER_TYPE,PARAMETER_TYPE,DataCategory,Structured,BIM-core.DataCategory
65BC2CC6-353E-4F2B-A9E6-BC545309FDB5,PARAMETER_TYPE,PARAMETER_TYPE,DataConfidentiality,Internal,BIM-core.DataConfidentiality
65BC2CC6-353E-4F2B-A9E6-BC545309FDB5,PARAMETER_TYPE,PARAMETER_TYPE,DesignStatus,Approved,BIM-core.DesignStatus
65BC2CC6-353E-4F2B-A9E6-BC545309FDB5,PARAMETER_TYPE,PARAMETER_TYPE,EntityCategory,Master,BIM-core.EntityCategory
65BC2CC6-353E-4F2B-A9E6-BC545309FDB5,PARAMETER_TYPE,PARAMETER_TYPE,EntityPersonalData,No Personal Data,BIM-core.EntityPersonalData
65BC2CC6-353E-4F2B-A9E6-BC545309FDB5,PARAMETER_TYPE,PARAMETER_TYPE,FinancialPersonalData,No Financial Personal Data,BIM-core.FinancialPersonalData
65BC2CC6-353E-4F2B-A9E6-BC545309FDB5,PARAMETER_TYPE,PARAMETER_TYPE,SensitivePersonalData,No Sensitive Personal Data,BIM-core.SensitivePersonalData
65BC2CC6-353E-4F2B-A9E6-BC545309FDB5,PARAMETER_TYPE,PARAMETER_TYPE,MappingLevel,BLM,BIM-core.MappingLevel
65BC2CC6-353E-4F2B-A9E6-BC545309FDB5,PARAMETER_TYPE,PARAMETER_TYPE,MapsToEntity,PARAMETER_TYPE,BIM-core.MapsToEntity
0F32AF8D-C27C-4BA2-B673-8DEAD1AC55D3,ACTIVITY_CATEGORY,ACTIVITY_CATEGORY,PD_ObjectID,0F32AF8D-C27C-4BA2-B673-8DEAD1AC55D3,
0F32AF8D-C27C-4BA2-B673-8DEAD1AC55D3,ACTIVITY_CATEGORY,ACTIVITY_CATEGORY,PD_SourceExtraction,46603045,
0F32AF8D-C27C-4BA2-B673-8DEAD1AC55D3,ACTIVITY_CATEGORY,ACTIVITY_CATEGORY,PD_SourceModel,05_Carbon_Calculator,
0F32AF8D-C27C-4BA2-B673-8DEAD1AC55D3,ACTIVITY_CATEGORY,ACTIVITY_CATEGORY,CSI,false,SHL_LDM_EntityPropertyExtension.CSI
0F32AF8D-C27C-4BA2-B673-8DEAD1AC55D3,ACTIVITY_CATEGORY,ACTIVITY_CATEGORY,MTED_Encryption_Required,false,SHL_LDM_EntityPropertyExtension.MTED_Encryption_Required
0F32AF8D-C27C-4BA2-B673-8DEAD1AC55D3,ACTIVITY_CATEGORY,ACTIVITY_CATEGORY,PII,false,SHL_LDM_EntityPropertyExtension.PII
0F32AF8D-C27C-4BA2-B673-8DEAD1AC55D3,ACTIVITY_CATEGORY,ACTIVITY_CATEGORY,CommerciallySensitiveInformation,No Commercially Sensitive Information,BIM-core.CommerciallySensitiveInformation
0F32AF8D-C27C-4BA2-B673-8DEAD1AC55D3,ACTIVITY_CATEGORY,ACTIVITY_CATEGORY,Criticality,No Critical Data,BIM-core.Criticality
0F32AF8D-C27C-4BA2-B673-8DEAD1AC55D3,ACTIVITY_CATEGORY,ACTIVITY_CATEGORY,DataCategory,Structured,BIM-core.DataCategory
0F32AF8D-C27C-4BA2-B673-8DEAD1AC55D3,ACTIVITY_CATEGORY,ACTIVITY_CATEGORY,DataConfidentiality,Internal,BIM-core.DataConfidentiality
0F32AF8D-C27C-4BA2-B673-8DEAD1AC55D3,ACTIVITY_CATEGORY,ACTIVITY_CATEGORY,DesignStatus,Approved,BIM-core.DesignStatus
0F32AF8D-C27C-4BA2-B673-8DEAD1AC55D3,ACTIVITY_CATEGORY,ACTIVITY_CATEGORY,EntityCategory,Master,BIM-core.EntityCategory
0F32AF8D-C27C-4BA2-B673-8DEAD1AC55D3,ACTIVITY_CATEGORY,ACTIVITY_CATEGORY,EntityPersonalData,No Personal Data,BIM-core.EntityPersonalData
0F32AF8D-C27C-4BA2-B673-8DEAD1AC55D3,ACTIVITY_CATEGORY,ACTIVITY_CATEGORY,FinancialPersonalData,No Financial Personal Data,BIM-core.FinancialPersonalData
0F32AF8D-C27C-4BA2-B673-8DEAD1AC55D3,ACTIVITY_CATEGORY,ACTIVITY_CATEGORY,MapsToEntity,EMISSION_ACTIVITY_CATEGORY,BIM-core.MapsToEntity
0F32AF8D-C27C-4BA2-B673-8DEAD1AC55D3,ACTIVITY_CATEGORY,ACTIVITY_CATEGORY,SensitivePersonalData,No Sensitive Personal Data,BIM-core.SensitivePersonalData
0F32AF8D-C27C-4BA2-B673-8DEAD1AC55D3,ACTIVITY_CATEGORY,ACTIVITY_CATEGORY,DataArea,Emission,BIM-core.DataArea
0F32AF8D-C27C-4BA2-B673-8DEAD1AC55D3,ACTIVITY_CATEGORY,ACTIVITY_CATEGORY,MappingLevel,BLM,BIM-core.MappingLevel
9EB10367-A4B7-41A4-9881-D03494EA4436,ACTIVITY_CATEGORY_PARAMETER,ACTIVITY_CATEGORY_PARAMETER,PD_ObjectID,9EB10367-A4B7-41A4-9881-D03494EA4436,
9EB10367-A4B7-41A4-9881-D03494EA4436,ACTIVITY_CATEGORY_PARAMETER,ACTIVITY_CATEGORY_PARAMETER,PD_SourceExtraction,46603045,
9EB10367-A4B7-41A4-9881-D03494EA4436,ACTIVITY_CATEGORY_PARAMETER,ACTIVITY_CATEGORY_PARAMETER,PD_SourceModel,05_Carbon_Calculator,
9EB10367-A4B7-41A4-9881-D03494EA4436,ACTIVITY_CATEGORY_PARAMETER,ACTIVITY_CATEGORY_PARAMETER,CSI,false,SHL_LDM_EntityPropertyExtension.CSI
9EB10367-A4B7-41A4-9881-D03494EA4436,ACTIVITY_CATEGORY_PARAMETER,ACTIVITY_CATEGORY_PARAMETER,MTED_Encryption_Required,false,SHL_LDM_EntityPropertyExtension.MTED_Encryption_Required
9EB10367-A4B7-41A4-9881-D03494EA4436,ACTIVITY_CATEGORY_PARAMETER,ACTIVITY_CATEGORY_PARAMETER,PII,false,SHL_LDM_EntityPropertyExtension.PII
9EB10367-A4B7-41A4-9881-D03494EA4436,ACTIVITY_CATEGORY_PARAMETER,ACTIVITY_CATEGORY_PARAMETER,CommerciallySensitiveInformation,No Commercially Sensitive Information,BIM-core.CommerciallySensitiveInformation
9EB10367-A4B7-41A4-9881-D03494EA4436,ACTIVITY_CATEGORY_PARAMETER,ACTIVITY_CATEGORY_PARAMETER,Criticality,No Critical Data,BIM-core.Criticality
9EB10367-A4B7-41A4-9881-D03494EA4436,ACTIVITY_CATEGORY_PARAMETER,ACTIVITY_CATEGORY_PARAMETER,DataCategory,Structured,BIM-core.DataCategory
9EB10367-A4B7-41A4-9881-D03494EA4436,ACTIVITY_CATEGORY_PARAMETER,ACTIVITY_CATEGORY_PARAMETER,DataConfidentiality,Internal,BIM-core.DataConfidentiality
9EB10367-A4B7-41A4-9881-D03494EA4436,ACTIVITY_CATEGORY_PARAMETER,ACTIVITY_CATEGORY_PARAMETER,DesignStatus,Approved,BIM-core.DesignStatus
9EB10367-A4B7-41A4-9881-D03494EA4436,ACTIVITY_CATEGORY_PARAMETER,ACTIVITY_CATEGORY_PARAMETER,EntityCategory,Master,BIM-core.EntityCategory
9EB10367-A4B7-41A4-9881-D03494EA4436,ACTIVITY_CATEGORY_PARAMETER,ACTIVITY_CATEGORY_PARAMETER,EntityPersonalData,No Personal Data,BIM-core.EntityPersonalData
9EB10367-A4B7-41A4-9881-D03494EA4436,ACTIVITY_CATEGORY_PARAMETER,ACTIVITY_CATEGORY_PARAMETER,FinancialPersonalData,No Financial Personal Data,BIM-core.FinancialPersonalData
9EB10367-A4B7-41A4-9881-D03494EA4436,ACTIVITY_CATEGORY_PARAMETER,ACTIVITY_CATEGORY_PARAMETER,SensitivePersonalData,No Sensitive Personal Data,BIM-core.SensitivePersonalData
9EB10367-A4B7-41A4-9881-D03494EA4436,ACTIVITY_CATEGORY_PARAMETER,ACTIVITY_CATEGORY_PARAMETER,DataArea,,BIM-core.DataArea
9EB10367-A4B7-41A4-9881-D03494EA4436,ACTIVITY_CATEGORY_PARAMETER,ACTIVITY_CATEGORY_PARAMETER,MappingLevel,BLM,BIM-core.MappingLevel
9EB10367-A4B7-41A4-9881-D03494EA4436,ACTIVITY_CATEGORY_PARAMETER,ACTIVITY_CATEGORY_PARAMETER,MapsToEntity,EMISSION_ACTIVITY_CATEGORY_PARAMETER,BIM-core.MapsToEntity
403C6086-CA8E-499A-BDE3-2698C9D16E65,FACTOR_SOURCE,FACTOR_SOURCE,PD_ObjectID,403C6086-CA8E-499A-BDE3-2698C9D16E65,
403C6086-CA8E-499A-BDE3-2698C9D16E65,FACTOR_SOURCE,FACTOR_SOURCE,PD_SourceExtraction,46603045,
403C6086-CA8E-499A-BDE3-2698C9D16E65,FACTOR_SOURCE,FACTOR_SOURCE,PD_SourceModel,05_Carbon_Calculator,
403C6086-CA8E-499A-BDE3-2698C9D16E65,FACTOR_SOURCE,FACTOR_SOURCE,CSI,false,SHL_LDM_EntityPropertyExtension.CSI
403C6086-CA8E-499A-BDE3-2698C9D16E65,FACTOR_SOURCE,FACTOR_SOURCE,MTED_Encryption_Required,false,SHL_LDM_EntityPropertyExtension.MTED_Encryption_Required
403C6086-CA8E-499A-BDE3-2698C9D16E65,FACTOR_SOURCE,FACTOR_SOURCE,PII,false,SHL_LDM_EntityPropertyExtension.PII
403C6086-CA8E-499A-BDE3-2698C9D16E65,FACTOR_SOURCE,FACTOR_SOURCE,CommerciallySensitiveInformation,No Commercially Sensitive Information,BIM-core.CommerciallySensitiveInformation
403C6086-CA8E-499A-BDE3-2698C9D16E65,FACTOR_SOURCE,FACTOR_SOURCE,Criticality,No Critical Data,BIM-core.Criticality
403C6086-CA8E-499A-BDE3-2698C9D16E65,FACTOR_SOURCE,FACTOR_SOURCE,DataCategory,Structured,BIM-core.DataCategory
403C6086-CA8E-499A-BDE3-2698C9D16E65,FACTOR_SOURCE,FACTOR_SOURCE,DataConfidentiality,Internal,BIM-core.DataConfidentiality
403C6086-CA8E-499A-BDE3-2698C9D16E65,FACTOR_SOURCE,FACTOR_SOURCE,DesignStatus,Approved,BIM-core.DesignStatus
403C6086-CA8E-499A-BDE3-2698C9D16E65,FACTOR_SOURCE,FACTOR_SOURCE,EntityCategory,Master,BIM-core.EntityCategory
403C6086-CA8E-499A-BDE3-2698C9D16E65,FACTOR_SOURCE,FACTOR_SOURCE,EntityPersonalData,No Personal Data,BIM-core.EntityPersonalData
403C6086-CA8E-499A-BDE3-2698C9D16E65,FACTOR_SOURCE,FACTOR_SOURCE,FinancialPersonalData,No Financial Personal Data,BIM-core.FinancialPersonalData
403C6086-CA8E-499A-BDE3-2698C9D16E65,FACTOR_SOURCE,FACTOR_SOURCE,MapsToEntity,EMISSION_FACTOR_SOURCE,BIM-core.MapsToEntity
403C6086-CA8E-499A-BDE3-2698C9D16E65,FACTOR_SOURCE,FACTOR_SOURCE,SensitivePersonalData,No Sensitive Personal Data,BIM-core.SensitivePersonalData
403C6086-CA8E-499A-BDE3-2698C9D16E65,FACTOR_SOURCE,FACTOR_SOURCE,DataArea,Emission,BIM-core.DataArea
403C6086-CA8E-499A-BDE3-2698C9D16E65,FACTOR_SOURCE,FACTOR_SOURCE,MappingLevel,BLM,BIM-core.MappingLevel
09FB33DD-AE45-40CD-B524-8BADF0BC0043,ACTIVITY_CATEGORY_TYPE,ACTIVITY_CATEGORY_TYPE,PD_ObjectID,09FB33DD-AE45-40CD-B524-8BADF0BC0043,
09FB33DD-AE45-40CD-B524-8BADF0BC0043,ACTIVITY_CATEGORY_TYPE,ACTIVITY_CATEGORY_TYPE,PD_SourceExtraction,46603045,
09FB33DD-AE45-40CD-B524-8BADF0BC0043,ACTIVITY_CATEGORY_TYPE,ACTIVITY_CATEGORY_TYPE,PD_SourceModel,05_Carbon_Calculator,
09FB33DD-AE45-40CD-B524-8BADF0BC0043,ACTIVITY_CATEGORY_TYPE,ACTIVITY_CATEGORY_TYPE,CSI,false,SHL_LDM_EntityPropertyExtension.CSI
09FB33DD-AE45-40CD-B524-8BADF0BC0043,ACTIVITY_CATEGORY_TYPE,ACTIVITY_CATEGORY_TYPE,MTED_Encryption_Required,false,SHL_LDM_EntityPropertyExtension.MTED_Encryption_Required
09FB33DD-AE45-40CD-B524-8BADF0BC0043,ACTIVITY_CATEGORY_TYPE,ACTIVITY_CATEGORY_TYPE,PII,false,SHL_LDM_EntityPropertyExtension.PII
09FB33DD-AE45-40CD-B524-8BADF0BC0043,ACTIVITY_CATEGORY_TYPE,ACTIVITY_CATEGORY_TYPE,CommerciallySensitiveInformation,No Commercially Sensitive Information,BIM-core.CommerciallySensitiveInformation
09FB33DD-AE45-40CD-B524-8BADF0BC0043,ACTIVITY_CATEGORY_TYPE,ACTIVITY_CATEGORY_TYPE,Criticality,No Critical Data,BIM-core.Criticality
09FB33DD-AE45-40CD-B524-8BADF0BC0043,ACTIVITY_CATEGORY_TYPE,ACTIVITY_CATEGORY_TYPE,DataCategory,Structured,BIM-core.DataCategory
09FB33DD-AE45-40CD-B524-8BADF0BC0043,ACTIVITY_CATEGORY_TYPE,ACTIVITY_CATEGORY_TYPE,DataConfidentiality,Internal,BIM-core.DataConfidentiality
09FB33DD-AE45-40CD-B524-8BADF0BC0043,ACTIVITY_CATEGORY_TYPE,ACTIVITY_CATEGORY_TYPE,DesignStatus,Approved,BIM-core.DesignStatus
09FB33DD-AE45-40CD-B524-8BADF0BC0043,ACTIVITY_CATEGORY_TYPE,ACTIVITY_CATEGORY_TYPE,EntityCategory,Master,BIM-core.EntityCategory
09FB33DD-AE45-40CD-B524-8BADF0BC0043,ACTIVITY_CATEGORY_TYPE,ACTIVITY_CATEGORY_TYPE,EntityPersonalData,No Personal Data,BIM-core.EntityPersonalData
09FB33DD-AE45-40CD-B524-8BADF0BC0043,ACTIVITY_CATEGORY_TYPE,ACTIVITY_CATEGORY_TYPE,FinancialPersonalData,No Financial Personal Data,BIM-core.FinancialPersonalData
09FB33DD-AE45-40CD-B524-8BADF0BC0043,ACTIVITY_CATEGORY_TYPE,ACTIVITY_CATEGORY_TYPE,MapsToEntity,EMISSION_ACTIVITY_CATEGORY_TYPE,BIM-core.MapsToEntity
09FB33DD-AE45-40CD-B524-8BADF0BC0043,ACTIVITY_CATEGORY_TYPE,ACTIVITY_CATEGORY_TYPE,SensitivePersonalData,No Sensitive Personal Data,BIM-core.SensitivePersonalData
09FB33DD-AE45-40CD-B524-8BADF0BC0043,ACTIVITY_CATEGORY_TYPE,ACTIVITY_CATEGORY_TYPE,DataArea,,BIM-core.DataArea
09FB33DD-AE45-40CD-B524-8BADF0BC0043,ACTIVITY_CATEGORY_TYPE,ACTIVITY_CATEGORY_TYPE,MappingLevel,BLM,BIM-core.MappingLevel
26098CC6-016D-4411-920B-B9AB34B72A70,ACTIVITY_TYPE_PARAMETER,ACTIVITY_TYPE_PARAMETER,PD_ObjectID,26098CC6-016D-4411-920B-B9AB34B72A70,
26098CC6-016D-4411-920B-B9AB34B72A70,ACTIVITY_TYPE_PARAMETER,ACTIVITY_TYPE_PARAMETER,PD_SourceExtraction,46603045,
26098CC6-016D-4411-920B-B9AB34B72A70,ACTIVITY_TYPE_PARAMETER,ACTIVITY_TYPE_PARAMETER,PD_SourceModel,05_Carbon_Calculator,
26098CC6-016D-4411-920B-B9AB34B72A70,ACTIVITY_TYPE_PARAMETER,ACTIVITY_TYPE_PARAMETER,CSI,false,SHL_LDM_EntityPropertyExtension.CSI
26098CC6-016D-4411-920B-B9AB34B72A70,ACTIVITY_TYPE_PARAMETER,ACTIVITY_TYPE_PARAMETER,MTED_Encryption_Required,false,SHL_LDM_EntityPropertyExtension.MTED_Encryption_Required
26098CC6-016D-4411-920B-B9AB34B72A70,ACTIVITY_TYPE_PARAMETER,ACTIVITY_TYPE_PARAMETER,PII,false,SHL_LDM_EntityPropertyExtension.PII
26098CC6-016D-4411-920B-B9AB34B72A70,ACTIVITY_TYPE_PARAMETER,ACTIVITY_TYPE_PARAMETER,CommerciallySensitiveInformation,No Commercially Sensitive Information,BIM-core.CommerciallySensitiveInformation
26098CC6-016D-4411-920B-B9AB34B72A70,ACTIVITY_TYPE_PARAMETER,ACTIVITY_TYPE_PARAMETER,Criticality,No Critical Data,BIM-core.Criticality
26098CC6-016D-4411-920B-B9AB34B72A70,ACTIVITY_TYPE_PARAMETER,ACTIVITY_TYPE_PARAMETER,DataCategory,Structured,BIM-core.DataCategory
26098CC6-016D-4411-920B-B9AB34B72A70,ACTIVITY_TYPE_PARAMETER,ACTIVITY_TYPE_PARAMETER,DataConfidentiality,Internal,BIM-core.DataConfidentiality
26098CC6-016D-4411-920B-B9AB34B72A70,ACTIVITY_TYPE_PARAMETER,ACTIVITY_TYPE_PARAMETER,DesignStatus,Approved,BIM-core.DesignStatus
26098CC6-016D-4411-920B-B9AB34B72A70,ACTIVITY_TYPE_PARAMETER,ACTIVITY_TYPE_PARAMETER,EntityCategory,Master,BIM-core.EntityCategory
26098CC6-016D-4411-920B-B9AB34B72A70,ACTIVITY_TYPE_PARAMETER,ACTIVITY_TYPE_PARAMETER,EntityPersonalData,No Personal Data,BIM-core.EntityPersonalData
26098CC6-016D-4411-920B-B9AB34B72A70,ACTIVITY_TYPE_PARAMETER,ACTIVITY_TYPE_PARAMETER,FinancialPersonalData,No Financial Personal Data,BIM-core.FinancialPersonalData
26098CC6-016D-4411-920B-B9AB34B72A70,ACTIVITY_TYPE_PARAMETER,ACTIVITY_TYPE_PARAMETER,MapsToEntity,EMISSION_ACTIVITY_TYPE_PARAMETER,BIM-core.MapsToEntity
26098CC6-016D-4411-920B-B9AB34B72A70,ACTIVITY_TYPE_PARAMETER,ACTIVITY_TYPE_PARAMETER,SensitivePersonalData,No Sensitive Personal Data,BIM-core.SensitivePersonalData
26098CC6-016D-4411-920B-B9AB34B72A70,ACTIVITY_TYPE_PARAMETER,ACTIVITY_TYPE_PARAMETER,DataArea,,BIM-core.DataArea
26098CC6-016D-4411-920B-B9AB34B72A70,ACTIVITY_TYPE_PARAMETER,ACTIVITY_TYPE_PARAMETER,MappingLevel,BLM,BIM-core.MappingLevel
4469C7F7-62AE-4565-BE90-93003D951FA8,FUEL_APPLICATION,FUEL_APPLICATION,PD_ObjectID,4469C7F7-62AE-4565-BE90-93003D951FA8,
4469C7F7-62AE-4565-BE90-93003D951FA8,FUEL_APPLICATION,FUEL_APPLICATION,PD_SourceExtraction,46603045,
4469C7F7-62AE-4565-BE90-93003D951FA8,FUEL_APPLICATION,FUEL_APPLICATION,PD_SourceModel,05_Carbon_Calculator,
4469C7F7-62AE-4565-BE90-93003D951FA8,FUEL_APPLICATION,FUEL_APPLICATION,CSI,false,SHL_LDM_EntityPropertyExtension.CSI
4469C7F7-62AE-4565-BE90-93003D951FA8,FUEL_APPLICATION,FUEL_APPLICATION,MTED_Encryption_Required,false,SHL_LDM_EntityPropertyExtension.MTED_Encryption_Required
4469C7F7-62AE-4565-BE90-93003D951FA8,FUEL_APPLICATION,FUEL_APPLICATION,PII,false,SHL_LDM_EntityPropertyExtension.PII
4469C7F7-62AE-4565-BE90-93003D951FA8,FUEL_APPLICATION,FUEL_APPLICATION,CommerciallySensitiveInformation,No Commercially Sensitive Information,BIM-core.CommerciallySensitiveInformation
4469C7F7-62AE-4565-BE90-93003D951FA8,FUEL_APPLICATION,FUEL_APPLICATION,Criticality,No Critical Data,BIM-core.Criticality
4469C7F7-62AE-4565-BE90-93003D951FA8,FUEL_APPLICATION,FUEL_APPLICATION,DataCategory,Structured,BIM-core.DataCategory
4469C7F7-62AE-4565-BE90-93003D951FA8,FUEL_APPLICATION,FUEL_APPLICATION,DataConfidentiality,Internal,BIM-core.DataConfidentiality
4469C7F7-62AE-4565-BE90-93003D951FA8,FUEL_APPLICATION,FUEL_APPLICATION,DesignStatus,Approved,BIM-core.DesignStatus
4469C7F7-62AE-4565-BE90-93003D951FA8,FUEL_APPLICATION,FUEL_APPLICATION,EntityCategory,Master,BIM-core.EntityCategory
4469C7F7-62AE-4565-BE90-93003D951FA8,FUEL_APPLICATION,FUEL_APPLICATION,EntityPersonalData,No Personal Data,BIM-core.EntityPersonalData
4469C7F7-62AE-4565-BE90-93003D951FA8,FUEL_APPLICATION,FUEL_APPLICATION,FinancialPersonalData,No Financial Personal Data,BIM-core.FinancialPersonalData
4469C7F7-62AE-4565-BE90-93003D951FA8,FUEL_APPLICATION,FUEL_APPLICATION,SensitivePersonalData,No Sensitive Personal Data,BIM-core.SensitivePersonalData
4469C7F7-62AE-4565-BE90-93003D951FA8,FUEL_APPLICATION,FUEL_APPLICATION,MappingLevel,BLM,BIM-core.MappingLevel
4469C7F7-62AE-4565-BE90-93003D951FA8,FUEL_APPLICATION,FUEL_APPLICATION,MapsToEntity,FUEL_APPLICATION,BIM-core.MapsToEntity
CC7ED728-3531-4178-B671-2EF34EABE25E,LIFECYCLE_PHASE,LIFECYCLE_PHASE,PD_ObjectID,CC7ED728-3531-4178-B671-2EF34EABE25E,
CC7ED728-3531-4178-B671-2EF34EABE25E,LIFECYCLE_PHASE,LIFECYCLE_PHASE,PD_SourceExtraction,46603045,
CC7ED728-3531-4178-B671-2EF34EABE25E,LIFECYCLE_PHASE,LIFECYCLE_PHASE,PD_SourceModel,05_Carbon_Calculator,
CC7ED728-3531-4178-B671-2EF34EABE25E,LIFECYCLE_PHASE,LIFECYCLE_PHASE,CSI,false,SHL_LDM_EntityPropertyExtension.CSI
CC7ED728-3531-4178-B671-2EF34EABE25E,LIFECYCLE_PHASE,LIFECYCLE_PHASE,MTED_Encryption_Required,false,SHL_LDM_EntityPropertyExtension.MTED_Encryption_Required
CC7ED728-3531-4178-B671-2EF34EABE25E,LIFECYCLE_PHASE,LIFECYCLE_PHASE,PII,false,SHL_LDM_EntityPropertyExtension.PII
CC7ED728-3531-4178-B671-2EF34EABE25E,LIFECYCLE_PHASE,LIFECYCLE_PHASE,CommerciallySensitiveInformation,No Commercially Sensitive Information,BIM-core.CommerciallySensitiveInformation
CC7ED728-3531-4178-B671-2EF34EABE25E,LIFECYCLE_PHASE,LIFECYCLE_PHASE,Criticality,No Critical Data,BIM-core.Criticality
CC7ED728-3531-4178-B671-2EF34EABE25E,LIFECYCLE_PHASE,LIFECYCLE_PHASE,DataCategory,Structured,BIM-core.DataCategory
CC7ED728-3531-4178-B671-2EF34EABE25E,LIFECYCLE_PHASE,LIFECYCLE_PHASE,DataConfidentiality,Internal,BIM-core.DataConfidentiality
CC7ED728-3531-4178-B671-2EF34EABE25E,LIFECYCLE_PHASE,LIFECYCLE_PHASE,DesignStatus,Approved,BIM-core.DesignStatus
CC7ED728-3531-4178-B671-2EF34EABE25E,LIFECYCLE_PHASE,LIFECYCLE_PHASE,EntityCategory,Internal Reference,BIM-core.EntityCategory
CC7ED728-3531-4178-B671-2EF34EABE25E,LIFECYCLE_PHASE,LIFECYCLE_PHASE,EntityPersonalData,No Personal Data,BIM-core.EntityPersonalData
CC7ED728-3531-4178-B671-2EF34EABE25E,LIFECYCLE_PHASE,LIFECYCLE_PHASE,FinancialPersonalData,No Financial Personal Data,BIM-core.FinancialPersonalData
CC7ED728-3531-4178-B671-2EF34EABE25E,LIFECYCLE_PHASE,LIFECYCLE_PHASE,SensitivePersonalData,No Sensitive Personal Data,BIM-core.SensitivePersonalData
CC7ED728-3531-4178-B671-2EF34EABE25E,LIFECYCLE_PHASE,LIFECYCLE_PHASE,DataArea,Carbon Intensity,BIM-core.DataArea
CC7ED728-3531-4178-B671-2EF34EABE25E,LIFECYCLE_PHASE,LIFECYCLE_PHASE,MappingLevel,BLM,BIM-core.MappingLevel
CC7ED728-3531-4178-B671-2EF34EABE25E,LIFECYCLE_PHASE,LIFECYCLE_PHASE,MapsToEntity,PRODUCT_LIFE_CYCLE_STAGE,BIM-core.MapsToEntity
8B3A2653-D178-47AF-8A66-46E601CD7BB5,DIMENSION,DIMENSION,PD_ObjectID,8B3A2653-D178-47AF-8A66-46E601CD7BB5,
8B3A2653-D178-47AF-8A66-46E601CD7BB5,DIMENSION,DIMENSION,PD_SourceExtraction,46603045,
8B3A2653-D178-47AF-8A66-46E601CD7BB5,DIMENSION,DIMENSION,PD_SourceModel,05_Carbon_Calculator,
8B3A2653-D178-47AF-8A66-46E601CD7BB5,DIMENSION,DIMENSION,CSI,false,SHL_LDM_EntityPropertyExtension.CSI
8B3A2653-D178-47AF-8A66-46E601CD7BB5,DIMENSION,DIMENSION,MTED_Encryption_Required,false,SHL_LDM_EntityPropertyExtension.MTED_Encryption_Required
8B3A2653-D178-47AF-8A66-46E601CD7BB5,DIMENSION,DIMENSION,PII,false,SHL_LDM_EntityPropertyExtension.PII
8B3A2653-D178-47AF-8A66-46E601CD7BB5,DIMENSION,DIMENSION,CommerciallySensitiveInformation,No Commercially Sensitive Information,BIM-core.CommerciallySensitiveInformation
8B3A2653-D178-47AF-8A66-46E601CD7BB5,DIMENSION,DIMENSION,Criticality,No Critical Data,BIM-core.Criticality
8B3A2653-D178-47AF-8A66-46E601CD7BB5,DIMENSION,DIMENSION,DataCategory,Structured,BIM-core.DataCategory
8B3A2653-D178-47AF-8A66-46E601CD7BB5,DIMENSION,DIMENSION,DataConfidentiality,Internal,BIM-core.DataConfidentiality
8B3A2653-D178-47AF-8A66-46E601CD7BB5,DIMENSION,DIMENSION,DesignStatus,Approved,BIM-core.DesignStatus
8B3A2653-D178-47AF-8A66-46E601CD7BB5,DIMENSION,DIMENSION,EntityCategory,Master,BIM-core.EntityCategory
8B3A2653-D178-47AF-8A66-46E601CD7BB5,DIMENSION,DIMENSION,EntityPersonalData,No Personal Data,BIM-core.EntityPersonalData
8B3A2653-D178-47AF-8A66-46E601CD7BB5,DIMENSION,DIMENSION,FinancialPersonalData,No Financial Personal Data,BIM-core.FinancialPersonalData
8B3A2653-D178-47AF-8A66-46E601CD7BB5,DIMENSION,DIMENSION,SensitivePersonalData,No Sensitive Personal Data,BIM-core.SensitivePersonalData
8B3A2653-D178-47AF-8A66-46E601CD7BB5,DIMENSION,DIMENSION,DataArea,,BIM-core.DataArea
8B3A2653-D178-47AF-8A66-46E601CD7BB5,DIMENSION,DIMENSION,MappingLevel,BLM,BIM-core.MappingLevel
8B3A2653-D178-47AF-8A66-46E601CD7BB5,DIMENSION,DIMENSION,MapsToEntity,EMISSION_DIMENSION,BIM-core.MapsToEntity
4CBD2E3B-1800-4813-B4F2-BC88F8E62303,ACTIVITY_CATEGORY_DIMENSION,ACTIVITY_CATEGORY_DIMENSION,PD_ObjectID,4CBD2E3B-1800-4813-B4F2-BC88F8E62303,
4CBD2E3B-1800-4813-B4F2-BC88F8E62303,ACTIVITY_CATEGORY_DIMENSION,ACTIVITY_CATEGORY_DIMENSION,PD_SourceExtraction,46603045,
4CBD2E3B-1800-4813-B4F2-BC88F8E62303,ACTIVITY_CATEGORY_DIMENSION,ACTIVITY_CATEGORY_DIMENSION,PD_SourceModel,05_Carbon_Calculator,
4CBD2E3B-1800-4813-B4F2-BC88F8E62303,ACTIVITY_CATEGORY_DIMENSION,ACTIVITY_CATEGORY_DIMENSION,CSI,false,SHL_LDM_EntityPropertyExtension.CSI
4CBD2E3B-1800-4813-B4F2-BC88F8E62303,ACTIVITY_CATEGORY_DIMENSION,ACTIVITY_CATEGORY_DIMENSION,MTED_Encryption_Required,false,SHL_LDM_EntityPropertyExtension.MTED_Encryption_Required
4CBD2E3B-1800-4813-B4F2-BC88F8E62303,ACTIVITY_CATEGORY_DIMENSION,ACTIVITY_CATEGORY_DIMENSION,PII,false,SHL_LDM_EntityPropertyExtension.PII
4CBD2E3B-1800-4813-B4F2-BC88F8E62303,ACTIVITY_CATEGORY_DIMENSION,ACTIVITY_CATEGORY_DIMENSION,CommerciallySensitiveInformation,No Commercially Sensitive Information,BIM-core.CommerciallySensitiveInformation
4CBD2E3B-1800-4813-B4F2-BC88F8E62303,ACTIVITY_CATEGORY_DIMENSION,ACTIVITY_CATEGORY_DIMENSION,Criticality,No Critical Data,BIM-core.Criticality
4CBD2E3B-1800-4813-B4F2-BC88F8E62303,ACTIVITY_CATEGORY_DIMENSION,ACTIVITY_CATEGORY_DIMENSION,DataCategory,Structured,BIM-core.DataCategory
4CBD2E3B-1800-4813-B4F2-BC88F8E62303,ACTIVITY_CATEGORY_DIMENSION,ACTIVITY_CATEGORY_DIMENSION,DataConfidentiality,Internal,BIM-core.DataConfidentiality
4CBD2E3B-1800-4813-B4F2-BC88F8E62303,ACTIVITY_CATEGORY_DIMENSION,ACTIVITY_CATEGORY_DIMENSION,EntityCategory,Master,BIM-core.EntityCategory
4CBD2E3B-1800-4813-B4F2-BC88F8E62303,ACTIVITY_CATEGORY_DIMENSION,ACTIVITY_CATEGORY_DIMENSION,EntityPersonalData,No Personal Data,BIM-core.EntityPersonalData
4CBD2E3B-1800-4813-B4F2-BC88F8E62303,ACTIVITY_CATEGORY_DIMENSION,ACTIVITY_CATEGORY_DIMENSION,FinancialPersonalData,No Financial Personal Data,BIM-core.FinancialPersonalData
4CBD2E3B-1800-4813-B4F2-BC88F8E62303,ACTIVITY_CATEGORY_DIMENSION,ACTIVITY_CATEGORY_DIMENSION,SensitivePersonalData,No Sensitive Personal Data,BIM-core.SensitivePersonalData
4CBD2E3B-1800-4813-B4F2-BC88F8E62303,ACTIVITY_CATEGORY_DIMENSION,ACTIVITY_CATEGORY_DIMENSION,DesignStatus,Approved,BIM-core.DesignStatus
4CBD2E3B-1800-4813-B4F2-BC88F8E62303,ACTIVITY_CATEGORY_DIMENSION,ACTIVITY_CATEGORY_DIMENSION,DataArea,Emission,BIM-core.DataArea
4CBD2E3B-1800-4813-B4F2-BC88F8E62303,ACTIVITY_CATEGORY_DIMENSION,ACTIVITY_CATEGORY_DIMENSION,MappingLevel,BLM,BIM-core.MappingLevel
4CBD2E3B-1800-4813-B4F2-BC88F8E62303,ACTIVITY_CATEGORY_DIMENSION,ACTIVITY_CATEGORY_DIMENSION,MapsToEntity,EMISSION_CATEGORY_DIMENSION,BIM-core.MapsToEntity
32D1D81E-23D4-46C5-9587-945531C6A7DE,DIMENSION_VALUE,DIMENSION_VALUE,PD_ObjectID,32D1D81E-23D4-46C5-9587-945531C6A7DE,
32D1D81E-23D4-46C5-9587-945531C6A7DE,DIMENSION_VALUE,DIMENSION_VALUE,PD_SourceExtraction,46603045,
32D1D81E-23D4-46C5-9587-945531C6A7DE,DIMENSION_VALUE,DIMENSION_VALUE,PD_SourceModel,05_Carbon_Calculator,
32D1D81E-23D4-46C5-9587-945531C6A7DE,DIMENSION_VALUE,DIMENSION_VALUE,CSI,false,SHL_LDM_EntityPropertyExtension.CSI
32D1D81E-23D4-46C5-9587-945531C6A7DE,DIMENSION_VALUE,DIMENSION_VALUE,MTED_Encryption_Required,false,SHL_LDM_EntityPropertyExtension.MTED_Encryption_Required
32D1D81E-23D4-46C5-9587-945531C6A7DE,DIMENSION_VALUE,DIMENSION_VALUE,PII,false,SHL_LDM_EntityPropertyExtension.PII
32D1D81E-23D4-46C5-9587-945531C6A7DE,DIMENSION_VALUE,DIMENSION_VALUE,CommerciallySensitiveInformation,No Commercially Sensitive Information,BIM-core.CommerciallySensitiveInformation
32D1D81E-23D4-46C5-9587-945531C6A7DE,DIMENSION_VALUE,DIMENSION_VALUE,Criticality,No Critical Data,BIM-core.Criticality
32D1D81E-23D4-46C5-9587-945531C6A7DE,DIMENSION_VALUE,DIMENSION_VALUE,DataCategory,Structured,BIM-core.DataCategory
32D1D81E-23D4-46C5-9587-945531C6A7DE,DIMENSION_VALUE,DIMENSION_VALUE,DataConfidentiality,Internal,BIM-core.DataConfidentiality
32D1D81E-23D4-46C5-9587-945531C6A7DE,DIMENSION_VALUE,DIMENSION_VALUE,DesignStatus,Approved,BIM-core.DesignStatus
32D1D81E-23D4-46C5-9587-945531C6A7DE,DIMENSION_VALUE,DIMENSION_VALUE,EntityCategory,Master,BIM-core.EntityCategory
32D1D81E-23D4-46C5-9587-945531C6A7DE,DIMENSION_VALUE,DIMENSION_VALUE,EntityPersonalData,No Personal Data,BIM-core.EntityPersonalData
32D1D81E-23D4-46C5-9587-945531C6A7DE,DIMENSION_VALUE,DIMENSION_VALUE,FinancialPersonalData,No Financial Personal Data,BIM-core.FinancialPersonalData
32D1D81E-23D4-46C5-9587-945531C6A7DE,DIMENSION_VALUE,DIMENSION_VALUE,SensitivePersonalData,No Sensitive Personal Data,BIM-core.SensitivePersonalData
32D1D81E-23D4-46C5-9587-945531C6A7DE,DIMENSION_VALUE,DIMENSION_VALUE,MappingLevel,BLM,BIM-core.MappingLevel
32D1D81E-23D4-46C5-9587-945531C6A7DE,DIMENSION_VALUE,DIMENSION_VALUE,MapsToEntity,EMISSION_DIMENSION_VALUE,BIM-core.MapsToEntity
87E32491-1CA3-4250-B489-CACE449635B4,ACTIVITY_CATEGORY_TYPE_DIMENSION,ACTIVITY_CATEGORY_TYPE_DIMENSION,PD_ObjectID,87E32491-1CA3-4250-B489-CACE449635B4,
87E32491-1CA3-4250-B489-CACE449635B4,ACTIVITY_CATEGORY_TYPE_DIMENSION,ACTIVITY_CATEGORY_TYPE_DIMENSION,PD_SourceExtraction,46603045,
87E32491-1CA3-4250-B489-CACE449635B4,ACTIVITY_CATEGORY_TYPE_DIMENSION,ACTIVITY_CATEGORY_TYPE_DIMENSION,PD_SourceModel,05_Carbon_Calculator,
87E32491-1CA3-4250-B489-CACE449635B4,ACTIVITY_CATEGORY_TYPE_DIMENSION,ACTIVITY_CATEGORY_TYPE_DIMENSION,CSI,false,SHL_LDM_EntityPropertyExtension.CSI
87E32491-1CA3-4250-B489-CACE449635B4,ACTIVITY_CATEGORY_TYPE_DIMENSION,ACTIVITY_CATEGORY_TYPE_DIMENSION,MTED_Encryption_Required,false,SHL_LDM_EntityPropertyExtension.MTED_Encryption_Required
87E32491-1CA3-4250-B489-CACE449635B4,ACTIVITY_CATEGORY_TYPE_DIMENSION,ACTIVITY_CATEGORY_TYPE_DIMENSION,PII,false,SHL_LDM_EntityPropertyExtension.PII
87E32491-1CA3-4250-B489-CACE449635B4,ACTIVITY_CATEGORY_TYPE_DIMENSION,ACTIVITY_CATEGORY_TYPE_DIMENSION,CommerciallySensitiveInformation,No Commercially Sensitive Information,BIM-core.CommerciallySensitiveInformation
87E32491-1CA3-4250-B489-CACE449635B4,ACTIVITY_CATEGORY_TYPE_DIMENSION,ACTIVITY_CATEGORY_TYPE_DIMENSION,Criticality,No Critical Data,BIM-core.Criticality
87E32491-1CA3-4250-B489-CACE449635B4,ACTIVITY_CATEGORY_TYPE_DIMENSION,ACTIVITY_CATEGORY_TYPE_DIMENSION,DataCategory,Structured,BIM-core.DataCategory
87E32491-1CA3-4250-B489-CACE449635B4,ACTIVITY_CATEGORY_TYPE_DIMENSION,ACTIVITY_CATEGORY_TYPE_DIMENSION,DataConfidentiality,Internal,BIM-core.DataConfidentiality
87E32491-1CA3-4250-B489-CACE449635B4,ACTIVITY_CATEGORY_TYPE_DIMENSION,ACTIVITY_CATEGORY_TYPE_DIMENSION,DesignStatus,Approved,BIM-core.DesignStatus
87E32491-1CA3-4250-B489-CACE449635B4,ACTIVITY_CATEGORY_TYPE_DIMENSION,ACTIVITY_CATEGORY_TYPE_DIMENSION,EntityCategory,Master,BIM-core.EntityCategory
87E32491-1CA3-4250-B489-CACE449635B4,ACTIVITY_CATEGORY_TYPE_DIMENSION,ACTIVITY_CATEGORY_TYPE_DIMENSION,EntityPersonalData,No Personal Data,BIM-core.EntityPersonalData
87E32491-1CA3-4250-B489-CACE449635B4,ACTIVITY_CATEGORY_TYPE_DIMENSION,ACTIVITY_CATEGORY_TYPE_DIMENSION,FinancialPersonalData,No Financial Personal Data,BIM-core.FinancialPersonalData
87E32491-1CA3-4250-B489-CACE449635B4,ACTIVITY_CATEGORY_TYPE_DIMENSION,ACTIVITY_CATEGORY_TYPE_DIMENSION,SensitivePersonalData,No Sensitive Personal Data,BIM-core.SensitivePersonalData
87E32491-1CA3-4250-B489-CACE449635B4,ACTIVITY_CATEGORY_TYPE_DIMENSION,ACTIVITY_CATEGORY_TYPE_DIMENSION,MappingLevel,BLM,BIM-core.MappingLevel
87E32491-1CA3-4250-B489-CACE449635B4,ACTIVITY_CATEGORY_TYPE_DIMENSION,ACTIVITY_CATEGORY_TYPE_DIMENSION,MapsToEntity,EMISSION_CATEGORY_TYPE_DIMENSION_VALUE,BIM-core.MapsToEntity
BB7BC91C-0D7E-430A-9E90-F1834E0931FE,LNG_ENGINE_TYPE,LNG_ENGINE_TYPE,PD_ObjectID,BB7BC91C-0D7E-430A-9E90-F1834E0931FE,
BB7BC91C-0D7E-430A-9E90-F1834E0931FE,LNG_ENGINE_TYPE,LNG_ENGINE_TYPE,PD_SourceExtraction,46603045,
BB7BC91C-0D7E-430A-9E90-F1834E0931FE,LNG_ENGINE_TYPE,LNG_ENGINE_TYPE,PD_SourceModel,05_Carbon_Calculator,
BB7BC91C-0D7E-430A-9E90-F1834E0931FE,LNG_ENGINE_TYPE,LNG_ENGINE_TYPE,CSI,false,SHL_LDM_EntityPropertyExtension.CSI
BB7BC91C-0D7E-430A-9E90-F1834E0931FE,LNG_ENGINE_TYPE,LNG_ENGINE_TYPE,MTED_Encryption_Required,false,SHL_LDM_EntityPropertyExtension.MTED_Encryption_Required
BB7BC91C-0D7E-430A-9E90-F1834E0931FE,LNG_ENGINE_TYPE,LNG_ENGINE_TYPE,PII,false,SHL_LDM_EntityPropertyExtension.PII
BB7BC91C-0D7E-430A-9E90-F1834E0931FE,LNG_ENGINE_TYPE,LNG_ENGINE_TYPE,CommerciallySensitiveInformation,No Commercially Sensitive Information,BIM-core.CommerciallySensitiveInformation
BB7BC91C-0D7E-430A-9E90-F1834E0931FE,LNG_ENGINE_TYPE,LNG_ENGINE_TYPE,Criticality,No Critical Data,BIM-core.Criticality
BB7BC91C-0D7E-430A-9E90-F1834E0931FE,LNG_ENGINE_TYPE,LNG_ENGINE_TYPE,DataCategory,Structured,BIM-core.DataCategory
BB7BC91C-0D7E-430A-9E90-F1834E0931FE,LNG_ENGINE_TYPE,LNG_ENGINE_TYPE,DataConfidentiality,Internal,BIM-core.DataConfidentiality
BB7BC91C-0D7E-430A-9E90-F1834E0931FE,LNG_ENGINE_TYPE,LNG_ENGINE_TYPE,DesignStatus,Approved,BIM-core.DesignStatus
BB7BC91C-0D7E-430A-9E90-F1834E0931FE,LNG_ENGINE_TYPE,LNG_ENGINE_TYPE,EntityCategory,External Reference,BIM-core.EntityCategory
BB7BC91C-0D7E-430A-9E90-F1834E0931FE,LNG_ENGINE_TYPE,LNG_ENGINE_TYPE,EntityPersonalData,No Personal Data,BIM-core.EntityPersonalData
BB7BC91C-0D7E-430A-9E90-F1834E0931FE,LNG_ENGINE_TYPE,LNG_ENGINE_TYPE,FinancialPersonalData,No Financial Personal Data,BIM-core.FinancialPersonalData
BB7BC91C-0D7E-430A-9E90-F1834E0931FE,LNG_ENGINE_TYPE,LNG_ENGINE_TYPE,SensitivePersonalData,No Sensitive Personal Data,BIM-core.SensitivePersonalData
BB7BC91C-0D7E-430A-9E90-F1834E0931FE,LNG_ENGINE_TYPE,LNG_ENGINE_TYPE,MappingLevel,BLM,BIM-core.MappingLevel
BB7BC91C-0D7E-430A-9E90-F1834E0931FE,LNG_ENGINE_TYPE,LNG_ENGINE_TYPE,MapsToEntity,LNG_ENGINE_TYPE,BIM-core.MapsToEntity
D8A7C638-E4D1-4AA2-8243-B9FD5457F16D,FACTOR_PUBLISHER,FACTOR_PUBLISHER,PD_ObjectID,D8A7C638-E4D1-4AA2-8243-B9FD5457F16D,
D8A7C638-E4D1-4AA2-8243-B9FD5457F16D,FACTOR_PUBLISHER,FACTOR_PUBLISHER,PD_SourceExtraction,46603045,
D8A7C638-E4D1-4AA2-8243-B9FD5457F16D,FACTOR_PUBLISHER,FACTOR_PUBLISHER,PD_SourceModel,05_Carbon_Calculator,
D8A7C638-E4D1-4AA2-8243-B9FD5457F16D,FACTOR_PUBLISHER,FACTOR_PUBLISHER,CSI,false,SHL_LDM_EntityPropertyExtension.CSI
D8A7C638-E4D1-4AA2-8243-B9FD5457F16D,FACTOR_PUBLISHER,FACTOR_PUBLISHER,MTED_Encryption_Required,false,SHL_LDM_EntityPropertyExtension.MTED_Encryption_Required
D8A7C638-E4D1-4AA2-8243-B9FD5457F16D,FACTOR_PUBLISHER,FACTOR_PUBLISHER,PII,false,SHL_LDM_EntityPropertyExtension.PII
D8A7C638-E4D1-4AA2-8243-B9FD5457F16D,FACTOR_PUBLISHER,FACTOR_PUBLISHER,CommerciallySensitiveInformation,No Commercially Sensitive Information,BIM-core.CommerciallySensitiveInformation
D8A7C638-E4D1-4AA2-8243-B9FD5457F16D,FACTOR_PUBLISHER,FACTOR_PUBLISHER,Criticality,No Critical Data,BIM-core.Criticality
D8A7C638-E4D1-4AA2-8243-B9FD5457F16D,FACTOR_PUBLISHER,FACTOR_PUBLISHER,DataCategory,Structured,BIM-core.DataCategory
D8A7C638-E4D1-4AA2-8243-B9FD5457F16D,FACTOR_PUBLISHER,FACTOR_PUBLISHER,DataConfidentiality,Internal,BIM-core.DataConfidentiality
D8A7C638-E4D1-4AA2-8243-B9FD5457F16D,FACTOR_PUBLISHER,FACTOR_PUBLISHER,DesignStatus,Approved,BIM-core.DesignStatus
D8A7C638-E4D1-4AA2-8243-B9FD5457F16D,FACTOR_PUBLISHER,FACTOR_PUBLISHER,EntityCategory,Master,BIM-core.EntityCategory
D8A7C638-E4D1-4AA2-8243-B9FD5457F16D,FACTOR_PUBLISHER,FACTOR_PUBLISHER,EntityPersonalData,No Personal Data,BIM-core.EntityPersonalData
D8A7C638-E4D1-4AA2-8243-B9FD5457F16D,FACTOR_PUBLISHER,FACTOR_PUBLISHER,FinancialPersonalData,No Financial Personal Data,BIM-core.FinancialPersonalData
D8A7C638-E4D1-4AA2-8243-B9FD5457F16D,FACTOR_PUBLISHER,FACTOR_PUBLISHER,SensitivePersonalData,No Sensitive Personal Data,BIM-core.SensitivePersonalData
D8A7C638-E4D1-4AA2-8243-B9FD5457F16D,FACTOR_PUBLISHER,FACTOR_PUBLISHER,MappingLevel,BLM,BIM-core.MappingLevel
D8A7C638-E4D1-4AA2-8243-B9FD5457F16D,FACTOR_PUBLISHER,FACTOR_PUBLISHER,MapsToEntity,EMISSION_DATA_PUBLISHER,BIM-core.MapsToEntity
6E0A71B5-8F4B-49E4-A6EA-9478D45D88AF,FACTOR_SOURCE_COMPOSITION,FACTOR_SOURCE_COMPOSITION,PD_ObjectID,6E0A71B5-8F4B-49E4-A6EA-9478D45D88AF,
6E0A71B5-8F4B-49E4-A6EA-9478D45D88AF,FACTOR_SOURCE_COMPOSITION,FACTOR_SOURCE_COMPOSITION,PD_SourceExtraction,46603045,
6E0A71B5-8F4B-49E4-A6EA-9478D45D88AF,FACTOR_SOURCE_COMPOSITION,FACTOR_SOURCE_COMPOSITION,PD_SourceModel,05_Carbon_Calculator,
6E0A71B5-8F4B-49E4-A6EA-9478D45D88AF,FACTOR_SOURCE_COMPOSITION,FACTOR_SOURCE_COMPOSITION,CSI,false,SHL_LDM_EntityPropertyExtension.CSI
6E0A71B5-8F4B-49E4-A6EA-9478D45D88AF,FACTOR_SOURCE_COMPOSITION,FACTOR_SOURCE_COMPOSITION,MTED_Encryption_Required,false,SHL_LDM_EntityPropertyExtension.MTED_Encryption_Required
6E0A71B5-8F4B-49E4-A6EA-9478D45D88AF,FACTOR_SOURCE_COMPOSITION,FACTOR_SOURCE_COMPOSITION,PII,false,SHL_LDM_EntityPropertyExtension.PII
6E0A71B5-8F4B-49E4-A6EA-9478D45D88AF,FACTOR_SOURCE_COMPOSITION,FACTOR_SOURCE_COMPOSITION,CommerciallySensitiveInformation,No Commercially Sensitive Information,BIM-core.CommerciallySensitiveInformation
6E0A71B5-8F4B-49E4-A6EA-9478D45D88AF,FACTOR_SOURCE_COMPOSITION,FACTOR_SOURCE_COMPOSITION,Criticality,No Critical Data,BIM-core.Criticality
6E0A71B5-8F4B-49E4-A6EA-9478D45D88AF,FACTOR_SOURCE_COMPOSITION,FACTOR_SOURCE_COMPOSITION,DataCategory,Structured,BIM-core.DataCategory
6E0A71B5-8F4B-49E4-A6EA-9478D45D88AF,FACTOR_SOURCE_COMPOSITION,FACTOR_SOURCE_COMPOSITION,DataConfidentiality,Internal,BIM-core.DataConfidentiality
6E0A71B5-8F4B-49E4-A6EA-9478D45D88AF,FACTOR_SOURCE_COMPOSITION,FACTOR_SOURCE_COMPOSITION,DesignStatus,Approved,BIM-core.DesignStatus
6E0A71B5-8F4B-49E4-A6EA-9478D45D88AF,FACTOR_SOURCE_COMPOSITION,FACTOR_SOURCE_COMPOSITION,EntityCategory,Master,BIM-core.EntityCategory
6E0A71B5-8F4B-49E4-A6EA-9478D45D88AF,FACTOR_SOURCE_COMPOSITION,FACTOR_SOURCE_COMPOSITION,EntityPersonalData,No Personal Data,BIM-core.EntityPersonalData
6E0A71B5-8F4B-49E4-A6EA-9478D45D88AF,FACTOR_SOURCE_COMPOSITION,FACTOR_SOURCE_COMPOSITION,FinancialPersonalData,No Financial Personal Data,BIM-core.FinancialPersonalData
6E0A71B5-8F4B-49E4-A6EA-9478D45D88AF,FACTOR_SOURCE_COMPOSITION,FACTOR_SOURCE_COMPOSITION,SensitivePersonalData,No Sensitive Personal Data,BIM-core.SensitivePersonalData
6E0A71B5-8F4B-49E4-A6EA-9478D45D88AF,FACTOR_SOURCE_COMPOSITION,FACTOR_SOURCE_COMPOSITION,MappingLevel,BLM,BIM-core.MappingLevel
6E0A71B5-8F4B-49E4-A6EA-9478D45D88AF,FACTOR_SOURCE_COMPOSITION,FACTOR_SOURCE_COMPOSITION,MapsToEntity,FACTOR_SOURCE_COMPOSITION,BIM-core.MapsToEntity
5CF66D83-CCA0-42D7-9537-C0196D993721,PROPERTY_TYPE,PROPERTY_TYPE,PD_ObjectID,5CF66D83-CCA0-42D7-9537-C0196D993721,
5CF66D83-CCA0-42D7-9537-C0196D993721,PROPERTY_TYPE,PROPERTY_TYPE,PD_SourceExtraction,46603045,
5CF66D83-CCA0-42D7-9537-C0196D993721,PROPERTY_TYPE,PROPERTY_TYPE,PD_SourceModel,05_Carbon_Calculator,
5CF66D83-CCA0-42D7-9537-C0196D993721,PROPERTY_TYPE,PROPERTY_TYPE,CSI,false,SHL_LDM_EntityPropertyExtension.CSI
5CF66D83-CCA0-42D7-9537-C0196D993721,PROPERTY_TYPE,PROPERTY_TYPE,MTED_Encryption_Required,false,SHL_LDM_EntityPropertyExtension.MTED_Encryption_Required
5CF66D83-CCA0-42D7-9537-C0196D993721,PROPERTY_TYPE,PROPERTY_TYPE,PII,false,SHL_LDM_EntityPropertyExtension.PII
5CF66D83-CCA0-42D7-9537-C0196D993721,PROPERTY_TYPE,PROPERTY_TYPE,CommerciallySensitiveInformation,No Commercially Sensitive Information,BIM-core.CommerciallySensitiveInformation
5CF66D83-CCA0-42D7-9537-C0196D993721,PROPERTY_TYPE,PROPERTY_TYPE,Criticality,No Critical Data,BIM-core.Criticality
5CF66D83-CCA0-42D7-9537-C0196D993721,PROPERTY_TYPE,PROPERTY_TYPE,DataCategory,Structured,BIM-core.DataCategory
5CF66D83-CCA0-42D7-9537-C0196D993721,PROPERTY_TYPE,PROPERTY_TYPE,DataConfidentiality,Internal,BIM-core.DataConfidentiality
5CF66D83-CCA0-42D7-9537-C0196D993721,PROPERTY_TYPE,PROPERTY_TYPE,DesignStatus,Approved,BIM-core.DesignStatus
5CF66D83-CCA0-42D7-9537-C0196D993721,PROPERTY_TYPE,PROPERTY_TYPE,EntityCategory,Internal Reference,BIM-core.EntityCategory
5CF66D83-CCA0-42D7-9537-C0196D993721,PROPERTY_TYPE,PROPERTY_TYPE,EntityPersonalData,No Personal Data,BIM-core.EntityPersonalData
5CF66D83-CCA0-42D7-9537-C0196D993721,PROPERTY_TYPE,PROPERTY_TYPE,FinancialPersonalData,No Financial Personal Data,BIM-core.FinancialPersonalData
5CF66D83-CCA0-42D7-9537-C0196D993721,PROPERTY_TYPE,PROPERTY_TYPE,SensitivePersonalData,No Sensitive Personal Data,BIM-core.SensitivePersonalData
5CF66D83-CCA0-42D7-9537-C0196D993721,PROPERTY_TYPE,PROPERTY_TYPE,DataArea,,BIM-core.DataArea
5CF66D83-CCA0-42D7-9537-C0196D993721,PROPERTY_TYPE,PROPERTY_TYPE,MappingLevel,BLM,BIM-core.MappingLevel
5CF66D83-CCA0-42D7-9537-C0196D993721,PROPERTY_TYPE,PROPERTY_TYPE,MapsToEntity,PHYSICAL_PROPERTY_TYPE,BIM-core.MapsToEntity
BF0A7345-D886-498C-BB5D-485AD9FCB30F,UOM_CONVERSION_TYPE,UOM_CONVERSION_TYPE,PD_ObjectID,BF0A7345-D886-498C-BB5D-485AD9FCB30F,
BF0A7345-D886-498C-BB5D-485AD9FCB30F,UOM_CONVERSION_TYPE,UOM_CONVERSION_TYPE,PD_SourceExtraction,46603045,
BF0A7345-D886-498C-BB5D-485AD9FCB30F,UOM_CONVERSION_TYPE,UOM_CONVERSION_TYPE,PD_SourceModel,05_Carbon_Calculator,
BF0A7345-D886-498C-BB5D-485AD9FCB30F,UOM_CONVERSION_TYPE,UOM_CONVERSION_TYPE,CSI,false,SHL_LDM_EntityPropertyExtension.CSI
BF0A7345-D886-498C-BB5D-485AD9FCB30F,UOM_CONVERSION_TYPE,UOM_CONVERSION_TYPE,MTED_Encryption_Required,false,SHL_LDM_EntityPropertyExtension.MTED_Encryption_Required
BF0A7345-D886-498C-BB5D-485AD9FCB30F,UOM_CONVERSION_TYPE,UOM_CONVERSION_TYPE,PII,false,SHL_LDM_EntityPropertyExtension.PII
BF0A7345-D886-498C-BB5D-485AD9FCB30F,UOM_CONVERSION_TYPE,UOM_CONVERSION_TYPE,CommerciallySensitiveInformation,No Commercially Sensitive Information,BIM-core.CommerciallySensitiveInformation
BF0A7345-D886-498C-BB5D-485AD9FCB30F,UOM_CONVERSION_TYPE,UOM_CONVERSION_TYPE,Criticality,No Critical Data,BIM-core.Criticality
BF0A7345-D886-498C-BB5D-485AD9FCB30F,UOM_CONVERSION_TYPE,UOM_CONVERSION_TYPE,DataCategory,Structured,BIM-core.DataCategory
BF0A7345-D886-498C-BB5D-485AD9FCB30F,UOM_CONVERSION_TYPE,UOM_CONVERSION_TYPE,DataConfidentiality,Internal,BIM-core.DataConfidentiality
BF0A7345-D886-498C-BB5D-485AD9FCB30F,UOM_CONVERSION_TYPE,UOM_CONVERSION_TYPE,DesignStatus,Approved,BIM-core.DesignStatus
BF0A7345-D886-498C-BB5D-485AD9FCB30F,UOM_CONVERSION_TYPE,UOM_CONVERSION_TYPE,EntityCategory,Internal Reference,BIM-core.EntityCategory
BF0A7345-D886-498C-BB5D-485AD9FCB30F,UOM_CONVERSION_TYPE,UOM_CONVERSION_TYPE,EntityPersonalData,No Personal Data,BIM-core.EntityPersonalData
BF0A7345-D886-498C-BB5D-485AD9FCB30F,UOM_CONVERSION_TYPE,UOM_CONVERSION_TYPE,FinancialPersonalData,No Financial Personal Data,BIM-core.FinancialPersonalData
BF0A7345-D886-498C-BB5D-485AD9FCB30F,UOM_CONVERSION_TYPE,UOM_CONVERSION_TYPE,SensitivePersonalData,No Sensitive Personal Data,BIM-core.SensitivePersonalData
BF0A7345-D886-498C-BB5D-485AD9FCB30F,UOM_CONVERSION_TYPE,UOM_CONVERSION_TYPE,MappingLevel,BLM,BIM-core.MappingLevel
BF0A7345-D886-498C-BB5D-485AD9FCB30F,UOM_CONVERSION_TYPE,UOM_CONVERSION_TYPE,MapsToEntity,UoM_CONVERSION_TYPE,BIM-core.MapsToEntity
835F3411-13F5-464D-9B7F-2AEA89ED9D10,UOM_DERIVATION,UOM_DERIVATION,PD_ObjectID,835F3411-13F5-464D-9B7F-2AEA89ED9D10,
835F3411-13F5-464D-9B7F-2AEA89ED9D10,UOM_DERIVATION,UOM_DERIVATION,PD_SourceExtraction,46603045,
835F3411-13F5-464D-9B7F-2AEA89ED9D10,UOM_DERIVATION,UOM_DERIVATION,PD_SourceModel,05_Carbon_Calculator,
835F3411-13F5-464D-9B7F-2AEA89ED9D10,UOM_DERIVATION,UOM_DERIVATION,CSI,false,SHL_LDM_EntityPropertyExtension.CSI
835F3411-13F5-464D-9B7F-2AEA89ED9D10,UOM_DERIVATION,UOM_DERIVATION,MTED_Encryption_Required,false,SHL_LDM_EntityPropertyExtension.MTED_Encryption_Required
835F3411-13F5-464D-9B7F-2AEA89ED9D10,UOM_DERIVATION,UOM_DERIVATION,PII,false,SHL_LDM_EntityPropertyExtension.PII
835F3411-13F5-464D-9B7F-2AEA89ED9D10,UOM_DERIVATION,UOM_DERIVATION,CommerciallySensitiveInformation,No Commercially Sensitive Information,BIM-core.CommerciallySensitiveInformation
835F3411-13F5-464D-9B7F-2AEA89ED9D10,UOM_DERIVATION,UOM_DERIVATION,Criticality,No Critical Data,BIM-core.Criticality
835F3411-13F5-464D-9B7F-2AEA89ED9D10,UOM_DERIVATION,UOM_DERIVATION,DataCategory,Structured,BIM-core.DataCategory
835F3411-13F5-464D-9B7F-2AEA89ED9D10,UOM_DERIVATION,UOM_DERIVATION,DataConfidentiality,Internal,BIM-core.DataConfidentiality
835F3411-13F5-464D-9B7F-2AEA89ED9D10,UOM_DERIVATION,UOM_DERIVATION,DesignStatus,Approved,BIM-core.DesignStatus
835F3411-13F5-464D-9B7F-2AEA89ED9D10,UOM_DERIVATION,UOM_DERIVATION,EntityCategory,Internal Reference,BIM-core.EntityCategory
835F3411-13F5-464D-9B7F-2AEA89ED9D10,UOM_DERIVATION,UOM_DERIVATION,EntityPersonalData,No Personal Data,BIM-core.EntityPersonalData
835F3411-13F5-464D-9B7F-2AEA89ED9D10,UOM_DERIVATION,UOM_DERIVATION,FinancialPersonalData,No Financial Personal Data,BIM-core.FinancialPersonalData
835F3411-13F5-464D-9B7F-2AEA89ED9D10,UOM_DERIVATION,UOM_DERIVATION,SensitivePersonalData,No Sensitive Personal Data,BIM-core.SensitivePersonalData
835F3411-13F5-464D-9B7F-2AEA89ED9D10,UOM_DERIVATION,UOM_DERIVATION,MappingLevel,BLM,BIM-core.MappingLevel
835F3411-13F5-464D-9B7F-2AEA89ED9D10,UOM_DERIVATION,UOM_DERIVATION,MapsToEntity,UoM_DERIVATION,BIM-core.MapsToEntity
306EAED2-7879-4A51-8128-D6259908D122,FUEL_FORM,FUEL_FORM,PD_ObjectID,306EAED2-7879-4A51-8128-D6259908D122,
306EAED2-7879-4A51-8128-D6259908D122,FUEL_FORM,FUEL_FORM,PD_SourceExtraction,46603045,
306EAED2-7879-4A51-8128-D6259908D122,FUEL_FORM,FUEL_FORM,PD_SourceModel,05_Carbon_Calculator,
306EAED2-7879-4A51-8128-D6259908D122,FUEL_FORM,FUEL_FORM,CSI,false,SHL_LDM_EntityPropertyExtension.CSI
306EAED2-7879-4A51-8128-D6259908D122,FUEL_FORM,FUEL_FORM,MTED_Encryption_Required,false,SHL_LDM_EntityPropertyExtension.MTED_Encryption_Required
306EAED2-7879-4A51-8128-D6259908D122,FUEL_FORM,FUEL_FORM,PII,false,SHL_LDM_EntityPropertyExtension.PII
306EAED2-7879-4A51-8128-D6259908D122,FUEL_FORM,FUEL_FORM,CommerciallySensitiveInformation,No Commercially Sensitive Information,BIM-core.CommerciallySensitiveInformation
306EAED2-7879-4A51-8128-D6259908D122,FUEL_FORM,FUEL_FORM,Criticality,No Critical Data,BIM-core.Criticality
306EAED2-7879-4A51-8128-D6259908D122,FUEL_FORM,FUEL_FORM,DataCategory,Structured,BIM-core.DataCategory
306EAED2-7879-4A51-8128-D6259908D122,FUEL_FORM,FUEL_FORM,DataConfidentiality,Internal,BIM-core.DataConfidentiality
306EAED2-7879-4A51-8128-D6259908D122,FUEL_FORM,FUEL_FORM,DesignStatus,Approved,BIM-core.DesignStatus
306EAED2-7879-4A51-8128-D6259908D122,FUEL_FORM,FUEL_FORM,EntityCategory,External Reference,BIM-core.EntityCategory
306EAED2-7879-4A51-8128-D6259908D122,FUEL_FORM,FUEL_FORM,EntityPersonalData,No Personal Data,BIM-core.EntityPersonalData
306EAED2-7879-4A51-8128-D6259908D122,FUEL_FORM,FUEL_FORM,FinancialPersonalData,No Financial Personal Data,BIM-core.FinancialPersonalData
306EAED2-7879-4A51-8128-D6259908D122,FUEL_FORM,FUEL_FORM,SensitivePersonalData,No Sensitive Personal Data,BIM-core.SensitivePersonalData
306EAED2-7879-4A51-8128-D6259908D122,FUEL_FORM,FUEL_FORM,MappingLevel,BLM,BIM-core.MappingLevel
306EAED2-7879-4A51-8128-D6259908D122,FUEL_FORM,FUEL_FORM,MapsToEntity,FUEL_FORM,BIM-core.MapsToEntity
308A0805-4055-4FD3-B924-036FB2621538,APPLICATION_EQUIPMENT,APPLICATION_EQUIPMENT,PD_ObjectID,308A0805-4055-4FD3-B924-036FB2621538,
308A0805-4055-4FD3-B924-036FB2621538,APPLICATION_EQUIPMENT,APPLICATION_EQUIPMENT,PD_SourceExtraction,46603045,
308A0805-4055-4FD3-B924-036FB2621538,APPLICATION_EQUIPMENT,APPLICATION_EQUIPMENT,PD_SourceModel,05_Carbon_Calculator,
308A0805-4055-4FD3-B924-036FB2621538,APPLICATION_EQUIPMENT,APPLICATION_EQUIPMENT,CSI,false,SHL_LDM_EntityPropertyExtension.CSI
308A0805-4055-4FD3-B924-036FB2621538,APPLICATION_EQUIPMENT,APPLICATION_EQUIPMENT,MTED_Encryption_Required,false,SHL_LDM_EntityPropertyExtension.MTED_Encryption_Required
308A0805-4055-4FD3-B924-036FB2621538,APPLICATION_EQUIPMENT,APPLICATION_EQUIPMENT,PII,false,SHL_LDM_EntityPropertyExtension.PII
308A0805-4055-4FD3-B924-036FB2621538,APPLICATION_EQUIPMENT,APPLICATION_EQUIPMENT,CommerciallySensitiveInformation,No Commercially Sensitive Information,BIM-core.CommerciallySensitiveInformation
308A0805-4055-4FD3-B924-036FB2621538,APPLICATION_EQUIPMENT,APPLICATION_EQUIPMENT,Criticality,No Critical Data,BIM-core.Criticality
308A0805-4055-4FD3-B924-036FB2621538,APPLICATION_EQUIPMENT,APPLICATION_EQUIPMENT,DataCategory,Structured,BIM-core.DataCategory
308A0805-4055-4FD3-B924-036FB2621538,APPLICATION_EQUIPMENT,APPLICATION_EQUIPMENT,DataConfidentiality,Internal,BIM-core.DataConfidentiality
308A0805-4055-4FD3-B924-036FB2621538,APPLICATION_EQUIPMENT,APPLICATION_EQUIPMENT,DesignStatus,Approved,BIM-core.DesignStatus
308A0805-4055-4FD3-B924-036FB2621538,APPLICATION_EQUIPMENT,APPLICATION_EQUIPMENT,EntityCategory,Intersection,BIM-core.EntityCategory
308A0805-4055-4FD3-B924-036FB2621538,APPLICATION_EQUIPMENT,APPLICATION_EQUIPMENT,EntityPersonalData,No Personal Data,BIM-core.EntityPersonalData
308A0805-4055-4FD3-B924-036FB2621538,APPLICATION_EQUIPMENT,APPLICATION_EQUIPMENT,FinancialPersonalData,No Financial Personal Data,BIM-core.FinancialPersonalData
308A0805-4055-4FD3-B924-036FB2621538,APPLICATION_EQUIPMENT,APPLICATION_EQUIPMENT,SensitivePersonalData,No Sensitive Personal Data,BIM-core.SensitivePersonalData
308A0805-4055-4FD3-B924-036FB2621538,APPLICATION_EQUIPMENT,APPLICATION_EQUIPMENT,MappingLevel,BLM,BIM-core.MappingLevel
308A0805-4055-4FD3-B924-036FB2621538,APPLICATION_EQUIPMENT,APPLICATION_EQUIPMENT,MapsToEntity,APPLICATION_EQUIPMENT,BIM-core.MapsToEntity
848C9DC0-FA74-4E50-90E2-4CBF73C40495,FUEL_FORM_QUANTITY_UNIT,FUEL_FORM_QUANTITY_UNIT,PD_ObjectID,848C9DC0-FA74-4E50-90E2-4CBF73C40495,
848C9DC0-FA74-4E50-90E2-4CBF73C40495,FUEL_FORM_QUANTITY_UNIT,FUEL_FORM_QUANTITY_UNIT,PD_SourceExtraction,46603045,
848C9DC0-FA74-4E50-90E2-4CBF73C40495,FUEL_FORM_QUANTITY_UNIT,FUEL_FORM_QUANTITY_UNIT,PD_SourceModel,05_Carbon_Calculator,
848C9DC0-FA74-4E50-90E2-4CBF73C40495,FUEL_FORM_QUANTITY_UNIT,FUEL_FORM_QUANTITY_UNIT,CSI,false,SHL_LDM_EntityPropertyExtension.CSI
848C9DC0-FA74-4E50-90E2-4CBF73C40495,FUEL_FORM_QUANTITY_UNIT,FUEL_FORM_QUANTITY_UNIT,MTED_Encryption_Required,false,SHL_LDM_EntityPropertyExtension.MTED_Encryption_Required
848C9DC0-FA74-4E50-90E2-4CBF73C40495,FUEL_FORM_QUANTITY_UNIT,FUEL_FORM_QUANTITY_UNIT,PII,false,SHL_LDM_EntityPropertyExtension.PII
848C9DC0-FA74-4E50-90E2-4CBF73C40495,FUEL_FORM_QUANTITY_UNIT,FUEL_FORM_QUANTITY_UNIT,CommerciallySensitiveInformation,No Commercially Sensitive Information,BIM-core.CommerciallySensitiveInformation
848C9DC0-FA74-4E50-90E2-4CBF73C40495,FUEL_FORM_QUANTITY_UNIT,FUEL_FORM_QUANTITY_UNIT,Criticality,No Critical Data,BIM-core.Criticality
848C9DC0-FA74-4E50-90E2-4CBF73C40495,FUEL_FORM_QUANTITY_UNIT,FUEL_FORM_QUANTITY_UNIT,DataCategory,Structured,BIM-core.DataCategory
848C9DC0-FA74-4E50-90E2-4CBF73C40495,FUEL_FORM_QUANTITY_UNIT,FUEL_FORM_QUANTITY_UNIT,DataConfidentiality,Internal,BIM-core.DataConfidentiality
848C9DC0-FA74-4E50-90E2-4CBF73C40495,FUEL_FORM_QUANTITY_UNIT,FUEL_FORM_QUANTITY_UNIT,DesignStatus,Approved,BIM-core.DesignStatus
848C9DC0-FA74-4E50-90E2-4CBF73C40495,FUEL_FORM_QUANTITY_UNIT,FUEL_FORM_QUANTITY_UNIT,EntityCategory,External Reference,BIM-core.EntityCategory
848C9DC0-FA74-4E50-90E2-4CBF73C40495,FUEL_FORM_QUANTITY_UNIT,FUEL_FORM_QUANTITY_UNIT,EntityPersonalData,No Personal Data,BIM-core.EntityPersonalData
848C9DC0-FA74-4E50-90E2-4CBF73C40495,FUEL_FORM_QUANTITY_UNIT,FUEL_FORM_QUANTITY_UNIT,FinancialPersonalData,No Financial Personal Data,BIM-core.FinancialPersonalData
848C9DC0-FA74-4E50-90E2-4CBF73C40495,FUEL_FORM_QUANTITY_UNIT,FUEL_FORM_QUANTITY_UNIT,SensitivePersonalData,No Sensitive Personal Data,BIM-core.SensitivePersonalData
848C9DC0-FA74-4E50-90E2-4CBF73C40495,FUEL_FORM_QUANTITY_UNIT,FUEL_FORM_QUANTITY_UNIT,MappingLevel,BLM,BIM-core.MappingLevel
848C9DC0-FA74-4E50-90E2-4CBF73C40495,FUEL_FORM_QUANTITY_UNIT,FUEL_FORM_QUANTITY_UNIT,MapsToEntity,FUEL_FORM_QUANTITY_UNIT,BIM-core.MapsToEntity
D5131519-7B9E-41E4-8095-A95C215BCCDE,EQUIPMENT_ENGINE_TYPE,EQUIPMENT_ENGINE_TYPE,PD_ObjectID,D5131519-7B9E-41E4-8095-A95C215BCCDE,
D5131519-7B9E-41E4-8095-A95C215BCCDE,EQUIPMENT_ENGINE_TYPE,EQUIPMENT_ENGINE_TYPE,PD_SourceExtraction,46603045,
D5131519-7B9E-41E4-8095-A95C215BCCDE,EQUIPMENT_ENGINE_TYPE,EQUIPMENT_ENGINE_TYPE,PD_SourceModel,05_Carbon_Calculator,
D5131519-7B9E-41E4-8095-A95C215BCCDE,EQUIPMENT_ENGINE_TYPE,EQUIPMENT_ENGINE_TYPE,CSI,false,SHL_LDM_EntityPropertyExtension.CSI
D5131519-7B9E-41E4-8095-A95C215BCCDE,EQUIPMENT_ENGINE_TYPE,EQUIPMENT_ENGINE_TYPE,MTED_Encryption_Required,false,SHL_LDM_EntityPropertyExtension.MTED_Encryption_Required
D5131519-7B9E-41E4-8095-A95C215BCCDE,EQUIPMENT_ENGINE_TYPE,EQUIPMENT_ENGINE_TYPE,PII,false,SHL_LDM_EntityPropertyExtension.PII
D5131519-7B9E-41E4-8095-A95C215BCCDE,EQUIPMENT_ENGINE_TYPE,EQUIPMENT_ENGINE_TYPE,CommerciallySensitiveInformation,No Commercially Sensitive Information,BIM-core.CommerciallySensitiveInformation
D5131519-7B9E-41E4-8095-A95C215BCCDE,EQUIPMENT_ENGINE_TYPE,EQUIPMENT_ENGINE_TYPE,Criticality,No Critical Data,BIM-core.Criticality
D5131519-7B9E-41E4-8095-A95C215BCCDE,EQUIPMENT_ENGINE_TYPE,EQUIPMENT_ENGINE_TYPE,DataCategory,Structured,BIM-core.DataCategory
D5131519-7B9E-41E4-8095-A95C215BCCDE,EQUIPMENT_ENGINE_TYPE,EQUIPMENT_ENGINE_TYPE,DataConfidentiality,Internal,BIM-core.DataConfidentiality
D5131519-7B9E-41E4-8095-A95C215BCCDE,EQUIPMENT_ENGINE_TYPE,EQUIPMENT_ENGINE_TYPE,DesignStatus,Approved,BIM-core.DesignStatus
D5131519-7B9E-41E4-8095-A95C215BCCDE,EQUIPMENT_ENGINE_TYPE,EQUIPMENT_ENGINE_TYPE,EntityCategory,Intersection,BIM-core.EntityCategory
D5131519-7B9E-41E4-8095-A95C215BCCDE,EQUIPMENT_ENGINE_TYPE,EQUIPMENT_ENGINE_TYPE,EntityPersonalData,No Personal Data,BIM-core.EntityPersonalData
D5131519-7B9E-41E4-8095-A95C215BCCDE,EQUIPMENT_ENGINE_TYPE,EQUIPMENT_ENGINE_TYPE,FinancialPersonalData,No Financial Personal Data,BIM-core.FinancialPersonalData
D5131519-7B9E-41E4-8095-A95C215BCCDE,EQUIPMENT_ENGINE_TYPE,EQUIPMENT_ENGINE_TYPE,SensitivePersonalData,No Sensitive Personal Data,BIM-core.SensitivePersonalData
D5131519-7B9E-41E4-8095-A95C215BCCDE,EQUIPMENT_ENGINE_TYPE,EQUIPMENT_ENGINE_TYPE,MappingLevel,BLM,BIM-core.MappingLevel
D5131519-7B9E-41E4-8095-A95C215BCCDE,EQUIPMENT_ENGINE_TYPE,EQUIPMENT_ENGINE_TYPE,MapsToEntity,EQUIPMENT_ENGINE_TYPE,BIM-core.MapsToEntity
85A2F0CB-0C17-4C08-83C2-6C2DB90C93A9,FUEL_PRODUCT_REGION_COMMENT,FUEL_PRODUCT_REGION_COMMENT,PD_ObjectID,85A2F0CB-0C17-4C08-83C2-6C2DB90C93A9,
85A2F0CB-0C17-4C08-83C2-6C2DB90C93A9,FUEL_PRODUCT_REGION_COMMENT,FUEL_PRODUCT_REGION_COMMENT,PD_SourceExtraction,46603045,
85A2F0CB-0C17-4C08-83C2-6C2DB90C93A9,FUEL_PRODUCT_REGION_COMMENT,FUEL_PRODUCT_REGION_COMMENT,PD_SourceModel,05_Carbon_Calculator,
85A2F0CB-0C17-4C08-83C2-6C2DB90C93A9,FUEL_PRODUCT_REGION_COMMENT,FUEL_PRODUCT_REGION_COMMENT,CSI,false,SHL_LDM_EntityPropertyExtension.CSI
85A2F0CB-0C17-4C08-83C2-6C2DB90C93A9,FUEL_PRODUCT_REGION_COMMENT,FUEL_PRODUCT_REGION_COMMENT,MTED_Encryption_Required,false,SHL_LDM_EntityPropertyExtension.MTED_Encryption_Required
85A2F0CB-0C17-4C08-83C2-6C2DB90C93A9,FUEL_PRODUCT_REGION_COMMENT,FUEL_PRODUCT_REGION_COMMENT,PII,false,SHL_LDM_EntityPropertyExtension.PII
85A2F0CB-0C17-4C08-83C2-6C2DB90C93A9,FUEL_PRODUCT_REGION_COMMENT,FUEL_PRODUCT_REGION_COMMENT,CommerciallySensitiveInformation,No Commercially Sensitive Information,BIM-core.CommerciallySensitiveInformation
85A2F0CB-0C17-4C08-83C2-6C2DB90C93A9,FUEL_PRODUCT_REGION_COMMENT,FUEL_PRODUCT_REGION_COMMENT,Criticality,No Critical Data,BIM-core.Criticality
85A2F0CB-0C17-4C08-83C2-6C2DB90C93A9,FUEL_PRODUCT_REGION_COMMENT,FUEL_PRODUCT_REGION_COMMENT,DataCategory,Structured,BIM-core.DataCategory
85A2F0CB-0C17-4C08-83C2-6C2DB90C93A9,FUEL_PRODUCT_REGION_COMMENT,FUEL_PRODUCT_REGION_COMMENT,DataConfidentiality,Internal,BIM-core.DataConfidentiality
85A2F0CB-0C17-4C08-83C2-6C2DB90C93A9,FUEL_PRODUCT_REGION_COMMENT,FUEL_PRODUCT_REGION_COMMENT,DesignStatus,Approved,BIM-core.DesignStatus
85A2F0CB-0C17-4C08-83C2-6C2DB90C93A9,FUEL_PRODUCT_REGION_COMMENT,FUEL_PRODUCT_REGION_COMMENT,EntityCategory,Master,BIM-core.EntityCategory
85A2F0CB-0C17-4C08-83C2-6C2DB90C93A9,FUEL_PRODUCT_REGION_COMMENT,FUEL_PRODUCT_REGION_COMMENT,EntityPersonalData,No Personal Data,BIM-core.EntityPersonalData
85A2F0CB-0C17-4C08-83C2-6C2DB90C93A9,FUEL_PRODUCT_REGION_COMMENT,FUEL_PRODUCT_REGION_COMMENT,FinancialPersonalData,No Financial Personal Data,BIM-core.FinancialPersonalData
85A2F0CB-0C17-4C08-83C2-6C2DB90C93A9,FUEL_PRODUCT_REGION_COMMENT,FUEL_PRODUCT_REGION_COMMENT,SensitivePersonalData,No Sensitive Personal Data,BIM-core.SensitivePersonalData
85A2F0CB-0C17-4C08-83C2-6C2DB90C93A9,FUEL_PRODUCT_REGION_COMMENT,FUEL_PRODUCT_REGION_COMMENT,MappingLevel,BLM,BIM-core.MappingLevel
85A2F0CB-0C17-4C08-83C2-6C2DB90C93A9,FUEL_PRODUCT_REGION_COMMENT,FUEL_PRODUCT_REGION_COMMENT,MapsToEntity,Fuel_Market_Product_Comment,BIM-core.MapsToEntity
3116D276-3E6B-4EE2-A53D-F957BE9736CE,UOM,UOM,PD_ObjectID,3116D276-3E6B-4EE2-A53D-F957BE9736CE,
3116D276-3E6B-4EE2-A53D-F957BE9736CE,UOM,UOM,PD_SourceExtraction,46603045,
3116D276-3E6B-4EE2-A53D-F957BE9736CE,UOM,UOM,PD_SourceModel,05_Carbon_Calculator,
3116D276-3E6B-4EE2-A53D-F957BE9736CE,UOM,UOM,CSI,false,SHL_LDM_EntityPropertyExtension.CSI
3116D276-3E6B-4EE2-A53D-F957BE9736CE,UOM,UOM,MTED_Encryption_Required,false,SHL_LDM_EntityPropertyExtension.MTED_Encryption_Required
3116D276-3E6B-4EE2-A53D-F957BE9736CE,UOM,UOM,PII,false,SHL_LDM_EntityPropertyExtension.PII
3116D276-3E6B-4EE2-A53D-F957BE9736CE,UOM,UOM,CommerciallySensitiveInformation,No Commercially Sensitive Information,BIM-core.CommerciallySensitiveInformation
3116D276-3E6B-4EE2-A53D-F957BE9736CE,UOM,UOM,Criticality,No Critical Data,BIM-core.Criticality
3116D276-3E6B-4EE2-A53D-F957BE9736CE,UOM,UOM,DataConfidentiality,Internal,BIM-core.DataConfidentiality
3116D276-3E6B-4EE2-A53D-F957BE9736CE,UOM,UOM,DesignStatus,Approved,BIM-core.DesignStatus
3116D276-3E6B-4EE2-A53D-F957BE9736CE,UOM,UOM,EntityCategory,Internal Reference,BIM-core.EntityCategory
3116D276-3E6B-4EE2-A53D-F957BE9736CE,UOM,UOM,EntityPersonalData,No Personal Data,BIM-core.EntityPersonalData
3116D276-3E6B-4EE2-A53D-F957BE9736CE,UOM,UOM,FinancialPersonalData,No Financial Personal Data,BIM-core.FinancialPersonalData
3116D276-3E6B-4EE2-A53D-F957BE9736CE,UOM,UOM,MapsToEntity,UNIT_OF_MEASURE,BIM-core.MapsToEntity
3116D276-3E6B-4EE2-A53D-F957BE9736CE,UOM,UOM,SensitivePersonalData,No Sensitive Personal Data,BIM-core.SensitivePersonalData
3116D276-3E6B-4EE2-A53D-F957BE9736CE,UOM,UOM,DataCategory,Structured,BIM-core.DataCategory
3116D276-3E6B-4EE2-A53D-F957BE9736CE,UOM,UOM,DataArea,Unit Of Measure,BIM-core.DataArea
3116D276-3E6B-4EE2-A53D-F957BE9736CE,UOM,UOM,MappingLevel,BLM,BIM-core.MappingLevel
6E321EA9-B42C-4BAC-9053-83D2DFE136CD,UOM_CONVERSION,UOM_CONVERSION,PD_ObjectID,6E321EA9-B42C-4BAC-9053-83D2DFE136CD,
6E321EA9-B42C-4BAC-9053-83D2DFE136CD,UOM_CONVERSION,UOM_CONVERSION,PD_SourceExtraction,46603045,
6E321EA9-B42C-4BAC-9053-83D2DFE136CD,UOM_CONVERSION,UOM_CONVERSION,PD_SourceModel,05_Carbon_Calculator,
6E321EA9-B42C-4BAC-9053-83D2DFE136CD,UOM_CONVERSION,UOM_CONVERSION,CSI,false,SHL_LDM_EntityPropertyExtension.CSI
6E321EA9-B42C-4BAC-9053-83D2DFE136CD,UOM_CONVERSION,UOM_CONVERSION,MTED_Encryption_Required,false,SHL_LDM_EntityPropertyExtension.MTED_Encryption_Required
6E321EA9-B42C-4BAC-9053-83D2DFE136CD,UOM_CONVERSION,UOM_CONVERSION,PII,false,SHL_LDM_EntityPropertyExtension.PII
6E321EA9-B42C-4BAC-9053-83D2DFE136CD,UOM_CONVERSION,UOM_CONVERSION,CommerciallySensitiveInformation,No Commercially Sensitive Information,BIM-core.CommerciallySensitiveInformation
6E321EA9-B42C-4BAC-9053-83D2DFE136CD,UOM_CONVERSION,UOM_CONVERSION,Criticality,No Critical Data,BIM-core.Criticality
6E321EA9-B42C-4BAC-9053-83D2DFE136CD,UOM_CONVERSION,UOM_CONVERSION,DataCategory,Structured,BIM-core.DataCategory
6E321EA9-B42C-4BAC-9053-83D2DFE136CD,UOM_CONVERSION,UOM_CONVERSION,DataConfidentiality,Internal,BIM-core.DataConfidentiality
6E321EA9-B42C-4BAC-9053-83D2DFE136CD,UOM_CONVERSION,UOM_CONVERSION,DesignStatus,Approved,BIM-core.DesignStatus
6E321EA9-B42C-4BAC-9053-83D2DFE136CD,UOM_CONVERSION,UOM_CONVERSION,EntityCategory,Master,BIM-core.EntityCategory
6E321EA9-B42C-4BAC-9053-83D2DFE136CD,UOM_CONVERSION,UOM_CONVERSION,EntityPersonalData,No Personal Data,BIM-core.EntityPersonalData
6E321EA9-B42C-4BAC-9053-83D2DFE136CD,UOM_CONVERSION,UOM_CONVERSION,FinancialPersonalData,No Financial Personal Data,BIM-core.FinancialPersonalData
6E321EA9-B42C-4BAC-9053-83D2DFE136CD,UOM_CONVERSION,UOM_CONVERSION,SensitivePersonalData,No Sensitive Personal Data,BIM-core.SensitivePersonalData
6E321EA9-B42C-4BAC-9053-83D2DFE136CD,UOM_CONVERSION,UOM_CONVERSION,MappingLevel,BLM,BIM-core.MappingLevel
6E321EA9-B42C-4BAC-9053-83D2DFE136CD,UOM_CONVERSION,UOM_CONVERSION,MapsToEntity,UoM_CONVERSION,BIM-core.MapsToEntity
76158E06-D17C-4C9F-BB37-F8E01F08B33B,FUEL_PRODUCT_REGION_CLIENT,FUEL_PRODUCT_REGION_CLIENT,PD_ObjectID,76158E06-D17C-4C9F-BB37-F8E01F08B33B,
76158E06-D17C-4C9F-BB37-F8E01F08B33B,FUEL_PRODUCT_REGION_CLIENT,FUEL_PRODUCT_REGION_CLIENT,PD_SourceExtraction,46603045,
76158E06-D17C-4C9F-BB37-F8E01F08B33B,FUEL_PRODUCT_REGION_CLIENT,FUEL_PRODUCT_REGION_CLIENT,PD_SourceModel,05_Carbon_Calculator,
76158E06-D17C-4C9F-BB37-F8E01F08B33B,FUEL_PRODUCT_REGION_CLIENT,FUEL_PRODUCT_REGION_CLIENT,CSI,false,SHL_LDM_EntityPropertyExtension.CSI
76158E06-D17C-4C9F-BB37-F8E01F08B33B,FUEL_PRODUCT_REGION_CLIENT,FUEL_PRODUCT_REGION_CLIENT,MTED_EDaM_Entity_Critical_Data,L,SHL_LDM_EntityPropertyExtension.MTED_EDaM_Entity_Critical_Data
76158E06-D17C-4C9F-BB37-F8E01F08B33B,FUEL_PRODUCT_REGION_CLIENT,FUEL_PRODUCT_REGION_CLIENT,MTED_EDaM_Security_Classification,Restricted,SHL_LDM_EntityPropertyExtension.MTED_EDaM_Security_Classification
76158E06-D17C-4C9F-BB37-F8E01F08B33B,FUEL_PRODUCT_REGION_CLIENT,FUEL_PRODUCT_REGION_CLIENT,MTED_EDaM_Design_Status,Approved,SHL_LDM_EntityPropertyExtension.MTED_EDaM_Design_Status
76158E06-D17C-4C9F-BB37-F8E01F08B33B,FUEL_PRODUCT_REGION_CLIENT,FUEL_PRODUCT_REGION_CLIENT,MTED_EDaM_Entity_Data_Category,Master,SHL_LDM_EntityPropertyExtension.MTED_EDaM_Entity_Data_Category
76158E06-D17C-4C9F-BB37-F8E01F08B33B,FUEL_PRODUCT_REGION_CLIENT,FUEL_PRODUCT_REGION_CLIENT,MTED_Encryption_Required,false,SHL_LDM_EntityPropertyExtension.MTED_Encryption_Required
76158E06-D17C-4C9F-BB37-F8E01F08B33B,FUEL_PRODUCT_REGION_CLIENT,FUEL_PRODUCT_REGION_CLIENT,PII,false,SHL_LDM_EntityPropertyExtension.PII
76158E06-D17C-4C9F-BB37-F8E01F08B33B,FUEL_PRODUCT_REGION_CLIENT,FUEL_PRODUCT_REGION_CLIENT,CommerciallySensitiveInformation,No Commercially Sensitive Information,BIM-core.CommerciallySensitiveInformation
76158E06-D17C-4C9F-BB37-F8E01F08B33B,FUEL_PRODUCT_REGION_CLIENT,FUEL_PRODUCT_REGION_CLIENT,Criticality,No Critical Data,BIM-core.Criticality
76158E06-D17C-4C9F-BB37-F8E01F08B33B,FUEL_PRODUCT_REGION_CLIENT,FUEL_PRODUCT_REGION_CLIENT,DataCategory,Structured,BIM-core.DataCategory
76158E06-D17C-4C9F-BB37-F8E01F08B33B,FUEL_PRODUCT_REGION_CLIENT,FUEL_PRODUCT_REGION_CLIENT,DataConfidentiality,Internal,BIM-core.DataConfidentiality
76158E06-D17C-4C9F-BB37-F8E01F08B33B,FUEL_PRODUCT_REGION_CLIENT,FUEL_PRODUCT_REGION_CLIENT,DesignStatus,Approved,BIM-core.DesignStatus
76158E06-D17C-4C9F-BB37-F8E01F08B33B,FUEL_PRODUCT_REGION_CLIENT,FUEL_PRODUCT_REGION_CLIENT,EntityCategory,Intersection,BIM-core.EntityCategory
76158E06-D17C-4C9F-BB37-F8E01F08B33B,FUEL_PRODUCT_REGION_CLIENT,FUEL_PRODUCT_REGION_CLIENT,EntityPersonalData,No Personal Data,BIM-core.EntityPersonalData
76158E06-D17C-4C9F-BB37-F8E01F08B33B,FUEL_PRODUCT_REGION_CLIENT,FUEL_PRODUCT_REGION_CLIENT,FinancialPersonalData,No Financial Personal Data,BIM-core.FinancialPersonalData
76158E06-D17C-4C9F-BB37-F8E01F08B33B,FUEL_PRODUCT_REGION_CLIENT,FUEL_PRODUCT_REGION_CLIENT,SensitivePersonalData,No Sensitive Personal Data,BIM-core.SensitivePersonalData
76158E06-D17C-4C9F-BB37-F8E01F08B33B,FUEL_PRODUCT_REGION_CLIENT,FUEL_PRODUCT_REGION_CLIENT,MTED_EDaM_Mapping_Note,{\rtf1\ansi\ansicpg1252\deff0\nouicompat\deflang2057{\fonttbl{\f0\fnil\fcharset0 Times New Roman;}},BIM-core.MTED_EDaM_Mapping_Note
76158E06-D17C-4C9F-BB37-F8E01F08B33B,FUEL_PRODUCT_REGION_CLIENT,FUEL_PRODUCT_REGION_CLIENT,MappingLevel,Application Specific,BIM-core.MappingLevel
FE7A122C-162E-40E3-B768-7D413F48165A,PCF_CLIENT_PRODUCT,PCF_CLIENT_PRODUCT,PD_ObjectID,FE7A122C-162E-40E3-B768-7D413F48165A,
FE7A122C-162E-40E3-B768-7D413F48165A,PCF_CLIENT_PRODUCT,PCF_CLIENT_PRODUCT,PD_SourceExtraction,46603045,
FE7A122C-162E-40E3-B768-7D413F48165A,PCF_CLIENT_PRODUCT,PCF_CLIENT_PRODUCT,PD_SourceModel,05_Carbon_Calculator,
FE7A122C-162E-40E3-B768-7D413F48165A,PCF_CLIENT_PRODUCT,PCF_CLIENT_PRODUCT,CSI,false,SHL_LDM_EntityPropertyExtension.CSI
FE7A122C-162E-40E3-B768-7D413F48165A,PCF_CLIENT_PRODUCT,PCF_CLIENT_PRODUCT,MTED_Encryption_Required,false,SHL_LDM_EntityPropertyExtension.MTED_Encryption_Required
FE7A122C-162E-40E3-B768-7D413F48165A,PCF_CLIENT_PRODUCT,PCF_CLIENT_PRODUCT,PII,false,SHL_LDM_EntityPropertyExtension.PII
FE7A122C-162E-40E3-B768-7D413F48165A,PCF_CLIENT_PRODUCT,PCF_CLIENT_PRODUCT,CommerciallySensitiveInformation,No Commercially Sensitive Information,BIM-core.CommerciallySensitiveInformation
FE7A122C-162E-40E3-B768-7D413F48165A,PCF_CLIENT_PRODUCT,PCF_CLIENT_PRODUCT,Criticality,No Critical Data,BIM-core.Criticality
FE7A122C-162E-40E3-B768-7D413F48165A,PCF_CLIENT_PRODUCT,PCF_CLIENT_PRODUCT,DataCategory,Structured,BIM-core.DataCategory
FE7A122C-162E-40E3-B768-7D413F48165A,PCF_CLIENT_PRODUCT,PCF_CLIENT_PRODUCT,DataConfidentiality,Internal,BIM-core.DataConfidentiality
FE7A122C-162E-40E3-B768-7D413F48165A,PCF_CLIENT_PRODUCT,PCF_CLIENT_PRODUCT,DesignStatus,Approved,BIM-core.DesignStatus
FE7A122C-162E-40E3-B768-7D413F48165A,PCF_CLIENT_PRODUCT,PCF_CLIENT_PRODUCT,EntityCategory,External Reference,BIM-core.EntityCategory
FE7A122C-162E-40E3-B768-7D413F48165A,PCF_CLIENT_PRODUCT,PCF_CLIENT_PRODUCT,EntityPersonalData,No Personal Data,BIM-core.EntityPersonalData
FE7A122C-162E-40E3-B768-7D413F48165A,PCF_CLIENT_PRODUCT,PCF_CLIENT_PRODUCT,FinancialPersonalData,No Financial Personal Data,BIM-core.FinancialPersonalData
FE7A122C-162E-40E3-B768-7D413F48165A,PCF_CLIENT_PRODUCT,PCF_CLIENT_PRODUCT,SensitivePersonalData,No Sensitive Personal Data,BIM-core.SensitivePersonalData
FE7A122C-162E-40E3-B768-7D413F48165A,PCF_CLIENT_PRODUCT,PCF_CLIENT_PRODUCT,MTED_EDaM_Mapping_Note,{\rtf1\ansi\ansicpg1252\deff0\nouicompat\deflang2057{\fonttbl{\f0\fnil\fcharset0 Times New Roman;}},BIM-core.MTED_EDaM_Mapping_Note
FE7A122C-162E-40E3-B768-7D413F48165A,PCF_CLIENT_PRODUCT,PCF_CLIENT_PRODUCT,MappingLevel,Application Specific,BIM-core.MappingLevel
413C3CCE-79AE-4C8F-BB9F-06439ED1EB2A,PCF_CLIENT_DIMENSION_VALUE,PCF_CLIENT_DIMENSION_VALUE,PD_ObjectID,413C3CCE-79AE-4C8F-BB9F-06439ED1EB2A,
413C3CCE-79AE-4C8F-BB9F-06439ED1EB2A,PCF_CLIENT_DIMENSION_VALUE,PCF_CLIENT_DIMENSION_VALUE,PD_SourceExtraction,46603045,
413C3CCE-79AE-4C8F-BB9F-06439ED1EB2A,PCF_CLIENT_DIMENSION_VALUE,PCF_CLIENT_DIMENSION_VALUE,PD_SourceModel,05_Carbon_Calculator,
413C3CCE-79AE-4C8F-BB9F-06439ED1EB2A,PCF_CLIENT_DIMENSION_VALUE,PCF_CLIENT_DIMENSION_VALUE,CSI,false,SHL_LDM_EntityPropertyExtension.CSI
413C3CCE-79AE-4C8F-BB9F-06439ED1EB2A,PCF_CLIENT_DIMENSION_VALUE,PCF_CLIENT_DIMENSION_VALUE,MTED_Encryption_Required,false,SHL_LDM_EntityPropertyExtension.MTED_Encryption_Required
413C3CCE-79AE-4C8F-BB9F-06439ED1EB2A,PCF_CLIENT_DIMENSION_VALUE,PCF_CLIENT_DIMENSION_VALUE,PII,false,SHL_LDM_EntityPropertyExtension.PII
413C3CCE-79AE-4C8F-BB9F-06439ED1EB2A,PCF_CLIENT_DIMENSION_VALUE,PCF_CLIENT_DIMENSION_VALUE,CommerciallySensitiveInformation,No Commercially Sensitive Information,BIM-core.CommerciallySensitiveInformation
413C3CCE-79AE-4C8F-BB9F-06439ED1EB2A,PCF_CLIENT_DIMENSION_VALUE,PCF_CLIENT_DIMENSION_VALUE,Criticality,No Critical Data,BIM-core.Criticality
413C3CCE-79AE-4C8F-BB9F-06439ED1EB2A,PCF_CLIENT_DIMENSION_VALUE,PCF_CLIENT_DIMENSION_VALUE,DataCategory,Structured,BIM-core.DataCategory
413C3CCE-79AE-4C8F-BB9F-06439ED1EB2A,PCF_CLIENT_DIMENSION_VALUE,PCF_CLIENT_DIMENSION_VALUE,DataConfidentiality,Internal,BIM-core.DataConfidentiality
413C3CCE-79AE-4C8F-BB9F-06439ED1EB2A,PCF_CLIENT_DIMENSION_VALUE,PCF_CLIENT_DIMENSION_VALUE,DesignStatus,Approved,BIM-core.DesignStatus
413C3CCE-79AE-4C8F-BB9F-06439ED1EB2A,PCF_CLIENT_DIMENSION_VALUE,PCF_CLIENT_DIMENSION_VALUE,EntityCategory,External Reference,BIM-core.EntityCategory
413C3CCE-79AE-4C8F-BB9F-06439ED1EB2A,PCF_CLIENT_DIMENSION_VALUE,PCF_CLIENT_DIMENSION_VALUE,EntityPersonalData,No Personal Data,BIM-core.EntityPersonalData
413C3CCE-79AE-4C8F-BB9F-06439ED1EB2A,PCF_CLIENT_DIMENSION_VALUE,PCF_CLIENT_DIMENSION_VALUE,FinancialPersonalData,No Financial Personal Data,BIM-core.FinancialPersonalData
413C3CCE-79AE-4C8F-BB9F-06439ED1EB2A,PCF_CLIENT_DIMENSION_VALUE,PCF_CLIENT_DIMENSION_VALUE,SensitivePersonalData,No Sensitive Personal Data,BIM-core.SensitivePersonalData
413C3CCE-79AE-4C8F-BB9F-06439ED1EB2A,PCF_CLIENT_DIMENSION_VALUE,PCF_CLIENT_DIMENSION_VALUE,MTED_EDaM_Mapping_Note,{\rtf1\ansi\ansicpg1252\deff0\nouicompat\deflang2057{\fonttbl{\f0\fnil\fcharset0 Times New Roman;}},BIM-core.MTED_EDaM_Mapping_Note
413C3CCE-79AE-4C8F-BB9F-06439ED1EB2A,PCF_CLIENT_DIMENSION_VALUE,PCF_CLIENT_DIMENSION_VALUE,MappingLevel,Application Specific,BIM-core.MappingLevel
76CED552-1870-483C-9F62-F6F3C842E037,FUEL_MARKET_PRODUCT,FUEL_MARKET_PRODUCT,PD_ObjectID,76CED552-1870-483C-9F62-F6F3C842E037,
76CED552-1870-483C-9F62-F6F3C842E037,FUEL_MARKET_PRODUCT,FUEL_MARKET_PRODUCT,PD_SourceExtraction,46603045,
76CED552-1870-483C-9F62-F6F3C842E037,FUEL_MARKET_PRODUCT,FUEL_MARKET_PRODUCT,PD_SourceModel,05_Carbon_Calculator,
76CED552-1870-483C-9F62-F6F3C842E037,FUEL_MARKET_PRODUCT,FUEL_MARKET_PRODUCT,CSI,false,SHL_LDM_EntityPropertyExtension.CSI
76CED552-1870-483C-9F62-F6F3C842E037,FUEL_MARKET_PRODUCT,FUEL_MARKET_PRODUCT,MTED_Encryption_Required,false,SHL_LDM_EntityPropertyExtension.MTED_Encryption_Required
76CED552-1870-483C-9F62-F6F3C842E037,FUEL_MARKET_PRODUCT,FUEL_MARKET_PRODUCT,PII,false,SHL_LDM_EntityPropertyExtension.PII
76CED552-1870-483C-9F62-F6F3C842E037,FUEL_MARKET_PRODUCT,FUEL_MARKET_PRODUCT,CommerciallySensitiveInformation,No Commercially Sensitive Information,BIM-core.CommerciallySensitiveInformation
76CED552-1870-483C-9F62-F6F3C842E037,FUEL_MARKET_PRODUCT,FUEL_MARKET_PRODUCT,Criticality,No Critical Data,BIM-core.Criticality
76CED552-1870-483C-9F62-F6F3C842E037,FUEL_MARKET_PRODUCT,FUEL_MARKET_PRODUCT,DataCategory,Structured,BIM-core.DataCategory
76CED552-1870-483C-9F62-F6F3C842E037,FUEL_MARKET_PRODUCT,FUEL_MARKET_PRODUCT,DataConfidentiality,Internal,BIM-core.DataConfidentiality
76CED552-1870-483C-9F62-F6F3C842E037,FUEL_MARKET_PRODUCT,FUEL_MARKET_PRODUCT,DesignStatus,Approved,BIM-core.DesignStatus
76CED552-1870-483C-9F62-F6F3C842E037,FUEL_MARKET_PRODUCT,FUEL_MARKET_PRODUCT,EntityCategory,Intersection,BIM-core.EntityCategory
76CED552-1870-483C-9F62-F6F3C842E037,FUEL_MARKET_PRODUCT,FUEL_MARKET_PRODUCT,EntityPersonalData,No Personal Data,BIM-core.EntityPersonalData
76CED552-1870-483C-9F62-F6F3C842E037,FUEL_MARKET_PRODUCT,FUEL_MARKET_PRODUCT,FinancialPersonalData,No Financial Personal Data,BIM-core.FinancialPersonalData
76CED552-1870-483C-9F62-F6F3C842E037,FUEL_MARKET_PRODUCT,FUEL_MARKET_PRODUCT,SensitivePersonalData,No Sensitive Personal Data,BIM-core.SensitivePersonalData
76CED552-1870-483C-9F62-F6F3C842E037,FUEL_MARKET_PRODUCT,FUEL_MARKET_PRODUCT,MappingLevel,BLM,BIM-core.MappingLevel
76CED552-1870-483C-9F62-F6F3C842E037,FUEL_MARKET_PRODUCT,FUEL_MARKET_PRODUCT,MapsToEntity,FUEL_MARKET_PRODUCT,BIM-core.MapsToEntity
5B7B3BA7-03E2-4C1E-898A-102E42FC2DD4,FUEL_PRODUCT,FUEL_PRODUCT,PD_ObjectID,5B7B3BA7-03E2-4C1E-898A-102E42FC2DD4,
5B7B3BA7-03E2-4C1E-898A-102E42FC2DD4,FUEL_PRODUCT,FUEL_PRODUCT,PD_SourceExtraction,46603045,
5B7B3BA7-03E2-4C1E-898A-102E42FC2DD4,FUEL_PRODUCT,FUEL_PRODUCT,PD_SourceModel,05_Carbon_Calculator,
5B7B3BA7-03E2-4C1E-898A-102E42FC2DD4,FUEL_PRODUCT,FUEL_PRODUCT,CSI,false,SHL_LDM_EntityPropertyExtension.CSI
5B7B3BA7-03E2-4C1E-898A-102E42FC2DD4,FUEL_PRODUCT,FUEL_PRODUCT,MTED_EDaM_Design_Status,Approved,SHL_LDM_EntityPropertyExtension.MTED_EDaM_Design_Status
5B7B3BA7-03E2-4C1E-898A-102E42FC2DD4,FUEL_PRODUCT,FUEL_PRODUCT,MTED_EDaM_Entity_Data_Category,Reference,SHL_LDM_EntityPropertyExtension.MTED_EDaM_Entity_Data_Category
5B7B3BA7-03E2-4C1E-898A-102E42FC2DD4,FUEL_PRODUCT,FUEL_PRODUCT,MTED_EDaM_Mapping_Level,02 - Conceptual,SHL_LDM_EntityPropertyExtension.MTED_EDaM_Mapping_Level
5B7B3BA7-03E2-4C1E-898A-102E42FC2DD4,FUEL_PRODUCT,FUEL_PRODUCT,MTED_EDaM_Security_Classification,Restricted,SHL_LDM_EntityPropertyExtension.MTED_EDaM_Security_Classification
5B7B3BA7-03E2-4C1E-898A-102E42FC2DD4,FUEL_PRODUCT,FUEL_PRODUCT,MTED_Encryption_Required,false,SHL_LDM_EntityPropertyExtension.MTED_Encryption_Required
5B7B3BA7-03E2-4C1E-898A-102E42FC2DD4,FUEL_PRODUCT,FUEL_PRODUCT,PII,false,SHL_LDM_EntityPropertyExtension.PII
5B7B3BA7-03E2-4C1E-898A-102E42FC2DD4,FUEL_PRODUCT,FUEL_PRODUCT,CommerciallySensitiveInformation,No Commercially Sensitive Information,BIM-core.CommerciallySensitiveInformation
5B7B3BA7-03E2-4C1E-898A-102E42FC2DD4,FUEL_PRODUCT,FUEL_PRODUCT,Criticality,No Critical Data,BIM-core.Criticality
5B7B3BA7-03E2-4C1E-898A-102E42FC2DD4,FUEL_PRODUCT,FUEL_PRODUCT,DataCategory,Structured,BIM-core.DataCategory
5B7B3BA7-03E2-4C1E-898A-102E42FC2DD4,FUEL_PRODUCT,FUEL_PRODUCT,DataConfidentiality,Internal,BIM-core.DataConfidentiality
5B7B3BA7-03E2-4C1E-898A-102E42FC2DD4,FUEL_PRODUCT,FUEL_PRODUCT,DesignStatus,Approved,BIM-core.DesignStatus
5B7B3BA7-03E2-4C1E-898A-102E42FC2DD4,FUEL_PRODUCT,FUEL_PRODUCT,EntityCategory,Master,BIM-core.EntityCategory
5B7B3BA7-03E2-4C1E-898A-102E42FC2DD4,FUEL_PRODUCT,FUEL_PRODUCT,EntityPersonalData,No Personal Data,BIM-core.EntityPersonalData
5B7B3BA7-03E2-4C1E-898A-102E42FC2DD4,FUEL_PRODUCT,FUEL_PRODUCT,FinancialPersonalData,No Financial Personal Data,BIM-core.FinancialPersonalData
5B7B3BA7-03E2-4C1E-898A-102E42FC2DD4,FUEL_PRODUCT,FUEL_PRODUCT,MapsToEntity,FUEL_PRODUCT,BIM-core.MapsToEntity
5B7B3BA7-03E2-4C1E-898A-102E42FC2DD4,FUEL_PRODUCT,FUEL_PRODUCT,SensitivePersonalData,No Sensitive Personal Data,BIM-core.SensitivePersonalData
5B7B3BA7-03E2-4C1E-898A-102E42FC2DD4,FUEL_PRODUCT,FUEL_PRODUCT,DataArea,,BIM-core.DataArea
5B7B3BA7-03E2-4C1E-898A-102E42FC2DD4,FUEL_PRODUCT,FUEL_PRODUCT,MappingLevel,BLM,BIM-core.MappingLevel
023EB5D1-7D07-481C-8E17-FA308F74336A,PRODUCT_EMISSION_COMPONENT,PRODUCT_EMISSION_COMPONENT,PD_ObjectID,023EB5D1-7D07-481C-8E17-FA308F74336A,
023EB5D1-7D07-481C-8E17-FA308F74336A,PRODUCT_EMISSION_COMPONENT,PRODUCT_EMISSION_COMPONENT,PD_SourceExtraction,46603045,
023EB5D1-7D07-481C-8E17-FA308F74336A,PRODUCT_EMISSION_COMPONENT,PRODUCT_EMISSION_COMPONENT,PD_SourceModel,05_Carbon_Calculator,
023EB5D1-7D07-481C-8E17-FA308F74336A,PRODUCT_EMISSION_COMPONENT,PRODUCT_EMISSION_COMPONENT,CSI,false,SHL_LDM_EntityPropertyExtension.CSI
023EB5D1-7D07-481C-8E17-FA308F74336A,PRODUCT_EMISSION_COMPONENT,PRODUCT_EMISSION_COMPONENT,MTED_Encryption_Required,false,SHL_LDM_EntityPropertyExtension.MTED_Encryption_Required
023EB5D1-7D07-481C-8E17-FA308F74336A,PRODUCT_EMISSION_COMPONENT,PRODUCT_EMISSION_COMPONENT,PII,false,SHL_LDM_EntityPropertyExtension.PII
023EB5D1-7D07-481C-8E17-FA308F74336A,PRODUCT_EMISSION_COMPONENT,PRODUCT_EMISSION_COMPONENT,CommerciallySensitiveInformation,No Commercially Sensitive Information,BIM-core.CommerciallySensitiveInformation
023EB5D1-7D07-481C-8E17-FA308F74336A,PRODUCT_EMISSION_COMPONENT,PRODUCT_EMISSION_COMPONENT,Criticality,No Critical Data,BIM-core.Criticality
023EB5D1-7D07-481C-8E17-FA308F74336A,PRODUCT_EMISSION_COMPONENT,PRODUCT_EMISSION_COMPONENT,DataCategory,Structured,BIM-core.DataCategory
023EB5D1-7D07-481C-8E17-FA308F74336A,PRODUCT_EMISSION_COMPONENT,PRODUCT_EMISSION_COMPONENT,DataConfidentiality,Internal,BIM-core.DataConfidentiality
023EB5D1-7D07-481C-8E17-FA308F74336A,PRODUCT_EMISSION_COMPONENT,PRODUCT_EMISSION_COMPONENT,DesignStatus,Approved,BIM-core.DesignStatus
023EB5D1-7D07-481C-8E17-FA308F74336A,PRODUCT_EMISSION_COMPONENT,PRODUCT_EMISSION_COMPONENT,EntityCategory,Master,BIM-core.EntityCategory
023EB5D1-7D07-481C-8E17-FA308F74336A,PRODUCT_EMISSION_COMPONENT,PRODUCT_EMISSION_COMPONENT,EntityPersonalData,No Personal Data,BIM-core.EntityPersonalData
023EB5D1-7D07-481C-8E17-FA308F74336A,PRODUCT_EMISSION_COMPONENT,PRODUCT_EMISSION_COMPONENT,FinancialPersonalData,No Financial Personal Data,BIM-core.FinancialPersonalData
023EB5D1-7D07-481C-8E17-FA308F74336A,PRODUCT_EMISSION_COMPONENT,PRODUCT_EMISSION_COMPONENT,SensitivePersonalData,No Sensitive Personal Data,BIM-core.SensitivePersonalData
023EB5D1-7D07-481C-8E17-FA308F74336A,PRODUCT_EMISSION_COMPONENT,PRODUCT_EMISSION_COMPONENT,DataArea,,BIM-core.DataArea
023EB5D1-7D07-481C-8E17-FA308F74336A,PRODUCT_EMISSION_COMPONENT,PRODUCT_EMISSION_COMPONENT,MappingLevel,BLM,BIM-core.MappingLevel
023EB5D1-7D07-481C-8E17-FA308F74336A,PRODUCT_EMISSION_COMPONENT,PRODUCT_EMISSION_COMPONENT,MapsToEntity,FUEL_MARKET_PRODUCT_EMISSION_COMPONENT,BIM-core.MapsToEntity
941DFC99-9C26-4180-B991-C6BE4EE67973,NCI_CLIENT_PRODUCT_TYPE,NCI_CLIENT_PRODUCT_TYPE,PD_ObjectID,941DFC99-9C26-4180-B991-C6BE4EE67973,
941DFC99-9C26-4180-B991-C6BE4EE67973,NCI_CLIENT_PRODUCT_TYPE,NCI_CLIENT_PRODUCT_TYPE,PD_SourceExtraction,46603045,
941DFC99-9C26-4180-B991-C6BE4EE67973,NCI_CLIENT_PRODUCT_TYPE,NCI_CLIENT_PRODUCT_TYPE,PD_SourceModel,05_Carbon_Calculator,
941DFC99-9C26-4180-B991-C6BE4EE67973,NCI_CLIENT_PRODUCT_TYPE,NCI_CLIENT_PRODUCT_TYPE,CSI,false,SHL_LDM_EntityPropertyExtension.CSI
941DFC99-9C26-4180-B991-C6BE4EE67973,NCI_CLIENT_PRODUCT_TYPE,NCI_CLIENT_PRODUCT_TYPE,MTED_Encryption_Required,false,SHL_LDM_EntityPropertyExtension.MTED_Encryption_Required
941DFC99-9C26-4180-B991-C6BE4EE67973,NCI_CLIENT_PRODUCT_TYPE,NCI_CLIENT_PRODUCT_TYPE,PII,false,SHL_LDM_EntityPropertyExtension.PII
941DFC99-9C26-4180-B991-C6BE4EE67973,NCI_CLIENT_PRODUCT_TYPE,NCI_CLIENT_PRODUCT_TYPE,CommerciallySensitiveInformation,No Commercially Sensitive Information,BIM-core.CommerciallySensitiveInformation
941DFC99-9C26-4180-B991-C6BE4EE67973,NCI_CLIENT_PRODUCT_TYPE,NCI_CLIENT_PRODUCT_TYPE,Criticality,No Critical Data,BIM-core.Criticality
941DFC99-9C26-4180-B991-C6BE4EE67973,NCI_CLIENT_PRODUCT_TYPE,NCI_CLIENT_PRODUCT_TYPE,DataCategory,Structured,BIM-core.DataCategory
941DFC99-9C26-4180-B991-C6BE4EE67973,NCI_CLIENT_PRODUCT_TYPE,NCI_CLIENT_PRODUCT_TYPE,DataConfidentiality,Internal,BIM-core.DataConfidentiality
941DFC99-9C26-4180-B991-C6BE4EE67973,NCI_CLIENT_PRODUCT_TYPE,NCI_CLIENT_PRODUCT_TYPE,DesignStatus,Approved,BIM-core.DesignStatus
941DFC99-9C26-4180-B991-C6BE4EE67973,NCI_CLIENT_PRODUCT_TYPE,NCI_CLIENT_PRODUCT_TYPE,EntityCategory,Master,BIM-core.EntityCategory
941DFC99-9C26-4180-B991-C6BE4EE67973,NCI_CLIENT_PRODUCT_TYPE,NCI_CLIENT_PRODUCT_TYPE,EntityPersonalData,No Personal Data,BIM-core.EntityPersonalData
941DFC99-9C26-4180-B991-C6BE4EE67973,NCI_CLIENT_PRODUCT_TYPE,NCI_CLIENT_PRODUCT_TYPE,FinancialPersonalData,No Financial Personal Data,BIM-core.FinancialPersonalData
941DFC99-9C26-4180-B991-C6BE4EE67973,NCI_CLIENT_PRODUCT_TYPE,NCI_CLIENT_PRODUCT_TYPE,SensitivePersonalData,No Sensitive Personal Data,BIM-core.SensitivePersonalData
941DFC99-9C26-4180-B991-C6BE4EE67973,NCI_CLIENT_PRODUCT_TYPE,NCI_CLIENT_PRODUCT_TYPE,MTED_EDaM_Mapping_Note,{\rtf1\ansi\ansicpg1252\deff0\nouicompat\deflang2057{\fonttbl{\f0\fnil\fcharset0 Times New Roman;}},BIM-core.MTED_EDaM_Mapping_Note
941DFC99-9C26-4180-B991-C6BE4EE67973,NCI_CLIENT_PRODUCT_TYPE,NCI_CLIENT_PRODUCT_TYPE,MappingLevel,Application Specific,BIM-core.MappingLevel
21246286-2241-4506-B7FC-EAD245705095,ACTIVITY_TYPE_PARAMETER_FACTOR,ACTIVITY_TYPE_PARAMETER_FACTOR,PD_ObjectID,21246286-2241-4506-B7FC-EAD245705095,
21246286-2241-4506-B7FC-EAD245705095,ACTIVITY_TYPE_PARAMETER_FACTOR,ACTIVITY_TYPE_PARAMETER_FACTOR,PD_SourceExtraction,46603045,
21246286-2241-4506-B7FC-EAD245705095,ACTIVITY_TYPE_PARAMETER_FACTOR,ACTIVITY_TYPE_PARAMETER_FACTOR,PD_SourceModel,05_Carbon_Calculator,
21246286-2241-4506-B7FC-EAD245705095,ACTIVITY_TYPE_PARAMETER_FACTOR,ACTIVITY_TYPE_PARAMETER_FACTOR,CSI,false,SHL_LDM_EntityPropertyExtension.CSI
21246286-2241-4506-B7FC-EAD245705095,ACTIVITY_TYPE_PARAMETER_FACTOR,ACTIVITY_TYPE_PARAMETER_FACTOR,MTED_Encryption_Required,false,SHL_LDM_EntityPropertyExtension.MTED_Encryption_Required
21246286-2241-4506-B7FC-EAD245705095,ACTIVITY_TYPE_PARAMETER_FACTOR,ACTIVITY_TYPE_PARAMETER_FACTOR,PII,false,SHL_LDM_EntityPropertyExtension.PII
21246286-2241-4506-B7FC-EAD245705095,ACTIVITY_TYPE_PARAMETER_FACTOR,ACTIVITY_TYPE_PARAMETER_FACTOR,CommerciallySensitiveInformation,No Commercially Sensitive Information,BIM-core.CommerciallySensitiveInformation
21246286-2241-4506-B7FC-EAD245705095,ACTIVITY_TYPE_PARAMETER_FACTOR,ACTIVITY_TYPE_PARAMETER_FACTOR,Criticality,No Critical Data,BIM-core.Criticality
21246286-2241-4506-B7FC-EAD245705095,ACTIVITY_TYPE_PARAMETER_FACTOR,ACTIVITY_TYPE_PARAMETER_FACTOR,DataCategory,Structured,BIM-core.DataCategory
21246286-2241-4506-B7FC-EAD245705095,ACTIVITY_TYPE_PARAMETER_FACTOR,ACTIVITY_TYPE_PARAMETER_FACTOR,DataConfidentiality,Confidential,BIM-core.DataConfidentiality
21246286-2241-4506-B7FC-EAD245705095,ACTIVITY_TYPE_PARAMETER_FACTOR,ACTIVITY_TYPE_PARAMETER_FACTOR,DesignStatus,Approved,BIM-core.DesignStatus
21246286-2241-4506-B7FC-EAD245705095,ACTIVITY_TYPE_PARAMETER_FACTOR,ACTIVITY_TYPE_PARAMETER_FACTOR,EntityCategory,Master,BIM-core.EntityCategory
21246286-2241-4506-B7FC-EAD245705095,ACTIVITY_TYPE_PARAMETER_FACTOR,ACTIVITY_TYPE_PARAMETER_FACTOR,EntityPersonalData,No Personal Data,BIM-core.EntityPersonalData
21246286-2241-4506-B7FC-EAD245705095,ACTIVITY_TYPE_PARAMETER_FACTOR,ACTIVITY_TYPE_PARAMETER_FACTOR,FinancialPersonalData,No Financial Personal Data,BIM-core.FinancialPersonalData
21246286-2241-4506-B7FC-EAD245705095,ACTIVITY_TYPE_PARAMETER_FACTOR,ACTIVITY_TYPE_PARAMETER_FACTOR,MapsToEntity,EMISSION_ACTIVITY_TYPE_FACTOR,BIM-core.MapsToEntity
21246286-2241-4506-B7FC-EAD245705095,ACTIVITY_TYPE_PARAMETER_FACTOR,ACTIVITY_TYPE_PARAMETER_FACTOR,SensitivePersonalData,No Sensitive Personal Data,BIM-core.SensitivePersonalData
21246286-2241-4506-B7FC-EAD245705095,ACTIVITY_TYPE_PARAMETER_FACTOR,ACTIVITY_TYPE_PARAMETER_FACTOR,DataArea,,BIM-core.DataArea
21246286-2241-4506-B7FC-EAD245705095,ACTIVITY_TYPE_PARAMETER_FACTOR,ACTIVITY_TYPE_PARAMETER_FACTOR,MappingLevel,BLM,BIM-core.MappingLevel
EAC84B96-83C8-4236-A663-B56CDE3D8EA4,NCI_CLIENT_PARAMETER_VALUE_SET,NCI_CLIENT_PARAMETER_VALUE_SET,PD_ObjectID,EAC84B96-83C8-4236-A663-B56CDE3D8EA4,
EAC84B96-83C8-4236-A663-B56CDE3D8EA4,NCI_CLIENT_PARAMETER_VALUE_SET,NCI_CLIENT_PARAMETER_VALUE_SET,PD_SourceExtraction,46603045,
EAC84B96-83C8-4236-A663-B56CDE3D8EA4,NCI_CLIENT_PARAMETER_VALUE_SET,NCI_CLIENT_PARAMETER_VALUE_SET,PD_SourceModel,05_Carbon_Calculator,
EAC84B96-83C8-4236-A663-B56CDE3D8EA4,NCI_CLIENT_PARAMETER_VALUE_SET,NCI_CLIENT_PARAMETER_VALUE_SET,CSI,false,SHL_LDM_EntityPropertyExtension.CSI
EAC84B96-83C8-4236-A663-B56CDE3D8EA4,NCI_CLIENT_PARAMETER_VALUE_SET,NCI_CLIENT_PARAMETER_VALUE_SET,MTED_Encryption_Required,false,SHL_LDM_EntityPropertyExtension.MTED_Encryption_Required
EAC84B96-83C8-4236-A663-B56CDE3D8EA4,NCI_CLIENT_PARAMETER_VALUE_SET,NCI_CLIENT_PARAMETER_VALUE_SET,PII,false,SHL_LDM_EntityPropertyExtension.PII
EAC84B96-83C8-4236-A663-B56CDE3D8EA4,NCI_CLIENT_PARAMETER_VALUE_SET,NCI_CLIENT_PARAMETER_VALUE_SET,CommerciallySensitiveInformation,No Commercially Sensitive Information,BIM-core.CommerciallySensitiveInformation
EAC84B96-83C8-4236-A663-B56CDE3D8EA4,NCI_CLIENT_PARAMETER_VALUE_SET,NCI_CLIENT_PARAMETER_VALUE_SET,Criticality,No Critical Data,BIM-core.Criticality
EAC84B96-83C8-4236-A663-B56CDE3D8EA4,NCI_CLIENT_PARAMETER_VALUE_SET,NCI_CLIENT_PARAMETER_VALUE_SET,DataCategory,Structured,BIM-core.DataCategory
EAC84B96-83C8-4236-A663-B56CDE3D8EA4,NCI_CLIENT_PARAMETER_VALUE_SET,NCI_CLIENT_PARAMETER_VALUE_SET,DataConfidentiality,Internal,BIM-core.DataConfidentiality
EAC84B96-83C8-4236-A663-B56CDE3D8EA4,NCI_CLIENT_PARAMETER_VALUE_SET,NCI_CLIENT_PARAMETER_VALUE_SET,DesignStatus,Approved,BIM-core.DesignStatus
EAC84B96-83C8-4236-A663-B56CDE3D8EA4,NCI_CLIENT_PARAMETER_VALUE_SET,NCI_CLIENT_PARAMETER_VALUE_SET,EntityCategory,Intersection,BIM-core.EntityCategory
EAC84B96-83C8-4236-A663-B56CDE3D8EA4,NCI_CLIENT_PARAMETER_VALUE_SET,NCI_CLIENT_PARAMETER_VALUE_SET,EntityPersonalData,No Personal Data,BIM-core.EntityPersonalData
EAC84B96-83C8-4236-A663-B56CDE3D8EA4,NCI_CLIENT_PARAMETER_VALUE_SET,NCI_CLIENT_PARAMETER_VALUE_SET,FinancialPersonalData,No Financial Personal Data,BIM-core.FinancialPersonalData
EAC84B96-83C8-4236-A663-B56CDE3D8EA4,NCI_CLIENT_PARAMETER_VALUE_SET,NCI_CLIENT_PARAMETER_VALUE_SET,SensitivePersonalData,No Sensitive Personal Data,BIM-core.SensitivePersonalData
EAC84B96-83C8-4236-A663-B56CDE3D8EA4,NCI_CLIENT_PARAMETER_VALUE_SET,NCI_CLIENT_PARAMETER_VALUE_SET,MTED_EDaM_Mapping_Note,{\rtf1\ansi\ansicpg1252\deff0\nouicompat\deflang2057{\fonttbl{\f0\fnil\fcharset0 Times New Roman;}},BIM-core.MTED_EDaM_Mapping_Note
EAC84B96-83C8-4236-A663-B56CDE3D8EA4,NCI_CLIENT_PARAMETER_VALUE_SET,NCI_CLIENT_PARAMETER_VALUE_SET,MappingLevel,Application Specific,BIM-core.MappingLevel
6F97EC91-4834-49FF-BC67-616E3A46E9D8,PARAMETER_VALUE_SET,PARAMETER_VALUE_SET,PD_ObjectID,6F97EC91-4834-49FF-BC67-616E3A46E9D8,
6F97EC91-4834-49FF-BC67-616E3A46E9D8,PARAMETER_VALUE_SET,PARAMETER_VALUE_SET,PD_SourceExtraction,46603045,
6F97EC91-4834-49FF-BC67-616E3A46E9D8,PARAMETER_VALUE_SET,PARAMETER_VALUE_SET,PD_SourceModel,05_Carbon_Calculator,
6F97EC91-4834-49FF-BC67-616E3A46E9D8,PARAMETER_VALUE_SET,PARAMETER_VALUE_SET,CSI,false,SHL_LDM_EntityPropertyExtension.CSI
6F97EC91-4834-49FF-BC67-616E3A46E9D8,PARAMETER_VALUE_SET,PARAMETER_VALUE_SET,MTED_Encryption_Required,false,SHL_LDM_EntityPropertyExtension.MTED_Encryption_Required
6F97EC91-4834-49FF-BC67-616E3A46E9D8,PARAMETER_VALUE_SET,PARAMETER_VALUE_SET,PII,false,SHL_LDM_EntityPropertyExtension.PII
6F97EC91-4834-49FF-BC67-616E3A46E9D8,PARAMETER_VALUE_SET,PARAMETER_VALUE_SET,CommerciallySensitiveInformation,No Commercially Sensitive Information,BIM-core.CommerciallySensitiveInformation
6F97EC91-4834-49FF-BC67-616E3A46E9D8,PARAMETER_VALUE_SET,PARAMETER_VALUE_SET,Criticality,No Critical Data,BIM-core.Criticality
6F97EC91-4834-49FF-BC67-616E3A46E9D8,PARAMETER_VALUE_SET,PARAMETER_VALUE_SET,DataCategory,Structured,BIM-core.DataCategory
6F97EC91-4834-49FF-BC67-616E3A46E9D8,PARAMETER_VALUE_SET,PARAMETER_VALUE_SET,DataConfidentiality,Internal,BIM-core.DataConfidentiality
6F97EC91-4834-49FF-BC67-616E3A46E9D8,PARAMETER_VALUE_SET,PARAMETER_VALUE_SET,DesignStatus,Approved,BIM-core.DesignStatus
6F97EC91-4834-49FF-BC67-616E3A46E9D8,PARAMETER_VALUE_SET,PARAMETER_VALUE_SET,EntityCategory,Master,BIM-core.EntityCategory
6F97EC91-4834-49FF-BC67-616E3A46E9D8,PARAMETER_VALUE_SET,PARAMETER_VALUE_SET,EntityPersonalData,No Personal Data,BIM-core.EntityPersonalData
6F97EC91-4834-49FF-BC67-616E3A46E9D8,PARAMETER_VALUE_SET,PARAMETER_VALUE_SET,FinancialPersonalData,No Financial Personal Data,BIM-core.FinancialPersonalData
6F97EC91-4834-49FF-BC67-616E3A46E9D8,PARAMETER_VALUE_SET,PARAMETER_VALUE_SET,SensitivePersonalData,No Sensitive Personal Data,BIM-core.SensitivePersonalData
6F97EC91-4834-49FF-BC67-616E3A46E9D8,PARAMETER_VALUE_SET,PARAMETER_VALUE_SET,MTED_EDaM_Mapping_Note,{\rtf1\ansi\ansicpg1252\deff0\nouicompat\deflang2057{\fonttbl{\f0\fnil\fcharset0 Times New Roman;}},BIM-core.MTED_EDaM_Mapping_Note
6F97EC91-4834-49FF-BC67-616E3A46E9D8,PARAMETER_VALUE_SET,PARAMETER_VALUE_SET,MappingLevel,Application Specific,BIM-core.MappingLevel
4AD1CC90-33DC-4469-AC36-F0EC29991152,NCI_CLIENT_PARAMETER,NCI_CLIENT_PARAMETER,PD_ObjectID,4AD1CC90-33DC-4469-AC36-F0EC29991152,
4AD1CC90-33DC-4469-AC36-F0EC29991152,NCI_CLIENT_PARAMETER,NCI_CLIENT_PARAMETER,PD_SourceExtraction,46603045,
4AD1CC90-33DC-4469-AC36-F0EC29991152,NCI_CLIENT_PARAMETER,NCI_CLIENT_PARAMETER,PD_SourceModel,05_Carbon_Calculator,
4AD1CC90-33DC-4469-AC36-F0EC29991152,NCI_CLIENT_PARAMETER,NCI_CLIENT_PARAMETER,CSI,false,SHL_LDM_EntityPropertyExtension.CSI
4AD1CC90-33DC-4469-AC36-F0EC29991152,NCI_CLIENT_PARAMETER,NCI_CLIENT_PARAMETER,MTED_Encryption_Required,false,SHL_LDM_EntityPropertyExtension.MTED_Encryption_Required
4AD1CC90-33DC-4469-AC36-F0EC29991152,NCI_CLIENT_PARAMETER,NCI_CLIENT_PARAMETER,PII,false,SHL_LDM_EntityPropertyExtension.PII
4AD1CC90-33DC-4469-AC36-F0EC29991152,NCI_CLIENT_PARAMETER,NCI_CLIENT_PARAMETER,CommerciallySensitiveInformation,No Commercially Sensitive Information,BIM-core.CommerciallySensitiveInformation
4AD1CC90-33DC-4469-AC36-F0EC29991152,NCI_CLIENT_PARAMETER,NCI_CLIENT_PARAMETER,Criticality,No Critical Data,BIM-core.Criticality
4AD1CC90-33DC-4469-AC36-F0EC29991152,NCI_CLIENT_PARAMETER,NCI_CLIENT_PARAMETER,DataCategory,Structured,BIM-core.DataCategory
4AD1CC90-33DC-4469-AC36-F0EC29991152,NCI_CLIENT_PARAMETER,NCI_CLIENT_PARAMETER,DataConfidentiality,Internal,BIM-core.DataConfidentiality
4AD1CC90-33DC-4469-AC36-F0EC29991152,NCI_CLIENT_PARAMETER,NCI_CLIENT_PARAMETER,DesignStatus,Approved,BIM-core.DesignStatus
4AD1CC90-33DC-4469-AC36-F0EC29991152,NCI_CLIENT_PARAMETER,NCI_CLIENT_PARAMETER,EntityCategory,Internal Reference,BIM-core.EntityCategory
4AD1CC90-33DC-4469-AC36-F0EC29991152,NCI_CLIENT_PARAMETER,NCI_CLIENT_PARAMETER,EntityPersonalData,No Personal Data,BIM-core.EntityPersonalData
4AD1CC90-33DC-4469-AC36-F0EC29991152,NCI_CLIENT_PARAMETER,NCI_CLIENT_PARAMETER,FinancialPersonalData,No Financial Personal Data,BIM-core.FinancialPersonalData
4AD1CC90-33DC-4469-AC36-F0EC29991152,NCI_CLIENT_PARAMETER,NCI_CLIENT_PARAMETER,SensitivePersonalData,No Sensitive Personal Data,BIM-core.SensitivePersonalData
4AD1CC90-33DC-4469-AC36-F0EC29991152,NCI_CLIENT_PARAMETER,NCI_CLIENT_PARAMETER,MTED_EDaM_Mapping_Note,{\rtf1\ansi\ansicpg1252\deff0\nouicompat\deflang2057{\fonttbl{\f0\fnil\fcharset0 Times New Roman;}},BIM-core.MTED_EDaM_Mapping_Note
4AD1CC90-33DC-4469-AC36-F0EC29991152,NCI_CLIENT_PARAMETER,NCI_CLIENT_PARAMETER,MappingLevel,Application Specific,BIM-core.MappingLevel
C5F546B4-AA51-4A77-84FF-4A6675041D34,APPLICATION_METHOD,APPLICATION_METHOD,PD_ObjectID,C5F546B4-AA51-4A77-84FF-4A6675041D34,
C5F546B4-AA51-4A77-84FF-4A6675041D34,APPLICATION_METHOD,APPLICATION_METHOD,PD_SourceExtraction,46603045,
C5F546B4-AA51-4A77-84FF-4A6675041D34,APPLICATION_METHOD,APPLICATION_METHOD,PD_SourceModel,05_Carbon_Calculator,
C5F546B4-AA51-4A77-84FF-4A6675041D34,APPLICATION_METHOD,APPLICATION_METHOD,CSI,false,SHL_LDM_EntityPropertyExtension.CSI
C5F546B4-AA51-4A77-84FF-4A6675041D34,APPLICATION_METHOD,APPLICATION_METHOD,MTED_Encryption_Required,false,SHL_LDM_EntityPropertyExtension.MTED_Encryption_Required
C5F546B4-AA51-4A77-84FF-4A6675041D34,APPLICATION_METHOD,APPLICATION_METHOD,PII,false,SHL_LDM_EntityPropertyExtension.PII
C5F546B4-AA51-4A77-84FF-4A6675041D34,APPLICATION_METHOD,APPLICATION_METHOD,CommerciallySensitiveInformation,No Commercially Sensitive Information,BIM-core.CommerciallySensitiveInformation
C5F546B4-AA51-4A77-84FF-4A6675041D34,APPLICATION_METHOD,APPLICATION_METHOD,Criticality,No Critical Data,BIM-core.Criticality
C5F546B4-AA51-4A77-84FF-4A6675041D34,APPLICATION_METHOD,APPLICATION_METHOD,DataCategory,Structured,BIM-core.DataCategory
C5F546B4-AA51-4A77-84FF-4A6675041D34,APPLICATION_METHOD,APPLICATION_METHOD,DataConfidentiality,Internal,BIM-core.DataConfidentiality
C5F546B4-AA51-4A77-84FF-4A6675041D34,APPLICATION_METHOD,APPLICATION_METHOD,DesignStatus,Approved,BIM-core.DesignStatus
C5F546B4-AA51-4A77-84FF-4A6675041D34,APPLICATION_METHOD,APPLICATION_METHOD,EntityCategory,Internal Reference,BIM-core.EntityCategory
C5F546B4-AA51-4A77-84FF-4A6675041D34,APPLICATION_METHOD,APPLICATION_METHOD,EntityPersonalData,No Personal Data,BIM-core.EntityPersonalData
C5F546B4-AA51-4A77-84FF-4A6675041D34,APPLICATION_METHOD,APPLICATION_METHOD,FinancialPersonalData,No Financial Personal Data,BIM-core.FinancialPersonalData
C5F546B4-AA51-4A77-84FF-4A6675041D34,APPLICATION_METHOD,APPLICATION_METHOD,SensitivePersonalData,No Sensitive Personal Data,BIM-core.SensitivePersonalData
C5F546B4-AA51-4A77-84FF-4A6675041D34,APPLICATION_METHOD,APPLICATION_METHOD,MappingLevel,BLM,BIM-core.MappingLevel
C5F546B4-AA51-4A77-84FF-4A6675041D34,APPLICATION_METHOD,APPLICATION_METHOD,MapsToEntity,FUEL_APPLICATION_METHOD,BIM-core.MapsToEntity
0CEB000A-8386-4FD4-84A1-6DABF43C2CEE,CLIENT_UOM,CLIENT_UOM,PD_ObjectID,0CEB000A-8386-4FD4-84A1-6DABF43C2CEE,
0CEB000A-8386-4FD4-84A1-6DABF43C2CEE,CLIENT_UOM,CLIENT_UOM,PD_SourceExtraction,46603045,
0CEB000A-8386-4FD4-84A1-6DABF43C2CEE,CLIENT_UOM,CLIENT_UOM,PD_SourceModel,05_Carbon_Calculator,
0CEB000A-8386-4FD4-84A1-6DABF43C2CEE,CLIENT_UOM,CLIENT_UOM,CSI,false,SHL_LDM_EntityPropertyExtension.CSI
0CEB000A-8386-4FD4-84A1-6DABF43C2CEE,CLIENT_UOM,CLIENT_UOM,MTED_Encryption_Required,false,SHL_LDM_EntityPropertyExtension.MTED_Encryption_Required
0CEB000A-8386-4FD4-84A1-6DABF43C2CEE,CLIENT_UOM,CLIENT_UOM,PII,false,SHL_LDM_EntityPropertyExtension.PII
0CEB000A-8386-4FD4-84A1-6DABF43C2CEE,CLIENT_UOM,CLIENT_UOM,CommerciallySensitiveInformation,No Commercially Sensitive Information,BIM-core.CommerciallySensitiveInformation
0CEB000A-8386-4FD4-84A1-6DABF43C2CEE,CLIENT_UOM,CLIENT_UOM,Criticality,No Critical Data,BIM-core.Criticality
0CEB000A-8386-4FD4-84A1-6DABF43C2CEE,CLIENT_UOM,CLIENT_UOM,DataCategory,Structured,BIM-core.DataCategory
0CEB000A-8386-4FD4-84A1-6DABF43C2CEE,CLIENT_UOM,CLIENT_UOM,DataConfidentiality,Internal,BIM-core.DataConfidentiality
0CEB000A-8386-4FD4-84A1-6DABF43C2CEE,CLIENT_UOM,CLIENT_UOM,DesignStatus,Approved,BIM-core.DesignStatus
0CEB000A-8386-4FD4-84A1-6DABF43C2CEE,CLIENT_UOM,CLIENT_UOM,EntityCategory,External Reference,BIM-core.EntityCategory
0CEB000A-8386-4FD4-84A1-6DABF43C2CEE,CLIENT_UOM,CLIENT_UOM,EntityPersonalData,No Personal Data,BIM-core.EntityPersonalData
0CEB000A-8386-4FD4-84A1-6DABF43C2CEE,CLIENT_UOM,CLIENT_UOM,FinancialPersonalData,No Financial Personal Data,BIM-core.FinancialPersonalData
0CEB000A-8386-4FD4-84A1-6DABF43C2CEE,CLIENT_UOM,CLIENT_UOM,SensitivePersonalData,No Sensitive Personal Data,BIM-core.SensitivePersonalData
0CEB000A-8386-4FD4-84A1-6DABF43C2CEE,CLIENT_UOM,CLIENT_UOM,MTED_EDaM_Mapping_Note,{\rtf1\ansi\ansicpg1252\deff0\nouicompat\deflang2057{\fonttbl{\f0\fnil\fcharset0 Times New Roman;}},BIM-core.MTED_EDaM_Mapping_Note
0CEB000A-8386-4FD4-84A1-6DABF43C2CEE,CLIENT_UOM,CLIENT_UOM,MappingLevel,Application Specific,BIM-core.MappingLevel
F83D8787-DB26-475D-9ED2-CDC0784FB2EB,PRODUCT_PROPERTY_VALUE,PRODUCT_PROPERTY_VALUE,PD_ObjectID,F83D8787-DB26-475D-9ED2-CDC0784FB2EB,
F83D8787-DB26-475D-9ED2-CDC0784FB2EB,PRODUCT_PROPERTY_VALUE,PRODUCT_PROPERTY_VALUE,PD_SourceExtraction,46603045,
F83D8787-DB26-475D-9ED2-CDC0784FB2EB,PRODUCT_PROPERTY_VALUE,PRODUCT_PROPERTY_VALUE,PD_SourceModel,05_Carbon_Calculator,
F83D8787-DB26-475D-9ED2-CDC0784FB2EB,PRODUCT_PROPERTY_VALUE,PRODUCT_PROPERTY_VALUE,CSI,false,SHL_LDM_EntityPropertyExtension.CSI
F83D8787-DB26-475D-9ED2-CDC0784FB2EB,PRODUCT_PROPERTY_VALUE,PRODUCT_PROPERTY_VALUE,MTED_Encryption_Required,false,SHL_LDM_EntityPropertyExtension.MTED_Encryption_Required
F83D8787-DB26-475D-9ED2-CDC0784FB2EB,PRODUCT_PROPERTY_VALUE,PRODUCT_PROPERTY_VALUE,PII,false,SHL_LDM_EntityPropertyExtension.PII
F83D8787-DB26-475D-9ED2-CDC0784FB2EB,PRODUCT_PROPERTY_VALUE,PRODUCT_PROPERTY_VALUE,CommerciallySensitiveInformation,No Commercially Sensitive Information,BIM-core.CommerciallySensitiveInformation
F83D8787-DB26-475D-9ED2-CDC0784FB2EB,PRODUCT_PROPERTY_VALUE,PRODUCT_PROPERTY_VALUE,Criticality,No Critical Data,BIM-core.Criticality
F83D8787-DB26-475D-9ED2-CDC0784FB2EB,PRODUCT_PROPERTY_VALUE,PRODUCT_PROPERTY_VALUE,DataCategory,Structured,BIM-core.DataCategory
F83D8787-DB26-475D-9ED2-CDC0784FB2EB,PRODUCT_PROPERTY_VALUE,PRODUCT_PROPERTY_VALUE,DataConfidentiality,Internal,BIM-core.DataConfidentiality
F83D8787-DB26-475D-9ED2-CDC0784FB2EB,PRODUCT_PROPERTY_VALUE,PRODUCT_PROPERTY_VALUE,DesignStatus,Approved,BIM-core.DesignStatus
F83D8787-DB26-475D-9ED2-CDC0784FB2EB,PRODUCT_PROPERTY_VALUE,PRODUCT_PROPERTY_VALUE,EntityCategory,Internal Reference,BIM-core.EntityCategory
F83D8787-DB26-475D-9ED2-CDC0784FB2EB,PRODUCT_PROPERTY_VALUE,PRODUCT_PROPERTY_VALUE,EntityPersonalData,No Personal Data,BIM-core.EntityPersonalData
F83D8787-DB26-475D-9ED2-CDC0784FB2EB,PRODUCT_PROPERTY_VALUE,PRODUCT_PROPERTY_VALUE,FinancialPersonalData,No Financial Personal Data,BIM-core.FinancialPersonalData
F83D8787-DB26-475D-9ED2-CDC0784FB2EB,PRODUCT_PROPERTY_VALUE,PRODUCT_PROPERTY_VALUE,SensitivePersonalData,No Sensitive Personal Data,BIM-core.SensitivePersonalData
F83D8787-DB26-475D-9ED2-CDC0784FB2EB,PRODUCT_PROPERTY_VALUE,PRODUCT_PROPERTY_VALUE,DataArea,,BIM-core.DataArea
F83D8787-DB26-475D-9ED2-CDC0784FB2EB,PRODUCT_PROPERTY_VALUE,PRODUCT_PROPERTY_VALUE,MappingLevel,BLM,BIM-core.MappingLevel
F83D8787-DB26-475D-9ED2-CDC0784FB2EB,PRODUCT_PROPERTY_VALUE,PRODUCT_PROPERTY_VALUE,MapsToEntity,FUEL_PRODUCT_PROPERTY,BIM-core.MapsToEntity
3D3DF1EF-B058-4E4A-9950-BE54724F244D,NCI_CLIENT_PRODUCT_FACTOR,NCI_CLIENT_PRODUCT_FACTOR,PD_ObjectID,3D3DF1EF-B058-4E4A-9950-BE54724F244D,
3D3DF1EF-B058-4E4A-9950-BE54724F244D,NCI_CLIENT_PRODUCT_FACTOR,NCI_CLIENT_PRODUCT_FACTOR,PD_SourceExtraction,46603045,
3D3DF1EF-B058-4E4A-9950-BE54724F244D,NCI_CLIENT_PRODUCT_FACTOR,NCI_CLIENT_PRODUCT_FACTOR,PD_SourceModel,05_Carbon_Calculator,
3D3DF1EF-B058-4E4A-9950-BE54724F244D,NCI_CLIENT_PRODUCT_FACTOR,NCI_CLIENT_PRODUCT_FACTOR,CSI,false,SHL_LDM_EntityPropertyExtension.CSI
3D3DF1EF-B058-4E4A-9950-BE54724F244D,NCI_CLIENT_PRODUCT_FACTOR,NCI_CLIENT_PRODUCT_FACTOR,MTED_Encryption_Required,false,SHL_LDM_EntityPropertyExtension.MTED_Encryption_Required
3D3DF1EF-B058-4E4A-9950-BE54724F244D,NCI_CLIENT_PRODUCT_FACTOR,NCI_CLIENT_PRODUCT_FACTOR,PII,false,SHL_LDM_EntityPropertyExtension.PII
3D3DF1EF-B058-4E4A-9950-BE54724F244D,NCI_CLIENT_PRODUCT_FACTOR,NCI_CLIENT_PRODUCT_FACTOR,CommerciallySensitiveInformation,No Commercially Sensitive Information,BIM-core.CommerciallySensitiveInformation
3D3DF1EF-B058-4E4A-9950-BE54724F244D,NCI_CLIENT_PRODUCT_FACTOR,NCI_CLIENT_PRODUCT_FACTOR,Criticality,No Critical Data,BIM-core.Criticality
3D3DF1EF-B058-4E4A-9950-BE54724F244D,NCI_CLIENT_PRODUCT_FACTOR,NCI_CLIENT_PRODUCT_FACTOR,DataCategory,Structured,BIM-core.DataCategory
3D3DF1EF-B058-4E4A-9950-BE54724F244D,NCI_CLIENT_PRODUCT_FACTOR,NCI_CLIENT_PRODUCT_FACTOR,DataConfidentiality,Internal,BIM-core.DataConfidentiality
3D3DF1EF-B058-4E4A-9950-BE54724F244D,NCI_CLIENT_PRODUCT_FACTOR,NCI_CLIENT_PRODUCT_FACTOR,DesignStatus,Approved,BIM-core.DesignStatus
3D3DF1EF-B058-4E4A-9950-BE54724F244D,NCI_CLIENT_PRODUCT_FACTOR,NCI_CLIENT_PRODUCT_FACTOR,EntityCategory,Master,BIM-core.EntityCategory
3D3DF1EF-B058-4E4A-9950-BE54724F244D,NCI_CLIENT_PRODUCT_FACTOR,NCI_CLIENT_PRODUCT_FACTOR,EntityPersonalData,No Personal Data,BIM-core.EntityPersonalData
3D3DF1EF-B058-4E4A-9950-BE54724F244D,NCI_CLIENT_PRODUCT_FACTOR,NCI_CLIENT_PRODUCT_FACTOR,FinancialPersonalData,No Financial Personal Data,BIM-core.FinancialPersonalData
3D3DF1EF-B058-4E4A-9950-BE54724F244D,NCI_CLIENT_PRODUCT_FACTOR,NCI_CLIENT_PRODUCT_FACTOR,SensitivePersonalData,No Sensitive Personal Data,BIM-core.SensitivePersonalData
3D3DF1EF-B058-4E4A-9950-BE54724F244D,NCI_CLIENT_PRODUCT_FACTOR,NCI_CLIENT_PRODUCT_FACTOR,MTED_EDaM_Mapping_Note,{\rtf1\ansi\ansicpg1252\deff0\nouicompat\deflang2057{\fonttbl{\f0\fnil\fcharset0 Times New Roman;}},BIM-core.MTED_EDaM_Mapping_Note
3D3DF1EF-B058-4E4A-9950-BE54724F244D,NCI_CLIENT_PRODUCT_FACTOR,NCI_CLIENT_PRODUCT_FACTOR,MappingLevel,Application Specific,BIM-core.MappingLevel
FD1AD173-EF5D-4849-8A49-7C59056AB216,FUEL_PRODUCT_REGION,FUEL_PRODUCT_REGION,PD_ObjectID,FD1AD173-EF5D-4849-8A49-7C59056AB216,
FD1AD173-EF5D-4849-8A49-7C59056AB216,FUEL_PRODUCT_REGION,FUEL_PRODUCT_REGION,PD_SourceExtraction,46603045,
FD1AD173-EF5D-4849-8A49-7C59056AB216,FUEL_PRODUCT_REGION,FUEL_PRODUCT_REGION,PD_SourceModel,05_Carbon_Calculator,
FD1AD173-EF5D-4849-8A49-7C59056AB216,FUEL_PRODUCT_REGION,FUEL_PRODUCT_REGION,CSI,false,SHL_LDM_EntityPropertyExtension.CSI
FD1AD173-EF5D-4849-8A49-7C59056AB216,FUEL_PRODUCT_REGION,FUEL_PRODUCT_REGION,MTED_Encryption_Required,false,SHL_LDM_EntityPropertyExtension.MTED_Encryption_Required
FD1AD173-EF5D-4849-8A49-7C59056AB216,FUEL_PRODUCT_REGION,FUEL_PRODUCT_REGION,PII,false,SHL_LDM_EntityPropertyExtension.PII
FD1AD173-EF5D-4849-8A49-7C59056AB216,FUEL_PRODUCT_REGION,FUEL_PRODUCT_REGION,CommerciallySensitiveInformation,No Commercially Sensitive Information,BIM-core.CommerciallySensitiveInformation
FD1AD173-EF5D-4849-8A49-7C59056AB216,FUEL_PRODUCT_REGION,FUEL_PRODUCT_REGION,Criticality,No Critical Data,BIM-core.Criticality
FD1AD173-EF5D-4849-8A49-7C59056AB216,FUEL_PRODUCT_REGION,FUEL_PRODUCT_REGION,DataCategory,Structured,BIM-core.DataCategory
FD1AD173-EF5D-4849-8A49-7C59056AB216,FUEL_PRODUCT_REGION,FUEL_PRODUCT_REGION,DataConfidentiality,Confidential,BIM-core.DataConfidentiality
FD1AD173-EF5D-4849-8A49-7C59056AB216,FUEL_PRODUCT_REGION,FUEL_PRODUCT_REGION,DesignStatus,Approved,BIM-core.DesignStatus
FD1AD173-EF5D-4849-8A49-7C59056AB216,FUEL_PRODUCT_REGION,FUEL_PRODUCT_REGION,EntityCategory,Intersection,BIM-core.EntityCategory
FD1AD173-EF5D-4849-8A49-7C59056AB216,FUEL_PRODUCT_REGION,FUEL_PRODUCT_REGION,EntityPersonalData,No Personal Data,BIM-core.EntityPersonalData
FD1AD173-EF5D-4849-8A49-7C59056AB216,FUEL_PRODUCT_REGION,FUEL_PRODUCT_REGION,FinancialPersonalData,No Financial Personal Data,BIM-core.FinancialPersonalData
FD1AD173-EF5D-4849-8A49-7C59056AB216,FUEL_PRODUCT_REGION,FUEL_PRODUCT_REGION,SensitivePersonalData,No Sensitive Personal Data,BIM-core.SensitivePersonalData
FD1AD173-EF5D-4849-8A49-7C59056AB216,FUEL_PRODUCT_REGION,FUEL_PRODUCT_REGION,MTED_EDaM_Mapping_Note,{\rtf1\ansi\ansicpg1252\deff0\nouicompat\deflang2057{\fonttbl{\f0\fnil\fcharset0 Times New Roman;}},BIM-core.MTED_EDaM_Mapping_Note
FD1AD173-EF5D-4849-8A49-7C59056AB216,FUEL_PRODUCT_REGION,FUEL_PRODUCT_REGION,MappingLevel,Application Specific,BIM-core.MappingLevel
21F3B66E-EB71-4880-B623-BD9161FB156B,FAQ,FAQ,PD_ObjectID,21F3B66E-EB71-4880-B623-BD9161FB156B,
21F3B66E-EB71-4880-B623-BD9161FB156B,FAQ,FAQ,PD_SourceExtraction,46603045,
21F3B66E-EB71-4880-B623-BD9161FB156B,FAQ,FAQ,PD_SourceModel,05_Carbon_Calculator,
21F3B66E-EB71-4880-B623-BD9161FB156B,FAQ,FAQ,CommerciallySensitiveInformation,No Commercially Sensitive Information,BIM-core.CommerciallySensitiveInformation
21F3B66E-EB71-4880-B623-BD9161FB156B,FAQ,FAQ,Criticality,No Critical Data,BIM-core.Criticality
21F3B66E-EB71-4880-B623-BD9161FB156B,FAQ,FAQ,DataCategory,Structured,BIM-core.DataCategory
21F3B66E-EB71-4880-B623-BD9161FB156B,FAQ,FAQ,DataConfidentiality,Internal,BIM-core.DataConfidentiality
21F3B66E-EB71-4880-B623-BD9161FB156B,FAQ,FAQ,DesignStatus,Approved,BIM-core.DesignStatus
21F3B66E-EB71-4880-B623-BD9161FB156B,FAQ,FAQ,EntityCategory,Master,BIM-core.EntityCategory
21F3B66E-EB71-4880-B623-BD9161FB156B,FAQ,FAQ,EntityPersonalData,No Personal Data,BIM-core.EntityPersonalData
21F3B66E-EB71-4880-B623-BD9161FB156B,FAQ,FAQ,FinancialPersonalData,No Financial Personal Data,BIM-core.FinancialPersonalData
21F3B66E-EB71-4880-B623-BD9161FB156B,FAQ,FAQ,SensitivePersonalData,No Sensitive Personal Data,BIM-core.SensitivePersonalData
21F3B66E-EB71-4880-B623-BD9161FB156B,FAQ,FAQ,MTED_EDaM_Mapping_Note,{\rtf1\ansi\ansicpg1252\deff0\nouicompat\deflang2057{\fonttbl{\f0\fnil\fcharset0 Times New Roman;}},BIM-core.MTED_EDaM_Mapping_Note
21F3B66E-EB71-4880-B623-BD9161FB156B,FAQ,FAQ,MappingLevel,Application Specific,BIM-core.MappingLevel
DAC19097-A40F-4A53-B3FC-5570E60094FD,CLIENT,CLIENT,PD_ObjectID,DAC19097-A40F-4A53-B3FC-5570E60094FD,
DAC19097-A40F-4A53-B3FC-5570E60094FD,CLIENT,CLIENT,PD_SourceExtraction,46603045,
DAC19097-A40F-4A53-B3FC-5570E60094FD,CLIENT,CLIENT,PD_SourceModel,05_Carbon_Calculator,
DAC19097-A40F-4A53-B3FC-5570E60094FD,CLIENT,CLIENT,CSI,false,SHL_LDM_EntityPropertyExtension.CSI
DAC19097-A40F-4A53-B3FC-5570E60094FD,CLIENT,CLIENT,MTED_Encryption_Required,false,SHL_LDM_EntityPropertyExtension.MTED_Encryption_Required
DAC19097-A40F-4A53-B3FC-5570E60094FD,CLIENT,CLIENT,PII,false,SHL_LDM_EntityPropertyExtension.PII
DAC19097-A40F-4A53-B3FC-5570E60094FD,CLIENT,CLIENT,CommerciallySensitiveInformation,No Commercially Sensitive Information,BIM-core.CommerciallySensitiveInformation
DAC19097-A40F-4A53-B3FC-5570E60094FD,CLIENT,CLIENT,Criticality,No Critical Data,BIM-core.Criticality
DAC19097-A40F-4A53-B3FC-5570E60094FD,CLIENT,CLIENT,DataCategory,Structured,BIM-core.DataCategory
DAC19097-A40F-4A53-B3FC-5570E60094FD,CLIENT,CLIENT,DataConfidentiality,Internal,BIM-core.DataConfidentiality
DAC19097-A40F-4A53-B3FC-5570E60094FD,CLIENT,CLIENT,DesignStatus,Approved,BIM-core.DesignStatus
DAC19097-A40F-4A53-B3FC-5570E60094FD,CLIENT,CLIENT,EntityCategory,Master,BIM-core.EntityCategory
DAC19097-A40F-4A53-B3FC-5570E60094FD,CLIENT,CLIENT,EntityPersonalData,No Personal Data,BIM-core.EntityPersonalData
DAC19097-A40F-4A53-B3FC-5570E60094FD,CLIENT,CLIENT,FinancialPersonalData,No Financial Personal Data,BIM-core.FinancialPersonalData
DAC19097-A40F-4A53-B3FC-5570E60094FD,CLIENT,CLIENT,SensitivePersonalData,No Sensitive Personal Data,BIM-core.SensitivePersonalData
DAC19097-A40F-4A53-B3FC-5570E60094FD,CLIENT,CLIENT,MTED_EDaM_Mapping_Note,{\rtf1\ansi\ansicpg1252\deff0\nouicompat\deflang2057{\fonttbl{\f0\fnil\fcharset0 Times New Roman;}},BIM-core.MTED_EDaM_Mapping_Note
DAC19097-A40F-4A53-B3FC-5570E60094FD,CLIENT,CLIENT,MappingLevel,Application Specific,BIM-core.MappingLevel
A83BF9A8-EF45-40DE-8126-BACAFCAA9606,GLOSSARY,GLOSSARY,PD_ObjectID,A83BF9A8-EF45-40DE-8126-BACAFCAA9606,
A83BF9A8-EF45-40DE-8126-BACAFCAA9606,GLOSSARY,GLOSSARY,PD_SourceExtraction,46603045,
A83BF9A8-EF45-40DE-8126-BACAFCAA9606,GLOSSARY,GLOSSARY,PD_SourceModel,05_Carbon_Calculator,
A83BF9A8-EF45-40DE-8126-BACAFCAA9606,GLOSSARY,GLOSSARY,CommerciallySensitiveInformation,No Commercially Sensitive Information,BIM-core.CommerciallySensitiveInformation
A83BF9A8-EF45-40DE-8126-BACAFCAA9606,GLOSSARY,GLOSSARY,Criticality,No Critical Data,BIM-core.Criticality
A83BF9A8-EF45-40DE-8126-BACAFCAA9606,GLOSSARY,GLOSSARY,DataCategory,Structured,BIM-core.DataCategory
A83BF9A8-EF45-40DE-8126-BACAFCAA9606,GLOSSARY,GLOSSARY,DataConfidentiality,Internal,BIM-core.DataConfidentiality
A83BF9A8-EF45-40DE-8126-BACAFCAA9606,GLOSSARY,GLOSSARY,DesignStatus,Approved,BIM-core.DesignStatus
A83BF9A8-EF45-40DE-8126-BACAFCAA9606,GLOSSARY,GLOSSARY,EntityCategory,Master,BIM-core.EntityCategory
A83BF9A8-EF45-40DE-8126-BACAFCAA9606,GLOSSARY,GLOSSARY,EntityPersonalData,No Personal Data,BIM-core.EntityPersonalData
A83BF9A8-EF45-40DE-8126-BACAFCAA9606,GLOSSARY,GLOSSARY,FinancialPersonalData,No Financial Personal Data,BIM-core.FinancialPersonalData
A83BF9A8-EF45-40DE-8126-BACAFCAA9606,GLOSSARY,GLOSSARY,MTED_EDaM_Mapping_Note,{\rtf1\ansi\ansicpg1252\deff0\nouicompat\deflang2057{\fonttbl{\f0\fnil\fcharset0 Times New Roman;}},BIM-core.MTED_EDaM_Mapping_Note
A83BF9A8-EF45-40DE-8126-BACAFCAA9606,GLOSSARY,GLOSSARY,MappingLevel,Application Specific,BIM-core.MappingLevel
A83BF9A8-EF45-40DE-8126-BACAFCAA9606,GLOSSARY,GLOSSARY,SensitivePersonalData,No Sensitive Personal Data,BIM-core.SensitivePersonalData
28C44B1D-D978-4B87-91A2-9FD1755A6904,EFL_UI_APPROVER,EF_UI_APPRVR,PD_ObjectID,28C44B1D-D978-4B87-91A2-9FD1755A6904,
28C44B1D-D978-4B87-91A2-9FD1755A6904,EFL_UI_APPROVER,EF_UI_APPRVR,PD_SourceExtraction,46603045,
28C44B1D-D978-4B87-91A2-9FD1755A6904,EFL_UI_APPROVER,EF_UI_APPRVR,PD_SourceModel,05_Carbon_Calculator,
28C44B1D-D978-4B87-91A2-9FD1755A6904,EFL_UI_APPROVER,EF_UI_APPRVR,CommerciallySensitiveInformation,No Commercially Sensitive Information,BIM-core.CommerciallySensitiveInformation
28C44B1D-D978-4B87-91A2-9FD1755A6904,EFL_UI_APPROVER,EF_UI_APPRVR,Criticality,No Critical Data,BIM-core.Criticality
28C44B1D-D978-4B87-91A2-9FD1755A6904,EFL_UI_APPROVER,EF_UI_APPRVR,DataCategory,Structured,BIM-core.DataCategory
28C44B1D-D978-4B87-91A2-9FD1755A6904,EFL_UI_APPROVER,EF_UI_APPRVR,DataConfidentiality,Internal,BIM-core.DataConfidentiality
28C44B1D-D978-4B87-91A2-9FD1755A6904,EFL_UI_APPROVER,EF_UI_APPRVR,EntityCategory,Internal Reference,BIM-core.EntityCategory
28C44B1D-D978-4B87-91A2-9FD1755A6904,EFL_UI_APPROVER,EF_UI_APPRVR,EntityPersonalData,No Personal Data,BIM-core.EntityPersonalData
28C44B1D-D978-4B87-91A2-9FD1755A6904,EFL_UI_APPROVER,EF_UI_APPRVR,FinancialPersonalData,No Financial Personal Data,BIM-core.FinancialPersonalData
28C44B1D-D978-4B87-91A2-9FD1755A6904,EFL_UI_APPROVER,EF_UI_APPRVR,MTED_EDaM_Mapping_Note,{\rtf1\ansi\ansicpg1252\deff0\nouicompat\deflang2057{\fonttbl{\f0\fnil\fcharset0 Times New Roman;}},BIM-core.MTED_EDaM_Mapping_Note
28C44B1D-D978-4B87-91A2-9FD1755A6904,EFL_UI_APPROVER,EF_UI_APPRVR,MappingLevel,Application Specific,BIM-core.MappingLevel
28C44B1D-D978-4B87-91A2-9FD1755A6904,EFL_UI_APPROVER,EF_UI_APPRVR,SensitivePersonalData,No Sensitive Personal Data,BIM-core.SensitivePersonalData
28C44B1D-D978-4B87-91A2-9FD1755A6904,EFL_UI_APPROVER,EF_UI_APPRVR,DesignStatus,Approved,BIM-core.DesignStatus
BD0AE091-3F5E-4309-8A61-C39A1A04A015,EFL_UI_APPROVER_GROUP,APPROVER_GROUPS2,PD_ObjectID,BD0AE091-3F5E-4309-8A61-C39A1A04A015,
BD0AE091-3F5E-4309-8A61-C39A1A04A015,EFL_UI_APPROVER_GROUP,APPROVER_GROUPS2,PD_SourceExtraction,46603045,
BD0AE091-3F5E-4309-8A61-C39A1A04A015,EFL_UI_APPROVER_GROUP,APPROVER_GROUPS2,PD_SourceModel,05_Carbon_Calculator,
BD0AE091-3F5E-4309-8A61-C39A1A04A015,EFL_UI_APPROVER_GROUP,APPROVER_GROUPS2,CommerciallySensitiveInformation,No Commercially Sensitive Information,BIM-core.CommerciallySensitiveInformation
BD0AE091-3F5E-4309-8A61-C39A1A04A015,EFL_UI_APPROVER_GROUP,APPROVER_GROUPS2,Criticality,No Critical Data,BIM-core.Criticality
BD0AE091-3F5E-4309-8A61-C39A1A04A015,EFL_UI_APPROVER_GROUP,APPROVER_GROUPS2,DataCategory,Structured,BIM-core.DataCategory
BD0AE091-3F5E-4309-8A61-C39A1A04A015,EFL_UI_APPROVER_GROUP,APPROVER_GROUPS2,DataConfidentiality,Internal,BIM-core.DataConfidentiality
BD0AE091-3F5E-4309-8A61-C39A1A04A015,EFL_UI_APPROVER_GROUP,APPROVER_GROUPS2,EntityCategory,Internal Reference,BIM-core.EntityCategory
BD0AE091-3F5E-4309-8A61-C39A1A04A015,EFL_UI_APPROVER_GROUP,APPROVER_GROUPS2,EntityPersonalData,No Personal Data,BIM-core.EntityPersonalData
BD0AE091-3F5E-4309-8A61-C39A1A04A015,EFL_UI_APPROVER_GROUP,APPROVER_GROUPS2,FinancialPersonalData,No Financial Personal Data,BIM-core.FinancialPersonalData
BD0AE091-3F5E-4309-8A61-C39A1A04A015,EFL_UI_APPROVER_GROUP,APPROVER_GROUPS2,MTED_EDaM_Mapping_Note,{\rtf1\ansi\ansicpg1252\deff0\nouicompat\deflang2057{\fonttbl{\f0\fnil\fcharset0 Times New Roman;}},BIM-core.MTED_EDaM_Mapping_Note
BD0AE091-3F5E-4309-8A61-C39A1A04A015,EFL_UI_APPROVER_GROUP,APPROVER_GROUPS2,MappingLevel,Application Specific,BIM-core.MappingLevel
BD0AE091-3F5E-4309-8A61-C39A1A04A015,EFL_UI_APPROVER_GROUP,APPROVER_GROUPS2,SensitivePersonalData,No Sensitive Personal Data,BIM-core.SensitivePersonalData
BD0AE091-3F5E-4309-8A61-C39A1A04A015,EFL_UI_APPROVER_GROUP,APPROVER_GROUPS2,DesignStatus,Approved,BIM-core.DesignStatus
1FCB0896-A733-411F-B686-24C65033C3A2,FUEL_PRODUCT_DEFAULT,FL_PRDCT_DFLT,PD_ObjectID,1FCB0896-A733-411F-B686-24C65033C3A2,
1FCB0896-A733-411F-B686-24C65033C3A2,FUEL_PRODUCT_DEFAULT,FL_PRDCT_DFLT,PD_SourceExtraction,46603045,
1FCB0896-A733-411F-B686-24C65033C3A2,FUEL_PRODUCT_DEFAULT,FL_PRDCT_DFLT,PD_SourceModel,05_Carbon_Calculator,
1FCB0896-A733-411F-B686-24C65033C3A2,FUEL_PRODUCT_DEFAULT,FL_PRDCT_DFLT,CommerciallySensitiveInformation,No Commercially Sensitive Information,BIM-core.CommerciallySensitiveInformation
1FCB0896-A733-411F-B686-24C65033C3A2,FUEL_PRODUCT_DEFAULT,FL_PRDCT_DFLT,Criticality,No Critical Data,BIM-core.Criticality
1FCB0896-A733-411F-B686-24C65033C3A2,FUEL_PRODUCT_DEFAULT,FL_PRDCT_DFLT,DataCategory,Structured,BIM-core.DataCategory
1FCB0896-A733-411F-B686-24C65033C3A2,FUEL_PRODUCT_DEFAULT,FL_PRDCT_DFLT,DataConfidentiality,Internal,BIM-core.DataConfidentiality
1FCB0896-A733-411F-B686-24C65033C3A2,FUEL_PRODUCT_DEFAULT,FL_PRDCT_DFLT,EntityCategory,Master,BIM-core.EntityCategory
1FCB0896-A733-411F-B686-24C65033C3A2,FUEL_PRODUCT_DEFAULT,FL_PRDCT_DFLT,EntityPersonalData,No Personal Data,BIM-core.EntityPersonalData
1FCB0896-A733-411F-B686-24C65033C3A2,FUEL_PRODUCT_DEFAULT,FL_PRDCT_DFLT,FinancialPersonalData,No Financial Personal Data,BIM-core.FinancialPersonalData
1FCB0896-A733-411F-B686-24C65033C3A2,FUEL_PRODUCT_DEFAULT,FL_PRDCT_DFLT,MTED_EDaM_Mapping_Note,{\rtf1\ansi\ansicpg1252\deff0\nouicompat\deflang2057{\fonttbl{\f0\fnil\fcharset0 Times New Roman;}},BIM-core.MTED_EDaM_Mapping_Note
1FCB0896-A733-411F-B686-24C65033C3A2,FUEL_PRODUCT_DEFAULT,FL_PRDCT_DFLT,MappingLevel,Application Specific,BIM-core.MappingLevel
1FCB0896-A733-411F-B686-24C65033C3A2,FUEL_PRODUCT_DEFAULT,FL_PRDCT_DFLT,SensitivePersonalData,No Sensitive Personal Data,BIM-core.SensitivePersonalData
1FCB0896-A733-411F-B686-24C65033C3A2,FUEL_PRODUCT_DEFAULT,FL_PRDCT_DFLT,DesignStatus,Approved,BIM-core.DesignStatus
E9A268B8-0CD8-4119-B21B-FFF3F2ACB480,APPLICATION_METHOD_UOM,APPLICATION_METHOD_UOM,PD_ObjectID,E9A268B8-0CD8-4119-B21B-FFF3F2ACB480,
E9A268B8-0CD8-4119-B21B-FFF3F2ACB480,APPLICATION_METHOD_UOM,APPLICATION_METHOD_UOM,PD_SourceExtraction,46603045,
E9A268B8-0CD8-4119-B21B-FFF3F2ACB480,APPLICATION_METHOD_UOM,APPLICATION_METHOD_UOM,PD_SourceModel,05_Carbon_Calculator,
E9A268B8-0CD8-4119-B21B-FFF3F2ACB480,APPLICATION_METHOD_UOM,APPLICATION_METHOD_UOM,CommerciallySensitiveInformation,No Commercially Sensitive Information,BIM-core.CommerciallySensitiveInformation
E9A268B8-0CD8-4119-B21B-FFF3F2ACB480,APPLICATION_METHOD_UOM,APPLICATION_METHOD_UOM,Criticality,No Critical Data,BIM-core.Criticality
E9A268B8-0CD8-4119-B21B-FFF3F2ACB480,APPLICATION_METHOD_UOM,APPLICATION_METHOD_UOM,DataCategory,Structured,BIM-core.DataCategory
E9A268B8-0CD8-4119-B21B-FFF3F2ACB480,APPLICATION_METHOD_UOM,APPLICATION_METHOD_UOM,DataConfidentiality,Internal,BIM-core.DataConfidentiality
E9A268B8-0CD8-4119-B21B-FFF3F2ACB480,APPLICATION_METHOD_UOM,APPLICATION_METHOD_UOM,EntityCategory,Master,BIM-core.EntityCategory
E9A268B8-0CD8-4119-B21B-FFF3F2ACB480,APPLICATION_METHOD_UOM,APPLICATION_METHOD_UOM,EntityPersonalData,No Personal Data,BIM-core.EntityPersonalData
E9A268B8-0CD8-4119-B21B-FFF3F2ACB480,APPLICATION_METHOD_UOM,APPLICATION_METHOD_UOM,FinancialPersonalData,No Financial Personal Data,BIM-core.FinancialPersonalData
E9A268B8-0CD8-4119-B21B-FFF3F2ACB480,APPLICATION_METHOD_UOM,APPLICATION_METHOD_UOM,SensitivePersonalData,No Sensitive Personal Data,BIM-core.SensitivePersonalData
E9A268B8-0CD8-4119-B21B-FFF3F2ACB480,APPLICATION_METHOD_UOM,APPLICATION_METHOD_UOM,MTED_EDaM_Mapping_Note,{\rtf1\ansi\ansicpg1252\deff0\nouicompat\deflang2057{\fonttbl{\f0\fnil\fcharset0 Times New Roman;}},BIM-core.MTED_EDaM_Mapping_Note
E9A268B8-0CD8-4119-B21B-FFF3F2ACB480,APPLICATION_METHOD_UOM,APPLICATION_METHOD_UOM,MappingLevel,Application Specific,BIM-core.MappingLevel
E9A268B8-0CD8-4119-B21B-FFF3F2ACB480,APPLICATION_METHOD_UOM,APPLICATION_METHOD_UOM,DesignStatus,Approved,BIM-core.DesignStatus
3839DB5B-EEBC-4A79-B96F-04DA64F6E68C,PUBLICATION,PUBLICATION,PD_ObjectID,3839DB5B-EEBC-4A79-B96F-04DA64F6E68C,
3839DB5B-EEBC-4A79-B96F-04DA64F6E68C,PUBLICATION,PUBLICATION,PD_SourceExtraction,46603045,
3839DB5B-EEBC-4A79-B96F-04DA64F6E68C,PUBLICATION,PUBLICATION,PD_SourceModel,05_Carbon_Calculator,
3839DB5B-EEBC-4A79-B96F-04DA64F6E68C,PUBLICATION,PUBLICATION,CommerciallySensitiveInformation,No Commercially Sensitive Information,BIM-core.CommerciallySensitiveInformation
3839DB5B-EEBC-4A79-B96F-04DA64F6E68C,PUBLICATION,PUBLICATION,Criticality,No Critical Data,BIM-core.Criticality
3839DB5B-EEBC-4A79-B96F-04DA64F6E68C,PUBLICATION,PUBLICATION,DataCategory,Structured,BIM-core.DataCategory
3839DB5B-EEBC-4A79-B96F-04DA64F6E68C,PUBLICATION,PUBLICATION,DataConfidentiality,Internal,BIM-core.DataConfidentiality
3839DB5B-EEBC-4A79-B96F-04DA64F6E68C,PUBLICATION,PUBLICATION,EntityCategory,Master,BIM-core.EntityCategory
3839DB5B-EEBC-4A79-B96F-04DA64F6E68C,PUBLICATION,PUBLICATION,EntityPersonalData,No Personal Data,BIM-core.EntityPersonalData
3839DB5B-EEBC-4A79-B96F-04DA64F6E68C,PUBLICATION,PUBLICATION,FinancialPersonalData,No Financial Personal Data,BIM-core.FinancialPersonalData
3839DB5B-EEBC-4A79-B96F-04DA64F6E68C,PUBLICATION,PUBLICATION,SensitivePersonalData,No Sensitive Personal Data,BIM-core.SensitivePersonalData
3839DB5B-EEBC-4A79-B96F-04DA64F6E68C,PUBLICATION,PUBLICATION,MTED_EDaM_Mapping_Note,{\rtf1\ansi\ansicpg1252\deff0\nouicompat\deflang2057{\fonttbl{\f0\fnil\fcharset0 Times New Roman;}},BIM-core.MTED_EDaM_Mapping_Note
3839DB5B-EEBC-4A79-B96F-04DA64F6E68C,PUBLICATION,PUBLICATION,MappingLevel,Application Specific,BIM-core.MappingLevel
3839DB5B-EEBC-4A79-B96F-04DA64F6E68C,PUBLICATION,PUBLICATION,DesignStatus,Approved,BIM-core.DesignStatus
BC73555A-D7A2-42BB-B593-C4A255CFE4BB,APPLICATION_METHOD_ARCHETYPE,APPLICATION_METHOD_ARCHETYPE,PD_ObjectID,BC73555A-D7A2-42BB-B593-C4A255CFE4BB,
BC73555A-D7A2-42BB-B593-C4A255CFE4BB,APPLICATION_METHOD_ARCHETYPE,APPLICATION_METHOD_ARCHETYPE,PD_SourceExtraction,46603045,
BC73555A-D7A2-42BB-B593-C4A255CFE4BB,APPLICATION_METHOD_ARCHETYPE,APPLICATION_METHOD_ARCHETYPE,PD_SourceModel,05_Carbon_Calculator,
BC73555A-D7A2-42BB-B593-C4A255CFE4BB,APPLICATION_METHOD_ARCHETYPE,APPLICATION_METHOD_ARCHETYPE,CommerciallySensitiveInformation,No Commercially Sensitive Information,BIM-core.CommerciallySensitiveInformation
BC73555A-D7A2-42BB-B593-C4A255CFE4BB,APPLICATION_METHOD_ARCHETYPE,APPLICATION_METHOD_ARCHETYPE,Criticality,No Critical Data,BIM-core.Criticality
BC73555A-D7A2-42BB-B593-C4A255CFE4BB,APPLICATION_METHOD_ARCHETYPE,APPLICATION_METHOD_ARCHETYPE,DataCategory,Structured,BIM-core.DataCategory
BC73555A-D7A2-42BB-B593-C4A255CFE4BB,APPLICATION_METHOD_ARCHETYPE,APPLICATION_METHOD_ARCHETYPE,DataConfidentiality,Internal,BIM-core.DataConfidentiality
BC73555A-D7A2-42BB-B593-C4A255CFE4BB,APPLICATION_METHOD_ARCHETYPE,APPLICATION_METHOD_ARCHETYPE,EntityCategory,Master,BIM-core.EntityCategory
BC73555A-D7A2-42BB-B593-C4A255CFE4BB,APPLICATION_METHOD_ARCHETYPE,APPLICATION_METHOD_ARCHETYPE,EntityPersonalData,No Personal Data,BIM-core.EntityPersonalData
BC73555A-D7A2-42BB-B593-C4A255CFE4BB,APPLICATION_METHOD_ARCHETYPE,APPLICATION_METHOD_ARCHETYPE,FinancialPersonalData,No Financial Personal Data,BIM-core.FinancialPersonalData
BC73555A-D7A2-42BB-B593-C4A255CFE4BB,APPLICATION_METHOD_ARCHETYPE,APPLICATION_METHOD_ARCHETYPE,SensitivePersonalData,No Sensitive Personal Data,BIM-core.SensitivePersonalData
BC73555A-D7A2-42BB-B593-C4A255CFE4BB,APPLICATION_METHOD_ARCHETYPE,APPLICATION_METHOD_ARCHETYPE,MappingLevel,BLM,BIM-core.MappingLevel
BC73555A-D7A2-42BB-B593-C4A255CFE4BB,APPLICATION_METHOD_ARCHETYPE,APPLICATION_METHOD_ARCHETYPE,MapsToEntity,APPLICATION_PERFORMANCE_ARCHETYPE,BIM-core.MapsToEntity
BC73555A-D7A2-42BB-B593-C4A255CFE4BB,APPLICATION_METHOD_ARCHETYPE,APPLICATION_METHOD_ARCHETYPE,DesignStatus,Approved,BIM-core.DesignStatus
B4297F53-8A75-446C-8927-91729CDB59B5,APPROVERS,APPROVERS,PD_ObjectID,B4297F53-8A75-446C-8927-91729CDB59B5,
B4297F53-8A75-446C-8927-91729CDB59B5,APPROVERS,APPROVERS,PD_SourceExtraction,46603045,
B4297F53-8A75-446C-8927-91729CDB59B5,APPROVERS,APPROVERS,PD_SourceModel,05_Carbon_Calculator,
B4297F53-8A75-446C-8927-91729CDB59B5,APPROVERS,APPROVERS,CommerciallySensitiveInformation,No Commercially Sensitive Information,BIM-core.CommerciallySensitiveInformation
B4297F53-8A75-446C-8927-91729CDB59B5,APPROVERS,APPROVERS,Criticality,No Critical Data,BIM-core.Criticality
B4297F53-8A75-446C-8927-91729CDB59B5,APPROVERS,APPROVERS,DataCategory,Structured,BIM-core.DataCategory
B4297F53-8A75-446C-8927-91729CDB59B5,APPROVERS,APPROVERS,DataConfidentiality,Internal,BIM-core.DataConfidentiality
B4297F53-8A75-446C-8927-91729CDB59B5,APPROVERS,APPROVERS,EntityCategory,Internal Reference,BIM-core.EntityCategory
B4297F53-8A75-446C-8927-91729CDB59B5,APPROVERS,APPROVERS,EntityPersonalData,No Personal Data,BIM-core.EntityPersonalData
B4297F53-8A75-446C-8927-91729CDB59B5,APPROVERS,APPROVERS,FinancialPersonalData,No Financial Personal Data,BIM-core.FinancialPersonalData
B4297F53-8A75-446C-8927-91729CDB59B5,APPROVERS,APPROVERS,MTED_EDaM_Mapping_Note,{\rtf1\ansi\ansicpg1252\deff0\nouicompat\deflang2057{\fonttbl{\f0\fnil\fcharset0 Times New Roman;}},BIM-core.MTED_EDaM_Mapping_Note
B4297F53-8A75-446C-8927-91729CDB59B5,APPROVERS,APPROVERS,MappingLevel,Application Specific,BIM-core.MappingLevel
B4297F53-8A75-446C-8927-91729CDB59B5,APPROVERS,APPROVERS,SensitivePersonalData,No Sensitive Personal Data,BIM-core.SensitivePersonalData
B4297F53-8A75-446C-8927-91729CDB59B5,APPROVERS,APPROVERS,DesignStatus,Approved,BIM-core.DesignStatus
C0C779A4-27FA-44DA-85C6-6B9DFA3B1B3E,APPROVER_GROUPS,APPROVER_GROUPS,PD_ObjectID,C0C779A4-27FA-44DA-85C6-6B9DFA3B1B3E,
C0C779A4-27FA-44DA-85C6-6B9DFA3B1B3E,APPROVER_GROUPS,APPROVER_GROUPS,PD_SourceExtraction,46603045,
C0C779A4-27FA-44DA-85C6-6B9DFA3B1B3E,APPROVER_GROUPS,APPROVER_GROUPS,PD_SourceModel,05_Carbon_Calculator,
C0C779A4-27FA-44DA-85C6-6B9DFA3B1B3E,APPROVER_GROUPS,APPROVER_GROUPS,CommerciallySensitiveInformation,No Commercially Sensitive Information,BIM-core.CommerciallySensitiveInformation
C0C779A4-27FA-44DA-85C6-6B9DFA3B1B3E,APPROVER_GROUPS,APPROVER_GROUPS,Criticality,No Critical Data,BIM-core.Criticality
C0C779A4-27FA-44DA-85C6-6B9DFA3B1B3E,APPROVER_GROUPS,APPROVER_GROUPS,DataCategory,Structured,BIM-core.DataCategory
C0C779A4-27FA-44DA-85C6-6B9DFA3B1B3E,APPROVER_GROUPS,APPROVER_GROUPS,DataConfidentiality,Internal,BIM-core.DataConfidentiality
C0C779A4-27FA-44DA-85C6-6B9DFA3B1B3E,APPROVER_GROUPS,APPROVER_GROUPS,EntityCategory,Internal Reference,BIM-core.EntityCategory
C0C779A4-27FA-44DA-85C6-6B9DFA3B1B3E,APPROVER_GROUPS,APPROVER_GROUPS,EntityPersonalData,No Personal Data,BIM-core.EntityPersonalData
C0C779A4-27FA-44DA-85C6-6B9DFA3B1B3E,APPROVER_GROUPS,APPROVER_GROUPS,FinancialPersonalData,No Financial Personal Data,BIM-core.FinancialPersonalData
C0C779A4-27FA-44DA-85C6-6B9DFA3B1B3E,APPROVER_GROUPS,APPROVER_GROUPS,MTED_EDaM_Mapping_Note,{\rtf1\ansi\ansicpg1252\deff0\nouicompat\deflang2057{\fonttbl{\f0\fnil\fcharset0 Times New Roman;}},BIM-core.MTED_EDaM_Mapping_Note
C0C779A4-27FA-44DA-85C6-6B9DFA3B1B3E,APPROVER_GROUPS,APPROVER_GROUPS,MappingLevel,Application Specific,BIM-core.MappingLevel
C0C779A4-27FA-44DA-85C6-6B9DFA3B1B3E,APPROVER_GROUPS,APPROVER_GROUPS,SensitivePersonalData,No Sensitive Personal Data,BIM-core.SensitivePersonalData
C0C779A4-27FA-44DA-85C6-6B9DFA3B1B3E,APPROVER_GROUPS,APPROVER_GROUPS,DesignStatus,Approved,BIM-core.DesignStatus
F2ADDFCA-55C1-4FD2-86B6-370936853505,ARCHETYPE_REGION,ARCHETYPE_REGION,PD_ObjectID,F2ADDFCA-55C1-4FD2-86B6-370936853505,
F2ADDFCA-55C1-4FD2-86B6-370936853505,ARCHETYPE_REGION,ARCHETYPE_REGION,PD_SourceExtraction,46603045,
F2ADDFCA-55C1-4FD2-86B6-370936853505,ARCHETYPE_REGION,ARCHETYPE_REGION,PD_SourceModel,05_Carbon_Calculator,
F2ADDFCA-55C1-4FD2-86B6-370936853505,ARCHETYPE_REGION,ARCHETYPE_REGION,CommerciallySensitiveInformation,No Commercially Sensitive Information,BIM-core.CommerciallySensitiveInformation
F2ADDFCA-55C1-4FD2-86B6-370936853505,ARCHETYPE_REGION,ARCHETYPE_REGION,Criticality,No Critical Data,BIM-core.Criticality
F2ADDFCA-55C1-4FD2-86B6-370936853505,ARCHETYPE_REGION,ARCHETYPE_REGION,DataCategory,Structured,BIM-core.DataCategory
F2ADDFCA-55C1-4FD2-86B6-370936853505,ARCHETYPE_REGION,ARCHETYPE_REGION,DataConfidentiality,Internal,BIM-core.DataConfidentiality
F2ADDFCA-55C1-4FD2-86B6-370936853505,ARCHETYPE_REGION,ARCHETYPE_REGION,EntityCategory,Master,BIM-core.EntityCategory
F2ADDFCA-55C1-4FD2-86B6-370936853505,ARCHETYPE_REGION,ARCHETYPE_REGION,EntityPersonalData,No Personal Data,BIM-core.EntityPersonalData
F2ADDFCA-55C1-4FD2-86B6-370936853505,ARCHETYPE_REGION,ARCHETYPE_REGION,FinancialPersonalData,No Financial Personal Data,BIM-core.FinancialPersonalData
F2ADDFCA-55C1-4FD2-86B6-370936853505,ARCHETYPE_REGION,ARCHETYPE_REGION,SensitivePersonalData,No Sensitive Personal Data,BIM-core.SensitivePersonalData
F2ADDFCA-55C1-4FD2-86B6-370936853505,ARCHETYPE_REGION,ARCHETYPE_REGION,MappingLevel,BLM,BIM-core.MappingLevel
F2ADDFCA-55C1-4FD2-86B6-370936853505,ARCHETYPE_REGION,ARCHETYPE_REGION,MapsToEntity,REGION_ARCHETYPE,BIM-core.MapsToEntity
F2ADDFCA-55C1-4FD2-86B6-370936853505,ARCHETYPE_REGION,ARCHETYPE_REGION,DesignStatus,Approved,BIM-core.DesignStatus
A6972307-A4DA-4940-B68F-EF1CDA38F338,CLIENT_PREFERENCES,CLIENT_PREFERENCES,PD_ObjectID,A6972307-A4DA-4940-B68F-EF1CDA38F338,
A6972307-A4DA-4940-B68F-EF1CDA38F338,CLIENT_PREFERENCES,CLIENT_PREFERENCES,PD_SourceExtraction,46603045,
A6972307-A4DA-4940-B68F-EF1CDA38F338,CLIENT_PREFERENCES,CLIENT_PREFERENCES,PD_SourceModel,05_Carbon_Calculator,
A6972307-A4DA-4940-B68F-EF1CDA38F338,CLIENT_PREFERENCES,CLIENT_PREFERENCES,CommerciallySensitiveInformation,No Commercially Sensitive Information,BIM-core.CommerciallySensitiveInformation
A6972307-A4DA-4940-B68F-EF1CDA38F338,CLIENT_PREFERENCES,CLIENT_PREFERENCES,Criticality,No Critical Data,BIM-core.Criticality
A6972307-A4DA-4940-B68F-EF1CDA38F338,CLIENT_PREFERENCES,CLIENT_PREFERENCES,DataCategory,Structured,BIM-core.DataCategory
A6972307-A4DA-4940-B68F-EF1CDA38F338,CLIENT_PREFERENCES,CLIENT_PREFERENCES,DataConfidentiality,Internal,BIM-core.DataConfidentiality
A6972307-A4DA-4940-B68F-EF1CDA38F338,CLIENT_PREFERENCES,CLIENT_PREFERENCES,EntityCategory,Transaction,BIM-core.EntityCategory
A6972307-A4DA-4940-B68F-EF1CDA38F338,CLIENT_PREFERENCES,CLIENT_PREFERENCES,EntityPersonalData,No Personal Data,BIM-core.EntityPersonalData
A6972307-A4DA-4940-B68F-EF1CDA38F338,CLIENT_PREFERENCES,CLIENT_PREFERENCES,FinancialPersonalData,No Financial Personal Data,BIM-core.FinancialPersonalData
A6972307-A4DA-4940-B68F-EF1CDA38F338,CLIENT_PREFERENCES,CLIENT_PREFERENCES,SensitivePersonalData,No Sensitive Personal Data,BIM-core.SensitivePersonalData
A6972307-A4DA-4940-B68F-EF1CDA38F338,CLIENT_PREFERENCES,CLIENT_PREFERENCES,MTED_EDaM_Mapping_Note,{\rtf1\ansi\ansicpg1252\deff0\nouicompat\deflang2057{\fonttbl{\f0\fnil\fcharset0 Times New Roman;}},BIM-core.MTED_EDaM_Mapping_Note
A6972307-A4DA-4940-B68F-EF1CDA38F338,CLIENT_PREFERENCES,CLIENT_PREFERENCES,MappingLevel,Application Specific,BIM-core.MappingLevel
A6972307-A4DA-4940-B68F-EF1CDA38F338,CLIENT_PREFERENCES,CLIENT_PREFERENCES,DesignStatus,Approved,BIM-core.DesignStatus
843CF939-8808-4EC2-B730-6A72DB30DB98,EFL_UI_REQUEST,EFL_UI_REQUEST,PD_ObjectID,843CF939-8808-4EC2-B730-6A72DB30DB98,
843CF939-8808-4EC2-B730-6A72DB30DB98,EFL_UI_REQUEST,EFL_UI_REQUEST,PD_SourceExtraction,46603045,
843CF939-8808-4EC2-B730-6A72DB30DB98,EFL_UI_REQUEST,EFL_UI_REQUEST,PD_SourceModel,05_Carbon_Calculator,
843CF939-8808-4EC2-B730-6A72DB30DB98,EFL_UI_REQUEST,EFL_UI_REQUEST,CommerciallySensitiveInformation,No Commercially Sensitive Information,BIM-core.CommerciallySensitiveInformation
843CF939-8808-4EC2-B730-6A72DB30DB98,EFL_UI_REQUEST,EFL_UI_REQUEST,Criticality,No Critical Data,BIM-core.Criticality
843CF939-8808-4EC2-B730-6A72DB30DB98,EFL_UI_REQUEST,EFL_UI_REQUEST,DataCategory,Structured,BIM-core.DataCategory
843CF939-8808-4EC2-B730-6A72DB30DB98,EFL_UI_REQUEST,EFL_UI_REQUEST,DataConfidentiality,Internal,BIM-core.DataConfidentiality
843CF939-8808-4EC2-B730-6A72DB30DB98,EFL_UI_REQUEST,EFL_UI_REQUEST,EntityCategory,Transaction,BIM-core.EntityCategory
843CF939-8808-4EC2-B730-6A72DB30DB98,EFL_UI_REQUEST,EFL_UI_REQUEST,EntityPersonalData,No Personal Data,BIM-core.EntityPersonalData
843CF939-8808-4EC2-B730-6A72DB30DB98,EFL_UI_REQUEST,EFL_UI_REQUEST,FinancialPersonalData,No Financial Personal Data,BIM-core.FinancialPersonalData
843CF939-8808-4EC2-B730-6A72DB30DB98,EFL_UI_REQUEST,EFL_UI_REQUEST,SensitivePersonalData,No Sensitive Personal Data,BIM-core.SensitivePersonalData
843CF939-8808-4EC2-B730-6A72DB30DB98,EFL_UI_REQUEST,EFL_UI_REQUEST,MTED_EDaM_Mapping_Note,{\rtf1\ansi\ansicpg1252\deff0\nouicompat\deflang2057{\fonttbl{\f0\fnil\fcharset0 Times New Roman;}},BIM-core.MTED_EDaM_Mapping_Note
843CF939-8808-4EC2-B730-6A72DB30DB98,EFL_UI_REQUEST,EFL_UI_REQUEST,MappingLevel,Application Specific,BIM-core.MappingLevel
843CF939-8808-4EC2-B730-6A72DB30DB98,EFL_UI_REQUEST,EFL_UI_REQUEST,DesignStatus,Approved,BIM-core.DesignStatus
3899CDF0-B59C-41DF-B66D-EEDE33B5B58D,EFL_UI_SECTION,EFL_UI_SECTION,PD_ObjectID,3899CDF0-B59C-41DF-B66D-EEDE33B5B58D,
3899CDF0-B59C-41DF-B66D-EEDE33B5B58D,EFL_UI_SECTION,EFL_UI_SECTION,PD_SourceExtraction,46603045,
3899CDF0-B59C-41DF-B66D-EEDE33B5B58D,EFL_UI_SECTION,EFL_UI_SECTION,PD_SourceModel,05_Carbon_Calculator,
3899CDF0-B59C-41DF-B66D-EEDE33B5B58D,EFL_UI_SECTION,EFL_UI_SECTION,CommerciallySensitiveInformation,No Commercially Sensitive Information,BIM-core.CommerciallySensitiveInformation
3899CDF0-B59C-41DF-B66D-EEDE33B5B58D,EFL_UI_SECTION,EFL_UI_SECTION,Criticality,No Critical Data,BIM-core.Criticality
3899CDF0-B59C-41DF-B66D-EEDE33B5B58D,EFL_UI_SECTION,EFL_UI_SECTION,DataCategory,Structured,BIM-core.DataCategory
3899CDF0-B59C-41DF-B66D-EEDE33B5B58D,EFL_UI_SECTION,EFL_UI_SECTION,DataConfidentiality,Internal,BIM-core.DataConfidentiality
3899CDF0-B59C-41DF-B66D-EEDE33B5B58D,EFL_UI_SECTION,EFL_UI_SECTION,EntityCategory,Internal Reference,BIM-core.EntityCategory
3899CDF0-B59C-41DF-B66D-EEDE33B5B58D,EFL_UI_SECTION,EFL_UI_SECTION,EntityPersonalData,No Personal Data,BIM-core.EntityPersonalData
3899CDF0-B59C-41DF-B66D-EEDE33B5B58D,EFL_UI_SECTION,EFL_UI_SECTION,FinancialPersonalData,No Financial Personal Data,BIM-core.FinancialPersonalData
3899CDF0-B59C-41DF-B66D-EEDE33B5B58D,EFL_UI_SECTION,EFL_UI_SECTION,SensitivePersonalData,No Sensitive Personal Data,BIM-core.SensitivePersonalData
3899CDF0-B59C-41DF-B66D-EEDE33B5B58D,EFL_UI_SECTION,EFL_UI_SECTION,MTED_EDaM_Mapping_Note,{\rtf1\ansi\ansicpg1252\deff0\nouicompat\deflang2057{\fonttbl{\f0\fnil\fcharset0 Times New Roman;}},BIM-core.MTED_EDaM_Mapping_Note
3899CDF0-B59C-41DF-B66D-EEDE33B5B58D,EFL_UI_SECTION,EFL_UI_SECTION,MappingLevel,Application Specific,BIM-core.MappingLevel
3899CDF0-B59C-41DF-B66D-EEDE33B5B58D,EFL_UI_SECTION,EFL_UI_SECTION,DesignStatus,Approved,BIM-core.DesignStatus
10B1975E-C1AD-4CFF-B5D9-A8CFDA519A52,EFL_UI_WORKFLOW_STATUS,EFL_UI_WORKFLOW_STATUS,PD_ObjectID,10B1975E-C1AD-4CFF-B5D9-A8CFDA519A52,
10B1975E-C1AD-4CFF-B5D9-A8CFDA519A52,EFL_UI_WORKFLOW_STATUS,EFL_UI_WORKFLOW_STATUS,PD_SourceExtraction,46603045,
10B1975E-C1AD-4CFF-B5D9-A8CFDA519A52,EFL_UI_WORKFLOW_STATUS,EFL_UI_WORKFLOW_STATUS,PD_SourceModel,05_Carbon_Calculator,
10B1975E-C1AD-4CFF-B5D9-A8CFDA519A52,EFL_UI_WORKFLOW_STATUS,EFL_UI_WORKFLOW_STATUS,CommerciallySensitiveInformation,No Commercially Sensitive Information,BIM-core.CommerciallySensitiveInformation
10B1975E-C1AD-4CFF-B5D9-A8CFDA519A52,EFL_UI_WORKFLOW_STATUS,EFL_UI_WORKFLOW_STATUS,Criticality,No Critical Data,BIM-core.Criticality
10B1975E-C1AD-4CFF-B5D9-A8CFDA519A52,EFL_UI_WORKFLOW_STATUS,EFL_UI_WORKFLOW_STATUS,DataCategory,Structured,BIM-core.DataCategory
10B1975E-C1AD-4CFF-B5D9-A8CFDA519A52,EFL_UI_WORKFLOW_STATUS,EFL_UI_WORKFLOW_STATUS,DataConfidentiality,Internal,BIM-core.DataConfidentiality
10B1975E-C1AD-4CFF-B5D9-A8CFDA519A52,EFL_UI_WORKFLOW_STATUS,EFL_UI_WORKFLOW_STATUS,EntityCategory,Internal Reference,BIM-core.EntityCategory
10B1975E-C1AD-4CFF-B5D9-A8CFDA519A52,EFL_UI_WORKFLOW_STATUS,EFL_UI_WORKFLOW_STATUS,EntityPersonalData,No Personal Data,BIM-core.EntityPersonalData
10B1975E-C1AD-4CFF-B5D9-A8CFDA519A52,EFL_UI_WORKFLOW_STATUS,EFL_UI_WORKFLOW_STATUS,FinancialPersonalData,No Financial Personal Data,BIM-core.FinancialPersonalData
10B1975E-C1AD-4CFF-B5D9-A8CFDA519A52,EFL_UI_WORKFLOW_STATUS,EFL_UI_WORKFLOW_STATUS,SensitivePersonalData,No Sensitive Personal Data,BIM-core.SensitivePersonalData
10B1975E-C1AD-4CFF-B5D9-A8CFDA519A52,EFL_UI_WORKFLOW_STATUS,EFL_UI_WORKFLOW_STATUS,MTED_EDaM_Mapping_Note,{\rtf1\ansi\ansicpg1252\deff0\nouicompat\deflang2057{\fonttbl{\f0\fnil\fcharset0 Times New Roman;}},BIM-core.MTED_EDaM_Mapping_Note
10B1975E-C1AD-4CFF-B5D9-A8CFDA519A52,EFL_UI_WORKFLOW_STATUS,EFL_UI_WORKFLOW_STATUS,MappingLevel,Application Specific,BIM-core.MappingLevel
10B1975E-C1AD-4CFF-B5D9-A8CFDA519A52,EFL_UI_WORKFLOW_STATUS,EFL_UI_WORKFLOW_STATUS,DesignStatus,Approved,BIM-core.DesignStatus
E0BD2AD4-8123-46B2-9470-E30A412E1B62,FACTOR_GROUP,FACTOR_GROUP,PD_ObjectID,E0BD2AD4-8123-46B2-9470-E30A412E1B62,
E0BD2AD4-8123-46B2-9470-E30A412E1B62,FACTOR_GROUP,FACTOR_GROUP,PD_SourceExtraction,46603045,
E0BD2AD4-8123-46B2-9470-E30A412E1B62,FACTOR_GROUP,FACTOR_GROUP,PD_SourceModel,05_Carbon_Calculator,
E0BD2AD4-8123-46B2-9470-E30A412E1B62,FACTOR_GROUP,FACTOR_GROUP,CommerciallySensitiveInformation,No Commercially Sensitive Information,BIM-core.CommerciallySensitiveInformation
E0BD2AD4-8123-46B2-9470-E30A412E1B62,FACTOR_GROUP,FACTOR_GROUP,Criticality,No Critical Data,BIM-core.Criticality
E0BD2AD4-8123-46B2-9470-E30A412E1B62,FACTOR_GROUP,FACTOR_GROUP,DataCategory,Structured,BIM-core.DataCategory
E0BD2AD4-8123-46B2-9470-E30A412E1B62,FACTOR_GROUP,FACTOR_GROUP,DataConfidentiality,Internal,BIM-core.DataConfidentiality
E0BD2AD4-8123-46B2-9470-E30A412E1B62,FACTOR_GROUP,FACTOR_GROUP,EntityCategory,Master,BIM-core.EntityCategory
E0BD2AD4-8123-46B2-9470-E30A412E1B62,FACTOR_GROUP,FACTOR_GROUP,EntityPersonalData,No Personal Data,BIM-core.EntityPersonalData
E0BD2AD4-8123-46B2-9470-E30A412E1B62,FACTOR_GROUP,FACTOR_GROUP,FinancialPersonalData,No Financial Personal Data,BIM-core.FinancialPersonalData
E0BD2AD4-8123-46B2-9470-E30A412E1B62,FACTOR_GROUP,FACTOR_GROUP,SensitivePersonalData,No Sensitive Personal Data,BIM-core.SensitivePersonalData
E0BD2AD4-8123-46B2-9470-E30A412E1B62,FACTOR_GROUP,FACTOR_GROUP,MTED_EDaM_Mapping_Note,{\rtf1\ansi\ansicpg1252\deff0\nouicompat\deflang2057{\fonttbl{\f0\fnil\fcharset0 Times New Roman;}},BIM-core.MTED_EDaM_Mapping_Note
E0BD2AD4-8123-46B2-9470-E30A412E1B62,FACTOR_GROUP,FACTOR_GROUP,MappingLevel,Application Specific,BIM-core.MappingLevel
E0BD2AD4-8123-46B2-9470-E30A412E1B62,FACTOR_GROUP,FACTOR_GROUP,DesignStatus,Approved,BIM-core.DesignStatus
68809599-5BE5-4175-AC1B-510DDE5D9231,FUEL_CONSUMPTION,FUEL_CONSUMPTION,PD_ObjectID,68809599-5BE5-4175-AC1B-510DDE5D9231,
68809599-5BE5-4175-AC1B-510DDE5D9231,FUEL_CONSUMPTION,FUEL_CONSUMPTION,PD_SourceExtraction,46603045,
68809599-5BE5-4175-AC1B-510DDE5D9231,FUEL_CONSUMPTION,FUEL_CONSUMPTION,PD_SourceModel,05_Carbon_Calculator,
68809599-5BE5-4175-AC1B-510DDE5D9231,FUEL_CONSUMPTION,FUEL_CONSUMPTION,CommerciallySensitiveInformation,No Commercially Sensitive Information,BIM-core.CommerciallySensitiveInformation
68809599-5BE5-4175-AC1B-510DDE5D9231,FUEL_CONSUMPTION,FUEL_CONSUMPTION,Criticality,No Critical Data,BIM-core.Criticality
68809599-5BE5-4175-AC1B-510DDE5D9231,FUEL_CONSUMPTION,FUEL_CONSUMPTION,DataCategory,Structured,BIM-core.DataCategory
68809599-5BE5-4175-AC1B-510DDE5D9231,FUEL_CONSUMPTION,FUEL_CONSUMPTION,DataConfidentiality,Internal,BIM-core.DataConfidentiality
68809599-5BE5-4175-AC1B-510DDE5D9231,FUEL_CONSUMPTION,FUEL_CONSUMPTION,EntityCategory,Master,BIM-core.EntityCategory
68809599-5BE5-4175-AC1B-510DDE5D9231,FUEL_CONSUMPTION,FUEL_CONSUMPTION,EntityPersonalData,No Personal Data,BIM-core.EntityPersonalData
68809599-5BE5-4175-AC1B-510DDE5D9231,FUEL_CONSUMPTION,FUEL_CONSUMPTION,FinancialPersonalData,No Financial Personal Data,BIM-core.FinancialPersonalData
68809599-5BE5-4175-AC1B-510DDE5D9231,FUEL_CONSUMPTION,FUEL_CONSUMPTION,SensitivePersonalData,No Sensitive Personal Data,BIM-core.SensitivePersonalData
68809599-5BE5-4175-AC1B-510DDE5D9231,FUEL_CONSUMPTION,FUEL_CONSUMPTION,MappingLevel,BLM,BIM-core.MappingLevel
68809599-5BE5-4175-AC1B-510DDE5D9231,FUEL_CONSUMPTION,FUEL_CONSUMPTION,MapsToEntity,APPLICATION_EQUIPMENT_PERFORMANCE,BIM-core.MapsToEntity
68809599-5BE5-4175-AC1B-510DDE5D9231,FUEL_CONSUMPTION,FUEL_CONSUMPTION,DesignStatus,Approved,BIM-core.DesignStatus
47EDAB0C-5B08-4AF2-9EF3-C3DCB3F98B81,FUEL_CONSUMPTION_ARCHETYPE,FUEL_CONSUMPTION_ARCHETYPE,PD_ObjectID,47EDAB0C-5B08-4AF2-9EF3-C3DCB3F98B81,
47EDAB0C-5B08-4AF2-9EF3-C3DCB3F98B81,FUEL_CONSUMPTION_ARCHETYPE,FUEL_CONSUMPTION_ARCHETYPE,PD_SourceExtraction,46603045,
47EDAB0C-5B08-4AF2-9EF3-C3DCB3F98B81,FUEL_CONSUMPTION_ARCHETYPE,FUEL_CONSUMPTION_ARCHETYPE,PD_SourceModel,05_Carbon_Calculator,
47EDAB0C-5B08-4AF2-9EF3-C3DCB3F98B81,FUEL_CONSUMPTION_ARCHETYPE,FUEL_CONSUMPTION_ARCHETYPE,CommerciallySensitiveInformation,No Commercially Sensitive Information,BIM-core.CommerciallySensitiveInformation
47EDAB0C-5B08-4AF2-9EF3-C3DCB3F98B81,FUEL_CONSUMPTION_ARCHETYPE,FUEL_CONSUMPTION_ARCHETYPE,Criticality,No Critical Data,BIM-core.Criticality
47EDAB0C-5B08-4AF2-9EF3-C3DCB3F98B81,FUEL_CONSUMPTION_ARCHETYPE,FUEL_CONSUMPTION_ARCHETYPE,DataCategory,Structured,BIM-core.DataCategory
47EDAB0C-5B08-4AF2-9EF3-C3DCB3F98B81,FUEL_CONSUMPTION_ARCHETYPE,FUEL_CONSUMPTION_ARCHETYPE,DataConfidentiality,Internal,BIM-core.DataConfidentiality
47EDAB0C-5B08-4AF2-9EF3-C3DCB3F98B81,FUEL_CONSUMPTION_ARCHETYPE,FUEL_CONSUMPTION_ARCHETYPE,EntityCategory,Master,BIM-core.EntityCategory
47EDAB0C-5B08-4AF2-9EF3-C3DCB3F98B81,FUEL_CONSUMPTION_ARCHETYPE,FUEL_CONSUMPTION_ARCHETYPE,EntityPersonalData,No Personal Data,BIM-core.EntityPersonalData
47EDAB0C-5B08-4AF2-9EF3-C3DCB3F98B81,FUEL_CONSUMPTION_ARCHETYPE,FUEL_CONSUMPTION_ARCHETYPE,FinancialPersonalData,No Financial Personal Data,BIM-core.FinancialPersonalData
47EDAB0C-5B08-4AF2-9EF3-C3DCB3F98B81,FUEL_CONSUMPTION_ARCHETYPE,FUEL_CONSUMPTION_ARCHETYPE,SensitivePersonalData,No Sensitive Personal Data,BIM-core.SensitivePersonalData
47EDAB0C-5B08-4AF2-9EF3-C3DCB3F98B81,FUEL_CONSUMPTION_ARCHETYPE,FUEL_CONSUMPTION_ARCHETYPE,MappingLevel,BLM,BIM-core.MappingLevel
47EDAB0C-5B08-4AF2-9EF3-C3DCB3F98B81,FUEL_CONSUMPTION_ARCHETYPE,FUEL_CONSUMPTION_ARCHETYPE,MapsToEntity,APPLICATION_PERFORMANCE_ARCHETYPE,BIM-core.MapsToEntity
47EDAB0C-5B08-4AF2-9EF3-C3DCB3F98B81,FUEL_CONSUMPTION_ARCHETYPE,FUEL_CONSUMPTION_ARCHETYPE,DesignStatus,Approved,BIM-core.DesignStatus
22BC8FC1-8BAA-4E43-97DF-C96FE9524E44,FUEL_CONSUMPTION_VALUE,FUEL_CONSUMPTION_VALUE,PD_ObjectID,22BC8FC1-8BAA-4E43-97DF-C96FE9524E44,
22BC8FC1-8BAA-4E43-97DF-C96FE9524E44,FUEL_CONSUMPTION_VALUE,FUEL_CONSUMPTION_VALUE,PD_SourceExtraction,46603045,
22BC8FC1-8BAA-4E43-97DF-C96FE9524E44,FUEL_CONSUMPTION_VALUE,FUEL_CONSUMPTION_VALUE,PD_SourceModel,05_Carbon_Calculator,
22BC8FC1-8BAA-4E43-97DF-C96FE9524E44,FUEL_CONSUMPTION_VALUE,FUEL_CONSUMPTION_VALUE,CommerciallySensitiveInformation,No Commercially Sensitive Information,BIM-core.CommerciallySensitiveInformation
22BC8FC1-8BAA-4E43-97DF-C96FE9524E44,FUEL_CONSUMPTION_VALUE,FUEL_CONSUMPTION_VALUE,Criticality,No Critical Data,BIM-core.Criticality
22BC8FC1-8BAA-4E43-97DF-C96FE9524E44,FUEL_CONSUMPTION_VALUE,FUEL_CONSUMPTION_VALUE,DataCategory,Structured,BIM-core.DataCategory
22BC8FC1-8BAA-4E43-97DF-C96FE9524E44,FUEL_CONSUMPTION_VALUE,FUEL_CONSUMPTION_VALUE,DataConfidentiality,Internal,BIM-core.DataConfidentiality
22BC8FC1-8BAA-4E43-97DF-C96FE9524E44,FUEL_CONSUMPTION_VALUE,FUEL_CONSUMPTION_VALUE,EntityCategory,Master,BIM-core.EntityCategory
22BC8FC1-8BAA-4E43-97DF-C96FE9524E44,FUEL_CONSUMPTION_VALUE,FUEL_CONSUMPTION_VALUE,EntityPersonalData,No Personal Data,BIM-core.EntityPersonalData
22BC8FC1-8BAA-4E43-97DF-C96FE9524E44,FUEL_CONSUMPTION_VALUE,FUEL_CONSUMPTION_VALUE,FinancialPersonalData,No Financial Personal Data,BIM-core.FinancialPersonalData
22BC8FC1-8BAA-4E43-97DF-C96FE9524E44,FUEL_CONSUMPTION_VALUE,FUEL_CONSUMPTION_VALUE,SensitivePersonalData,No Sensitive Personal Data,BIM-core.SensitivePersonalData
22BC8FC1-8BAA-4E43-97DF-C96FE9524E44,FUEL_CONSUMPTION_VALUE,FUEL_CONSUMPTION_VALUE,MappingLevel,BLM,BIM-core.MappingLevel
22BC8FC1-8BAA-4E43-97DF-C96FE9524E44,FUEL_CONSUMPTION_VALUE,FUEL_CONSUMPTION_VALUE,MapsToEntity,APPLICATION_EQUIPMENT_PERFORMANCE,BIM-core.MapsToEntity
22BC8FC1-8BAA-4E43-97DF-C96FE9524E44,FUEL_CONSUMPTION_VALUE,FUEL_CONSUMPTION_VALUE,DesignStatus,Approved,BIM-core.DesignStatus
18C9D8A8-09C7-4637-AB87-606B7B0DB8E9,INTENDED_USE,INTENDED_USE,PD_ObjectID,18C9D8A8-09C7-4637-AB87-606B7B0DB8E9,
18C9D8A8-09C7-4637-AB87-606B7B0DB8E9,INTENDED_USE,INTENDED_USE,PD_SourceExtraction,46603045,
18C9D8A8-09C7-4637-AB87-606B7B0DB8E9,INTENDED_USE,INTENDED_USE,PD_SourceModel,05_Carbon_Calculator,
18C9D8A8-09C7-4637-AB87-606B7B0DB8E9,INTENDED_USE,INTENDED_USE,CommerciallySensitiveInformation,No Commercially Sensitive Information,BIM-core.CommerciallySensitiveInformation
18C9D8A8-09C7-4637-AB87-606B7B0DB8E9,INTENDED_USE,INTENDED_USE,Criticality,No Critical Data,BIM-core.Criticality
18C9D8A8-09C7-4637-AB87-606B7B0DB8E9,INTENDED_USE,INTENDED_USE,DataCategory,Structured,BIM-core.DataCategory
18C9D8A8-09C7-4637-AB87-606B7B0DB8E9,INTENDED_USE,INTENDED_USE,DataConfidentiality,Internal,BIM-core.DataConfidentiality
18C9D8A8-09C7-4637-AB87-606B7B0DB8E9,INTENDED_USE,INTENDED_USE,EntityCategory,Master,BIM-core.EntityCategory
18C9D8A8-09C7-4637-AB87-606B7B0DB8E9,INTENDED_USE,INTENDED_USE,EntityPersonalData,No Personal Data,BIM-core.EntityPersonalData
18C9D8A8-09C7-4637-AB87-606B7B0DB8E9,INTENDED_USE,INTENDED_USE,FinancialPersonalData,No Financial Personal Data,BIM-core.FinancialPersonalData
18C9D8A8-09C7-4637-AB87-606B7B0DB8E9,INTENDED_USE,INTENDED_USE,SensitivePersonalData,No Sensitive Personal Data,BIM-core.SensitivePersonalData
18C9D8A8-09C7-4637-AB87-606B7B0DB8E9,INTENDED_USE,INTENDED_USE,MTED_EDaM_Mapping_Note,{\rtf1\ansi\ansicpg1252\deff0\nouicompat\deflang2057{\fonttbl{\f0\fnil\fcharset0 Times New Roman;}},BIM-core.MTED_EDaM_Mapping_Note
18C9D8A8-09C7-4637-AB87-606B7B0DB8E9,INTENDED_USE,INTENDED_USE,MappingLevel,Application Specific,BIM-core.MappingLevel
18C9D8A8-09C7-4637-AB87-606B7B0DB8E9,INTENDED_USE,INTENDED_USE,DesignStatus,Approved,BIM-core.DesignStatus
91B2CFCD-ED1B-449B-8759-CF599D8EBF3A,INTENDED_USE_CATEGORY,INTENDED_USE_CATEGORY,PD_ObjectID,91B2CFCD-ED1B-449B-8759-CF599D8EBF3A,
91B2CFCD-ED1B-449B-8759-CF599D8EBF3A,INTENDED_USE_CATEGORY,INTENDED_USE_CATEGORY,PD_SourceExtraction,46603045,
91B2CFCD-ED1B-449B-8759-CF599D8EBF3A,INTENDED_USE_CATEGORY,INTENDED_USE_CATEGORY,PD_SourceModel,05_Carbon_Calculator,
91B2CFCD-ED1B-449B-8759-CF599D8EBF3A,INTENDED_USE_CATEGORY,INTENDED_USE_CATEGORY,CommerciallySensitiveInformation,No Commercially Sensitive Information,BIM-core.CommerciallySensitiveInformation
91B2CFCD-ED1B-449B-8759-CF599D8EBF3A,INTENDED_USE_CATEGORY,INTENDED_USE_CATEGORY,Criticality,No Critical Data,BIM-core.Criticality
91B2CFCD-ED1B-449B-8759-CF599D8EBF3A,INTENDED_USE_CATEGORY,INTENDED_USE_CATEGORY,DataCategory,Structured,BIM-core.DataCategory
91B2CFCD-ED1B-449B-8759-CF599D8EBF3A,INTENDED_USE_CATEGORY,INTENDED_USE_CATEGORY,DataConfidentiality,Internal,BIM-core.DataConfidentiality
91B2CFCD-ED1B-449B-8759-CF599D8EBF3A,INTENDED_USE_CATEGORY,INTENDED_USE_CATEGORY,EntityCategory,Master,BIM-core.EntityCategory
91B2CFCD-ED1B-449B-8759-CF599D8EBF3A,INTENDED_USE_CATEGORY,INTENDED_USE_CATEGORY,EntityPersonalData,No Personal Data,BIM-core.EntityPersonalData
91B2CFCD-ED1B-449B-8759-CF599D8EBF3A,INTENDED_USE_CATEGORY,INTENDED_USE_CATEGORY,FinancialPersonalData,No Financial Personal Data,BIM-core.FinancialPersonalData
91B2CFCD-ED1B-449B-8759-CF599D8EBF3A,INTENDED_USE_CATEGORY,INTENDED_USE_CATEGORY,SensitivePersonalData,No Sensitive Personal Data,BIM-core.SensitivePersonalData
91B2CFCD-ED1B-449B-8759-CF599D8EBF3A,INTENDED_USE_CATEGORY,INTENDED_USE_CATEGORY,MTED_EDaM_Mapping_Note,{\rtf1\ansi\ansicpg1252\deff0\nouicompat\deflang2057{\fonttbl{\f0\fnil\fcharset0 Times New Roman;}},BIM-core.MTED_EDaM_Mapping_Note
91B2CFCD-ED1B-449B-8759-CF599D8EBF3A,INTENDED_USE_CATEGORY,INTENDED_USE_CATEGORY,MappingLevel,Application Specific,BIM-core.MappingLevel
91B2CFCD-ED1B-449B-8759-CF599D8EBF3A,INTENDED_USE_CATEGORY,INTENDED_USE_CATEGORY,DesignStatus,Approved,BIM-core.DesignStatus
104D5916-89B1-44F4-8BBF-84806D40B022,NCI_CLIENT_PRODUCT,NCI_CLIENT_PRODUCT,PD_ObjectID,104D5916-89B1-44F4-8BBF-84806D40B022,
104D5916-89B1-44F4-8BBF-84806D40B022,NCI_CLIENT_PRODUCT,NCI_CLIENT_PRODUCT,PD_SourceExtraction,46603045,
104D5916-89B1-44F4-8BBF-84806D40B022,NCI_CLIENT_PRODUCT,NCI_CLIENT_PRODUCT,PD_SourceModel,05_Carbon_Calculator,
104D5916-89B1-44F4-8BBF-84806D40B022,NCI_CLIENT_PRODUCT,NCI_CLIENT_PRODUCT,CommerciallySensitiveInformation,No Commercially Sensitive Information,BIM-core.CommerciallySensitiveInformation
104D5916-89B1-44F4-8BBF-84806D40B022,NCI_CLIENT_PRODUCT,NCI_CLIENT_PRODUCT,Criticality,No Critical Data,BIM-core.Criticality
104D5916-89B1-44F4-8BBF-84806D40B022,NCI_CLIENT_PRODUCT,NCI_CLIENT_PRODUCT,DataCategory,Structured,BIM-core.DataCategory
104D5916-89B1-44F4-8BBF-84806D40B022,NCI_CLIENT_PRODUCT,NCI_CLIENT_PRODUCT,DataConfidentiality,Internal,BIM-core.DataConfidentiality
104D5916-89B1-44F4-8BBF-84806D40B022,NCI_CLIENT_PRODUCT,NCI_CLIENT_PRODUCT,EntityCategory,Transaction,BIM-core.EntityCategory
104D5916-89B1-44F4-8BBF-84806D40B022,NCI_CLIENT_PRODUCT,NCI_CLIENT_PRODUCT,EntityPersonalData,No Personal Data,BIM-core.EntityPersonalData
104D5916-89B1-44F4-8BBF-84806D40B022,NCI_CLIENT_PRODUCT,NCI_CLIENT_PRODUCT,FinancialPersonalData,No Financial Personal Data,BIM-core.FinancialPersonalData
104D5916-89B1-44F4-8BBF-84806D40B022,NCI_CLIENT_PRODUCT,NCI_CLIENT_PRODUCT,SensitivePersonalData,No Sensitive Personal Data,BIM-core.SensitivePersonalData
104D5916-89B1-44F4-8BBF-84806D40B022,NCI_CLIENT_PRODUCT,NCI_CLIENT_PRODUCT,MTED_EDaM_Mapping_Note,{\rtf1\ansi\ansicpg1252\deff0\nouicompat\deflang2057{\fonttbl{\f0\fnil\fcharset0 Times New Roman;}},BIM-core.MTED_EDaM_Mapping_Note
104D5916-89B1-44F4-8BBF-84806D40B022,NCI_CLIENT_PRODUCT,NCI_CLIENT_PRODUCT,MappingLevel,Application Specific,BIM-core.MappingLevel
104D5916-89B1-44F4-8BBF-84806D40B022,NCI_CLIENT_PRODUCT,NCI_CLIENT_PRODUCT,DesignStatus,Approved,BIM-core.DesignStatus
C5622F66-7EF1-471D-989F-D4147851A4DA,NCI_CLIENT_PRODUCT_UOM,NCI_CLIENT_PRODUCT_UOM,PD_ObjectID,C5622F66-7EF1-471D-989F-D4147851A4DA,
C5622F66-7EF1-471D-989F-D4147851A4DA,NCI_CLIENT_PRODUCT_UOM,NCI_CLIENT_PRODUCT_UOM,PD_SourceExtraction,46603045,
C5622F66-7EF1-471D-989F-D4147851A4DA,NCI_CLIENT_PRODUCT_UOM,NCI_CLIENT_PRODUCT_UOM,PD_SourceModel,05_Carbon_Calculator,
C5622F66-7EF1-471D-989F-D4147851A4DA,NCI_CLIENT_PRODUCT_UOM,NCI_CLIENT_PRODUCT_UOM,CommerciallySensitiveInformation,No Commercially Sensitive Information,BIM-core.CommerciallySensitiveInformation
C5622F66-7EF1-471D-989F-D4147851A4DA,NCI_CLIENT_PRODUCT_UOM,NCI_CLIENT_PRODUCT_UOM,Criticality,No Critical Data,BIM-core.Criticality
C5622F66-7EF1-471D-989F-D4147851A4DA,NCI_CLIENT_PRODUCT_UOM,NCI_CLIENT_PRODUCT_UOM,DataCategory,Structured,BIM-core.DataCategory
C5622F66-7EF1-471D-989F-D4147851A4DA,NCI_CLIENT_PRODUCT_UOM,NCI_CLIENT_PRODUCT_UOM,DataConfidentiality,Internal,BIM-core.DataConfidentiality
C5622F66-7EF1-471D-989F-D4147851A4DA,NCI_CLIENT_PRODUCT_UOM,NCI_CLIENT_PRODUCT_UOM,EntityCategory,Transaction,BIM-core.EntityCategory
C5622F66-7EF1-471D-989F-D4147851A4DA,NCI_CLIENT_PRODUCT_UOM,NCI_CLIENT_PRODUCT_UOM,EntityPersonalData,No Personal Data,BIM-core.EntityPersonalData
C5622F66-7EF1-471D-989F-D4147851A4DA,NCI_CLIENT_PRODUCT_UOM,NCI_CLIENT_PRODUCT_UOM,FinancialPersonalData,No Financial Personal Data,BIM-core.FinancialPersonalData
C5622F66-7EF1-471D-989F-D4147851A4DA,NCI_CLIENT_PRODUCT_UOM,NCI_CLIENT_PRODUCT_UOM,SensitivePersonalData,No Sensitive Personal Data,BIM-core.SensitivePersonalData
C5622F66-7EF1-471D-989F-D4147851A4DA,NCI_CLIENT_PRODUCT_UOM,NCI_CLIENT_PRODUCT_UOM,MTED_EDaM_Mapping_Note,{\rtf1\ansi\ansicpg1252\deff0\nouicompat\deflang2057{\fonttbl{\f0\fnil\fcharset0 Times New Roman;}},BIM-core.MTED_EDaM_Mapping_Note
C5622F66-7EF1-471D-989F-D4147851A4DA,NCI_CLIENT_PRODUCT_UOM,NCI_CLIENT_PRODUCT_UOM,MappingLevel,Application Specific,BIM-core.MappingLevel
C5622F66-7EF1-471D-989F-D4147851A4DA,NCI_CLIENT_PRODUCT_UOM,NCI_CLIENT_PRODUCT_UOM,DesignStatus,Approved,BIM-core.DesignStatus
5529A9F4-89EF-4A3E-940F-2DDE4BDDD183,NCI_DATA_MAPPING,NCI_DATA_MAPPING,PD_ObjectID,5529A9F4-89EF-4A3E-940F-2DDE4BDDD183,
5529A9F4-89EF-4A3E-940F-2DDE4BDDD183,NCI_DATA_MAPPING,NCI_DATA_MAPPING,PD_SourceExtraction,46603045,
5529A9F4-89EF-4A3E-940F-2DDE4BDDD183,NCI_DATA_MAPPING,NCI_DATA_MAPPING,PD_SourceModel,05_Carbon_Calculator,
5529A9F4-89EF-4A3E-940F-2DDE4BDDD183,NCI_DATA_MAPPING,NCI_DATA_MAPPING,CommerciallySensitiveInformation,No Commercially Sensitive Information,BIM-core.CommerciallySensitiveInformation
5529A9F4-89EF-4A3E-940F-2DDE4BDDD183,NCI_DATA_MAPPING,NCI_DATA_MAPPING,Criticality,No Critical Data,BIM-core.Criticality
5529A9F4-89EF-4A3E-940F-2DDE4BDDD183,NCI_DATA_MAPPING,NCI_DATA_MAPPING,DataCategory,Structured,BIM-core.DataCategory
5529A9F4-89EF-4A3E-940F-2DDE4BDDD183,NCI_DATA_MAPPING,NCI_DATA_MAPPING,DataConfidentiality,Internal,BIM-core.DataConfidentiality
5529A9F4-89EF-4A3E-940F-2DDE4BDDD183,NCI_DATA_MAPPING,NCI_DATA_MAPPING,EntityCategory,Internal Reference,BIM-core.EntityCategory
5529A9F4-89EF-4A3E-940F-2DDE4BDDD183,NCI_DATA_MAPPING,NCI_DATA_MAPPING,EntityPersonalData,No Personal Data,BIM-core.EntityPersonalData
5529A9F4-89EF-4A3E-940F-2DDE4BDDD183,NCI_DATA_MAPPING,NCI_DATA_MAPPING,FinancialPersonalData,No Financial Personal Data,BIM-core.FinancialPersonalData
5529A9F4-89EF-4A3E-940F-2DDE4BDDD183,NCI_DATA_MAPPING,NCI_DATA_MAPPING,SensitivePersonalData,No Sensitive Personal Data,BIM-core.SensitivePersonalData
5529A9F4-89EF-4A3E-940F-2DDE4BDDD183,NCI_DATA_MAPPING,NCI_DATA_MAPPING,MTED_EDaM_Mapping_Note,{\rtf1\ansi\ansicpg1252\deff0\nouicompat\deflang2057{\fonttbl{\f0\fnil\fcharset0 Times New Roman;}},BIM-core.MTED_EDaM_Mapping_Note
5529A9F4-89EF-4A3E-940F-2DDE4BDDD183,NCI_DATA_MAPPING,NCI_DATA_MAPPING,MappingLevel,Application Specific,BIM-core.MappingLevel
5529A9F4-89EF-4A3E-940F-2DDE4BDDD183,NCI_DATA_MAPPING,NCI_DATA_MAPPING,DesignStatus,Approved,BIM-core.DesignStatus
98D05D63-B6CA-4F6D-83E4-372F5EAE467A,NCI_DATA_UPLOAD_VERSION,NCI_DATA_UPLOAD_VERSION,PD_ObjectID,98D05D63-B6CA-4F6D-83E4-372F5EAE467A,
98D05D63-B6CA-4F6D-83E4-372F5EAE467A,NCI_DATA_UPLOAD_VERSION,NCI_DATA_UPLOAD_VERSION,PD_SourceExtraction,46603045,
98D05D63-B6CA-4F6D-83E4-372F5EAE467A,NCI_DATA_UPLOAD_VERSION,NCI_DATA_UPLOAD_VERSION,PD_SourceModel,05_Carbon_Calculator,
98D05D63-B6CA-4F6D-83E4-372F5EAE467A,NCI_DATA_UPLOAD_VERSION,NCI_DATA_UPLOAD_VERSION,CommerciallySensitiveInformation,No Commercially Sensitive Information,BIM-core.CommerciallySensitiveInformation
98D05D63-B6CA-4F6D-83E4-372F5EAE467A,NCI_DATA_UPLOAD_VERSION,NCI_DATA_UPLOAD_VERSION,Criticality,No Critical Data,BIM-core.Criticality
98D05D63-B6CA-4F6D-83E4-372F5EAE467A,NCI_DATA_UPLOAD_VERSION,NCI_DATA_UPLOAD_VERSION,DataCategory,Structured,BIM-core.DataCategory
98D05D63-B6CA-4F6D-83E4-372F5EAE467A,NCI_DATA_UPLOAD_VERSION,NCI_DATA_UPLOAD_VERSION,DataConfidentiality,Internal,BIM-core.DataConfidentiality
98D05D63-B6CA-4F6D-83E4-372F5EAE467A,NCI_DATA_UPLOAD_VERSION,NCI_DATA_UPLOAD_VERSION,EntityCategory,Master,BIM-core.EntityCategory
98D05D63-B6CA-4F6D-83E4-372F5EAE467A,NCI_DATA_UPLOAD_VERSION,NCI_DATA_UPLOAD_VERSION,EntityPersonalData,No Personal Data,BIM-core.EntityPersonalData
98D05D63-B6CA-4F6D-83E4-372F5EAE467A,NCI_DATA_UPLOAD_VERSION,NCI_DATA_UPLOAD_VERSION,FinancialPersonalData,No Financial Personal Data,BIM-core.FinancialPersonalData
98D05D63-B6CA-4F6D-83E4-372F5EAE467A,NCI_DATA_UPLOAD_VERSION,NCI_DATA_UPLOAD_VERSION,SensitivePersonalData,No Sensitive Personal Data,BIM-core.SensitivePersonalData
98D05D63-B6CA-4F6D-83E4-372F5EAE467A,NCI_DATA_UPLOAD_VERSION,NCI_DATA_UPLOAD_VERSION,MTED_EDaM_Mapping_Note,{\rtf1\ansi\ansicpg1252\deff0\nouicompat\deflang2057{\fonttbl{\f0\fnil\fcharset0 Times New Roman;}},BIM-core.MTED_EDaM_Mapping_Note
98D05D63-B6CA-4F6D-83E4-372F5EAE467A,NCI_DATA_UPLOAD_VERSION,NCI_DATA_UPLOAD_VERSION,MappingLevel,Application Specific,BIM-core.MappingLevel
98D05D63-B6CA-4F6D-83E4-372F5EAE467A,NCI_DATA_UPLOAD_VERSION,NCI_DATA_UPLOAD_VERSION,DesignStatus,Approved,BIM-core.DesignStatus
992E0554-0A1E-45D1-BA77-275EB9F7B474,NCI_PRODUCT_PROPERTY_PVS,NCI_PRODUCT_PROPERTY_PVS,PD_ObjectID,992E0554-0A1E-45D1-BA77-275EB9F7B474,
992E0554-0A1E-45D1-BA77-275EB9F7B474,NCI_PRODUCT_PROPERTY_PVS,NCI_PRODUCT_PROPERTY_PVS,PD_SourceExtraction,46603045,
992E0554-0A1E-45D1-BA77-275EB9F7B474,NCI_PRODUCT_PROPERTY_PVS,NCI_PRODUCT_PROPERTY_PVS,PD_SourceModel,05_Carbon_Calculator,
992E0554-0A1E-45D1-BA77-275EB9F7B474,NCI_PRODUCT_PROPERTY_PVS,NCI_PRODUCT_PROPERTY_PVS,CommerciallySensitiveInformation,No Commercially Sensitive Information,BIM-core.CommerciallySensitiveInformation
992E0554-0A1E-45D1-BA77-275EB9F7B474,NCI_PRODUCT_PROPERTY_PVS,NCI_PRODUCT_PROPERTY_PVS,Criticality,No Critical Data,BIM-core.Criticality
992E0554-0A1E-45D1-BA77-275EB9F7B474,NCI_PRODUCT_PROPERTY_PVS,NCI_PRODUCT_PROPERTY_PVS,DataCategory,Structured,BIM-core.DataCategory
992E0554-0A1E-45D1-BA77-275EB9F7B474,NCI_PRODUCT_PROPERTY_PVS,NCI_PRODUCT_PROPERTY_PVS,DataConfidentiality,Internal,BIM-core.DataConfidentiality
992E0554-0A1E-45D1-BA77-275EB9F7B474,NCI_PRODUCT_PROPERTY_PVS,NCI_PRODUCT_PROPERTY_PVS,EntityCategory,Intersection,BIM-core.EntityCategory
992E0554-0A1E-45D1-BA77-275EB9F7B474,NCI_PRODUCT_PROPERTY_PVS,NCI_PRODUCT_PROPERTY_PVS,EntityPersonalData,No Personal Data,BIM-core.EntityPersonalData
992E0554-0A1E-45D1-BA77-275EB9F7B474,NCI_PRODUCT_PROPERTY_PVS,NCI_PRODUCT_PROPERTY_PVS,FinancialPersonalData,No Financial Personal Data,BIM-core.FinancialPersonalData
992E0554-0A1E-45D1-BA77-275EB9F7B474,NCI_PRODUCT_PROPERTY_PVS,NCI_PRODUCT_PROPERTY_PVS,SensitivePersonalData,No Sensitive Personal Data,BIM-core.SensitivePersonalData
992E0554-0A1E-45D1-BA77-275EB9F7B474,NCI_PRODUCT_PROPERTY_PVS,NCI_PRODUCT_PROPERTY_PVS,MTED_EDaM_Mapping_Note,{\rtf1\ansi\ansicpg1252\deff0\nouicompat\deflang2057{\fonttbl{\f0\fnil\fcharset0 Times New Roman;}},BIM-core.MTED_EDaM_Mapping_Note
992E0554-0A1E-45D1-BA77-275EB9F7B474,NCI_PRODUCT_PROPERTY_PVS,NCI_PRODUCT_PROPERTY_PVS,MappingLevel,Application Specific,BIM-core.MappingLevel
992E0554-0A1E-45D1-BA77-275EB9F7B474,NCI_PRODUCT_PROPERTY_PVS,NCI_PRODUCT_PROPERTY_PVS,DesignStatus,Approved,BIM-core.DesignStatus
DB51634D-E15C-4BA8-B3C9-D12197E28838,NCI_UOM_CONVERSION_PVS,NCI_UOM_CONVERSION_PVS,PD_ObjectID,DB51634D-E15C-4BA8-B3C9-D12197E28838,
DB51634D-E15C-4BA8-B3C9-D12197E28838,NCI_UOM_CONVERSION_PVS,NCI_UOM_CONVERSION_PVS,PD_SourceExtraction,46603045,
DB51634D-E15C-4BA8-B3C9-D12197E28838,NCI_UOM_CONVERSION_PVS,NCI_UOM_CONVERSION_PVS,PD_SourceModel,05_Carbon_Calculator,
DB51634D-E15C-4BA8-B3C9-D12197E28838,NCI_UOM_CONVERSION_PVS,NCI_UOM_CONVERSION_PVS,CommerciallySensitiveInformation,No Commercially Sensitive Information,BIM-core.CommerciallySensitiveInformation
DB51634D-E15C-4BA8-B3C9-D12197E28838,NCI_UOM_CONVERSION_PVS,NCI_UOM_CONVERSION_PVS,Criticality,No Critical Data,BIM-core.Criticality
DB51634D-E15C-4BA8-B3C9-D12197E28838,NCI_UOM_CONVERSION_PVS,NCI_UOM_CONVERSION_PVS,DataCategory,Structured,BIM-core.DataCategory
DB51634D-E15C-4BA8-B3C9-D12197E28838,NCI_UOM_CONVERSION_PVS,NCI_UOM_CONVERSION_PVS,DataConfidentiality,Internal,BIM-core.DataConfidentiality
DB51634D-E15C-4BA8-B3C9-D12197E28838,NCI_UOM_CONVERSION_PVS,NCI_UOM_CONVERSION_PVS,EntityCategory,Intersection,BIM-core.EntityCategory
DB51634D-E15C-4BA8-B3C9-D12197E28838,NCI_UOM_CONVERSION_PVS,NCI_UOM_CONVERSION_PVS,EntityPersonalData,No Personal Data,BIM-core.EntityPersonalData
DB51634D-E15C-4BA8-B3C9-D12197E28838,NCI_UOM_CONVERSION_PVS,NCI_UOM_CONVERSION_PVS,FinancialPersonalData,No Financial Personal Data,BIM-core.FinancialPersonalData
DB51634D-E15C-4BA8-B3C9-D12197E28838,NCI_UOM_CONVERSION_PVS,NCI_UOM_CONVERSION_PVS,SensitivePersonalData,No Sensitive Personal Data,BIM-core.SensitivePersonalData
DB51634D-E15C-4BA8-B3C9-D12197E28838,NCI_UOM_CONVERSION_PVS,NCI_UOM_CONVERSION_PVS,MTED_EDaM_Mapping_Note,{\rtf1\ansi\ansicpg1252\deff0\nouicompat\deflang2057{\fonttbl{\f0\fnil\fcharset0 Times New Roman;}},BIM-core.MTED_EDaM_Mapping_Note
DB51634D-E15C-4BA8-B3C9-D12197E28838,NCI_UOM_CONVERSION_PVS,NCI_UOM_CONVERSION_PVS,MappingLevel,Application Specific,BIM-core.MappingLevel
DB51634D-E15C-4BA8-B3C9-D12197E28838,NCI_UOM_CONVERSION_PVS,NCI_UOM_CONVERSION_PVS,DesignStatus,Approved,BIM-core.DesignStatus
6F97B7C2-5485-4B5F-9EC2-F76BCAB30CAE,PCF_CLIENT_PRODUCT_REGION_ACTIVITY_PARAMETER,PCF_CLIENT_PRODUCT_REGION_ACTIVITY_PARAMETER,PD_ObjectID,6F97B7C2-5485-4B5F-9EC2-F76BCAB30CAE,
6F97B7C2-5485-4B5F-9EC2-F76BCAB30CAE,PCF_CLIENT_PRODUCT_REGION_ACTIVITY_PARAMETER,PCF_CLIENT_PRODUCT_REGION_ACTIVITY_PARAMETER,PD_SourceExtraction,46603045,
6F97B7C2-5485-4B5F-9EC2-F76BCAB30CAE,PCF_CLIENT_PRODUCT_REGION_ACTIVITY_PARAMETER,PCF_CLIENT_PRODUCT_REGION_ACTIVITY_PARAMETER,PD_SourceModel,05_Carbon_Calculator,
6F97B7C2-5485-4B5F-9EC2-F76BCAB30CAE,PCF_CLIENT_PRODUCT_REGION_ACTIVITY_PARAMETER,PCF_CLIENT_PRODUCT_REGION_ACTIVITY_PARAMETER,CommerciallySensitiveInformation,No Commercially Sensitive Information,BIM-core.CommerciallySensitiveInformation
6F97B7C2-5485-4B5F-9EC2-F76BCAB30CAE,PCF_CLIENT_PRODUCT_REGION_ACTIVITY_PARAMETER,PCF_CLIENT_PRODUCT_REGION_ACTIVITY_PARAMETER,Criticality,No Critical Data,BIM-core.Criticality
6F97B7C2-5485-4B5F-9EC2-F76BCAB30CAE,PCF_CLIENT_PRODUCT_REGION_ACTIVITY_PARAMETER,PCF_CLIENT_PRODUCT_REGION_ACTIVITY_PARAMETER,DataCategory,Structured,BIM-core.DataCategory
6F97B7C2-5485-4B5F-9EC2-F76BCAB30CAE,PCF_CLIENT_PRODUCT_REGION_ACTIVITY_PARAMETER,PCF_CLIENT_PRODUCT_REGION_ACTIVITY_PARAMETER,DataConfidentiality,Internal,BIM-core.DataConfidentiality
6F97B7C2-5485-4B5F-9EC2-F76BCAB30CAE,PCF_CLIENT_PRODUCT_REGION_ACTIVITY_PARAMETER,PCF_CLIENT_PRODUCT_REGION_ACTIVITY_PARAMETER,EntityCategory,Transaction,BIM-core.EntityCategory
6F97B7C2-5485-4B5F-9EC2-F76BCAB30CAE,PCF_CLIENT_PRODUCT_REGION_ACTIVITY_PARAMETER,PCF_CLIENT_PRODUCT_REGION_ACTIVITY_PARAMETER,EntityPersonalData,No Personal Data,BIM-core.EntityPersonalData
6F97B7C2-5485-4B5F-9EC2-F76BCAB30CAE,PCF_CLIENT_PRODUCT_REGION_ACTIVITY_PARAMETER,PCF_CLIENT_PRODUCT_REGION_ACTIVITY_PARAMETER,FinancialPersonalData,No Financial Personal Data,BIM-core.FinancialPersonalData
6F97B7C2-5485-4B5F-9EC2-F76BCAB30CAE,PCF_CLIENT_PRODUCT_REGION_ACTIVITY_PARAMETER,PCF_CLIENT_PRODUCT_REGION_ACTIVITY_PARAMETER,SensitivePersonalData,No Sensitive Personal Data,BIM-core.SensitivePersonalData
6F97B7C2-5485-4B5F-9EC2-F76BCAB30CAE,PCF_CLIENT_PRODUCT_REGION_ACTIVITY_PARAMETER,PCF_CLIENT_PRODUCT_REGION_ACTIVITY_PARAMETER,MTED_EDaM_Mapping_Note,{\rtf1\ansi\ansicpg1252\deff0\nouicompat\deflang2057{\fonttbl{\f0\fnil\fcharset0 Times New Roman;}},BIM-core.MTED_EDaM_Mapping_Note
6F97B7C2-5485-4B5F-9EC2-F76BCAB30CAE,PCF_CLIENT_PRODUCT_REGION_ACTIVITY_PARAMETER,PCF_CLIENT_PRODUCT_REGION_ACTIVITY_PARAMETER,MappingLevel,Application Specific,BIM-core.MappingLevel
6F97B7C2-5485-4B5F-9EC2-F76BCAB30CAE,PCF_CLIENT_PRODUCT_REGION_ACTIVITY_PARAMETER,PCF_CLIENT_PRODUCT_REGION_ACTIVITY_PARAMETER,DesignStatus,Approved,BIM-core.DesignStatus
6B54CE91-9285-4782-A108-698E63E5E33F,PCF_CLIENT_PRODUCT_REGION_ENERGY_APPLICATION,PCF_CLIENT_PRODUCT_REGION_ENERGY_APPLICATION,PD_ObjectID,6B54CE91-9285-4782-A108-698E63E5E33F,
6B54CE91-9285-4782-A108-698E63E5E33F,PCF_CLIENT_PRODUCT_REGION_ENERGY_APPLICATION,PCF_CLIENT_PRODUCT_REGION_ENERGY_APPLICATION,PD_SourceExtraction,46603045,
6B54CE91-9285-4782-A108-698E63E5E33F,PCF_CLIENT_PRODUCT_REGION_ENERGY_APPLICATION,PCF_CLIENT_PRODUCT_REGION_ENERGY_APPLICATION,PD_SourceModel,05_Carbon_Calculator,
6B54CE91-9285-4782-A108-698E63E5E33F,PCF_CLIENT_PRODUCT_REGION_ENERGY_APPLICATION,PCF_CLIENT_PRODUCT_REGION_ENERGY_APPLICATION,CommerciallySensitiveInformation,No Commercially Sensitive Information,BIM-core.CommerciallySensitiveInformation
6B54CE91-9285-4782-A108-698E63E5E33F,PCF_CLIENT_PRODUCT_REGION_ENERGY_APPLICATION,PCF_CLIENT_PRODUCT_REGION_ENERGY_APPLICATION,Criticality,No Critical Data,BIM-core.Criticality
6B54CE91-9285-4782-A108-698E63E5E33F,PCF_CLIENT_PRODUCT_REGION_ENERGY_APPLICATION,PCF_CLIENT_PRODUCT_REGION_ENERGY_APPLICATION,DataCategory,Structured,BIM-core.DataCategory
6B54CE91-9285-4782-A108-698E63E5E33F,PCF_CLIENT_PRODUCT_REGION_ENERGY_APPLICATION,PCF_CLIENT_PRODUCT_REGION_ENERGY_APPLICATION,DataConfidentiality,Internal,BIM-core.DataConfidentiality
6B54CE91-9285-4782-A108-698E63E5E33F,PCF_CLIENT_PRODUCT_REGION_ENERGY_APPLICATION,PCF_CLIENT_PRODUCT_REGION_ENERGY_APPLICATION,EntityCategory,Transaction,BIM-core.EntityCategory
6B54CE91-9285-4782-A108-698E63E5E33F,PCF_CLIENT_PRODUCT_REGION_ENERGY_APPLICATION,PCF_CLIENT_PRODUCT_REGION_ENERGY_APPLICATION,EntityPersonalData,No Personal Data,BIM-core.EntityPersonalData
6B54CE91-9285-4782-A108-698E63E5E33F,PCF_CLIENT_PRODUCT_REGION_ENERGY_APPLICATION,PCF_CLIENT_PRODUCT_REGION_ENERGY_APPLICATION,FinancialPersonalData,No Financial Personal Data,BIM-core.FinancialPersonalData
6B54CE91-9285-4782-A108-698E63E5E33F,PCF_CLIENT_PRODUCT_REGION_ENERGY_APPLICATION,PCF_CLIENT_PRODUCT_REGION_ENERGY_APPLICATION,SensitivePersonalData,No Sensitive Personal Data,BIM-core.SensitivePersonalData
6B54CE91-9285-4782-A108-698E63E5E33F,PCF_CLIENT_PRODUCT_REGION_ENERGY_APPLICATION,PCF_CLIENT_PRODUCT_REGION_ENERGY_APPLICATION,MTED_EDaM_Mapping_Note,{\rtf1\ansi\ansicpg1252\deff0\nouicompat\deflang2057{\fonttbl{\f0\fnil\fcharset0 Times New Roman;}},BIM-core.MTED_EDaM_Mapping_Note
6B54CE91-9285-4782-A108-698E63E5E33F,PCF_CLIENT_PRODUCT_REGION_ENERGY_APPLICATION,PCF_CLIENT_PRODUCT_REGION_ENERGY_APPLICATION,MappingLevel,Application Specific,BIM-core.MappingLevel
6B54CE91-9285-4782-A108-698E63E5E33F,PCF_CLIENT_PRODUCT_REGION_ENERGY_APPLICATION,PCF_CLIENT_PRODUCT_REGION_ENERGY_APPLICATION,DesignStatus,Approved,BIM-core.DesignStatus
A0E8D3D2-A330-48FA-9483-D603F81D7010,PCF_CLIENT_PRODUCT_REGION_INTENDED_USE,PCF_CLIENT_PRODUCT_REGION_INTENDED_USE,PD_ObjectID,A0E8D3D2-A330-48FA-9483-D603F81D7010,
A0E8D3D2-A330-48FA-9483-D603F81D7010,PCF_CLIENT_PRODUCT_REGION_INTENDED_USE,PCF_CLIENT_PRODUCT_REGION_INTENDED_USE,PD_SourceExtraction,46603045,
A0E8D3D2-A330-48FA-9483-D603F81D7010,PCF_CLIENT_PRODUCT_REGION_INTENDED_USE,PCF_CLIENT_PRODUCT_REGION_INTENDED_USE,PD_SourceModel,05_Carbon_Calculator,
A0E8D3D2-A330-48FA-9483-D603F81D7010,PCF_CLIENT_PRODUCT_REGION_INTENDED_USE,PCF_CLIENT_PRODUCT_REGION_INTENDED_USE,CommerciallySensitiveInformation,No Commercially Sensitive Information,BIM-core.CommerciallySensitiveInformation
A0E8D3D2-A330-48FA-9483-D603F81D7010,PCF_CLIENT_PRODUCT_REGION_INTENDED_USE,PCF_CLIENT_PRODUCT_REGION_INTENDED_USE,Criticality,No Critical Data,BIM-core.Criticality
A0E8D3D2-A330-48FA-9483-D603F81D7010,PCF_CLIENT_PRODUCT_REGION_INTENDED_USE,PCF_CLIENT_PRODUCT_REGION_INTENDED_USE,DataCategory,Structured,BIM-core.DataCategory
A0E8D3D2-A330-48FA-9483-D603F81D7010,PCF_CLIENT_PRODUCT_REGION_INTENDED_USE,PCF_CLIENT_PRODUCT_REGION_INTENDED_USE,DataConfidentiality,Internal,BIM-core.DataConfidentiality
A0E8D3D2-A330-48FA-9483-D603F81D7010,PCF_CLIENT_PRODUCT_REGION_INTENDED_USE,PCF_CLIENT_PRODUCT_REGION_INTENDED_USE,EntityCategory,Transaction,BIM-core.EntityCategory
A0E8D3D2-A330-48FA-9483-D603F81D7010,PCF_CLIENT_PRODUCT_REGION_INTENDED_USE,PCF_CLIENT_PRODUCT_REGION_INTENDED_USE,EntityPersonalData,No Personal Data,BIM-core.EntityPersonalData
A0E8D3D2-A330-48FA-9483-D603F81D7010,PCF_CLIENT_PRODUCT_REGION_INTENDED_USE,PCF_CLIENT_PRODUCT_REGION_INTENDED_USE,FinancialPersonalData,No Financial Personal Data,BIM-core.FinancialPersonalData
A0E8D3D2-A330-48FA-9483-D603F81D7010,PCF_CLIENT_PRODUCT_REGION_INTENDED_USE,PCF_CLIENT_PRODUCT_REGION_INTENDED_USE,SensitivePersonalData,No Sensitive Personal Data,BIM-core.SensitivePersonalData
A0E8D3D2-A330-48FA-9483-D603F81D7010,PCF_CLIENT_PRODUCT_REGION_INTENDED_USE,PCF_CLIENT_PRODUCT_REGION_INTENDED_USE,MTED_EDaM_Mapping_Note,{\rtf1\ansi\ansicpg1252\deff0\nouicompat\deflang2057{\fonttbl{\f0\fnil\fcharset0 Times New Roman;}},BIM-core.MTED_EDaM_Mapping_Note
A0E8D3D2-A330-48FA-9483-D603F81D7010,PCF_CLIENT_PRODUCT_REGION_INTENDED_USE,PCF_CLIENT_PRODUCT_REGION_INTENDED_USE,MappingLevel,Application Specific,BIM-core.MappingLevel
A0E8D3D2-A330-48FA-9483-D603F81D7010,PCF_CLIENT_PRODUCT_REGION_INTENDED_USE,PCF_CLIENT_PRODUCT_REGION_INTENDED_USE,DesignStatus,Approved,BIM-core.DesignStatus
92E942BF-9BB4-4CDD-B822-E0495839B53E,PCF_CLIENT_PRODUCT_REGION_UOM,PCF_CLIENT_PRODUCT_REGION_UOM,PD_ObjectID,92E942BF-9BB4-4CDD-B822-E0495839B53E,
92E942BF-9BB4-4CDD-B822-E0495839B53E,PCF_CLIENT_PRODUCT_REGION_UOM,PCF_CLIENT_PRODUCT_REGION_UOM,PD_SourceExtraction,46603045,
92E942BF-9BB4-4CDD-B822-E0495839B53E,PCF_CLIENT_PRODUCT_REGION_UOM,PCF_CLIENT_PRODUCT_REGION_UOM,PD_SourceModel,05_Carbon_Calculator,
92E942BF-9BB4-4CDD-B822-E0495839B53E,PCF_CLIENT_PRODUCT_REGION_UOM,PCF_CLIENT_PRODUCT_REGION_UOM,CommerciallySensitiveInformation,No Commercially Sensitive Information,BIM-core.CommerciallySensitiveInformation
92E942BF-9BB4-4CDD-B822-E0495839B53E,PCF_CLIENT_PRODUCT_REGION_UOM,PCF_CLIENT_PRODUCT_REGION_UOM,Criticality,No Critical Data,BIM-core.Criticality
92E942BF-9BB4-4CDD-B822-E0495839B53E,PCF_CLIENT_PRODUCT_REGION_UOM,PCF_CLIENT_PRODUCT_REGION_UOM,DataCategory,Structured,BIM-core.DataCategory
92E942BF-9BB4-4CDD-B822-E0495839B53E,PCF_CLIENT_PRODUCT_REGION_UOM,PCF_CLIENT_PRODUCT_REGION_UOM,DataConfidentiality,Internal,BIM-core.DataConfidentiality
92E942BF-9BB4-4CDD-B822-E0495839B53E,PCF_CLIENT_PRODUCT_REGION_UOM,PCF_CLIENT_PRODUCT_REGION_UOM,EntityCategory,Transaction,BIM-core.EntityCategory
92E942BF-9BB4-4CDD-B822-E0495839B53E,PCF_CLIENT_PRODUCT_REGION_UOM,PCF_CLIENT_PRODUCT_REGION_UOM,EntityPersonalData,No Personal Data,BIM-core.EntityPersonalData
92E942BF-9BB4-4CDD-B822-E0495839B53E,PCF_CLIENT_PRODUCT_REGION_UOM,PCF_CLIENT_PRODUCT_REGION_UOM,FinancialPersonalData,No Financial Personal Data,BIM-core.FinancialPersonalData
92E942BF-9BB4-4CDD-B822-E0495839B53E,PCF_CLIENT_PRODUCT_REGION_UOM,PCF_CLIENT_PRODUCT_REGION_UOM,SensitivePersonalData,No Sensitive Personal Data,BIM-core.SensitivePersonalData
92E942BF-9BB4-4CDD-B822-E0495839B53E,PCF_CLIENT_PRODUCT_REGION_UOM,PCF_CLIENT_PRODUCT_REGION_UOM,MTED_EDaM_Mapping_Note,{\rtf1\ansi\ansicpg1252\deff0\nouicompat\deflang2057{\fonttbl{\f0\fnil\fcharset0 Times New Roman;}},BIM-core.MTED_EDaM_Mapping_Note
92E942BF-9BB4-4CDD-B822-E0495839B53E,PCF_CLIENT_PRODUCT_REGION_UOM,PCF_CLIENT_PRODUCT_REGION_UOM,MappingLevel,Application Specific,BIM-core.MappingLevel
92E942BF-9BB4-4CDD-B822-E0495839B53E,PCF_CLIENT_PRODUCT_REGION_UOM,PCF_CLIENT_PRODUCT_REGION_UOM,DesignStatus,Approved,BIM-core.DesignStatus
81F49AB7-FED9-496F-90E8-365BFC14914C,PRODUCT,PRODUCT,PD_ObjectID,81F49AB7-FED9-496F-90E8-365BFC14914C,
81F49AB7-FED9-496F-90E8-365BFC14914C,PRODUCT,PRODUCT,PD_SourceExtraction,46603045,
81F49AB7-FED9-496F-90E8-365BFC14914C,PRODUCT,PRODUCT,PD_SourceModel,05_Carbon_Calculator,
81F49AB7-FED9-496F-90E8-365BFC14914C,PRODUCT,PRODUCT,CommerciallySensitiveInformation,No Commercially Sensitive Information,BIM-core.CommerciallySensitiveInformation
81F49AB7-FED9-496F-90E8-365BFC14914C,PRODUCT,PRODUCT,Criticality,No Critical Data,BIM-core.Criticality
81F49AB7-FED9-496F-90E8-365BFC14914C,PRODUCT,PRODUCT,DataArea,,BIM-core.DataArea
81F49AB7-FED9-496F-90E8-365BFC14914C,PRODUCT,PRODUCT,DataCategory,Structured,BIM-core.DataCategory
81F49AB7-FED9-496F-90E8-365BFC14914C,PRODUCT,PRODUCT,DataConfidentiality,Internal,BIM-core.DataConfidentiality
81F49AB7-FED9-496F-90E8-365BFC14914C,PRODUCT,PRODUCT,EntityCategory,Master,BIM-core.EntityCategory
81F49AB7-FED9-496F-90E8-365BFC14914C,PRODUCT,PRODUCT,EntityPersonalData,No Personal Data,BIM-core.EntityPersonalData
81F49AB7-FED9-496F-90E8-365BFC14914C,PRODUCT,PRODUCT,FinancialPersonalData,No Financial Personal Data,BIM-core.FinancialPersonalData
81F49AB7-FED9-496F-90E8-365BFC14914C,PRODUCT,PRODUCT,MappingLevel,BLM,BIM-core.MappingLevel
81F49AB7-FED9-496F-90E8-365BFC14914C,PRODUCT,PRODUCT,MapsToEntity,FUEL_PRODUCT,BIM-core.MapsToEntity
81F49AB7-FED9-496F-90E8-365BFC14914C,PRODUCT,PRODUCT,SensitivePersonalData,No Sensitive Personal Data,BIM-core.SensitivePersonalData
81F49AB7-FED9-496F-90E8-365BFC14914C,PRODUCT,PRODUCT,DesignStatus,Approved,BIM-core.DesignStatus
ABC70A6C-C7B3-45AD-8D10-DC78D9FBE2F5,PRODUCT_FAMILY,PRODUCT_FAMILY,PD_ObjectID,ABC70A6C-C7B3-45AD-8D10-DC78D9FBE2F5,
ABC70A6C-C7B3-45AD-8D10-DC78D9FBE2F5,PRODUCT_FAMILY,PRODUCT_FAMILY,PD_SourceExtraction,46603045,
ABC70A6C-C7B3-45AD-8D10-DC78D9FBE2F5,PRODUCT_FAMILY,PRODUCT_FAMILY,PD_SourceModel,05_Carbon_Calculator,
ABC70A6C-C7B3-45AD-8D10-DC78D9FBE2F5,PRODUCT_FAMILY,PRODUCT_FAMILY,CommerciallySensitiveInformation,No Commercially Sensitive Information,BIM-core.CommerciallySensitiveInformation
ABC70A6C-C7B3-45AD-8D10-DC78D9FBE2F5,PRODUCT_FAMILY,PRODUCT_FAMILY,Criticality,No Critical Data,BIM-core.Criticality
ABC70A6C-C7B3-45AD-8D10-DC78D9FBE2F5,PRODUCT_FAMILY,PRODUCT_FAMILY,DataCategory,Structured,BIM-core.DataCategory
ABC70A6C-C7B3-45AD-8D10-DC78D9FBE2F5,PRODUCT_FAMILY,PRODUCT_FAMILY,DataConfidentiality,Internal,BIM-core.DataConfidentiality
ABC70A6C-C7B3-45AD-8D10-DC78D9FBE2F5,PRODUCT_FAMILY,PRODUCT_FAMILY,EntityCategory,Master,BIM-core.EntityCategory
ABC70A6C-C7B3-45AD-8D10-DC78D9FBE2F5,PRODUCT_FAMILY,PRODUCT_FAMILY,EntityPersonalData,No Personal Data,BIM-core.EntityPersonalData
ABC70A6C-C7B3-45AD-8D10-DC78D9FBE2F5,PRODUCT_FAMILY,PRODUCT_FAMILY,FinancialPersonalData,No Financial Personal Data,BIM-core.FinancialPersonalData
ABC70A6C-C7B3-45AD-8D10-DC78D9FBE2F5,PRODUCT_FAMILY,PRODUCT_FAMILY,SensitivePersonalData,No Sensitive Personal Data,BIM-core.SensitivePersonalData
ABC70A6C-C7B3-45AD-8D10-DC78D9FBE2F5,PRODUCT_FAMILY,PRODUCT_FAMILY,MTED_EDaM_Mapping_Note,{\rtf1\ansi\ansicpg1252\deff0\nouicompat\deflang2057{\fonttbl{\f0\fnil\fcharset0 Times New Roman;}},BIM-core.MTED_EDaM_Mapping_Note
ABC70A6C-C7B3-45AD-8D10-DC78D9FBE2F5,PRODUCT_FAMILY,PRODUCT_FAMILY,MappingLevel,Application Specific,BIM-core.MappingLevel
ABC70A6C-C7B3-45AD-8D10-DC78D9FBE2F5,PRODUCT_FAMILY,PRODUCT_FAMILY,DesignStatus,Approved,BIM-core.DesignStatus
D69DD4E8-14A9-4226-B003-6F01B0C46645,PRODUCT_FAMILY_INTENDED_USE,PRODUCT_FAMILY_INTENDED_USE,PD_ObjectID,D69DD4E8-14A9-4226-B003-6F01B0C46645,
D69DD4E8-14A9-4226-B003-6F01B0C46645,PRODUCT_FAMILY_INTENDED_USE,PRODUCT_FAMILY_INTENDED_USE,PD_SourceExtraction,46603045,
D69DD4E8-14A9-4226-B003-6F01B0C46645,PRODUCT_FAMILY_INTENDED_USE,PRODUCT_FAMILY_INTENDED_USE,PD_SourceModel,05_Carbon_Calculator,
D69DD4E8-14A9-4226-B003-6F01B0C46645,PRODUCT_FAMILY_INTENDED_USE,PRODUCT_FAMILY_INTENDED_USE,CommerciallySensitiveInformation,No Commercially Sensitive Information,BIM-core.CommerciallySensitiveInformation
D69DD4E8-14A9-4226-B003-6F01B0C46645,PRODUCT_FAMILY_INTENDED_USE,PRODUCT_FAMILY_INTENDED_USE,Criticality,No Critical Data,BIM-core.Criticality
D69DD4E8-14A9-4226-B003-6F01B0C46645,PRODUCT_FAMILY_INTENDED_USE,PRODUCT_FAMILY_INTENDED_USE,DataCategory,Structured,BIM-core.DataCategory
D69DD4E8-14A9-4226-B003-6F01B0C46645,PRODUCT_FAMILY_INTENDED_USE,PRODUCT_FAMILY_INTENDED_USE,DataConfidentiality,Internal,BIM-core.DataConfidentiality
D69DD4E8-14A9-4226-B003-6F01B0C46645,PRODUCT_FAMILY_INTENDED_USE,PRODUCT_FAMILY_INTENDED_USE,EntityCategory,Master,BIM-core.EntityCategory
D69DD4E8-14A9-4226-B003-6F01B0C46645,PRODUCT_FAMILY_INTENDED_USE,PRODUCT_FAMILY_INTENDED_USE,EntityPersonalData,No Personal Data,BIM-core.EntityPersonalData
D69DD4E8-14A9-4226-B003-6F01B0C46645,PRODUCT_FAMILY_INTENDED_USE,PRODUCT_FAMILY_INTENDED_USE,FinancialPersonalData,No Financial Personal Data,BIM-core.FinancialPersonalData
D69DD4E8-14A9-4226-B003-6F01B0C46645,PRODUCT_FAMILY_INTENDED_USE,PRODUCT_FAMILY_INTENDED_USE,SensitivePersonalData,No Sensitive Personal Data,BIM-core.SensitivePersonalData
D69DD4E8-14A9-4226-B003-6F01B0C46645,PRODUCT_FAMILY_INTENDED_USE,PRODUCT_FAMILY_INTENDED_USE,MTED_EDaM_Mapping_Note,{\rtf1\ansi\ansicpg1252\deff0\nouicompat\deflang2057{\fonttbl{\f0\fnil\fcharset0 Times New Roman;}},BIM-core.MTED_EDaM_Mapping_Note
D69DD4E8-14A9-4226-B003-6F01B0C46645,PRODUCT_FAMILY_INTENDED_USE,PRODUCT_FAMILY_INTENDED_USE,MappingLevel,Application Specific,BIM-core.MappingLevel
D69DD4E8-14A9-4226-B003-6F01B0C46645,PRODUCT_FAMILY_INTENDED_USE,PRODUCT_FAMILY_INTENDED_USE,DesignStatus,Approved,BIM-core.DesignStatus
A3EFE662-AF20-4EFF-8F1A-A0632EF07FBD,REQUEST_APPROVER_COMMENT,REQUEST_APPROVER_COMMENT,PD_ObjectID,A3EFE662-AF20-4EFF-8F1A-A0632EF07FBD,
A3EFE662-AF20-4EFF-8F1A-A0632EF07FBD,REQUEST_APPROVER_COMMENT,REQUEST_APPROVER_COMMENT,PD_SourceExtraction,46603045,
A3EFE662-AF20-4EFF-8F1A-A0632EF07FBD,REQUEST_APPROVER_COMMENT,REQUEST_APPROVER_COMMENT,PD_SourceModel,05_Carbon_Calculator,
A3EFE662-AF20-4EFF-8F1A-A0632EF07FBD,REQUEST_APPROVER_COMMENT,REQUEST_APPROVER_COMMENT,CommerciallySensitiveInformation,No Commercially Sensitive Information,BIM-core.CommerciallySensitiveInformation
A3EFE662-AF20-4EFF-8F1A-A0632EF07FBD,REQUEST_APPROVER_COMMENT,REQUEST_APPROVER_COMMENT,Criticality,No Critical Data,BIM-core.Criticality
A3EFE662-AF20-4EFF-8F1A-A0632EF07FBD,REQUEST_APPROVER_COMMENT,REQUEST_APPROVER_COMMENT,DataCategory,Structured,BIM-core.DataCategory
A3EFE662-AF20-4EFF-8F1A-A0632EF07FBD,REQUEST_APPROVER_COMMENT,REQUEST_APPROVER_COMMENT,DataConfidentiality,Internal,BIM-core.DataConfidentiality
A3EFE662-AF20-4EFF-8F1A-A0632EF07FBD,REQUEST_APPROVER_COMMENT,REQUEST_APPROVER_COMMENT,EntityCategory,Transaction,BIM-core.EntityCategory
A3EFE662-AF20-4EFF-8F1A-A0632EF07FBD,REQUEST_APPROVER_COMMENT,REQUEST_APPROVER_COMMENT,EntityPersonalData,No Personal Data,BIM-core.EntityPersonalData
A3EFE662-AF20-4EFF-8F1A-A0632EF07FBD,REQUEST_APPROVER_COMMENT,REQUEST_APPROVER_COMMENT,FinancialPersonalData,No Financial Personal Data,BIM-core.FinancialPersonalData
A3EFE662-AF20-4EFF-8F1A-A0632EF07FBD,REQUEST_APPROVER_COMMENT,REQUEST_APPROVER_COMMENT,SensitivePersonalData,No Sensitive Personal Data,BIM-core.SensitivePersonalData
A3EFE662-AF20-4EFF-8F1A-A0632EF07FBD,REQUEST_APPROVER_COMMENT,REQUEST_APPROVER_COMMENT,MTED_EDaM_Mapping_Note,{\rtf1\ansi\ansicpg1252\deff0\nouicompat\deflang2057{\fonttbl{\f0\fnil\fcharset0 Times New Roman;}},BIM-core.MTED_EDaM_Mapping_Note
A3EFE662-AF20-4EFF-8F1A-A0632EF07FBD,REQUEST_APPROVER_COMMENT,REQUEST_APPROVER_COMMENT,MappingLevel,Application Specific,BIM-core.MappingLevel
A3EFE662-AF20-4EFF-8F1A-A0632EF07FBD,REQUEST_APPROVER_COMMENT,REQUEST_APPROVER_COMMENT,DesignStatus,Approved,BIM-core.DesignStatus
FA4751E6-22C3-45CC-8D1C-E36AB18B49DC,REQUEST_ASSIGNEE,REQUEST_ASSIGNEE,PD_ObjectID,FA4751E6-22C3-45CC-8D1C-E36AB18B49DC,
FA4751E6-22C3-45CC-8D1C-E36AB18B49DC,REQUEST_ASSIGNEE,REQUEST_ASSIGNEE,PD_SourceExtraction,46603045,
FA4751E6-22C3-45CC-8D1C-E36AB18B49DC,REQUEST_ASSIGNEE,REQUEST_ASSIGNEE,PD_SourceModel,05_Carbon_Calculator,
FA4751E6-22C3-45CC-8D1C-E36AB18B49DC,REQUEST_ASSIGNEE,REQUEST_ASSIGNEE,CommerciallySensitiveInformation,No Commercially Sensitive Information,BIM-core.CommerciallySensitiveInformation
FA4751E6-22C3-45CC-8D1C-E36AB18B49DC,REQUEST_ASSIGNEE,REQUEST_ASSIGNEE,Criticality,No Critical Data,BIM-core.Criticality
FA4751E6-22C3-45CC-8D1C-E36AB18B49DC,REQUEST_ASSIGNEE,REQUEST_ASSIGNEE,DataCategory,Structured,BIM-core.DataCategory
FA4751E6-22C3-45CC-8D1C-E36AB18B49DC,REQUEST_ASSIGNEE,REQUEST_ASSIGNEE,DataConfidentiality,Internal,BIM-core.DataConfidentiality
FA4751E6-22C3-45CC-8D1C-E36AB18B49DC,REQUEST_ASSIGNEE,REQUEST_ASSIGNEE,EntityCategory,Transaction,BIM-core.EntityCategory
FA4751E6-22C3-45CC-8D1C-E36AB18B49DC,REQUEST_ASSIGNEE,REQUEST_ASSIGNEE,EntityPersonalData,No Personal Data,BIM-core.EntityPersonalData
FA4751E6-22C3-45CC-8D1C-E36AB18B49DC,REQUEST_ASSIGNEE,REQUEST_ASSIGNEE,FinancialPersonalData,No Financial Personal Data,BIM-core.FinancialPersonalData
FA4751E6-22C3-45CC-8D1C-E36AB18B49DC,REQUEST_ASSIGNEE,REQUEST_ASSIGNEE,SensitivePersonalData,No Sensitive Personal Data,BIM-core.SensitivePersonalData
FA4751E6-22C3-45CC-8D1C-E36AB18B49DC,REQUEST_ASSIGNEE,REQUEST_ASSIGNEE,MTED_EDaM_Mapping_Note,{\rtf1\ansi\ansicpg1252\deff0\nouicompat\deflang2057{\fonttbl{\f0\fnil\fcharset0 Times New Roman;}},BIM-core.MTED_EDaM_Mapping_Note
FA4751E6-22C3-45CC-8D1C-E36AB18B49DC,REQUEST_ASSIGNEE,REQUEST_ASSIGNEE,MappingLevel,Application Specific,BIM-core.MappingLevel
FA4751E6-22C3-45CC-8D1C-E36AB18B49DC,REQUEST_ASSIGNEE,REQUEST_ASSIGNEE,DesignStatus,Approved,BIM-core.DesignStatus
503B1B0B-7C16-4BA1-A6EE-A450946B906F,REQUEST_STAGE,REQUEST_STAGE,PD_ObjectID,503B1B0B-7C16-4BA1-A6EE-A450946B906F,
503B1B0B-7C16-4BA1-A6EE-A450946B906F,REQUEST_STAGE,REQUEST_STAGE,PD_SourceExtraction,46603045,
503B1B0B-7C16-4BA1-A6EE-A450946B906F,REQUEST_STAGE,REQUEST_STAGE,PD_SourceModel,05_Carbon_Calculator,
503B1B0B-7C16-4BA1-A6EE-A450946B906F,REQUEST_STAGE,REQUEST_STAGE,CommerciallySensitiveInformation,No Commercially Sensitive Information,BIM-core.CommerciallySensitiveInformation
503B1B0B-7C16-4BA1-A6EE-A450946B906F,REQUEST_STAGE,REQUEST_STAGE,Criticality,No Critical Data,BIM-core.Criticality
503B1B0B-7C16-4BA1-A6EE-A450946B906F,REQUEST_STAGE,REQUEST_STAGE,DataCategory,Structured,BIM-core.DataCategory
503B1B0B-7C16-4BA1-A6EE-A450946B906F,REQUEST_STAGE,REQUEST_STAGE,DataConfidentiality,Internal,BIM-core.DataConfidentiality
503B1B0B-7C16-4BA1-A6EE-A450946B906F,REQUEST_STAGE,REQUEST_STAGE,EntityCategory,Transaction,BIM-core.EntityCategory
503B1B0B-7C16-4BA1-A6EE-A450946B906F,REQUEST_STAGE,REQUEST_STAGE,EntityPersonalData,No Personal Data,BIM-core.EntityPersonalData
503B1B0B-7C16-4BA1-A6EE-A450946B906F,REQUEST_STAGE,REQUEST_STAGE,FinancialPersonalData,No Financial Personal Data,BIM-core.FinancialPersonalData
503B1B0B-7C16-4BA1-A6EE-A450946B906F,REQUEST_STAGE,REQUEST_STAGE,SensitivePersonalData,No Sensitive Personal Data,BIM-core.SensitivePersonalData
503B1B0B-7C16-4BA1-A6EE-A450946B906F,REQUEST_STAGE,REQUEST_STAGE,MTED_EDaM_Mapping_Note,{\rtf1\ansi\ansicpg1252\deff0\nouicompat\deflang2057{\fonttbl{\f0\fnil\fcharset0 Times New Roman;}},BIM-core.MTED_EDaM_Mapping_Note
503B1B0B-7C16-4BA1-A6EE-A450946B906F,REQUEST_STAGE,REQUEST_STAGE,MappingLevel,Application Specific,BIM-core.MappingLevel
503B1B0B-7C16-4BA1-A6EE-A450946B906F,REQUEST_STAGE,REQUEST_STAGE,DesignStatus,Approved,BIM-core.DesignStatus
8D27AE7B-7E81-4F83-A799-AF511427453A,REQ_NCI_CLIENT_PARAMETER,REQ_NCI_CLIENT_PARAMETER,PD_ObjectID,8D27AE7B-7E81-4F83-A799-AF511427453A,
8D27AE7B-7E81-4F83-A799-AF511427453A,REQ_NCI_CLIENT_PARAMETER,REQ_NCI_CLIENT_PARAMETER,PD_SourceExtraction,46603045,
8D27AE7B-7E81-4F83-A799-AF511427453A,REQ_NCI_CLIENT_PARAMETER,REQ_NCI_CLIENT_PARAMETER,PD_SourceModel,05_Carbon_Calculator,
8D27AE7B-7E81-4F83-A799-AF511427453A,REQ_NCI_CLIENT_PARAMETER,REQ_NCI_CLIENT_PARAMETER,CSI,false,SHL_LDM_EntityPropertyExtension.CSI
8D27AE7B-7E81-4F83-A799-AF511427453A,REQ_NCI_CLIENT_PARAMETER,REQ_NCI_CLIENT_PARAMETER,MTED_Encryption_Required,false,SHL_LDM_EntityPropertyExtension.MTED_Encryption_Required
8D27AE7B-7E81-4F83-A799-AF511427453A,REQ_NCI_CLIENT_PARAMETER,REQ_NCI_CLIENT_PARAMETER,PII,false,SHL_LDM_EntityPropertyExtension.PII
8D27AE7B-7E81-4F83-A799-AF511427453A,REQ_NCI_CLIENT_PARAMETER,REQ_NCI_CLIENT_PARAMETER,CommerciallySensitiveInformation,No Commercially Sensitive Information,BIM-core.CommerciallySensitiveInformation
8D27AE7B-7E81-4F83-A799-AF511427453A,REQ_NCI_CLIENT_PARAMETER,REQ_NCI_CLIENT_PARAMETER,Criticality,No Critical Data,BIM-core.Criticality
8D27AE7B-7E81-4F83-A799-AF511427453A,REQ_NCI_CLIENT_PARAMETER,REQ_NCI_CLIENT_PARAMETER,DataCategory,Structured,BIM-core.DataCategory
8D27AE7B-7E81-4F83-A799-AF511427453A,REQ_NCI_CLIENT_PARAMETER,REQ_NCI_CLIENT_PARAMETER,DataConfidentiality,Internal,BIM-core.DataConfidentiality
8D27AE7B-7E81-4F83-A799-AF511427453A,REQ_NCI_CLIENT_PARAMETER,REQ_NCI_CLIENT_PARAMETER,EntityCategory,Internal Reference,BIM-core.EntityCategory
8D27AE7B-7E81-4F83-A799-AF511427453A,REQ_NCI_CLIENT_PARAMETER,REQ_NCI_CLIENT_PARAMETER,EntityPersonalData,No Personal Data,BIM-core.EntityPersonalData
8D27AE7B-7E81-4F83-A799-AF511427453A,REQ_NCI_CLIENT_PARAMETER,REQ_NCI_CLIENT_PARAMETER,FinancialPersonalData,No Financial Personal Data,BIM-core.FinancialPersonalData
8D27AE7B-7E81-4F83-A799-AF511427453A,REQ_NCI_CLIENT_PARAMETER,REQ_NCI_CLIENT_PARAMETER,SensitivePersonalData,No Sensitive Personal Data,BIM-core.SensitivePersonalData
8D27AE7B-7E81-4F83-A799-AF511427453A,REQ_NCI_CLIENT_PARAMETER,REQ_NCI_CLIENT_PARAMETER,MTED_EDaM_Mapping_Note,{\rtf1\ansi\ansicpg1252\deff0\nouicompat\deflang2057{\fonttbl{\f0\fnil\fcharset0 Times New Roman;}},BIM-core.MTED_EDaM_Mapping_Note
8D27AE7B-7E81-4F83-A799-AF511427453A,REQ_NCI_CLIENT_PARAMETER,REQ_NCI_CLIENT_PARAMETER,MappingLevel,Application Specific,BIM-core.MappingLevel
8D27AE7B-7E81-4F83-A799-AF511427453A,REQ_NCI_CLIENT_PARAMETER,REQ_NCI_CLIENT_PARAMETER,DesignStatus,Approved,BIM-core.DesignStatus
450C9DCB-F817-431F-8C30-41454D986F03,REQ_NCI_CLIENT_PARAMETER_PVS,REQ_NCI_CLIENT_PARAMETER_PVS,PD_ObjectID,450C9DCB-F817-431F-8C30-41454D986F03,
450C9DCB-F817-431F-8C30-41454D986F03,REQ_NCI_CLIENT_PARAMETER_PVS,REQ_NCI_CLIENT_PARAMETER_PVS,PD_SourceExtraction,46603045,
450C9DCB-F817-431F-8C30-41454D986F03,REQ_NCI_CLIENT_PARAMETER_PVS,REQ_NCI_CLIENT_PARAMETER_PVS,PD_SourceModel,05_Carbon_Calculator,
450C9DCB-F817-431F-8C30-41454D986F03,REQ_NCI_CLIENT_PARAMETER_PVS,REQ_NCI_CLIENT_PARAMETER_PVS,CommerciallySensitiveInformation,No Commercially Sensitive Information,BIM-core.CommerciallySensitiveInformation
450C9DCB-F817-431F-8C30-41454D986F03,REQ_NCI_CLIENT_PARAMETER_PVS,REQ_NCI_CLIENT_PARAMETER_PVS,Criticality,No Critical Data,BIM-core.Criticality
450C9DCB-F817-431F-8C30-41454D986F03,REQ_NCI_CLIENT_PARAMETER_PVS,REQ_NCI_CLIENT_PARAMETER_PVS,DataCategory,Structured,BIM-core.DataCategory
450C9DCB-F817-431F-8C30-41454D986F03,REQ_NCI_CLIENT_PARAMETER_PVS,REQ_NCI_CLIENT_PARAMETER_PVS,DataConfidentiality,Internal,BIM-core.DataConfidentiality
450C9DCB-F817-431F-8C30-41454D986F03,REQ_NCI_CLIENT_PARAMETER_PVS,REQ_NCI_CLIENT_PARAMETER_PVS,EntityCategory,Intersection,BIM-core.EntityCategory
450C9DCB-F817-431F-8C30-41454D986F03,REQ_NCI_CLIENT_PARAMETER_PVS,REQ_NCI_CLIENT_PARAMETER_PVS,EntityPersonalData,No Personal Data,BIM-core.EntityPersonalData
450C9DCB-F817-431F-8C30-41454D986F03,REQ_NCI_CLIENT_PARAMETER_PVS,REQ_NCI_CLIENT_PARAMETER_PVS,FinancialPersonalData,No Financial Personal Data,BIM-core.FinancialPersonalData
450C9DCB-F817-431F-8C30-41454D986F03,REQ_NCI_CLIENT_PARAMETER_PVS,REQ_NCI_CLIENT_PARAMETER_PVS,SensitivePersonalData,No Sensitive Personal Data,BIM-core.SensitivePersonalData
450C9DCB-F817-431F-8C30-41454D986F03,REQ_NCI_CLIENT_PARAMETER_PVS,REQ_NCI_CLIENT_PARAMETER_PVS,MTED_EDaM_Mapping_Note,{\rtf1\ansi\ansicpg1252\deff0\nouicompat\deflang2057{\fonttbl{\f0\fnil\fcharset0 Times New Roman;}},BIM-core.MTED_EDaM_Mapping_Note
450C9DCB-F817-431F-8C30-41454D986F03,REQ_NCI_CLIENT_PARAMETER_PVS,REQ_NCI_CLIENT_PARAMETER_PVS,MappingLevel,Application Specific,BIM-core.MappingLevel
450C9DCB-F817-431F-8C30-41454D986F03,REQ_NCI_CLIENT_PARAMETER_PVS,REQ_NCI_CLIENT_PARAMETER_PVS,DesignStatus,Approved,BIM-core.DesignStatus
46F9012A-B898-4860-9619-2FBF67AF785D,REQ_NCI_CLIENT_PARAMETER_VALUE_SET,REQ_NCI_CLIENT_PARAMETER_VALUE_SET,PD_ObjectID,46F9012A-B898-4860-9619-2FBF67AF785D,
46F9012A-B898-4860-9619-2FBF67AF785D,REQ_NCI_CLIENT_PARAMETER_VALUE_SET,REQ_NCI_CLIENT_PARAMETER_VALUE_SET,PD_SourceExtraction,46603045,
46F9012A-B898-4860-9619-2FBF67AF785D,REQ_NCI_CLIENT_PARAMETER_VALUE_SET,REQ_NCI_CLIENT_PARAMETER_VALUE_SET,PD_SourceModel,05_Carbon_Calculator,
46F9012A-B898-4860-9619-2FBF67AF785D,REQ_NCI_CLIENT_PARAMETER_VALUE_SET,REQ_NCI_CLIENT_PARAMETER_VALUE_SET,CSI,false,SHL_LDM_EntityPropertyExtension.CSI
46F9012A-B898-4860-9619-2FBF67AF785D,REQ_NCI_CLIENT_PARAMETER_VALUE_SET,REQ_NCI_CLIENT_PARAMETER_VALUE_SET,MTED_Encryption_Required,false,SHL_LDM_EntityPropertyExtension.MTED_Encryption_Required
46F9012A-B898-4860-9619-2FBF67AF785D,REQ_NCI_CLIENT_PARAMETER_VALUE_SET,REQ_NCI_CLIENT_PARAMETER_VALUE_SET,PII,false,SHL_LDM_EntityPropertyExtension.PII
46F9012A-B898-4860-9619-2FBF67AF785D,REQ_NCI_CLIENT_PARAMETER_VALUE_SET,REQ_NCI_CLIENT_PARAMETER_VALUE_SET,CommerciallySensitiveInformation,No Commercially Sensitive Information,BIM-core.CommerciallySensitiveInformation
46F9012A-B898-4860-9619-2FBF67AF785D,REQ_NCI_CLIENT_PARAMETER_VALUE_SET,REQ_NCI_CLIENT_PARAMETER_VALUE_SET,Criticality,No Critical Data,BIM-core.Criticality
46F9012A-B898-4860-9619-2FBF67AF785D,REQ_NCI_CLIENT_PARAMETER_VALUE_SET,REQ_NCI_CLIENT_PARAMETER_VALUE_SET,DataCategory,Structured,BIM-core.DataCategory
46F9012A-B898-4860-9619-2FBF67AF785D,REQ_NCI_CLIENT_PARAMETER_VALUE_SET,REQ_NCI_CLIENT_PARAMETER_VALUE_SET,DataConfidentiality,Internal,BIM-core.DataConfidentiality
46F9012A-B898-4860-9619-2FBF67AF785D,REQ_NCI_CLIENT_PARAMETER_VALUE_SET,REQ_NCI_CLIENT_PARAMETER_VALUE_SET,EntityCategory,Intersection,BIM-core.EntityCategory
46F9012A-B898-4860-9619-2FBF67AF785D,REQ_NCI_CLIENT_PARAMETER_VALUE_SET,REQ_NCI_CLIENT_PARAMETER_VALUE_SET,EntityPersonalData,No Personal Data,BIM-core.EntityPersonalData
46F9012A-B898-4860-9619-2FBF67AF785D,REQ_NCI_CLIENT_PARAMETER_VALUE_SET,REQ_NCI_CLIENT_PARAMETER_VALUE_SET,FinancialPersonalData,No Financial Personal Data,BIM-core.FinancialPersonalData
46F9012A-B898-4860-9619-2FBF67AF785D,REQ_NCI_CLIENT_PARAMETER_VALUE_SET,REQ_NCI_CLIENT_PARAMETER_VALUE_SET,SensitivePersonalData,No Sensitive Personal Data,BIM-core.SensitivePersonalData
46F9012A-B898-4860-9619-2FBF67AF785D,REQ_NCI_CLIENT_PARAMETER_VALUE_SET,REQ_NCI_CLIENT_PARAMETER_VALUE_SET,MTED_EDaM_Mapping_Note,{\rtf1\ansi\ansicpg1252\deff0\nouicompat\deflang2057{\fonttbl{\f0\fnil\fcharset0 Times New Roman;}},BIM-core.MTED_EDaM_Mapping_Note
46F9012A-B898-4860-9619-2FBF67AF785D,REQ_NCI_CLIENT_PARAMETER_VALUE_SET,REQ_NCI_CLIENT_PARAMETER_VALUE_SET,MappingLevel,Application Specific,BIM-core.MappingLevel
46F9012A-B898-4860-9619-2FBF67AF785D,REQ_NCI_CLIENT_PARAMETER_VALUE_SET,REQ_NCI_CLIENT_PARAMETER_VALUE_SET,DesignStatus,Approved,BIM-core.DesignStatus
71912D64-9057-4D6B-B376-87B8A24E49C6,REQ_NCI_CLIENT_PRODUCT,REQ_NCI_CLIENT_PRODUCT,PD_ObjectID,71912D64-9057-4D6B-B376-87B8A24E49C6,
71912D64-9057-4D6B-B376-87B8A24E49C6,REQ_NCI_CLIENT_PRODUCT,REQ_NCI_CLIENT_PRODUCT,PD_SourceExtraction,46603045,
71912D64-9057-4D6B-B376-87B8A24E49C6,REQ_NCI_CLIENT_PRODUCT,REQ_NCI_CLIENT_PRODUCT,PD_SourceModel,05_Carbon_Calculator,
71912D64-9057-4D6B-B376-87B8A24E49C6,REQ_NCI_CLIENT_PRODUCT,REQ_NCI_CLIENT_PRODUCT,CommerciallySensitiveInformation,No Commercially Sensitive Information,BIM-core.CommerciallySensitiveInformation
71912D64-9057-4D6B-B376-87B8A24E49C6,REQ_NCI_CLIENT_PRODUCT,REQ_NCI_CLIENT_PRODUCT,Criticality,No Critical Data,BIM-core.Criticality
71912D64-9057-4D6B-B376-87B8A24E49C6,REQ_NCI_CLIENT_PRODUCT,REQ_NCI_CLIENT_PRODUCT,DataCategory,Structured,BIM-core.DataCategory
71912D64-9057-4D6B-B376-87B8A24E49C6,REQ_NCI_CLIENT_PRODUCT,REQ_NCI_CLIENT_PRODUCT,DataConfidentiality,Internal,BIM-core.DataConfidentiality
71912D64-9057-4D6B-B376-87B8A24E49C6,REQ_NCI_CLIENT_PRODUCT,REQ_NCI_CLIENT_PRODUCT,EntityCategory,Transaction,BIM-core.EntityCategory
71912D64-9057-4D6B-B376-87B8A24E49C6,REQ_NCI_CLIENT_PRODUCT,REQ_NCI_CLIENT_PRODUCT,EntityPersonalData,No Personal Data,BIM-core.EntityPersonalData
71912D64-9057-4D6B-B376-87B8A24E49C6,REQ_NCI_CLIENT_PRODUCT,REQ_NCI_CLIENT_PRODUCT,FinancialPersonalData,No Financial Personal Data,BIM-core.FinancialPersonalData
71912D64-9057-4D6B-B376-87B8A24E49C6,REQ_NCI_CLIENT_PRODUCT,REQ_NCI_CLIENT_PRODUCT,SensitivePersonalData,No Sensitive Personal Data,BIM-core.SensitivePersonalData
71912D64-9057-4D6B-B376-87B8A24E49C6,REQ_NCI_CLIENT_PRODUCT,REQ_NCI_CLIENT_PRODUCT,MTED_EDaM_Mapping_Note,{\rtf1\ansi\ansicpg1252\deff0\nouicompat\deflang2057{\fonttbl{\f0\fnil\fcharset0 Times New Roman;}},BIM-core.MTED_EDaM_Mapping_Note
71912D64-9057-4D6B-B376-87B8A24E49C6,REQ_NCI_CLIENT_PRODUCT,REQ_NCI_CLIENT_PRODUCT,MappingLevel,Application Specific,BIM-core.MappingLevel
71912D64-9057-4D6B-B376-87B8A24E49C6,REQ_NCI_CLIENT_PRODUCT,REQ_NCI_CLIENT_PRODUCT,DesignStatus,Approved,BIM-core.DesignStatus
0AFA0A56-3DCD-4C1F-95AE-01753BF2854D,REQ_NCI_CLIENT_PRODUCT_FACTOR,REQ_NCI_CLIENT_PRODUCT_FACTOR,PD_ObjectID,0AFA0A56-3DCD-4C1F-95AE-01753BF2854D,
0AFA0A56-3DCD-4C1F-95AE-01753BF2854D,REQ_NCI_CLIENT_PRODUCT_FACTOR,REQ_NCI_CLIENT_PRODUCT_FACTOR,PD_SourceExtraction,46603045,
0AFA0A56-3DCD-4C1F-95AE-01753BF2854D,REQ_NCI_CLIENT_PRODUCT_FACTOR,REQ_NCI_CLIENT_PRODUCT_FACTOR,PD_SourceModel,05_Carbon_Calculator,
0AFA0A56-3DCD-4C1F-95AE-01753BF2854D,REQ_NCI_CLIENT_PRODUCT_FACTOR,REQ_NCI_CLIENT_PRODUCT_FACTOR,CSI,false,SHL_LDM_EntityPropertyExtension.CSI
0AFA0A56-3DCD-4C1F-95AE-01753BF2854D,REQ_NCI_CLIENT_PRODUCT_FACTOR,REQ_NCI_CLIENT_PRODUCT_FACTOR,MTED_Encryption_Required,false,SHL_LDM_EntityPropertyExtension.MTED_Encryption_Required
0AFA0A56-3DCD-4C1F-95AE-01753BF2854D,REQ_NCI_CLIENT_PRODUCT_FACTOR,REQ_NCI_CLIENT_PRODUCT_FACTOR,PII,false,SHL_LDM_EntityPropertyExtension.PII
0AFA0A56-3DCD-4C1F-95AE-01753BF2854D,REQ_NCI_CLIENT_PRODUCT_FACTOR,REQ_NCI_CLIENT_PRODUCT_FACTOR,CommerciallySensitiveInformation,No Commercially Sensitive Information,BIM-core.CommerciallySensitiveInformation
0AFA0A56-3DCD-4C1F-95AE-01753BF2854D,REQ_NCI_CLIENT_PRODUCT_FACTOR,REQ_NCI_CLIENT_PRODUCT_FACTOR,Criticality,No Critical Data,BIM-core.Criticality
0AFA0A56-3DCD-4C1F-95AE-01753BF2854D,REQ_NCI_CLIENT_PRODUCT_FACTOR,REQ_NCI_CLIENT_PRODUCT_FACTOR,DataCategory,Structured,BIM-core.DataCategory
0AFA0A56-3DCD-4C1F-95AE-01753BF2854D,REQ_NCI_CLIENT_PRODUCT_FACTOR,REQ_NCI_CLIENT_PRODUCT_FACTOR,DataConfidentiality,Internal,BIM-core.DataConfidentiality
0AFA0A56-3DCD-4C1F-95AE-01753BF2854D,REQ_NCI_CLIENT_PRODUCT_FACTOR,REQ_NCI_CLIENT_PRODUCT_FACTOR,EntityCategory,Transaction,BIM-core.EntityCategory
0AFA0A56-3DCD-4C1F-95AE-01753BF2854D,REQ_NCI_CLIENT_PRODUCT_FACTOR,REQ_NCI_CLIENT_PRODUCT_FACTOR,EntityPersonalData,No Personal Data,BIM-core.EntityPersonalData
0AFA0A56-3DCD-4C1F-95AE-01753BF2854D,REQ_NCI_CLIENT_PRODUCT_FACTOR,REQ_NCI_CLIENT_PRODUCT_FACTOR,FinancialPersonalData,No Financial Personal Data,BIM-core.FinancialPersonalData
0AFA0A56-3DCD-4C1F-95AE-01753BF2854D,REQ_NCI_CLIENT_PRODUCT_FACTOR,REQ_NCI_CLIENT_PRODUCT_FACTOR,SensitivePersonalData,No Sensitive Personal Data,BIM-core.SensitivePersonalData
0AFA0A56-3DCD-4C1F-95AE-01753BF2854D,REQ_NCI_CLIENT_PRODUCT_FACTOR,REQ_NCI_CLIENT_PRODUCT_FACTOR,MTED_EDaM_Mapping_Note,{\rtf1\ansi\ansicpg1252\deff0\nouicompat\deflang2057{\fonttbl{\f0\fnil\fcharset0 Times New Roman;}},BIM-core.MTED_EDaM_Mapping_Note
0AFA0A56-3DCD-4C1F-95AE-01753BF2854D,REQ_NCI_CLIENT_PRODUCT_FACTOR,REQ_NCI_CLIENT_PRODUCT_FACTOR,MappingLevel,Application Specific,BIM-core.MappingLevel
0AFA0A56-3DCD-4C1F-95AE-01753BF2854D,REQ_NCI_CLIENT_PRODUCT_FACTOR,REQ_NCI_CLIENT_PRODUCT_FACTOR,DesignStatus,Approved,BIM-core.DesignStatus
D22074AC-03F0-44A4-A4D6-1124EF8AA1B7,REQ_NCI_CLIENT_PRODUCT_TYPE,REQ_NCI_CLIENT_PRODUCT_TYPE,PD_ObjectID,D22074AC-03F0-44A4-A4D6-1124EF8AA1B7,
D22074AC-03F0-44A4-A4D6-1124EF8AA1B7,REQ_NCI_CLIENT_PRODUCT_TYPE,REQ_NCI_CLIENT_PRODUCT_TYPE,PD_SourceExtraction,46603045,
D22074AC-03F0-44A4-A4D6-1124EF8AA1B7,REQ_NCI_CLIENT_PRODUCT_TYPE,REQ_NCI_CLIENT_PRODUCT_TYPE,PD_SourceModel,05_Carbon_Calculator,
D22074AC-03F0-44A4-A4D6-1124EF8AA1B7,REQ_NCI_CLIENT_PRODUCT_TYPE,REQ_NCI_CLIENT_PRODUCT_TYPE,CSI,false,SHL_LDM_EntityPropertyExtension.CSI
D22074AC-03F0-44A4-A4D6-1124EF8AA1B7,REQ_NCI_CLIENT_PRODUCT_TYPE,REQ_NCI_CLIENT_PRODUCT_TYPE,MTED_Encryption_Required,false,SHL_LDM_EntityPropertyExtension.MTED_Encryption_Required
D22074AC-03F0-44A4-A4D6-1124EF8AA1B7,REQ_NCI_CLIENT_PRODUCT_TYPE,REQ_NCI_CLIENT_PRODUCT_TYPE,PII,false,SHL_LDM_EntityPropertyExtension.PII
D22074AC-03F0-44A4-A4D6-1124EF8AA1B7,REQ_NCI_CLIENT_PRODUCT_TYPE,REQ_NCI_CLIENT_PRODUCT_TYPE,CommerciallySensitiveInformation,No Commercially Sensitive Information,BIM-core.CommerciallySensitiveInformation
D22074AC-03F0-44A4-A4D6-1124EF8AA1B7,REQ_NCI_CLIENT_PRODUCT_TYPE,REQ_NCI_CLIENT_PRODUCT_TYPE,Criticality,No Critical Data,BIM-core.Criticality
D22074AC-03F0-44A4-A4D6-1124EF8AA1B7,REQ_NCI_CLIENT_PRODUCT_TYPE,REQ_NCI_CLIENT_PRODUCT_TYPE,DataCategory,Structured,BIM-core.DataCategory
D22074AC-03F0-44A4-A4D6-1124EF8AA1B7,REQ_NCI_CLIENT_PRODUCT_TYPE,REQ_NCI_CLIENT_PRODUCT_TYPE,DataConfidentiality,Internal,BIM-core.DataConfidentiality
D22074AC-03F0-44A4-A4D6-1124EF8AA1B7,REQ_NCI_CLIENT_PRODUCT_TYPE,REQ_NCI_CLIENT_PRODUCT_TYPE,EntityCategory,Intersection,BIM-core.EntityCategory
D22074AC-03F0-44A4-A4D6-1124EF8AA1B7,REQ_NCI_CLIENT_PRODUCT_TYPE,REQ_NCI_CLIENT_PRODUCT_TYPE,EntityPersonalData,No Personal Data,BIM-core.EntityPersonalData
D22074AC-03F0-44A4-A4D6-1124EF8AA1B7,REQ_NCI_CLIENT_PRODUCT_TYPE,REQ_NCI_CLIENT_PRODUCT_TYPE,FinancialPersonalData,No Financial Personal Data,BIM-core.FinancialPersonalData
D22074AC-03F0-44A4-A4D6-1124EF8AA1B7,REQ_NCI_CLIENT_PRODUCT_TYPE,REQ_NCI_CLIENT_PRODUCT_TYPE,SensitivePersonalData,No Sensitive Personal Data,BIM-core.SensitivePersonalData
D22074AC-03F0-44A4-A4D6-1124EF8AA1B7,REQ_NCI_CLIENT_PRODUCT_TYPE,REQ_NCI_CLIENT_PRODUCT_TYPE,MTED_EDaM_Mapping_Note,{\rtf1\ansi\ansicpg1252\deff0\nouicompat\deflang2057{\fonttbl{\f0\fnil\fcharset0 Times New Roman;}},BIM-core.MTED_EDaM_Mapping_Note
D22074AC-03F0-44A4-A4D6-1124EF8AA1B7,REQ_NCI_CLIENT_PRODUCT_TYPE,REQ_NCI_CLIENT_PRODUCT_TYPE,MappingLevel,Application Specific,BIM-core.MappingLevel
D22074AC-03F0-44A4-A4D6-1124EF8AA1B7,REQ_NCI_CLIENT_PRODUCT_TYPE,REQ_NCI_CLIENT_PRODUCT_TYPE,DesignStatus,Approved,BIM-core.DesignStatus
46699FBA-B0D0-459A-B154-4E2584DD18E6,REQ_NCI_CLIENT_PRODUCT_UOM,REQ_NCI_CLIENT_PRODUCT_UOM,PD_ObjectID,46699FBA-B0D0-459A-B154-4E2584DD18E6,
46699FBA-B0D0-459A-B154-4E2584DD18E6,REQ_NCI_CLIENT_PRODUCT_UOM,REQ_NCI_CLIENT_PRODUCT_UOM,PD_SourceExtraction,46603045,
46699FBA-B0D0-459A-B154-4E2584DD18E6,REQ_NCI_CLIENT_PRODUCT_UOM,REQ_NCI_CLIENT_PRODUCT_UOM,PD_SourceModel,05_Carbon_Calculator,
46699FBA-B0D0-459A-B154-4E2584DD18E6,REQ_NCI_CLIENT_PRODUCT_UOM,REQ_NCI_CLIENT_PRODUCT_UOM,CommerciallySensitiveInformation,No Commercially Sensitive Information,BIM-core.CommerciallySensitiveInformation
46699FBA-B0D0-459A-B154-4E2584DD18E6,REQ_NCI_CLIENT_PRODUCT_UOM,REQ_NCI_CLIENT_PRODUCT_UOM,Criticality,No Critical Data,BIM-core.Criticality
46699FBA-B0D0-459A-B154-4E2584DD18E6,REQ_NCI_CLIENT_PRODUCT_UOM,REQ_NCI_CLIENT_PRODUCT_UOM,DataCategory,Structured,BIM-core.DataCategory
46699FBA-B0D0-459A-B154-4E2584DD18E6,REQ_NCI_CLIENT_PRODUCT_UOM,REQ_NCI_CLIENT_PRODUCT_UOM,DataConfidentiality,Internal,BIM-core.DataConfidentiality
46699FBA-B0D0-459A-B154-4E2584DD18E6,REQ_NCI_CLIENT_PRODUCT_UOM,REQ_NCI_CLIENT_PRODUCT_UOM,EntityCategory,Transaction,BIM-core.EntityCategory
46699FBA-B0D0-459A-B154-4E2584DD18E6,REQ_NCI_CLIENT_PRODUCT_UOM,REQ_NCI_CLIENT_PRODUCT_UOM,EntityPersonalData,No Personal Data,BIM-core.EntityPersonalData
46699FBA-B0D0-459A-B154-4E2584DD18E6,REQ_NCI_CLIENT_PRODUCT_UOM,REQ_NCI_CLIENT_PRODUCT_UOM,FinancialPersonalData,No Financial Personal Data,BIM-core.FinancialPersonalData
46699FBA-B0D0-459A-B154-4E2584DD18E6,REQ_NCI_CLIENT_PRODUCT_UOM,REQ_NCI_CLIENT_PRODUCT_UOM,SensitivePersonalData,No Sensitive Personal Data,BIM-core.SensitivePersonalData
46699FBA-B0D0-459A-B154-4E2584DD18E6,REQ_NCI_CLIENT_PRODUCT_UOM,REQ_NCI_CLIENT_PRODUCT_UOM,MTED_EDaM_Mapping_Note,{\rtf1\ansi\ansicpg1252\deff0\nouicompat\deflang2057{\fonttbl{\f0\fnil\fcharset0 Times New Roman;}},BIM-core.MTED_EDaM_Mapping_Note
46699FBA-B0D0-459A-B154-4E2584DD18E6,REQ_NCI_CLIENT_PRODUCT_UOM,REQ_NCI_CLIENT_PRODUCT_UOM,MappingLevel,Application Specific,BIM-core.MappingLevel
46699FBA-B0D0-459A-B154-4E2584DD18E6,REQ_NCI_CLIENT_PRODUCT_UOM,REQ_NCI_CLIENT_PRODUCT_UOM,DesignStatus,Approved,BIM-core.DesignStatus
1B0FBF62-236C-46E0-94F1-CF1BE3E6C2E9,REQ_PCF_FUEL_PRODUCT_REGION_CLIENT,REQ_PCF_FUEL_PRODUCT_REGION_CLIENT,PD_ObjectID,1B0FBF62-236C-46E0-94F1-CF1BE3E6C2E9,
1B0FBF62-236C-46E0-94F1-CF1BE3E6C2E9,REQ_PCF_FUEL_PRODUCT_REGION_CLIENT,REQ_PCF_FUEL_PRODUCT_REGION_CLIENT,PD_SourceExtraction,46603045,
1B0FBF62-236C-46E0-94F1-CF1BE3E6C2E9,REQ_PCF_FUEL_PRODUCT_REGION_CLIENT,REQ_PCF_FUEL_PRODUCT_REGION_CLIENT,PD_SourceModel,05_Carbon_Calculator,
1B0FBF62-236C-46E0-94F1-CF1BE3E6C2E9,REQ_PCF_FUEL_PRODUCT_REGION_CLIENT,REQ_PCF_FUEL_PRODUCT_REGION_CLIENT,CSI,false,SHL_LDM_EntityPropertyExtension.CSI
1B0FBF62-236C-46E0-94F1-CF1BE3E6C2E9,REQ_PCF_FUEL_PRODUCT_REGION_CLIENT,REQ_PCF_FUEL_PRODUCT_REGION_CLIENT,MTED_EDaM_Entity_Critical_Data,L,SHL_LDM_EntityPropertyExtension.MTED_EDaM_Entity_Critical_Data
1B0FBF62-236C-46E0-94F1-CF1BE3E6C2E9,REQ_PCF_FUEL_PRODUCT_REGION_CLIENT,REQ_PCF_FUEL_PRODUCT_REGION_CLIENT,MTED_EDaM_Security_Classification,Restricted,SHL_LDM_EntityPropertyExtension.MTED_EDaM_Security_Classification
1B0FBF62-236C-46E0-94F1-CF1BE3E6C2E9,REQ_PCF_FUEL_PRODUCT_REGION_CLIENT,REQ_PCF_FUEL_PRODUCT_REGION_CLIENT,MTED_EDaM_Design_Status,Approved,SHL_LDM_EntityPropertyExtension.MTED_EDaM_Design_Status
1B0FBF62-236C-46E0-94F1-CF1BE3E6C2E9,REQ_PCF_FUEL_PRODUCT_REGION_CLIENT,REQ_PCF_FUEL_PRODUCT_REGION_CLIENT,MTED_EDaM_Entity_Data_Category,Master,SHL_LDM_EntityPropertyExtension.MTED_EDaM_Entity_Data_Category
1B0FBF62-236C-46E0-94F1-CF1BE3E6C2E9,REQ_PCF_FUEL_PRODUCT_REGION_CLIENT,REQ_PCF_FUEL_PRODUCT_REGION_CLIENT,MTED_Encryption_Required,false,SHL_LDM_EntityPropertyExtension.MTED_Encryption_Required
1B0FBF62-236C-46E0-94F1-CF1BE3E6C2E9,REQ_PCF_FUEL_PRODUCT_REGION_CLIENT,REQ_PCF_FUEL_PRODUCT_REGION_CLIENT,PII,false,SHL_LDM_EntityPropertyExtension.PII
1B0FBF62-236C-46E0-94F1-CF1BE3E6C2E9,REQ_PCF_FUEL_PRODUCT_REGION_CLIENT,REQ_PCF_FUEL_PRODUCT_REGION_CLIENT,CommerciallySensitiveInformation,No Commercially Sensitive Information,BIM-core.CommerciallySensitiveInformation
1B0FBF62-236C-46E0-94F1-CF1BE3E6C2E9,REQ_PCF_FUEL_PRODUCT_REGION_CLIENT,REQ_PCF_FUEL_PRODUCT_REGION_CLIENT,Criticality,No Critical Data,BIM-core.Criticality
1B0FBF62-236C-46E0-94F1-CF1BE3E6C2E9,REQ_PCF_FUEL_PRODUCT_REGION_CLIENT,REQ_PCF_FUEL_PRODUCT_REGION_CLIENT,DataCategory,Structured,BIM-core.DataCategory
1B0FBF62-236C-46E0-94F1-CF1BE3E6C2E9,REQ_PCF_FUEL_PRODUCT_REGION_CLIENT,REQ_PCF_FUEL_PRODUCT_REGION_CLIENT,DataConfidentiality,Internal,BIM-core.DataConfidentiality
1B0FBF62-236C-46E0-94F1-CF1BE3E6C2E9,REQ_PCF_FUEL_PRODUCT_REGION_CLIENT,REQ_PCF_FUEL_PRODUCT_REGION_CLIENT,EntityCategory,Transaction,BIM-core.EntityCategory
1B0FBF62-236C-46E0-94F1-CF1BE3E6C2E9,REQ_PCF_FUEL_PRODUCT_REGION_CLIENT,REQ_PCF_FUEL_PRODUCT_REGION_CLIENT,EntityPersonalData,No Personal Data,BIM-core.EntityPersonalData
1B0FBF62-236C-46E0-94F1-CF1BE3E6C2E9,REQ_PCF_FUEL_PRODUCT_REGION_CLIENT,REQ_PCF_FUEL_PRODUCT_REGION_CLIENT,FinancialPersonalData,No Financial Personal Data,BIM-core.FinancialPersonalData
1B0FBF62-236C-46E0-94F1-CF1BE3E6C2E9,REQ_PCF_FUEL_PRODUCT_REGION_CLIENT,REQ_PCF_FUEL_PRODUCT_REGION_CLIENT,SensitivePersonalData,No Sensitive Personal Data,BIM-core.SensitivePersonalData
1B0FBF62-236C-46E0-94F1-CF1BE3E6C2E9,REQ_PCF_FUEL_PRODUCT_REGION_CLIENT,REQ_PCF_FUEL_PRODUCT_REGION_CLIENT,MTED_EDaM_Mapping_Note,{\rtf1\ansi\ansicpg1252\deff0\nouicompat\deflang2057{\fonttbl{\f0\fnil\fcharset0 Times New Roman;}},BIM-core.MTED_EDaM_Mapping_Note
1B0FBF62-236C-46E0-94F1-CF1BE3E6C2E9,REQ_PCF_FUEL_PRODUCT_REGION_CLIENT,REQ_PCF_FUEL_PRODUCT_REGION_CLIENT,MappingLevel,Application Specific,BIM-core.MappingLevel
1B0FBF62-236C-46E0-94F1-CF1BE3E6C2E9,REQ_PCF_FUEL_PRODUCT_REGION_CLIENT,REQ_PCF_FUEL_PRODUCT_REGION_CLIENT,DesignStatus,Approved,BIM-core.DesignStatus
0291366A-FCDD-4BAB-AD18-275F12EFFA15,REQ_PCF_PRODUCT_REGION_ENERGY_APPLICATION,REQ_PCF_PRODUCT_ENERGY_APPLICATION,PD_ObjectID,0291366A-FCDD-4BAB-AD18-275F12EFFA15,
0291366A-FCDD-4BAB-AD18-275F12EFFA15,REQ_PCF_PRODUCT_REGION_ENERGY_APPLICATION,REQ_PCF_PRODUCT_ENERGY_APPLICATION,PD_SourceExtraction,46603045,
0291366A-FCDD-4BAB-AD18-275F12EFFA15,REQ_PCF_PRODUCT_REGION_ENERGY_APPLICATION,REQ_PCF_PRODUCT_ENERGY_APPLICATION,PD_SourceModel,05_Carbon_Calculator,
0291366A-FCDD-4BAB-AD18-275F12EFFA15,REQ_PCF_PRODUCT_REGION_ENERGY_APPLICATION,REQ_PCF_PRODUCT_ENERGY_APPLICATION,CommerciallySensitiveInformation,No Commercially Sensitive Information,BIM-core.CommerciallySensitiveInformation
0291366A-FCDD-4BAB-AD18-275F12EFFA15,REQ_PCF_PRODUCT_REGION_ENERGY_APPLICATION,REQ_PCF_PRODUCT_ENERGY_APPLICATION,Criticality,No Critical Data,BIM-core.Criticality
0291366A-FCDD-4BAB-AD18-275F12EFFA15,REQ_PCF_PRODUCT_REGION_ENERGY_APPLICATION,REQ_PCF_PRODUCT_ENERGY_APPLICATION,DataCategory,Structured,BIM-core.DataCategory
0291366A-FCDD-4BAB-AD18-275F12EFFA15,REQ_PCF_PRODUCT_REGION_ENERGY_APPLICATION,REQ_PCF_PRODUCT_ENERGY_APPLICATION,DataConfidentiality,Internal,BIM-core.DataConfidentiality
0291366A-FCDD-4BAB-AD18-275F12EFFA15,REQ_PCF_PRODUCT_REGION_ENERGY_APPLICATION,REQ_PCF_PRODUCT_ENERGY_APPLICATION,EntityCategory,Transaction,BIM-core.EntityCategory
0291366A-FCDD-4BAB-AD18-275F12EFFA15,REQ_PCF_PRODUCT_REGION_ENERGY_APPLICATION,REQ_PCF_PRODUCT_ENERGY_APPLICATION,EntityPersonalData,No Personal Data,BIM-core.EntityPersonalData
0291366A-FCDD-4BAB-AD18-275F12EFFA15,REQ_PCF_PRODUCT_REGION_ENERGY_APPLICATION,REQ_PCF_PRODUCT_ENERGY_APPLICATION,FinancialPersonalData,No Financial Personal Data,BIM-core.FinancialPersonalData
0291366A-FCDD-4BAB-AD18-275F12EFFA15,REQ_PCF_PRODUCT_REGION_ENERGY_APPLICATION,REQ_PCF_PRODUCT_ENERGY_APPLICATION,SensitivePersonalData,No Sensitive Personal Data,BIM-core.SensitivePersonalData
0291366A-FCDD-4BAB-AD18-275F12EFFA15,REQ_PCF_PRODUCT_REGION_ENERGY_APPLICATION,REQ_PCF_PRODUCT_ENERGY_APPLICATION,MTED_EDaM_Mapping_Note,{\rtf1\ansi\ansicpg1252\deff0\nouicompat\deflang2057{\fonttbl{\f0\fnil\fcharset0 Times New Roman;}},BIM-core.MTED_EDaM_Mapping_Note
0291366A-FCDD-4BAB-AD18-275F12EFFA15,REQ_PCF_PRODUCT_REGION_ENERGY_APPLICATION,REQ_PCF_PRODUCT_ENERGY_APPLICATION,MappingLevel,Application Specific,BIM-core.MappingLevel
0291366A-FCDD-4BAB-AD18-275F12EFFA15,REQ_PCF_PRODUCT_REGION_ENERGY_APPLICATION,REQ_PCF_PRODUCT_ENERGY_APPLICATION,DesignStatus,Approved,BIM-core.DesignStatus
73D346FC-1843-4E05-AB8D-5807B748824F,REQ_PCF_PRODUCT_REGION_ACTIVITY_PARAMETER,REQ_PCF_PRODUCT_REGION_ACTIVITY_PARAMETER,PD_ObjectID,73D346FC-1843-4E05-AB8D-5807B748824F,
73D346FC-1843-4E05-AB8D-5807B748824F,REQ_PCF_PRODUCT_REGION_ACTIVITY_PARAMETER,REQ_PCF_PRODUCT_REGION_ACTIVITY_PARAMETER,PD_SourceExtraction,46603045,
73D346FC-1843-4E05-AB8D-5807B748824F,REQ_PCF_PRODUCT_REGION_ACTIVITY_PARAMETER,REQ_PCF_PRODUCT_REGION_ACTIVITY_PARAMETER,PD_SourceModel,05_Carbon_Calculator,
73D346FC-1843-4E05-AB8D-5807B748824F,REQ_PCF_PRODUCT_REGION_ACTIVITY_PARAMETER,REQ_PCF_PRODUCT_REGION_ACTIVITY_PARAMETER,CommerciallySensitiveInformation,No Commercially Sensitive Information,BIM-core.CommerciallySensitiveInformation
73D346FC-1843-4E05-AB8D-5807B748824F,REQ_PCF_PRODUCT_REGION_ACTIVITY_PARAMETER,REQ_PCF_PRODUCT_REGION_ACTIVITY_PARAMETER,Criticality,No Critical Data,BIM-core.Criticality
73D346FC-1843-4E05-AB8D-5807B748824F,REQ_PCF_PRODUCT_REGION_ACTIVITY_PARAMETER,REQ_PCF_PRODUCT_REGION_ACTIVITY_PARAMETER,DataCategory,Structured,BIM-core.DataCategory
73D346FC-1843-4E05-AB8D-5807B748824F,REQ_PCF_PRODUCT_REGION_ACTIVITY_PARAMETER,REQ_PCF_PRODUCT_REGION_ACTIVITY_PARAMETER,DataConfidentiality,Internal,BIM-core.DataConfidentiality
73D346FC-1843-4E05-AB8D-5807B748824F,REQ_PCF_PRODUCT_REGION_ACTIVITY_PARAMETER,REQ_PCF_PRODUCT_REGION_ACTIVITY_PARAMETER,EntityCategory,Transaction,BIM-core.EntityCategory
73D346FC-1843-4E05-AB8D-5807B748824F,REQ_PCF_PRODUCT_REGION_ACTIVITY_PARAMETER,REQ_PCF_PRODUCT_REGION_ACTIVITY_PARAMETER,EntityPersonalData,Personal Data,BIM-core.EntityPersonalData
73D346FC-1843-4E05-AB8D-5807B748824F,REQ_PCF_PRODUCT_REGION_ACTIVITY_PARAMETER,REQ_PCF_PRODUCT_REGION_ACTIVITY_PARAMETER,FinancialPersonalData,No Financial Personal Data,BIM-core.FinancialPersonalData
73D346FC-1843-4E05-AB8D-5807B748824F,REQ_PCF_PRODUCT_REGION_ACTIVITY_PARAMETER,REQ_PCF_PRODUCT_REGION_ACTIVITY_PARAMETER,SensitivePersonalData,No Sensitive Personal Data,BIM-core.SensitivePersonalData
73D346FC-1843-4E05-AB8D-5807B748824F,REQ_PCF_PRODUCT_REGION_ACTIVITY_PARAMETER,REQ_PCF_PRODUCT_REGION_ACTIVITY_PARAMETER,MTED_EDaM_Mapping_Note,{\rtf1\ansi\ansicpg1252\deff0\nouicompat\deflang2057{\fonttbl{\f0\fnil\fcharset0 Times New Roman;}},BIM-core.MTED_EDaM_Mapping_Note
73D346FC-1843-4E05-AB8D-5807B748824F,REQ_PCF_PRODUCT_REGION_ACTIVITY_PARAMETER,REQ_PCF_PRODUCT_REGION_ACTIVITY_PARAMETER,MappingLevel,Application Specific,BIM-core.MappingLevel
73D346FC-1843-4E05-AB8D-5807B748824F,REQ_PCF_PRODUCT_REGION_ACTIVITY_PARAMETER,REQ_PCF_PRODUCT_REGION_ACTIVITY_PARAMETER,DesignStatus,Approved,BIM-core.DesignStatus
1D0094A3-481B-45C1-8C55-454F2FE35904,REQ_PCF_PRODUCT_REGION_INTENDED_USE,REQ_PCF_PRODUCT_REGION_INTENDED_USE,PD_ObjectID,1D0094A3-481B-45C1-8C55-454F2FE35904,
1D0094A3-481B-45C1-8C55-454F2FE35904,REQ_PCF_PRODUCT_REGION_INTENDED_USE,REQ_PCF_PRODUCT_REGION_INTENDED_USE,PD_SourceExtraction,46603045,
1D0094A3-481B-45C1-8C55-454F2FE35904,REQ_PCF_PRODUCT_REGION_INTENDED_USE,REQ_PCF_PRODUCT_REGION_INTENDED_USE,PD_SourceModel,05_Carbon_Calculator,
1D0094A3-481B-45C1-8C55-454F2FE35904,REQ_PCF_PRODUCT_REGION_INTENDED_USE,REQ_PCF_PRODUCT_REGION_INTENDED_USE,CommerciallySensitiveInformation,No Commercially Sensitive Information,BIM-core.CommerciallySensitiveInformation
1D0094A3-481B-45C1-8C55-454F2FE35904,REQ_PCF_PRODUCT_REGION_INTENDED_USE,REQ_PCF_PRODUCT_REGION_INTENDED_USE,Criticality,No Critical Data,BIM-core.Criticality
1D0094A3-481B-45C1-8C55-454F2FE35904,REQ_PCF_PRODUCT_REGION_INTENDED_USE,REQ_PCF_PRODUCT_REGION_INTENDED_USE,DataCategory,Structured,BIM-core.DataCategory
1D0094A3-481B-45C1-8C55-454F2FE35904,REQ_PCF_PRODUCT_REGION_INTENDED_USE,REQ_PCF_PRODUCT_REGION_INTENDED_USE,DataConfidentiality,Internal,BIM-core.DataConfidentiality
1D0094A3-481B-45C1-8C55-454F2FE35904,REQ_PCF_PRODUCT_REGION_INTENDED_USE,REQ_PCF_PRODUCT_REGION_INTENDED_USE,EntityCategory,Transaction,BIM-core.EntityCategory
1D0094A3-481B-45C1-8C55-454F2FE35904,REQ_PCF_PRODUCT_REGION_INTENDED_USE,REQ_PCF_PRODUCT_REGION_INTENDED_USE,EntityPersonalData,No Personal Data,BIM-core.EntityPersonalData
1D0094A3-481B-45C1-8C55-454F2FE35904,REQ_PCF_PRODUCT_REGION_INTENDED_USE,REQ_PCF_PRODUCT_REGION_INTENDED_USE,FinancialPersonalData,No Financial Personal Data,BIM-core.FinancialPersonalData
1D0094A3-481B-45C1-8C55-454F2FE35904,REQ_PCF_PRODUCT_REGION_INTENDED_USE,REQ_PCF_PRODUCT_REGION_INTENDED_USE,SensitivePersonalData,No Sensitive Personal Data,BIM-core.SensitivePersonalData
1D0094A3-481B-45C1-8C55-454F2FE35904,REQ_PCF_PRODUCT_REGION_INTENDED_USE,REQ_PCF_PRODUCT_REGION_INTENDED_USE,MTED_EDaM_Mapping_Note,{\rtf1\ansi\ansicpg1252\deff0\nouicompat\deflang2057{\fonttbl{\f0\fnil\fcharset0 Times New Roman;}},BIM-core.MTED_EDaM_Mapping_Note
1D0094A3-481B-45C1-8C55-454F2FE35904,REQ_PCF_PRODUCT_REGION_INTENDED_USE,REQ_PCF_PRODUCT_REGION_INTENDED_USE,MappingLevel,Application Specific,BIM-core.MappingLevel
1D0094A3-481B-45C1-8C55-454F2FE35904,REQ_PCF_PRODUCT_REGION_INTENDED_USE,REQ_PCF_PRODUCT_REGION_INTENDED_USE,DesignStatus,Approved,BIM-core.DesignStatus
E7EC10F0-37A7-409E-A5E8-4BAD8E0591A1,REQ_PCF_PRODUCT_REGION_UOM,REQ_PCF_PRODUCT_REGION_UOM,PD_ObjectID,E7EC10F0-37A7-409E-A5E8-4BAD8E0591A1,
E7EC10F0-37A7-409E-A5E8-4BAD8E0591A1,REQ_PCF_PRODUCT_REGION_UOM,REQ_PCF_PRODUCT_REGION_UOM,PD_SourceExtraction,46603045,
E7EC10F0-37A7-409E-A5E8-4BAD8E0591A1,REQ_PCF_PRODUCT_REGION_UOM,REQ_PCF_PRODUCT_REGION_UOM,PD_SourceModel,05_Carbon_Calculator,
E7EC10F0-37A7-409E-A5E8-4BAD8E0591A1,REQ_PCF_PRODUCT_REGION_UOM,REQ_PCF_PRODUCT_REGION_UOM,CommerciallySensitiveInformation,No Commercially Sensitive Information,BIM-core.CommerciallySensitiveInformation
E7EC10F0-37A7-409E-A5E8-4BAD8E0591A1,REQ_PCF_PRODUCT_REGION_UOM,REQ_PCF_PRODUCT_REGION_UOM,Criticality,No Critical Data,BIM-core.Criticality
E7EC10F0-37A7-409E-A5E8-4BAD8E0591A1,REQ_PCF_PRODUCT_REGION_UOM,REQ_PCF_PRODUCT_REGION_UOM,DataCategory,Structured,BIM-core.DataCategory
E7EC10F0-37A7-409E-A5E8-4BAD8E0591A1,REQ_PCF_PRODUCT_REGION_UOM,REQ_PCF_PRODUCT_REGION_UOM,DataConfidentiality,Internal,BIM-core.DataConfidentiality
E7EC10F0-37A7-409E-A5E8-4BAD8E0591A1,REQ_PCF_PRODUCT_REGION_UOM,REQ_PCF_PRODUCT_REGION_UOM,EntityCategory,Transaction,BIM-core.EntityCategory
E7EC10F0-37A7-409E-A5E8-4BAD8E0591A1,REQ_PCF_PRODUCT_REGION_UOM,REQ_PCF_PRODUCT_REGION_UOM,EntityPersonalData,No Personal Data,BIM-core.EntityPersonalData
E7EC10F0-37A7-409E-A5E8-4BAD8E0591A1,REQ_PCF_PRODUCT_REGION_UOM,REQ_PCF_PRODUCT_REGION_UOM,FinancialPersonalData,No Financial Personal Data,BIM-core.FinancialPersonalData
E7EC10F0-37A7-409E-A5E8-4BAD8E0591A1,REQ_PCF_PRODUCT_REGION_UOM,REQ_PCF_PRODUCT_REGION_UOM,SensitivePersonalData,No Sensitive Personal Data,BIM-core.SensitivePersonalData
E7EC10F0-37A7-409E-A5E8-4BAD8E0591A1,REQ_PCF_PRODUCT_REGION_UOM,REQ_PCF_PRODUCT_REGION_UOM,MTED_EDaM_Mapping_Note,{\rtf1\ansi\ansicpg1252\deff0\nouicompat\deflang2057{\fonttbl{\f0\fnil\fcharset0 Times New Roman;}},BIM-core.MTED_EDaM_Mapping_Note
E7EC10F0-37A7-409E-A5E8-4BAD8E0591A1,REQ_PCF_PRODUCT_REGION_UOM,REQ_PCF_PRODUCT_REGION_UOM,MappingLevel,Application Specific,BIM-core.MappingLevel
E7EC10F0-37A7-409E-A5E8-4BAD8E0591A1,REQ_PCF_PRODUCT_REGION_UOM,REQ_PCF_PRODUCT_REGION_UOM,DesignStatus,Approved,BIM-core.DesignStatus
4E60AB68-BA2E-4BAA-A925-78ED3362DA16,EQUIPMENT_TYPE,EQUIPMENT_TYPE,PD_ObjectID,4E60AB68-BA2E-4BAA-A925-78ED3362DA16,
4E60AB68-BA2E-4BAA-A925-78ED3362DA16,EQUIPMENT_TYPE,EQUIPMENT_TYPE,PD_SourceExtraction,46603045,
4E60AB68-BA2E-4BAA-A925-78ED3362DA16,EQUIPMENT_TYPE,EQUIPMENT_TYPE,PD_SourceModel,05_Carbon_Calculator,
4E60AB68-BA2E-4BAA-A925-78ED3362DA16,EQUIPMENT_TYPE,EQUIPMENT_TYPE,CSI,false,SHL_LDM_EntityPropertyExtension.CSI
4E60AB68-BA2E-4BAA-A925-78ED3362DA16,EQUIPMENT_TYPE,EQUIPMENT_TYPE,MTED_Encryption_Required,false,SHL_LDM_EntityPropertyExtension.MTED_Encryption_Required
4E60AB68-BA2E-4BAA-A925-78ED3362DA16,EQUIPMENT_TYPE,EQUIPMENT_TYPE,PII,false,SHL_LDM_EntityPropertyExtension.PII
4E60AB68-BA2E-4BAA-A925-78ED3362DA16,EQUIPMENT_TYPE,EQUIPMENT_TYPE,CommerciallySensitiveInformation,No Commercially Sensitive Information,BIM-core.CommerciallySensitiveInformation
4E60AB68-BA2E-4BAA-A925-78ED3362DA16,EQUIPMENT_TYPE,EQUIPMENT_TYPE,Criticality,No Critical Data,BIM-core.Criticality
4E60AB68-BA2E-4BAA-A925-78ED3362DA16,EQUIPMENT_TYPE,EQUIPMENT_TYPE,DataCategory,Structured,BIM-core.DataCategory
4E60AB68-BA2E-4BAA-A925-78ED3362DA16,EQUIPMENT_TYPE,EQUIPMENT_TYPE,DataConfidentiality,Internal,BIM-core.DataConfidentiality
4E60AB68-BA2E-4BAA-A925-78ED3362DA16,EQUIPMENT_TYPE,EQUIPMENT_TYPE,DesignStatus,Approved,BIM-core.DesignStatus
4E60AB68-BA2E-4BAA-A925-78ED3362DA16,EQUIPMENT_TYPE,EQUIPMENT_TYPE,EntityCategory,Internal Reference,BIM-core.EntityCategory
4E60AB68-BA2E-4BAA-A925-78ED3362DA16,EQUIPMENT_TYPE,EQUIPMENT_TYPE,EntityPersonalData,No Personal Data,BIM-core.EntityPersonalData
4E60AB68-BA2E-4BAA-A925-78ED3362DA16,EQUIPMENT_TYPE,EQUIPMENT_TYPE,FinancialPersonalData,No Financial Personal Data,BIM-core.FinancialPersonalData
4E60AB68-BA2E-4BAA-A925-78ED3362DA16,EQUIPMENT_TYPE,EQUIPMENT_TYPE,SensitivePersonalData,No Sensitive Personal Data,BIM-core.SensitivePersonalData
4E60AB68-BA2E-4BAA-A925-78ED3362DA16,EQUIPMENT_TYPE,EQUIPMENT_TYPE,DataArea,Equipment,BIM-core.DataArea
4E60AB68-BA2E-4BAA-A925-78ED3362DA16,EQUIPMENT_TYPE,EQUIPMENT_TYPE,MappingLevel,BLM,BIM-core.MappingLevel
4E60AB68-BA2E-4BAA-A925-78ED3362DA16,EQUIPMENT_TYPE,EQUIPMENT_TYPE,MapsToEntity,EQUIPMENT,BIM-core.MapsToEntity
BBC3FE8C-D594-4EF9-A1B7-838AAC839A44,CLIENT_CONSENT,CLIENT_CNSNT,PD_ObjectID,BBC3FE8C-D594-4EF9-A1B7-838AAC839A44,
BBC3FE8C-D594-4EF9-A1B7-838AAC839A44,CLIENT_CONSENT,CLIENT_CNSNT,PD_SourceExtraction,46603045,
BBC3FE8C-D594-4EF9-A1B7-838AAC839A44,CLIENT_CONSENT,CLIENT_CNSNT,PD_SourceModel,05_Carbon_Calculator,
BBC3FE8C-D594-4EF9-A1B7-838AAC839A44,CLIENT_CONSENT,CLIENT_CNSNT,CommerciallySensitiveInformation,No Commercially Sensitive Information,BIM-core.CommerciallySensitiveInformation
BBC3FE8C-D594-4EF9-A1B7-838AAC839A44,CLIENT_CONSENT,CLIENT_CNSNT,Criticality,No Critical Data,BIM-core.Criticality
BBC3FE8C-D594-4EF9-A1B7-838AAC839A44,CLIENT_CONSENT,CLIENT_CNSNT,DataCategory,Structured,BIM-core.DataCategory
BBC3FE8C-D594-4EF9-A1B7-838AAC839A44,CLIENT_CONSENT,CLIENT_CNSNT,DataConfidentiality,Internal,BIM-core.DataConfidentiality
BBC3FE8C-D594-4EF9-A1B7-838AAC839A44,CLIENT_CONSENT,CLIENT_CNSNT,DesignStatus,Approved,BIM-core.DesignStatus
BBC3FE8C-D594-4EF9-A1B7-838AAC839A44,CLIENT_CONSENT,CLIENT_CNSNT,EntityCategory,Transaction,BIM-core.EntityCategory
BBC3FE8C-D594-4EF9-A1B7-838AAC839A44,CLIENT_CONSENT,CLIENT_CNSNT,EntityPersonalData,No Personal Data,BIM-core.EntityPersonalData
BBC3FE8C-D594-4EF9-A1B7-838AAC839A44,CLIENT_CONSENT,CLIENT_CNSNT,FinancialPersonalData,No Financial Personal Data,BIM-core.FinancialPersonalData
BBC3FE8C-D594-4EF9-A1B7-838AAC839A44,CLIENT_CONSENT,CLIENT_CNSNT,MTED_EDaM_Mapping_Note,{\rtf1\ansi\ansicpg1252\deff0\nouicompat\deflang2057{\fonttbl{\f0\fnil\fcharset0 Times New Roman;}},BIM-core.MTED_EDaM_Mapping_Note
BBC3FE8C-D594-4EF9-A1B7-838AAC839A44,CLIENT_CONSENT,CLIENT_CNSNT,SensitivePersonalData,No Sensitive Personal Data,BIM-core.SensitivePersonalData
D496D984-4C1F-4FCC-BED2-2123EA38FD66,FACTOR_PUBLICATION_COMPOSITION,FCTR_PBLCTN_CMPSTN,PD_ObjectID,D496D984-4C1F-4FCC-BED2-2123EA38FD66,
D496D984-4C1F-4FCC-BED2-2123EA38FD66,FACTOR_PUBLICATION_COMPOSITION,FCTR_PBLCTN_CMPSTN,PD_SourceExtraction,46603045,
D496D984-4C1F-4FCC-BED2-2123EA38FD66,FACTOR_PUBLICATION_COMPOSITION,FCTR_PBLCTN_CMPSTN,PD_SourceModel,05_Carbon_Calculator,
D496D984-4C1F-4FCC-BED2-2123EA38FD66,FACTOR_PUBLICATION_COMPOSITION,FCTR_PBLCTN_CMPSTN,CommerciallySensitiveInformation,No Commercially Sensitive Information,BIM-core.CommerciallySensitiveInformation
D496D984-4C1F-4FCC-BED2-2123EA38FD66,FACTOR_PUBLICATION_COMPOSITION,FCTR_PBLCTN_CMPSTN,Criticality,No Critical Data,BIM-core.Criticality
D496D984-4C1F-4FCC-BED2-2123EA38FD66,FACTOR_PUBLICATION_COMPOSITION,FCTR_PBLCTN_CMPSTN,DataCategory,Structured,BIM-core.DataCategory
D496D984-4C1F-4FCC-BED2-2123EA38FD66,FACTOR_PUBLICATION_COMPOSITION,FCTR_PBLCTN_CMPSTN,DataConfidentiality,Internal,BIM-core.DataConfidentiality
D496D984-4C1F-4FCC-BED2-2123EA38FD66,FACTOR_PUBLICATION_COMPOSITION,FCTR_PBLCTN_CMPSTN,DesignStatus,Approved,BIM-core.DesignStatus
D496D984-4C1F-4FCC-BED2-2123EA38FD66,FACTOR_PUBLICATION_COMPOSITION,FCTR_PBLCTN_CMPSTN,EntityCategory,Master,BIM-core.EntityCategory
D496D984-4C1F-4FCC-BED2-2123EA38FD66,FACTOR_PUBLICATION_COMPOSITION,FCTR_PBLCTN_CMPSTN,EntityPersonalData,No Personal Data,BIM-core.EntityPersonalData
D496D984-4C1F-4FCC-BED2-2123EA38FD66,FACTOR_PUBLICATION_COMPOSITION,FCTR_PBLCTN_CMPSTN,FinancialPersonalData,No Financial Personal Data,BIM-core.FinancialPersonalData
D496D984-4C1F-4FCC-BED2-2123EA38FD66,FACTOR_PUBLICATION_COMPOSITION,FCTR_PBLCTN_CMPSTN,MTED_EDaM_Mapping_Note,{\rtf1\ansi\ansicpg1252\deff0\nouicompat\deflang2057{\fonttbl{\f0\fnil\fcharset0 Times New Roman;}},BIM-core.MTED_EDaM_Mapping_Note
D496D984-4C1F-4FCC-BED2-2123EA38FD66,FACTOR_PUBLICATION_COMPOSITION,FCTR_PBLCTN_CMPSTN,SensitivePersonalData,No Sensitive Personal Data,BIM-core.SensitivePersonalData
1C25A39E-9D6A-4CE9-B8BB-ABDFEA7B6470,CLIENT_USER,CLIENT_USER,PD_ObjectID,1C25A39E-9D6A-4CE9-B8BB-ABDFEA7B6470,
1C25A39E-9D6A-4CE9-B8BB-ABDFEA7B6470,CLIENT_USER,CLIENT_USER,PD_SourceExtraction,46603045,
1C25A39E-9D6A-4CE9-B8BB-ABDFEA7B6470,CLIENT_USER,CLIENT_USER,PD_SourceModel,05_Carbon_Calculator,
1C25A39E-9D6A-4CE9-B8BB-ABDFEA7B6470,CLIENT_USER,CLIENT_USER,CommerciallySensitiveInformation,No Commercially Sensitive Information,BIM-core.CommerciallySensitiveInformation
1C25A39E-9D6A-4CE9-B8BB-ABDFEA7B6470,CLIENT_USER,CLIENT_USER,Criticality,No Critical Data,BIM-core.Criticality
1C25A39E-9D6A-4CE9-B8BB-ABDFEA7B6470,CLIENT_USER,CLIENT_USER,DataArea,Core HR,BIM-core.DataArea
1C25A39E-9D6A-4CE9-B8BB-ABDFEA7B6470,CLIENT_USER,CLIENT_USER,DataCategory,Structured,BIM-core.DataCategory
1C25A39E-9D6A-4CE9-B8BB-ABDFEA7B6470,CLIENT_USER,CLIENT_USER,DataConfidentiality,Internal,BIM-core.DataConfidentiality
1C25A39E-9D6A-4CE9-B8BB-ABDFEA7B6470,CLIENT_USER,CLIENT_USER,EntityCategory,Transaction,BIM-core.EntityCategory
1C25A39E-9D6A-4CE9-B8BB-ABDFEA7B6470,CLIENT_USER,CLIENT_USER,EntityPersonalData,No Personal Data,BIM-core.EntityPersonalData
1C25A39E-9D6A-4CE9-B8BB-ABDFEA7B6470,CLIENT_USER,CLIENT_USER,FinancialPersonalData,No Financial Personal Data,BIM-core.FinancialPersonalData
1C25A39E-9D6A-4CE9-B8BB-ABDFEA7B6470,CLIENT_USER,CLIENT_USER,MappingLevel,BLM,BIM-core.MappingLevel
1C25A39E-9D6A-4CE9-B8BB-ABDFEA7B6470,CLIENT_USER,CLIENT_USER,MapsToEntity,EMPLOYEE,BIM-core.MapsToEntity
1C25A39E-9D6A-4CE9-B8BB-ABDFEA7B6470,CLIENT_USER,CLIENT_USER,SensitivePersonalData,No Sensitive Personal Data,BIM-core.SensitivePersonalData
1C25A39E-9D6A-4CE9-B8BB-ABDFEA7B6470,CLIENT_USER,CLIENT_USER,DesignStatus,Approved,BIM-core.DesignStatus
0CB4099C-534A-4943-A3C0-80E3500D9C99,DATA_REQUEST,DATA_REQUEST,PD_ObjectID,0CB4099C-534A-4943-A3C0-80E3500D9C99,
0CB4099C-534A-4943-A3C0-80E3500D9C99,DATA_REQUEST,DATA_REQUEST,PD_SourceExtraction,46603045,
0CB4099C-534A-4943-A3C0-80E3500D9C99,DATA_REQUEST,DATA_REQUEST,PD_SourceModel,05_Carbon_Calculator,
0CB4099C-534A-4943-A3C0-80E3500D9C99,DATA_REQUEST,DATA_REQUEST,CommerciallySensitiveInformation,No Commercially Sensitive Information,BIM-core.CommerciallySensitiveInformation
0CB4099C-534A-4943-A3C0-80E3500D9C99,DATA_REQUEST,DATA_REQUEST,Criticality,No Critical Data,BIM-core.Criticality
0CB4099C-534A-4943-A3C0-80E3500D9C99,DATA_REQUEST,DATA_REQUEST,DataCategory,Structured,BIM-core.DataCategory
0CB4099C-534A-4943-A3C0-80E3500D9C99,DATA_REQUEST,DATA_REQUEST,DataConfidentiality,Internal,BIM-core.DataConfidentiality
0CB4099C-534A-4943-A3C0-80E3500D9C99,DATA_REQUEST,DATA_REQUEST,EntityCategory,Transaction,BIM-core.EntityCategory
0CB4099C-534A-4943-A3C0-80E3500D9C99,DATA_REQUEST,DATA_REQUEST,EntityPersonalData,No Personal Data,BIM-core.EntityPersonalData
0CB4099C-534A-4943-A3C0-80E3500D9C99,DATA_REQUEST,DATA_REQUEST,FinancialPersonalData,No Financial Personal Data,BIM-core.FinancialPersonalData
0CB4099C-534A-4943-A3C0-80E3500D9C99,DATA_REQUEST,DATA_REQUEST,SensitivePersonalData,No Sensitive Personal Data,BIM-core.SensitivePersonalData
0CB4099C-534A-4943-A3C0-80E3500D9C99,DATA_REQUEST,DATA_REQUEST,MTED_EDaM_Mapping_Note,{\rtf1\ansi\ansicpg1252\deff0\nouicompat\deflang2057{\fonttbl{\f0\fnil\fcharset0 Times New Roman;}},BIM-core.MTED_EDaM_Mapping_Note
0CB4099C-534A-4943-A3C0-80E3500D9C99,DATA_REQUEST,DATA_REQUEST,MappingLevel,Application Specific,BIM-core.MappingLevel
0CB4099C-534A-4943-A3C0-80E3500D9C99,DATA_REQUEST,DATA_REQUEST,DesignStatus,Approved,BIM-core.DesignStatus
