pd_object_id,entity_name,entity_code,udp,value,source_path
607112A9-B26C-4450-9B95-AE4ACF176A92,BUSINESS_AREA,BUSINESS_AREA,PD_ObjectID,607112A9-B26C-4450-9B95-AE4ACF176A92,
607112A9-B26C-4450-9B95-AE4ACF176A92,BUSINESS_AREA,BUSINESS_AREA,PD_SourceExtraction,46603045,
607112A9-B26C-4450-9B95-AE4ACF176A92,BUSINESS_AREA,BUSINESS_AREA,PD_SourceModel,02_logistics_segment,
607112A9-B26C-4450-9B95-AE4ACF176A92,BUSINESS_AREA,BUSINESS_AREA,MTED_EDaM_Entity_Data_Category,<unspecified>,SHL_CDM_EntityPropertyExtension.MTED_EDaM_Entity_Data_Category
607112A9-B26C-4450-9B95-AE4ACF176A92,BUSINESS_AREA,BUSINESS_AREA,MTED_EDaM_Security_Classification,<unspecified>,SHL_CDM_EntityPropertyExtension.MTED_EDaM_Security_Classification
607112A9-B26C-4450-9B95-AE4ACF176A92,BUSINESS_AREA,BUSINESS_AREA,MTED_EDaM_Entity_Maps_To_Entity,Site,SHL_CDM_EntityPropertyExtension.MTED_EDaM_Entity_Maps_To_Entity
607112A9-B26C-4450-9B95-AE4ACF176A92,BUSINESS_AREA,BUSINESS_AREA,MTED_EDaM_Design_Status,Draft,SHL_CDM_EntityPropertyExtension.MTED_EDaM_Design_Status
70BFCC9F-609E-4A95-BDEA-8EDC38F07CF7,Site,SITE,PD_ObjectID,70BFCC9F-609E-4A95-BDEA-8EDC38F07CF7,
70BFCC9F-609E-4A95-BDEA-8EDC38F07CF7,Site,SITE,PD_SourceExtraction,46603045,
70BFCC9F-609E-4A95-BDEA-8EDC38F07CF7,Site,SITE,PD_SourceModel,02_logistics_segment,
70BFCC9F-609E-4A95-BDEA-8EDC38F07CF7,Site,SITE,MTED_EDaM_Entity_Data_Category,<unspecified>,SHL_CDM_EntityPropertyExtension.MTED_EDaM_Entity_Data_Category
70BFCC9F-609E-4A95-BDEA-8EDC38F07CF7,Site,SITE,MTED_EDaM_Security_Classification,<unspecified>,SHL_CDM_EntityPropertyExtension.MTED_EDaM_Security_Classification
70BFCC9F-609E-4A95-BDEA-8EDC38F07CF7,Site,SITE,MTED_EDaM_Design_Status,Draft,SHL_CDM_EntityPropertyExtension.MTED_EDaM_Design_Status
A2ABBA5A-0035-4CE3-AF5C-CDF4CC070A03,BUSINESS_ENTITY,BUSINESS ENTITIES,PD_ObjectID,A2ABBA5A-0035-4CE3-AF5C-CDF4CC070A03,
A2ABBA5A-0035-4CE3-AF5C-CDF4CC070A03,BUSINESS_ENTITY,BUSINESS ENTITIES,PD_SourceExtraction,46603045,
A2ABBA5A-0035-4CE3-AF5C-CDF4CC070A03,BUSINESS_ENTITY,BUSINESS ENTITIES,PD_SourceModel,02_logistics_segment,
A2ABBA5A-0035-4CE3-AF5C-CDF4CC070A03,BUSINESS_ENTITY,BUSINESS ENTITIES,MTED_EDaM_Entity_Data_Category,<unspecified>,SHL_CDM_EntityPropertyExtension.MTED_EDaM_Entity_Data_Category
A2ABBA5A-0035-4CE3-AF5C-CDF4CC070A03,BUSINESS_ENTITY,BUSINESS ENTITIES,MTED_EDaM_Security_Classification,<unspecified>,SHL_CDM_EntityPropertyExtension.MTED_EDaM_Security_Classification
A2ABBA5A-0035-4CE3-AF5C-CDF4CC070A03,BUSINESS_ENTITY,BUSINESS ENTITIES,MTED_EDaM_Entity_Maps_To_Entity,"""HR Organisation""",SHL_CDM_EntityPropertyExtension.MTED_EDaM_Entity_Maps_To_Entity
A2ABBA5A-0035-4CE3-AF5C-CDF4CC070A03,BUSINESS_ENTITY,BUSINESS ENTITIES,MTED_EDaM_Design_Status,Draft,SHL_CDM_EntityPropertyExtension.MTED_EDaM_Design_Status
15FFFED0-C988-44F0-8B8E-85C56A97663D,HR Organisation,HR_ORGANISATION,PD_ObjectID,15FFFED0-C988-44F0-8B8E-85C56A97663D,
15FFFED0-C988-44F0-8B8E-85C56A97663D,HR Organisation,HR_ORGANISATION,PD_SourceExtraction,46603045,
15FFFED0-C988-44F0-8B8E-85C56A97663D,HR Organisation,HR_ORGANISATION,PD_SourceModel,02_logistics_segment,
15FFFED0-C988-44F0-8B8E-85C56A97663D,HR Organisation,HR_ORGANISATION,MTED_EDaM_Entity_Data_Category,<unspecified>,SHL_CDM_EntityPropertyExtension.MTED_EDaM_Entity_Data_Category
15FFFED0-C988-44F0-8B8E-85C56A97663D,HR Organisation,HR_ORGANISATION,MTED_EDaM_Security_Classification,<unspecified>,SHL_CDM_EntityPropertyExtension.MTED_EDaM_Security_Classification
15FFFED0-C988-44F0-8B8E-85C56A97663D,HR Organisation,HR_ORGANISATION,MTED_EDaM_Design_Status,Draft,SHL_CDM_EntityPropertyExtension.MTED_EDaM_Design_Status
C5B7493D-E1F9-4A97-A533-B5F09CC3387D,Financial Organisation,FINANCIAL_ORGANISATION,PD_ObjectID,C5B7493D-E1F9-4A97-A533-B5F09CC3387D,
C5B7493D-E1F9-4A97-A533-B5F09CC3387D,Financial Organisation,FINANCIAL_ORGANISATION,PD_SourceExtraction,46603045,
C5B7493D-E1F9-4A97-A533-B5F09CC3387D,Financial Organisation,FINANCIAL_ORGANISATION,PD_SourceModel,02_logistics_segment,
C5B7493D-E1F9-4A97-A533-B5F09CC3387D,Financial Organisation,FINANCIAL_ORGANISATION,MTED_EDaM_Entity_Data_Category,<unspecified>,SHL_CDM_EntityPropertyExtension.MTED_EDaM_Entity_Data_Category
C5B7493D-E1F9-4A97-A533-B5F09CC3387D,Financial Organisation,FINANCIAL_ORGANISATION,MTED_EDaM_Security_Classification,<unspecified>,SHL_CDM_EntityPropertyExtension.MTED_EDaM_Security_Classification
C5B7493D-E1F9-4A97-A533-B5F09CC3387D,Financial Organisation,FINANCIAL_ORGANISATION,MTED_EDaM_Design_Status,Draft,SHL_CDM_EntityPropertyExtension.MTED_EDaM_Design_Status
88C8F6B2-F0A1-48E0-A672-DB86B1E276B2,Management Organisation,MANAGEMENT_ORGANISATION,PD_ObjectID,88C8F6B2-F0A1-48E0-A672-DB86B1E276B2,
88C8F6B2-F0A1-48E0-A672-DB86B1E276B2,Management Organisation,MANAGEMENT_ORGANISATION,PD_SourceExtraction,46603045,
88C8F6B2-F0A1-48E0-A672-DB86B1E276B2,Management Organisation,MANAGEMENT_ORGANISATION,PD_SourceModel,02_logistics_segment,
88C8F6B2-F0A1-48E0-A672-DB86B1E276B2,Management Organisation,MANAGEMENT_ORGANISATION,MTED_EDaM_Entity_Data_Category,<unspecified>,SHL_CDM_EntityPropertyExtension.MTED_EDaM_Entity_Data_Category
88C8F6B2-F0A1-48E0-A672-DB86B1E276B2,Management Organisation,MANAGEMENT_ORGANISATION,MTED_EDaM_Security_Classification,<unspecified>,SHL_CDM_EntityPropertyExtension.MTED_EDaM_Security_Classification
88C8F6B2-F0A1-48E0-A672-DB86B1E276B2,Management Organisation,MANAGEMENT_ORGANISATION,MTED_EDaM_Design_Status,Draft,SHL_CDM_EntityPropertyExtension.MTED_EDaM_Design_Status
45C45241-9807-4055-96C5-007D465F4820,Sales Organisation,SALES_ORGANISATION,PD_ObjectID,45C45241-9807-4055-96C5-007D465F4820,
45C45241-9807-4055-96C5-007D465F4820,Sales Organisation,SALES_ORGANISATION,PD_SourceExtraction,46603045,
45C45241-9807-4055-96C5-007D465F4820,Sales Organisation,SALES_ORGANISATION,PD_SourceModel,02_logistics_segment,
45C45241-9807-4055-96C5-007D465F4820,Sales Organisation,SALES_ORGANISATION,MTED_EDaM_Entity_Data_Category,<unspecified>,SHL_CDM_EntityPropertyExtension.MTED_EDaM_Entity_Data_Category
45C45241-9807-4055-96C5-007D465F4820,Sales Organisation,SALES_ORGANISATION,MTED_EDaM_Security_Classification,<unspecified>,SHL_CDM_EntityPropertyExtension.MTED_EDaM_Security_Classification
45C45241-9807-4055-96C5-007D465F4820,Sales Organisation,SALES_ORGANISATION,MTED_EDaM_Design_Status,Draft,SHL_CDM_EntityPropertyExtension.MTED_EDaM_Design_Status
45333D7F-EBA8-4B72-A772-D94FFE020EB8,Legal Organisation,LEGAL_ORGANISATION,PD_ObjectID,45333D7F-EBA8-4B72-A772-D94FFE020EB8,
45333D7F-EBA8-4B72-A772-D94FFE020EB8,Legal Organisation,LEGAL_ORGANISATION,PD_SourceExtraction,46603045,
45333D7F-EBA8-4B72-A772-D94FFE020EB8,Legal Organisation,LEGAL_ORGANISATION,PD_SourceModel,02_logistics_segment,
45333D7F-EBA8-4B72-A772-D94FFE020EB8,Legal Organisation,LEGAL_ORGANISATION,MTED_EDaM_Entity_Data_Category,<unspecified>,SHL_CDM_EntityPropertyExtension.MTED_EDaM_Entity_Data_Category
45333D7F-EBA8-4B72-A772-D94FFE020EB8,Legal Organisation,LEGAL_ORGANISATION,MTED_EDaM_Security_Classification,<unspecified>,SHL_CDM_EntityPropertyExtension.MTED_EDaM_Security_Classification
45333D7F-EBA8-4B72-A772-D94FFE020EB8,Legal Organisation,LEGAL_ORGANISATION,MTED_EDaM_Design_Status,Draft,SHL_CDM_EntityPropertyExtension.MTED_EDaM_Design_Status
E5F37FAC-BD6E-4697-8EDC-DE9809755E55,BUSINESS_ENTITY_ASSOCIATION,BUSINESS ENTITY ASSOCIATIONS,PD_ObjectID,E5F37FAC-BD6E-4697-8EDC-DE9809755E55,
E5F37FAC-BD6E-4697-8EDC-DE9809755E55,BUSINESS_ENTITY_ASSOCIATION,BUSINESS ENTITY ASSOCIATIONS,PD_SourceExtraction,46603045,
E5F37FAC-BD6E-4697-8EDC-DE9809755E55,BUSINESS_ENTITY_ASSOCIATION,BUSINESS ENTITY ASSOCIATIONS,PD_SourceModel,02_logistics_segment,
E5F37FAC-BD6E-4697-8EDC-DE9809755E55,BUSINESS_ENTITY_ASSOCIATION,BUSINESS ENTITY ASSOCIATIONS,MTED_EDaM_Entity_Data_Category,<unspecified>,SHL_CDM_EntityPropertyExtension.MTED_EDaM_Entity_Data_Category
E5F37FAC-BD6E-4697-8EDC-DE9809755E55,BUSINESS_ENTITY_ASSOCIATION,BUSINESS ENTITY ASSOCIATIONS,MTED_EDaM_Security_Classification,<unspecified>,SHL_CDM_EntityPropertyExtension.MTED_EDaM_Security_Classification
E5F37FAC-BD6E-4697-8EDC-DE9809755E55,BUSINESS_ENTITY_ASSOCIATION,BUSINESS ENTITY ASSOCIATIONS,MTED_EDaM_Entity_Maps_To_Entity,"""Financial Organisation""",SHL_CDM_EntityPropertyExtension.MTED_EDaM_Entity_Maps_To_Entity
E5F37FAC-BD6E-4697-8EDC-DE9809755E55,BUSINESS_ENTITY_ASSOCIATION,BUSINESS ENTITY ASSOCIATIONS,MTED_EDaM_Design_Status,Draft,SHL_CDM_EntityPropertyExtension.MTED_EDaM_Design_Status
1ECA0C31-7DFE-4F11-BC13-4D2932693DD5,BUSINESS_ENTITY_ASSOCIATION_TYPE,BUSINESS ENTITY ASSOCIATION TYPES,PD_ObjectID,1ECA0C31-7DFE-4F11-BC13-4D2932693DD5,
1ECA0C31-7DFE-4F11-BC13-4D2932693DD5,BUSINESS_ENTITY_ASSOCIATION_TYPE,BUSINESS ENTITY ASSOCIATION TYPES,PD_SourceExtraction,46603045,
1ECA0C31-7DFE-4F11-BC13-4D2932693DD5,BUSINESS_ENTITY_ASSOCIATION_TYPE,BUSINESS ENTITY ASSOCIATION TYPES,PD_SourceModel,02_logistics_segment,
1ECA0C31-7DFE-4F11-BC13-4D2932693DD5,BUSINESS_ENTITY_ASSOCIATION_TYPE,BUSINESS ENTITY ASSOCIATION TYPES,MTED_EDaM_Entity_Data_Category,<unspecified>,SHL_CDM_EntityPropertyExtension.MTED_EDaM_Entity_Data_Category
1ECA0C31-7DFE-4F11-BC13-4D2932693DD5,BUSINESS_ENTITY_ASSOCIATION_TYPE,BUSINESS ENTITY ASSOCIATION TYPES,MTED_EDaM_Security_Classification,<unspecified>,SHL_CDM_EntityPropertyExtension.MTED_EDaM_Security_Classification
1ECA0C31-7DFE-4F11-BC13-4D2932693DD5,BUSINESS_ENTITY_ASSOCIATION_TYPE,BUSINESS ENTITY ASSOCIATION TYPES,MTED_EDaM_Entity_Maps_To_Entity,"""Financial Organisation""",SHL_CDM_EntityPropertyExtension.MTED_EDaM_Entity_Maps_To_Entity
1ECA0C31-7DFE-4F11-BC13-4D2932693DD5,BUSINESS_ENTITY_ASSOCIATION_TYPE,BUSINESS ENTITY ASSOCIATION TYPES,MTED_EDaM_Design_Status,Draft,SHL_CDM_EntityPropertyExtension.MTED_EDaM_Design_Status
9B3C7223-6716-4B9C-B8F5-E96596AC9DB9,BUSINESS_ENTITY_BUSINESS_AREA_ASSOCIATION,BUSINESS_ENTITY_BUSINESS_AREA_ASSOCIATION,PD_ObjectID,9B3C7223-6716-4B9C-B8F5-E96596AC9DB9,
9B3C7223-6716-4B9C-B8F5-E96596AC9DB9,BUSINESS_ENTITY_BUSINESS_AREA_ASSOCIATION,BUSINESS_ENTITY_BUSINESS_AREA_ASSOCIATION,PD_SourceExtraction,46603045,
9B3C7223-6716-4B9C-B8F5-E96596AC9DB9,BUSINESS_ENTITY_BUSINESS_AREA_ASSOCIATION,BUSINESS_ENTITY_BUSINESS_AREA_ASSOCIATION,PD_SourceModel,02_logistics_segment,
9B3C7223-6716-4B9C-B8F5-E96596AC9DB9,BUSINESS_ENTITY_BUSINESS_AREA_ASSOCIATION,BUSINESS_ENTITY_BUSINESS_AREA_ASSOCIATION,MTED_EDaM_Entity_Data_Category,<unspecified>,SHL_CDM_EntityPropertyExtension.MTED_EDaM_Entity_Data_Category
9B3C7223-6716-4B9C-B8F5-E96596AC9DB9,BUSINESS_ENTITY_BUSINESS_AREA_ASSOCIATION,BUSINESS_ENTITY_BUSINESS_AREA_ASSOCIATION,MTED_EDaM_Security_Classification,<unspecified>,SHL_CDM_EntityPropertyExtension.MTED_EDaM_Security_Classification
9B3C7223-6716-4B9C-B8F5-E96596AC9DB9,BUSINESS_ENTITY_BUSINESS_AREA_ASSOCIATION,BUSINESS_ENTITY_BUSINESS_AREA_ASSOCIATION,MTED_EDaM_Entity_Maps_To_Entity,"""Financial Organisation""",SHL_CDM_EntityPropertyExtension.MTED_EDaM_Entity_Maps_To_Entity
9B3C7223-6716-4B9C-B8F5-E96596AC9DB9,BUSINESS_ENTITY_BUSINESS_AREA_ASSOCIATION,BUSINESS_ENTITY_BUSINESS_AREA_ASSOCIATION,MTED_EDaM_Design_Status,Draft,SHL_CDM_EntityPropertyExtension.MTED_EDaM_Design_Status
6989C8C6-7CA9-4AB6-90A9-2BDA0B0602A3,BUSINESS_ENTITY_ROLE,BUSINESS_ENTITY_ROLE,PD_ObjectID,6989C8C6-7CA9-4AB6-90A9-2BDA0B0602A3,
6989C8C6-7CA9-4AB6-90A9-2BDA0B0602A3,BUSINESS_ENTITY_ROLE,BUSINESS_ENTITY_ROLE,PD_SourceExtraction,46603045,
6989C8C6-7CA9-4AB6-90A9-2BDA0B0602A3,BUSINESS_ENTITY_ROLE,BUSINESS_ENTITY_ROLE,PD_SourceModel,02_logistics_segment,
6989C8C6-7CA9-4AB6-90A9-2BDA0B0602A3,BUSINESS_ENTITY_ROLE,BUSINESS_ENTITY_ROLE,MTED_EDaM_Entity_Data_Category,<unspecified>,SHL_CDM_EntityPropertyExtension.MTED_EDaM_Entity_Data_Category
6989C8C6-7CA9-4AB6-90A9-2BDA0B0602A3,BUSINESS_ENTITY_ROLE,BUSINESS_ENTITY_ROLE,MTED_EDaM_Security_Classification,<unspecified>,SHL_CDM_EntityPropertyExtension.MTED_EDaM_Security_Classification
6989C8C6-7CA9-4AB6-90A9-2BDA0B0602A3,BUSINESS_ENTITY_ROLE,BUSINESS_ENTITY_ROLE,MTED_EDaM_Entity_Maps_To_Entity,Vendor,SHL_CDM_EntityPropertyExtension.MTED_EDaM_Entity_Maps_To_Entity
6989C8C6-7CA9-4AB6-90A9-2BDA0B0602A3,BUSINESS_ENTITY_ROLE,BUSINESS_ENTITY_ROLE,MTED_EDaM_Design_Status,Draft,SHL_CDM_EntityPropertyExtension.MTED_EDaM_Design_Status
29FB48B0-F39E-430C-AF5F-A86BBC8FE480,Vendor,VENDOR,PD_ObjectID,29FB48B0-F39E-430C-AF5F-A86BBC8FE480,
29FB48B0-F39E-430C-AF5F-A86BBC8FE480,Vendor,VENDOR,PD_SourceExtraction,46603045,
29FB48B0-F39E-430C-AF5F-A86BBC8FE480,Vendor,VENDOR,PD_SourceModel,02_logistics_segment,
29FB48B0-F39E-430C-AF5F-A86BBC8FE480,Vendor,VENDOR,MTED_EDaM_Entity_Data_Category,<unspecified>,SHL_CDM_EntityPropertyExtension.MTED_EDaM_Entity_Data_Category
29FB48B0-F39E-430C-AF5F-A86BBC8FE480,Vendor,VENDOR,MTED_EDaM_Security_Classification,<unspecified>,SHL_CDM_EntityPropertyExtension.MTED_EDaM_Security_Classification
29FB48B0-F39E-430C-AF5F-A86BBC8FE480,Vendor,VENDOR,MTED_EDaM_Design_Status,Draft,SHL_CDM_EntityPropertyExtension.MTED_EDaM_Design_Status
2E9C728F-B52F-4A4C-AA56-13CF6A65DF94,BUSINESS_ENTITY_ROLE_TYPE,BUSINESS_ENTITY_ROLE_TYPE,PD_ObjectID,2E9C728F-B52F-4A4C-AA56-13CF6A65DF94,
2E9C728F-B52F-4A4C-AA56-13CF6A65DF94,BUSINESS_ENTITY_ROLE_TYPE,BUSINESS_ENTITY_ROLE_TYPE,PD_SourceExtraction,46603045,
2E9C728F-B52F-4A4C-AA56-13CF6A65DF94,BUSINESS_ENTITY_ROLE_TYPE,BUSINESS_ENTITY_ROLE_TYPE,PD_SourceModel,02_logistics_segment,
2E9C728F-B52F-4A4C-AA56-13CF6A65DF94,BUSINESS_ENTITY_ROLE_TYPE,BUSINESS_ENTITY_ROLE_TYPE,MTED_EDaM_Entity_Data_Category,<unspecified>,SHL_CDM_EntityPropertyExtension.MTED_EDaM_Entity_Data_Category
2E9C728F-B52F-4A4C-AA56-13CF6A65DF94,BUSINESS_ENTITY_ROLE_TYPE,BUSINESS_ENTITY_ROLE_TYPE,MTED_EDaM_Security_Classification,<unspecified>,SHL_CDM_EntityPropertyExtension.MTED_EDaM_Security_Classification
2E9C728F-B52F-4A4C-AA56-13CF6A65DF94,BUSINESS_ENTITY_ROLE_TYPE,BUSINESS_ENTITY_ROLE_TYPE,MTED_EDaM_Design_Status,Draft,SHL_CDM_EntityPropertyExtension.MTED_EDaM_Design_Status
AB64F3D3-8927-4A18-ABFD-9D30FE67B923,BUSINESS_ENTITY_TYPE,BUSINESS ENTITY TYPES,PD_ObjectID,AB64F3D3-8927-4A18-ABFD-9D30FE67B923,
AB64F3D3-8927-4A18-ABFD-9D30FE67B923,BUSINESS_ENTITY_TYPE,BUSINESS ENTITY TYPES,PD_SourceExtraction,46603045,
AB64F3D3-8927-4A18-ABFD-9D30FE67B923,BUSINESS_ENTITY_TYPE,BUSINESS ENTITY TYPES,PD_SourceModel,02_logistics_segment,
AB64F3D3-8927-4A18-ABFD-9D30FE67B923,BUSINESS_ENTITY_TYPE,BUSINESS ENTITY TYPES,MTED_EDaM_Entity_Data_Category,<unspecified>,SHL_CDM_EntityPropertyExtension.MTED_EDaM_Entity_Data_Category
AB64F3D3-8927-4A18-ABFD-9D30FE67B923,BUSINESS_ENTITY_TYPE,BUSINESS ENTITY TYPES,MTED_EDaM_Security_Classification,<unspecified>,SHL_CDM_EntityPropertyExtension.MTED_EDaM_Security_Classification
AB64F3D3-8927-4A18-ABFD-9D30FE67B923,BUSINESS_ENTITY_TYPE,BUSINESS ENTITY TYPES,MTED_EDaM_Entity_Maps_To_Entity,"""Financial Organisation""",SHL_CDM_EntityPropertyExtension.MTED_EDaM_Entity_Maps_To_Entity
AB64F3D3-8927-4A18-ABFD-9D30FE67B923,BUSINESS_ENTITY_TYPE,BUSINESS ENTITY TYPES,MTED_EDaM_Design_Status,Draft,SHL_CDM_EntityPropertyExtension.MTED_EDaM_Design_Status
BEACB1BA-0C7E-46CD-98C8-9BB18405DCA4,COMPANY,COMPANY,PD_ObjectID,BEACB1BA-0C7E-46CD-98C8-9BB18405DCA4,
BEACB1BA-0C7E-46CD-98C8-9BB18405DCA4,COMPANY,COMPANY,PD_SourceExtraction,46603045,
BEACB1BA-0C7E-46CD-98C8-9BB18405DCA4,COMPANY,COMPANY,PD_SourceModel,02_logistics_segment,
BEACB1BA-0C7E-46CD-98C8-9BB18405DCA4,COMPANY,COMPANY,MTED_EDaM_Entity_Data_Category,<unspecified>,SHL_CDM_EntityPropertyExtension.MTED_EDaM_Entity_Data_Category
BEACB1BA-0C7E-46CD-98C8-9BB18405DCA4,COMPANY,COMPANY,MTED_EDaM_Data_Owner,Chris Ragan,SHL_CDM_EntityPropertyExtension.MTED_EDaM_Data_Owner
BEACB1BA-0C7E-46CD-98C8-9BB18405DCA4,COMPANY,COMPANY,MTED_EDaM_Security_Classification,Restricted,SHL_CDM_EntityPropertyExtension.MTED_EDaM_Security_Classification
BEACB1BA-0C7E-46CD-98C8-9BB18405DCA4,COMPANY,COMPANY,MTED_EDaM_Design_Status,Draft,SHL_CDM_EntityPropertyExtension.MTED_EDaM_Design_Status
10AEB82D-5554-44E8-9D01-DC81D9E779AA,CONTACT_MECHANISM,CONTACT MECHANISMS,PD_ObjectID,10AEB82D-5554-44E8-9D01-DC81D9E779AA,
10AEB82D-5554-44E8-9D01-DC81D9E779AA,CONTACT_MECHANISM,CONTACT MECHANISMS,PD_SourceExtraction,46603045,
10AEB82D-5554-44E8-9D01-DC81D9E779AA,CONTACT_MECHANISM,CONTACT MECHANISMS,PD_SourceModel,02_logistics_segment,
10AEB82D-5554-44E8-9D01-DC81D9E779AA,CONTACT_MECHANISM,CONTACT MECHANISMS,MTED_EDaM_Entity_Data_Category,<unspecified>,SHL_CDM_EntityPropertyExtension.MTED_EDaM_Entity_Data_Category
10AEB82D-5554-44E8-9D01-DC81D9E779AA,CONTACT_MECHANISM,CONTACT MECHANISMS,MTED_EDaM_Security_Classification,<unspecified>,SHL_CDM_EntityPropertyExtension.MTED_EDaM_Security_Classification
10AEB82D-5554-44E8-9D01-DC81D9E779AA,CONTACT_MECHANISM,CONTACT MECHANISMS,MTED_EDaM_Design_Status,Draft,SHL_CDM_EntityPropertyExtension.MTED_EDaM_Design_Status
BFD0CFEB-AE20-4C23-B8DE-7CD890883983,CONTACT_MECHANISM_ROLE,CONTACT MECHANISM ROLES,PD_ObjectID,BFD0CFEB-AE20-4C23-B8DE-7CD890883983,
BFD0CFEB-AE20-4C23-B8DE-7CD890883983,CONTACT_MECHANISM_ROLE,CONTACT MECHANISM ROLES,PD_SourceExtraction,46603045,
BFD0CFEB-AE20-4C23-B8DE-7CD890883983,CONTACT_MECHANISM_ROLE,CONTACT MECHANISM ROLES,PD_SourceModel,02_logistics_segment,
BFD0CFEB-AE20-4C23-B8DE-7CD890883983,CONTACT_MECHANISM_ROLE,CONTACT MECHANISM ROLES,MTED_EDaM_Entity_Data_Category,<unspecified>,SHL_CDM_EntityPropertyExtension.MTED_EDaM_Entity_Data_Category
BFD0CFEB-AE20-4C23-B8DE-7CD890883983,CONTACT_MECHANISM_ROLE,CONTACT MECHANISM ROLES,MTED_EDaM_Security_Classification,<unspecified>,SHL_CDM_EntityPropertyExtension.MTED_EDaM_Security_Classification
BFD0CFEB-AE20-4C23-B8DE-7CD890883983,CONTACT_MECHANISM_ROLE,CONTACT MECHANISM ROLES,MTED_EDaM_Design_Status,Draft,SHL_CDM_EntityPropertyExtension.MTED_EDaM_Design_Status
BC0FE4E0-66F5-4C0D-9659-86C23E0171E8,CONTACT_MECHANISM_ROLE_TYPE,CONTACT_MECHANISM_ROLE_TYPE,PD_ObjectID,BC0FE4E0-66F5-4C0D-9659-86C23E0171E8,
BC0FE4E0-66F5-4C0D-9659-86C23E0171E8,CONTACT_MECHANISM_ROLE_TYPE,CONTACT_MECHANISM_ROLE_TYPE,PD_SourceExtraction,46603045,
BC0FE4E0-66F5-4C0D-9659-86C23E0171E8,CONTACT_MECHANISM_ROLE_TYPE,CONTACT_MECHANISM_ROLE_TYPE,PD_SourceModel,02_logistics_segment,
BC0FE4E0-66F5-4C0D-9659-86C23E0171E8,CONTACT_MECHANISM_ROLE_TYPE,CONTACT_MECHANISM_ROLE_TYPE,MTED_EDaM_Entity_Data_Category,<unspecified>,SHL_CDM_EntityPropertyExtension.MTED_EDaM_Entity_Data_Category
BC0FE4E0-66F5-4C0D-9659-86C23E0171E8,CONTACT_MECHANISM_ROLE_TYPE,CONTACT_MECHANISM_ROLE_TYPE,MTED_EDaM_Security_Classification,<unspecified>,SHL_CDM_EntityPropertyExtension.MTED_EDaM_Security_Classification
BC0FE4E0-66F5-4C0D-9659-86C23E0171E8,CONTACT_MECHANISM_ROLE_TYPE,CONTACT_MECHANISM_ROLE_TYPE,MTED_EDaM_Design_Status,Draft,SHL_CDM_EntityPropertyExtension.MTED_EDaM_Design_Status
3D76CCF3-CD91-412C-9245-E63A24A86353,CONTACT_MECHANISM_TYPE,CONTACT MECHANISM TYPES,PD_ObjectID,3D76CCF3-CD91-412C-9245-E63A24A86353,
3D76CCF3-CD91-412C-9245-E63A24A86353,CONTACT_MECHANISM_TYPE,CONTACT MECHANISM TYPES,PD_SourceExtraction,46603045,
3D76CCF3-CD91-412C-9245-E63A24A86353,CONTACT_MECHANISM_TYPE,CONTACT MECHANISM TYPES,PD_SourceModel,02_logistics_segment,
3D76CCF3-CD91-412C-9245-E63A24A86353,CONTACT_MECHANISM_TYPE,CONTACT MECHANISM TYPES,MTED_EDaM_Entity_Data_Category,<unspecified>,SHL_CDM_EntityPropertyExtension.MTED_EDaM_Entity_Data_Category
3D76CCF3-CD91-412C-9245-E63A24A86353,CONTACT_MECHANISM_TYPE,CONTACT MECHANISM TYPES,MTED_EDaM_Security_Classification,<unspecified>,SHL_CDM_EntityPropertyExtension.MTED_EDaM_Security_Classification
3D76CCF3-CD91-412C-9245-E63A24A86353,CONTACT_MECHANISM_TYPE,CONTACT MECHANISM TYPES,MTED_EDaM_Design_Status,Draft,SHL_CDM_EntityPropertyExtension.MTED_EDaM_Design_Status
EC950DD2-D017-4AD4-90FF-11D52D6CA172,CONTRACT,CONTRACT,PD_ObjectID,EC950DD2-D017-4AD4-90FF-11D52D6CA172,
EC950DD2-D017-4AD4-90FF-11D52D6CA172,CONTRACT,CONTRACT,PD_SourceExtraction,46603045,
EC950DD2-D017-4AD4-90FF-11D52D6CA172,CONTRACT,CONTRACT,PD_SourceModel,02_logistics_segment,
EC950DD2-D017-4AD4-90FF-11D52D6CA172,CONTRACT,CONTRACT,MTED_EDaM_Entity_Data_Category,<unspecified>,SHL_CDM_EntityPropertyExtension.MTED_EDaM_Entity_Data_Category
EC950DD2-D017-4AD4-90FF-11D52D6CA172,CONTRACT,CONTRACT,MTED_EDaM_Security_Classification,<unspecified>,SHL_CDM_EntityPropertyExtension.MTED_EDaM_Security_Classification
EC950DD2-D017-4AD4-90FF-11D52D6CA172,CONTRACT,CONTRACT,MTED_EDaM_Design_Status,Draft,SHL_CDM_EntityPropertyExtension.MTED_EDaM_Design_Status
76D4C85C-8184-422B-BA4D-1F5E2E44B6B0,CONTRACT_TYPE,CONTRACT_TYPE,PD_ObjectID,76D4C85C-8184-422B-BA4D-1F5E2E44B6B0,
76D4C85C-8184-422B-BA4D-1F5E2E44B6B0,CONTRACT_TYPE,CONTRACT_TYPE,PD_SourceExtraction,46603045,
76D4C85C-8184-422B-BA4D-1F5E2E44B6B0,CONTRACT_TYPE,CONTRACT_TYPE,PD_SourceModel,02_logistics_segment,
76D4C85C-8184-422B-BA4D-1F5E2E44B6B0,CONTRACT_TYPE,CONTRACT_TYPE,MTED_EDaM_Entity_Data_Category,<unspecified>,SHL_CDM_EntityPropertyExtension.MTED_EDaM_Entity_Data_Category
76D4C85C-8184-422B-BA4D-1F5E2E44B6B0,CONTRACT_TYPE,CONTRACT_TYPE,MTED_EDaM_Security_Classification,<unspecified>,SHL_CDM_EntityPropertyExtension.MTED_EDaM_Security_Classification
76D4C85C-8184-422B-BA4D-1F5E2E44B6B0,CONTRACT_TYPE,CONTRACT_TYPE,MTED_EDaM_Design_Status,Draft,SHL_CDM_EntityPropertyExtension.MTED_EDaM_Design_Status
110A2929-C469-49CE-956C-31AEA790ACD4,CURRENCY,CURRENCY,PD_ObjectID,110A2929-C469-49CE-956C-31AEA790ACD4,
110A2929-C469-49CE-956C-31AEA790ACD4,CURRENCY,CURRENCY,PD_SourceExtraction,46603045,
110A2929-C469-49CE-956C-31AEA790ACD4,CURRENCY,CURRENCY,PD_SourceModel,02_logistics_segment,
110A2929-C469-49CE-956C-31AEA790ACD4,CURRENCY,CURRENCY,MTED_EDaM_Entity_Data_Category,<unspecified>,SHL_CDM_EntityPropertyExtension.MTED_EDaM_Entity_Data_Category
110A2929-C469-49CE-956C-31AEA790ACD4,CURRENCY,CURRENCY,MTED_EDaM_Security_Classification,<unspecified>,SHL_CDM_EntityPropertyExtension.MTED_EDaM_Security_Classification
110A2929-C469-49CE-956C-31AEA790ACD4,CURRENCY,CURRENCY,MTED_EDaM_Design_Status,Draft,SHL_CDM_EntityPropertyExtension.MTED_EDaM_Design_Status
61C7E9A2-C10D-4022-95A7-3A7F51981652,DEPARTMENT,DEPARTMENTS,PD_ObjectID,61C7E9A2-C10D-4022-95A7-3A7F51981652,
61C7E9A2-C10D-4022-95A7-3A7F51981652,DEPARTMENT,DEPARTMENTS,PD_SourceExtraction,46603045,
61C7E9A2-C10D-4022-95A7-3A7F51981652,DEPARTMENT,DEPARTMENTS,PD_SourceModel,02_logistics_segment,
61C7E9A2-C10D-4022-95A7-3A7F51981652,DEPARTMENT,DEPARTMENTS,MTED_EDaM_Entity_Data_Category,<unspecified>,SHL_CDM_EntityPropertyExtension.MTED_EDaM_Entity_Data_Category
61C7E9A2-C10D-4022-95A7-3A7F51981652,DEPARTMENT,DEPARTMENTS,MTED_EDaM_Security_Classification,<unspecified>,SHL_CDM_EntityPropertyExtension.MTED_EDaM_Security_Classification
61C7E9A2-C10D-4022-95A7-3A7F51981652,DEPARTMENT,DEPARTMENTS,MTED_EDaM_Entity_Maps_To_Entity,"""Management Organisation""",SHL_CDM_EntityPropertyExtension.MTED_EDaM_Entity_Maps_To_Entity
61C7E9A2-C10D-4022-95A7-3A7F51981652,DEPARTMENT,DEPARTMENTS,MTED_EDaM_Design_Status,Draft,SHL_CDM_EntityPropertyExtension.MTED_EDaM_Design_Status
49E75F68-CB63-4730-80CB-20EEF9AFFC7D,EMPLOYEE,EMPLOYEE,PD_ObjectID,49E75F68-CB63-4730-80CB-20EEF9AFFC7D,
49E75F68-CB63-4730-80CB-20EEF9AFFC7D,EMPLOYEE,EMPLOYEE,PD_SourceExtraction,46603045,
49E75F68-CB63-4730-80CB-20EEF9AFFC7D,EMPLOYEE,EMPLOYEE,PD_SourceModel,02_logistics_segment,
49E75F68-CB63-4730-80CB-20EEF9AFFC7D,EMPLOYEE,EMPLOYEE,MTED_EDaM_Entity_Data_Category,<unspecified>,SHL_CDM_EntityPropertyExtension.MTED_EDaM_Entity_Data_Category
49E75F68-CB63-4730-80CB-20EEF9AFFC7D,EMPLOYEE,EMPLOYEE,MTED_EDaM_Security_Classification,<unspecified>,SHL_CDM_EntityPropertyExtension.MTED_EDaM_Security_Classification
49E75F68-CB63-4730-80CB-20EEF9AFFC7D,EMPLOYEE,EMPLOYEE,MTED_EDaM_Design_Status,Draft,SHL_CDM_EntityPropertyExtension.MTED_EDaM_Design_Status
61A2E6BE-248C-44A7-86EB-47D805775701,EQUIPMENT_ITEM,EQUIPMENT ITEMS,PD_ObjectID,61A2E6BE-248C-44A7-86EB-47D805775701,
61A2E6BE-248C-44A7-86EB-47D805775701,EQUIPMENT_ITEM,EQUIPMENT ITEMS,PD_SourceExtraction,46603045,
61A2E6BE-248C-44A7-86EB-47D805775701,EQUIPMENT_ITEM,EQUIPMENT ITEMS,PD_SourceModel,02_logistics_segment,
61A2E6BE-248C-44A7-86EB-47D805775701,EQUIPMENT_ITEM,EQUIPMENT ITEMS,MTED_EDaM_Entity_Data_Category,<unspecified>,SHL_CDM_EntityPropertyExtension.MTED_EDaM_Entity_Data_Category
61A2E6BE-248C-44A7-86EB-47D805775701,EQUIPMENT_ITEM,EQUIPMENT ITEMS,MTED_EDaM_Security_Classification,<unspecified>,SHL_CDM_EntityPropertyExtension.MTED_EDaM_Security_Classification
61A2E6BE-248C-44A7-86EB-47D805775701,EQUIPMENT_ITEM,EQUIPMENT ITEMS,MTED_EDaM_Entity_Maps_To_Entity,Equipment,SHL_CDM_EntityPropertyExtension.MTED_EDaM_Entity_Maps_To_Entity
61A2E6BE-248C-44A7-86EB-47D805775701,EQUIPMENT_ITEM,EQUIPMENT ITEMS,MTED_EDaM_Design_Status,Draft,SHL_CDM_EntityPropertyExtension.MTED_EDaM_Design_Status
D9AB6CA8-BFF9-4853-9A67-AF09E39C573A,Equipment,EQUIPMENT,PD_ObjectID,D9AB6CA8-BFF9-4853-9A67-AF09E39C573A,
D9AB6CA8-BFF9-4853-9A67-AF09E39C573A,Equipment,EQUIPMENT,PD_SourceExtraction,46603045,
D9AB6CA8-BFF9-4853-9A67-AF09E39C573A,Equipment,EQUIPMENT,PD_SourceModel,02_logistics_segment,
D9AB6CA8-BFF9-4853-9A67-AF09E39C573A,Equipment,EQUIPMENT,MTED_EDaM_Entity_Data_Category,<unspecified>,SHL_CDM_EntityPropertyExtension.MTED_EDaM_Entity_Data_Category
D9AB6CA8-BFF9-4853-9A67-AF09E39C573A,Equipment,EQUIPMENT,MTED_EDaM_Security_Classification,<unspecified>,SHL_CDM_EntityPropertyExtension.MTED_EDaM_Security_Classification
D9AB6CA8-BFF9-4853-9A67-AF09E39C573A,Equipment,EQUIPMENT,MTED_EDaM_Design_Status,Draft,SHL_CDM_EntityPropertyExtension.MTED_EDaM_Design_Status
D8518B81-5C97-4E73-BBF0-709AD36B64A0,EQUIPMENT_TYPE,EQUIPMENT TYPES,PD_ObjectID,D8518B81-5C97-4E73-BBF0-709AD36B64A0,
D8518B81-5C97-4E73-BBF0-709AD36B64A0,EQUIPMENT_TYPE,EQUIPMENT TYPES,PD_SourceExtraction,46603045,
D8518B81-5C97-4E73-BBF0-709AD36B64A0,EQUIPMENT_TYPE,EQUIPMENT TYPES,PD_SourceModel,02_logistics_segment,
D8518B81-5C97-4E73-BBF0-709AD36B64A0,EQUIPMENT_TYPE,EQUIPMENT TYPES,MTED_EDaM_Entity_Data_Category,<unspecified>,SHL_CDM_EntityPropertyExtension.MTED_EDaM_Entity_Data_Category
D8518B81-5C97-4E73-BBF0-709AD36B64A0,EQUIPMENT_TYPE,EQUIPMENT TYPES,MTED_EDaM_Security_Classification,<unspecified>,SHL_CDM_EntityPropertyExtension.MTED_EDaM_Security_Classification
D8518B81-5C97-4E73-BBF0-709AD36B64A0,EQUIPMENT_TYPE,EQUIPMENT TYPES,MTED_EDaM_Entity_Maps_To_Entity,Equipment,SHL_CDM_EntityPropertyExtension.MTED_EDaM_Entity_Maps_To_Entity
D8518B81-5C97-4E73-BBF0-709AD36B64A0,EQUIPMENT_TYPE,EQUIPMENT TYPES,MTED_EDaM_Design_Status,Draft,SHL_CDM_EntityPropertyExtension.MTED_EDaM_Design_Status
F94FC150-346A-49A3-BA1D-EA1D98491B03,EXCHANGE_RATE,EXCHANGE_RATE,PD_ObjectID,F94FC150-346A-49A3-BA1D-EA1D98491B03,
F94FC150-346A-49A3-BA1D-EA1D98491B03,EXCHANGE_RATE,EXCHANGE_RATE,PD_SourceExtraction,46603045,
F94FC150-346A-49A3-BA1D-EA1D98491B03,EXCHANGE_RATE,EXCHANGE_RATE,PD_SourceModel,02_logistics_segment,
F94FC150-346A-49A3-BA1D-EA1D98491B03,EXCHANGE_RATE,EXCHANGE_RATE,MTED_EDaM_Entity_Data_Category,<unspecified>,SHL_CDM_EntityPropertyExtension.MTED_EDaM_Entity_Data_Category
F94FC150-346A-49A3-BA1D-EA1D98491B03,EXCHANGE_RATE,EXCHANGE_RATE,MTED_EDaM_Security_Classification,<unspecified>,SHL_CDM_EntityPropertyExtension.MTED_EDaM_Security_Classification
F94FC150-346A-49A3-BA1D-EA1D98491B03,EXCHANGE_RATE,EXCHANGE_RATE,MTED_EDaM_Design_Status,Draft,SHL_CDM_EntityPropertyExtension.MTED_EDaM_Design_Status
23FBA2D1-8C61-4981-8689-E52B480F5819,FACILITY,FACILITIES,PD_ObjectID,23FBA2D1-8C61-4981-8689-E52B480F5819,
23FBA2D1-8C61-4981-8689-E52B480F5819,FACILITY,FACILITIES,PD_SourceExtraction,46603045,
23FBA2D1-8C61-4981-8689-E52B480F5819,FACILITY,FACILITIES,PD_SourceModel,02_logistics_segment,
23FBA2D1-8C61-4981-8689-E52B480F5819,FACILITY,FACILITIES,MTED_EDaM_Entity_Data_Category,<unspecified>,SHL_CDM_EntityPropertyExtension.MTED_EDaM_Entity_Data_Category
23FBA2D1-8C61-4981-8689-E52B480F5819,FACILITY,FACILITIES,MTED_EDaM_Security_Classification,<unspecified>,SHL_CDM_EntityPropertyExtension.MTED_EDaM_Security_Classification
23FBA2D1-8C61-4981-8689-E52B480F5819,FACILITY,FACILITIES,MTED_EDaM_Entity_Maps_To_Entity,Plant,SHL_CDM_EntityPropertyExtension.MTED_EDaM_Entity_Maps_To_Entity
23FBA2D1-8C61-4981-8689-E52B480F5819,FACILITY,FACILITIES,MTED_EDaM_Design_Status,Draft,SHL_CDM_EntityPropertyExtension.MTED_EDaM_Design_Status
24CE6CA7-1CA1-4EC1-8C92-442960100480,Plant,PLANT,PD_ObjectID,24CE6CA7-1CA1-4EC1-8C92-442960100480,
24CE6CA7-1CA1-4EC1-8C92-442960100480,Plant,PLANT,PD_SourceExtraction,46603045,
24CE6CA7-1CA1-4EC1-8C92-442960100480,Plant,PLANT,PD_SourceModel,02_logistics_segment,
24CE6CA7-1CA1-4EC1-8C92-442960100480,Plant,PLANT,MTED_EDaM_Entity_Data_Category,<unspecified>,SHL_CDM_EntityPropertyExtension.MTED_EDaM_Entity_Data_Category
24CE6CA7-1CA1-4EC1-8C92-442960100480,Plant,PLANT,MTED_EDaM_Security_Classification,<unspecified>,SHL_CDM_EntityPropertyExtension.MTED_EDaM_Security_Classification
24CE6CA7-1CA1-4EC1-8C92-442960100480,Plant,PLANT,MTED_EDaM_Design_Status,Draft,SHL_CDM_EntityPropertyExtension.MTED_EDaM_Design_Status
EFF4D376-4C37-47D6-93D7-6E9A3B6D208A,FACILITY_BUSINESS_ENTITY_ASSOCIATION,FACILITY BUSINESS ENTITY ASSOCIATIONS,PD_ObjectID,EFF4D376-4C37-47D6-93D7-6E9A3B6D208A,
EFF4D376-4C37-47D6-93D7-6E9A3B6D208A,FACILITY_BUSINESS_ENTITY_ASSOCIATION,FACILITY BUSINESS ENTITY ASSOCIATIONS,PD_SourceExtraction,46603045,
EFF4D376-4C37-47D6-93D7-6E9A3B6D208A,FACILITY_BUSINESS_ENTITY_ASSOCIATION,FACILITY BUSINESS ENTITY ASSOCIATIONS,PD_SourceModel,02_logistics_segment,
EFF4D376-4C37-47D6-93D7-6E9A3B6D208A,FACILITY_BUSINESS_ENTITY_ASSOCIATION,FACILITY BUSINESS ENTITY ASSOCIATIONS,MTED_EDaM_Entity_Data_Category,<unspecified>,SHL_CDM_EntityPropertyExtension.MTED_EDaM_Entity_Data_Category
EFF4D376-4C37-47D6-93D7-6E9A3B6D208A,FACILITY_BUSINESS_ENTITY_ASSOCIATION,FACILITY BUSINESS ENTITY ASSOCIATIONS,MTED_EDaM_Security_Classification,<unspecified>,SHL_CDM_EntityPropertyExtension.MTED_EDaM_Security_Classification
EFF4D376-4C37-47D6-93D7-6E9A3B6D208A,FACILITY_BUSINESS_ENTITY_ASSOCIATION,FACILITY BUSINESS ENTITY ASSOCIATIONS,MTED_EDaM_Entity_Maps_To_Entity,Plant,SHL_CDM_EntityPropertyExtension.MTED_EDaM_Entity_Maps_To_Entity
EFF4D376-4C37-47D6-93D7-6E9A3B6D208A,FACILITY_BUSINESS_ENTITY_ASSOCIATION,FACILITY BUSINESS ENTITY ASSOCIATIONS,MTED_EDaM_Design_Status,Draft,SHL_CDM_EntityPropertyExtension.MTED_EDaM_Design_Status
C9CF9F36-F91F-4547-A6B8-923007FC9571,FACILITY_LOCATION,FACILITY LOCATIONS,PD_ObjectID,C9CF9F36-F91F-4547-A6B8-923007FC9571,
C9CF9F36-F91F-4547-A6B8-923007FC9571,FACILITY_LOCATION,FACILITY LOCATIONS,PD_SourceExtraction,46603045,
C9CF9F36-F91F-4547-A6B8-923007FC9571,FACILITY_LOCATION,FACILITY LOCATIONS,PD_SourceModel,02_logistics_segment,
C9CF9F36-F91F-4547-A6B8-923007FC9571,FACILITY_LOCATION,FACILITY LOCATIONS,MTED_EDaM_Entity_Data_Category,<unspecified>,SHL_CDM_EntityPropertyExtension.MTED_EDaM_Entity_Data_Category
C9CF9F36-F91F-4547-A6B8-923007FC9571,FACILITY_LOCATION,FACILITY LOCATIONS,MTED_EDaM_Security_Classification,<unspecified>,SHL_CDM_EntityPropertyExtension.MTED_EDaM_Security_Classification
C9CF9F36-F91F-4547-A6B8-923007FC9571,FACILITY_LOCATION,FACILITY LOCATIONS,MTED_EDaM_Design_Status,Draft,SHL_CDM_EntityPropertyExtension.MTED_EDaM_Design_Status
20D4FF35-1112-4137-B455-F979AD1EAF2F,FACILITY_NAME,FACILITY NAMES,PD_ObjectID,20D4FF35-1112-4137-B455-F979AD1EAF2F,
20D4FF35-1112-4137-B455-F979AD1EAF2F,FACILITY_NAME,FACILITY NAMES,PD_SourceExtraction,46603045,
20D4FF35-1112-4137-B455-F979AD1EAF2F,FACILITY_NAME,FACILITY NAMES,PD_SourceModel,02_logistics_segment,
20D4FF35-1112-4137-B455-F979AD1EAF2F,FACILITY_NAME,FACILITY NAMES,MTED_EDaM_Entity_Data_Category,<unspecified>,SHL_CDM_EntityPropertyExtension.MTED_EDaM_Entity_Data_Category
20D4FF35-1112-4137-B455-F979AD1EAF2F,FACILITY_NAME,FACILITY NAMES,MTED_EDaM_Security_Classification,<unspecified>,SHL_CDM_EntityPropertyExtension.MTED_EDaM_Security_Classification
20D4FF35-1112-4137-B455-F979AD1EAF2F,FACILITY_NAME,FACILITY NAMES,MTED_EDaM_Entity_Maps_To_Entity,Plant,SHL_CDM_EntityPropertyExtension.MTED_EDaM_Entity_Maps_To_Entity
20D4FF35-1112-4137-B455-F979AD1EAF2F,FACILITY_NAME,FACILITY NAMES,MTED_EDaM_Design_Status,Draft,SHL_CDM_EntityPropertyExtension.MTED_EDaM_Design_Status
AD163901-1126-4F4F-B475-E08296D2205B,FACILITY_SPECIFICATION,FACILITY SPECIFICATIONS,PD_ObjectID,AD163901-1126-4F4F-B475-E08296D2205B,
AD163901-1126-4F4F-B475-E08296D2205B,FACILITY_SPECIFICATION,FACILITY SPECIFICATIONS,PD_SourceExtraction,46603045,
AD163901-1126-4F4F-B475-E08296D2205B,FACILITY_SPECIFICATION,FACILITY SPECIFICATIONS,PD_SourceModel,02_logistics_segment,
AD163901-1126-4F4F-B475-E08296D2205B,FACILITY_SPECIFICATION,FACILITY SPECIFICATIONS,MTED_EDaM_Entity_Data_Category,<unspecified>,SHL_CDM_EntityPropertyExtension.MTED_EDaM_Entity_Data_Category
AD163901-1126-4F4F-B475-E08296D2205B,FACILITY_SPECIFICATION,FACILITY SPECIFICATIONS,MTED_EDaM_Security_Classification,<unspecified>,SHL_CDM_EntityPropertyExtension.MTED_EDaM_Security_Classification
AD163901-1126-4F4F-B475-E08296D2205B,FACILITY_SPECIFICATION,FACILITY SPECIFICATIONS,MTED_EDaM_Entity_Maps_To_Entity,Plant,SHL_CDM_EntityPropertyExtension.MTED_EDaM_Entity_Maps_To_Entity
AD163901-1126-4F4F-B475-E08296D2205B,FACILITY_SPECIFICATION,FACILITY SPECIFICATIONS,MTED_EDaM_Design_Status,Draft,SHL_CDM_EntityPropertyExtension.MTED_EDaM_Design_Status
E1557C80-7584-4E9C-8151-1F64E053A243,FACILITY_STATE,FACILITY STATES,PD_ObjectID,E1557C80-7584-4E9C-8151-1F64E053A243,
E1557C80-7584-4E9C-8151-1F64E053A243,FACILITY_STATE,FACILITY STATES,PD_SourceExtraction,46603045,
E1557C80-7584-4E9C-8151-1F64E053A243,FACILITY_STATE,FACILITY STATES,PD_SourceModel,02_logistics_segment,
E1557C80-7584-4E9C-8151-1F64E053A243,FACILITY_STATE,FACILITY STATES,MTED_EDaM_Entity_Data_Category,<unspecified>,SHL_CDM_EntityPropertyExtension.MTED_EDaM_Entity_Data_Category
E1557C80-7584-4E9C-8151-1F64E053A243,FACILITY_STATE,FACILITY STATES,MTED_EDaM_Security_Classification,<unspecified>,SHL_CDM_EntityPropertyExtension.MTED_EDaM_Security_Classification
E1557C80-7584-4E9C-8151-1F64E053A243,FACILITY_STATE,FACILITY STATES,MTED_EDaM_Entity_Maps_To_Entity,Plant,SHL_CDM_EntityPropertyExtension.MTED_EDaM_Entity_Maps_To_Entity
E1557C80-7584-4E9C-8151-1F64E053A243,FACILITY_STATE,FACILITY STATES,MTED_EDaM_Design_Status,Draft,SHL_CDM_EntityPropertyExtension.MTED_EDaM_Design_Status
914C649A-01EF-4CF1-B6FC-3684D4C53901,FACILITY_STRUCTURE,FACILITY STRUCTURES,PD_ObjectID,914C649A-01EF-4CF1-B6FC-3684D4C53901,
914C649A-01EF-4CF1-B6FC-3684D4C53901,FACILITY_STRUCTURE,FACILITY STRUCTURES,PD_SourceExtraction,46603045,
914C649A-01EF-4CF1-B6FC-3684D4C53901,FACILITY_STRUCTURE,FACILITY STRUCTURES,PD_SourceModel,02_logistics_segment,
914C649A-01EF-4CF1-B6FC-3684D4C53901,FACILITY_STRUCTURE,FACILITY STRUCTURES,MTED_EDaM_Entity_Data_Category,<unspecified>,SHL_CDM_EntityPropertyExtension.MTED_EDaM_Entity_Data_Category
914C649A-01EF-4CF1-B6FC-3684D4C53901,FACILITY_STRUCTURE,FACILITY STRUCTURES,MTED_EDaM_Security_Classification,<unspecified>,SHL_CDM_EntityPropertyExtension.MTED_EDaM_Security_Classification
914C649A-01EF-4CF1-B6FC-3684D4C53901,FACILITY_STRUCTURE,FACILITY STRUCTURES,MTED_EDaM_Entity_Maps_To_Entity,Plant,SHL_CDM_EntityPropertyExtension.MTED_EDaM_Entity_Maps_To_Entity
914C649A-01EF-4CF1-B6FC-3684D4C53901,FACILITY_STRUCTURE,FACILITY STRUCTURES,MTED_EDaM_Design_Status,Draft,SHL_CDM_EntityPropertyExtension.MTED_EDaM_Design_Status
2B099E55-128D-4C21-A6DD-1C4DDB4D6357,FACILITY_STRUCTURE_TYPE,FACILITY_STRUCTURE_TYPE,PD_ObjectID,2B099E55-128D-4C21-A6DD-1C4DDB4D6357,
2B099E55-128D-4C21-A6DD-1C4DDB4D6357,FACILITY_STRUCTURE_TYPE,FACILITY_STRUCTURE_TYPE,PD_SourceExtraction,46603045,
2B099E55-128D-4C21-A6DD-1C4DDB4D6357,FACILITY_STRUCTURE_TYPE,FACILITY_STRUCTURE_TYPE,PD_SourceModel,02_logistics_segment,
2B099E55-128D-4C21-A6DD-1C4DDB4D6357,FACILITY_STRUCTURE_TYPE,FACILITY_STRUCTURE_TYPE,MTED_EDaM_Entity_Data_Category,<unspecified>,SHL_CDM_EntityPropertyExtension.MTED_EDaM_Entity_Data_Category
2B099E55-128D-4C21-A6DD-1C4DDB4D6357,FACILITY_STRUCTURE_TYPE,FACILITY_STRUCTURE_TYPE,MTED_EDaM_Security_Classification,<unspecified>,SHL_CDM_EntityPropertyExtension.MTED_EDaM_Security_Classification
2B099E55-128D-4C21-A6DD-1C4DDB4D6357,FACILITY_STRUCTURE_TYPE,FACILITY_STRUCTURE_TYPE,MTED_EDaM_Design_Status,Draft,SHL_CDM_EntityPropertyExtension.MTED_EDaM_Design_Status
97F0816F-E3B4-4C31-92F9-16001F412677,FACILITY_TYPE,FACILITY TYPES,PD_ObjectID,97F0816F-E3B4-4C31-92F9-16001F412677,
97F0816F-E3B4-4C31-92F9-16001F412677,FACILITY_TYPE,FACILITY TYPES,PD_SourceExtraction,46603045,
97F0816F-E3B4-4C31-92F9-16001F412677,FACILITY_TYPE,FACILITY TYPES,PD_SourceModel,02_logistics_segment,
97F0816F-E3B4-4C31-92F9-16001F412677,FACILITY_TYPE,FACILITY TYPES,MTED_EDaM_Entity_Data_Category,<unspecified>,SHL_CDM_EntityPropertyExtension.MTED_EDaM_Entity_Data_Category
97F0816F-E3B4-4C31-92F9-16001F412677,FACILITY_TYPE,FACILITY TYPES,MTED_EDaM_Security_Classification,<unspecified>,SHL_CDM_EntityPropertyExtension.MTED_EDaM_Security_Classification
97F0816F-E3B4-4C31-92F9-16001F412677,FACILITY_TYPE,FACILITY TYPES,MTED_EDaM_Entity_Maps_To_Entity,Plant,SHL_CDM_EntityPropertyExtension.MTED_EDaM_Entity_Maps_To_Entity
97F0816F-E3B4-4C31-92F9-16001F412677,FACILITY_TYPE,FACILITY TYPES,MTED_EDaM_Design_Status,Draft,SHL_CDM_EntityPropertyExtension.MTED_EDaM_Design_Status
4AAC7196-33D3-4267-AAFF-26E8BD8408B1,FIELD,FIELDS,PD_ObjectID,4AAC7196-33D3-4267-AAFF-26E8BD8408B1,
4AAC7196-33D3-4267-AAFF-26E8BD8408B1,FIELD,FIELDS,PD_SourceExtraction,46603045,
4AAC7196-33D3-4267-AAFF-26E8BD8408B1,FIELD,FIELDS,PD_SourceModel,02_logistics_segment,
4AAC7196-33D3-4267-AAFF-26E8BD8408B1,FIELD,FIELDS,MTED_EDaM_Entity_Data_Category,<unspecified>,SHL_CDM_EntityPropertyExtension.MTED_EDaM_Entity_Data_Category
4AAC7196-33D3-4267-AAFF-26E8BD8408B1,FIELD,FIELDS,MTED_EDaM_Security_Classification,<unspecified>,SHL_CDM_EntityPropertyExtension.MTED_EDaM_Security_Classification
4AAC7196-33D3-4267-AAFF-26E8BD8408B1,FIELD,FIELDS,MTED_EDaM_Entity_Maps_To_Entity,Field,SHL_CDM_EntityPropertyExtension.MTED_EDaM_Entity_Maps_To_Entity
4AAC7196-33D3-4267-AAFF-26E8BD8408B1,FIELD,FIELDS,MTED_EDaM_Design_Status,Draft,SHL_CDM_EntityPropertyExtension.MTED_EDaM_Design_Status
92CB588D-CF8C-473F-8BD8-2CA67D62DB4F,Field_2,FIELD,PD_ObjectID,92CB588D-CF8C-473F-8BD8-2CA67D62DB4F,
92CB588D-CF8C-473F-8BD8-2CA67D62DB4F,Field_2,FIELD,PD_SourceExtraction,46603045,
92CB588D-CF8C-473F-8BD8-2CA67D62DB4F,Field_2,FIELD,PD_SourceModel,02_logistics_segment,
28BAF9C7-1580-48EE-AC99-9C23362FA480,GOVERNMENT_AGENCY,GOVERNMENT AGENCIES,PD_ObjectID,28BAF9C7-1580-48EE-AC99-9C23362FA480,
28BAF9C7-1580-48EE-AC99-9C23362FA480,GOVERNMENT_AGENCY,GOVERNMENT AGENCIES,PD_SourceExtraction,46603045,
28BAF9C7-1580-48EE-AC99-9C23362FA480,GOVERNMENT_AGENCY,GOVERNMENT AGENCIES,PD_SourceModel,02_logistics_segment,
28BAF9C7-1580-48EE-AC99-9C23362FA480,GOVERNMENT_AGENCY,GOVERNMENT AGENCIES,MTED_EDaM_Entity_Data_Category,<unspecified>,SHL_CDM_EntityPropertyExtension.MTED_EDaM_Entity_Data_Category
28BAF9C7-1580-48EE-AC99-9C23362FA480,GOVERNMENT_AGENCY,GOVERNMENT AGENCIES,MTED_EDaM_Security_Classification,<unspecified>,SHL_CDM_EntityPropertyExtension.MTED_EDaM_Security_Classification
28BAF9C7-1580-48EE-AC99-9C23362FA480,GOVERNMENT_AGENCY,GOVERNMENT AGENCIES,MTED_EDaM_Entity_Maps_To_Entity,"""Legal Organisation""",SHL_CDM_EntityPropertyExtension.MTED_EDaM_Entity_Maps_To_Entity
28BAF9C7-1580-48EE-AC99-9C23362FA480,GOVERNMENT_AGENCY,GOVERNMENT AGENCIES,MTED_EDaM_Design_Status,Draft,SHL_CDM_EntityPropertyExtension.MTED_EDaM_Design_Status
C4CFFF76-5118-4049-B4DD-9E3D4B1CE38A,INCIDENT,INCIDENT,PD_ObjectID,C4CFFF76-5118-4049-B4DD-9E3D4B1CE38A,
C4CFFF76-5118-4049-B4DD-9E3D4B1CE38A,INCIDENT,INCIDENT,PD_SourceExtraction,46603045,
C4CFFF76-5118-4049-B4DD-9E3D4B1CE38A,INCIDENT,INCIDENT,PD_SourceModel,02_logistics_segment,
C4CFFF76-5118-4049-B4DD-9E3D4B1CE38A,INCIDENT,INCIDENT,MTED_EDaM_Entity_Data_Category,<unspecified>,SHL_CDM_EntityPropertyExtension.MTED_EDaM_Entity_Data_Category
C4CFFF76-5118-4049-B4DD-9E3D4B1CE38A,INCIDENT,INCIDENT,MTED_EDaM_Security_Classification,<unspecified>,SHL_CDM_EntityPropertyExtension.MTED_EDaM_Security_Classification
C4CFFF76-5118-4049-B4DD-9E3D4B1CE38A,INCIDENT,INCIDENT,MTED_EDaM_Design_Status,Draft,SHL_CDM_EntityPropertyExtension.MTED_EDaM_Design_Status
8155C35E-5307-4632-B303-845014F8E378,INCIDENT_BUSINESS_ENTITY_ASSOCIATION,INCIDENT_BUSINESS_ENTITY_ASSOCIATION,PD_ObjectID,8155C35E-5307-4632-B303-845014F8E378,
8155C35E-5307-4632-B303-845014F8E378,INCIDENT_BUSINESS_ENTITY_ASSOCIATION,INCIDENT_BUSINESS_ENTITY_ASSOCIATION,PD_SourceExtraction,46603045,
8155C35E-5307-4632-B303-845014F8E378,INCIDENT_BUSINESS_ENTITY_ASSOCIATION,INCIDENT_BUSINESS_ENTITY_ASSOCIATION,PD_SourceModel,02_logistics_segment,
8155C35E-5307-4632-B303-845014F8E378,INCIDENT_BUSINESS_ENTITY_ASSOCIATION,INCIDENT_BUSINESS_ENTITY_ASSOCIATION,MTED_EDaM_Entity_Data_Category,<unspecified>,SHL_CDM_EntityPropertyExtension.MTED_EDaM_Entity_Data_Category
8155C35E-5307-4632-B303-845014F8E378,INCIDENT_BUSINESS_ENTITY_ASSOCIATION,INCIDENT_BUSINESS_ENTITY_ASSOCIATION,MTED_EDaM_Security_Classification,<unspecified>,SHL_CDM_EntityPropertyExtension.MTED_EDaM_Security_Classification
8155C35E-5307-4632-B303-845014F8E378,INCIDENT_BUSINESS_ENTITY_ASSOCIATION,INCIDENT_BUSINESS_ENTITY_ASSOCIATION,MTED_EDaM_Design_Status,Draft,SHL_CDM_EntityPropertyExtension.MTED_EDaM_Design_Status
E908240A-8124-4026-8393-A2871E3614AD,INCIDENT_TYPE,INCIDENT_TYPE,PD_ObjectID,E908240A-8124-4026-8393-A2871E3614AD,
E908240A-8124-4026-8393-A2871E3614AD,INCIDENT_TYPE,INCIDENT_TYPE,PD_SourceExtraction,46603045,
E908240A-8124-4026-8393-A2871E3614AD,INCIDENT_TYPE,INCIDENT_TYPE,PD_SourceModel,02_logistics_segment,
E908240A-8124-4026-8393-A2871E3614AD,INCIDENT_TYPE,INCIDENT_TYPE,MTED_EDaM_Entity_Data_Category,<unspecified>,SHL_CDM_EntityPropertyExtension.MTED_EDaM_Entity_Data_Category
E908240A-8124-4026-8393-A2871E3614AD,INCIDENT_TYPE,INCIDENT_TYPE,MTED_EDaM_Security_Classification,<unspecified>,SHL_CDM_EntityPropertyExtension.MTED_EDaM_Security_Classification
E908240A-8124-4026-8393-A2871E3614AD,INCIDENT_TYPE,INCIDENT_TYPE,MTED_EDaM_Design_Status,Draft,SHL_CDM_EntityPropertyExtension.MTED_EDaM_Design_Status
B1F94A8C-E007-4ADA-8F95-C7EFCF479DB9,ITEM_CLASS,ITEM CLASSES,PD_ObjectID,B1F94A8C-E007-4ADA-8F95-C7EFCF479DB9,
B1F94A8C-E007-4ADA-8F95-C7EFCF479DB9,ITEM_CLASS,ITEM CLASSES,PD_SourceExtraction,46603045,
B1F94A8C-E007-4ADA-8F95-C7EFCF479DB9,ITEM_CLASS,ITEM CLASSES,PD_SourceModel,02_logistics_segment,
B1F94A8C-E007-4ADA-8F95-C7EFCF479DB9,ITEM_CLASS,ITEM CLASSES,MTED_EDaM_Entity_Data_Category,<unspecified>,SHL_CDM_EntityPropertyExtension.MTED_EDaM_Entity_Data_Category
B1F94A8C-E007-4ADA-8F95-C7EFCF479DB9,ITEM_CLASS,ITEM CLASSES,MTED_EDaM_Security_Classification,<unspecified>,SHL_CDM_EntityPropertyExtension.MTED_EDaM_Security_Classification
B1F94A8C-E007-4ADA-8F95-C7EFCF479DB9,ITEM_CLASS,ITEM CLASSES,MTED_EDaM_Entity_Maps_To_Entity,Equipment,SHL_CDM_EntityPropertyExtension.MTED_EDaM_Entity_Maps_To_Entity
B1F94A8C-E007-4ADA-8F95-C7EFCF479DB9,ITEM_CLASS,ITEM CLASSES,MTED_EDaM_Design_Status,Draft,SHL_CDM_EntityPropertyExtension.MTED_EDaM_Design_Status
5D6093D5-6E91-4DBE-ACA9-B7705BAC1189,Hydrocarbon Material,HYDROCARBON_MATERIAL,PD_ObjectID,5D6093D5-6E91-4DBE-ACA9-B7705BAC1189,
5D6093D5-6E91-4DBE-ACA9-B7705BAC1189,Hydrocarbon Material,HYDROCARBON_MATERIAL,PD_SourceExtraction,46603045,
5D6093D5-6E91-4DBE-ACA9-B7705BAC1189,Hydrocarbon Material,HYDROCARBON_MATERIAL,PD_SourceModel,02_logistics_segment,
5D6093D5-6E91-4DBE-ACA9-B7705BAC1189,Hydrocarbon Material,HYDROCARBON_MATERIAL,MTED_EDaM_Entity_Data_Category,<unspecified>,SHL_CDM_EntityPropertyExtension.MTED_EDaM_Entity_Data_Category
5D6093D5-6E91-4DBE-ACA9-B7705BAC1189,Hydrocarbon Material,HYDROCARBON_MATERIAL,MTED_EDaM_Security_Classification,<unspecified>,SHL_CDM_EntityPropertyExtension.MTED_EDaM_Security_Classification
5D6093D5-6E91-4DBE-ACA9-B7705BAC1189,Hydrocarbon Material,HYDROCARBON_MATERIAL,MTED_EDaM_Design_Status,Draft,SHL_CDM_EntityPropertyExtension.MTED_EDaM_Design_Status
C2687090-D83C-4916-AA28-0B82902B23F1,ITEM_SPECIFICATION,ITEM_SPECIFICATION,PD_ObjectID,C2687090-D83C-4916-AA28-0B82902B23F1,
C2687090-D83C-4916-AA28-0B82902B23F1,ITEM_SPECIFICATION,ITEM_SPECIFICATION,PD_SourceExtraction,46603045,
C2687090-D83C-4916-AA28-0B82902B23F1,ITEM_SPECIFICATION,ITEM_SPECIFICATION,PD_SourceModel,02_logistics_segment,
C2687090-D83C-4916-AA28-0B82902B23F1,ITEM_SPECIFICATION,ITEM_SPECIFICATION,MTED_EDaM_Entity_Data_Category,<unspecified>,SHL_CDM_EntityPropertyExtension.MTED_EDaM_Entity_Data_Category
C2687090-D83C-4916-AA28-0B82902B23F1,ITEM_SPECIFICATION,ITEM_SPECIFICATION,MTED_EDaM_Security_Classification,<unspecified>,SHL_CDM_EntityPropertyExtension.MTED_EDaM_Security_Classification
C2687090-D83C-4916-AA28-0B82902B23F1,ITEM_SPECIFICATION,ITEM_SPECIFICATION,MTED_EDaM_Design_Status,Draft,SHL_CDM_EntityPropertyExtension.MTED_EDaM_Design_Status
DAF1E947-CAE0-4EDD-B213-DA090679C565,ITEM_TYPE,ITEM TYPES,PD_ObjectID,DAF1E947-CAE0-4EDD-B213-DA090679C565,
DAF1E947-CAE0-4EDD-B213-DA090679C565,ITEM_TYPE,ITEM TYPES,PD_SourceExtraction,46603045,
DAF1E947-CAE0-4EDD-B213-DA090679C565,ITEM_TYPE,ITEM TYPES,PD_SourceModel,02_logistics_segment,
DAF1E947-CAE0-4EDD-B213-DA090679C565,ITEM_TYPE,ITEM TYPES,MTED_EDaM_Entity_Data_Category,<unspecified>,SHL_CDM_EntityPropertyExtension.MTED_EDaM_Entity_Data_Category
DAF1E947-CAE0-4EDD-B213-DA090679C565,ITEM_TYPE,ITEM TYPES,MTED_EDaM_Security_Classification,<unspecified>,SHL_CDM_EntityPropertyExtension.MTED_EDaM_Security_Classification
DAF1E947-CAE0-4EDD-B213-DA090679C565,ITEM_TYPE,ITEM TYPES,MTED_EDaM_Entity_Maps_To_Entity,Equipment,SHL_CDM_EntityPropertyExtension.MTED_EDaM_Entity_Maps_To_Entity
DAF1E947-CAE0-4EDD-B213-DA090679C565,ITEM_TYPE,ITEM TYPES,MTED_EDaM_Design_Status,Draft,SHL_CDM_EntityPropertyExtension.MTED_EDaM_Design_Status
BEFAC106-5663-4631-AC24-5A655BAE9EBC,MANAGEMENT_PLANT,MANAGEMENT PLANTS,PD_ObjectID,BEFAC106-5663-4631-AC24-5A655BAE9EBC,
BEFAC106-5663-4631-AC24-5A655BAE9EBC,MANAGEMENT_PLANT,MANAGEMENT PLANTS,PD_SourceExtraction,46603045,
BEFAC106-5663-4631-AC24-5A655BAE9EBC,MANAGEMENT_PLANT,MANAGEMENT PLANTS,PD_SourceModel,02_logistics_segment,
BEFAC106-5663-4631-AC24-5A655BAE9EBC,MANAGEMENT_PLANT,MANAGEMENT PLANTS,MTED_EDaM_Entity_Data_Category,<unspecified>,SHL_CDM_EntityPropertyExtension.MTED_EDaM_Entity_Data_Category
BEFAC106-5663-4631-AC24-5A655BAE9EBC,MANAGEMENT_PLANT,MANAGEMENT PLANTS,MTED_EDaM_Security_Classification,<unspecified>,SHL_CDM_EntityPropertyExtension.MTED_EDaM_Security_Classification
BEFAC106-5663-4631-AC24-5A655BAE9EBC,MANAGEMENT_PLANT,MANAGEMENT PLANTS,MTED_EDaM_Entity_Maps_To_Entity,Plant,SHL_CDM_EntityPropertyExtension.MTED_EDaM_Entity_Maps_To_Entity
BEFAC106-5663-4631-AC24-5A655BAE9EBC,MANAGEMENT_PLANT,MANAGEMENT PLANTS,MTED_EDaM_Design_Status,Draft,SHL_CDM_EntityPropertyExtension.MTED_EDaM_Design_Status
939DC922-FF46-46E2-B4E7-CFD19ED15EF8,MATERIAL_TYPE,MATERIAL TYPES,PD_ObjectID,939DC922-FF46-46E2-B4E7-CFD19ED15EF8,
939DC922-FF46-46E2-B4E7-CFD19ED15EF8,MATERIAL_TYPE,MATERIAL TYPES,PD_SourceExtraction,46603045,
939DC922-FF46-46E2-B4E7-CFD19ED15EF8,MATERIAL_TYPE,MATERIAL TYPES,PD_SourceModel,02_logistics_segment,
939DC922-FF46-46E2-B4E7-CFD19ED15EF8,MATERIAL_TYPE,MATERIAL TYPES,MTED_EDaM_Entity_Data_Category,<unspecified>,SHL_CDM_EntityPropertyExtension.MTED_EDaM_Entity_Data_Category
939DC922-FF46-46E2-B4E7-CFD19ED15EF8,MATERIAL_TYPE,MATERIAL TYPES,MTED_EDaM_Security_Classification,<unspecified>,SHL_CDM_EntityPropertyExtension.MTED_EDaM_Security_Classification
939DC922-FF46-46E2-B4E7-CFD19ED15EF8,MATERIAL_TYPE,MATERIAL TYPES,MTED_EDaM_Entity_Maps_To_Entity,"""Hydrocarbon Material""",SHL_CDM_EntityPropertyExtension.MTED_EDaM_Entity_Maps_To_Entity
939DC922-FF46-46E2-B4E7-CFD19ED15EF8,MATERIAL_TYPE,MATERIAL TYPES,MTED_EDaM_Design_Status,Draft,SHL_CDM_EntityPropertyExtension.MTED_EDaM_Design_Status
8DFAC9D4-F4A0-4BDC-A696-85EE0D91C2EB,OPERATIONAL_STATUS,OPERATIONAL STATUSES,PD_ObjectID,8DFAC9D4-F4A0-4BDC-A696-85EE0D91C2EB,
8DFAC9D4-F4A0-4BDC-A696-85EE0D91C2EB,OPERATIONAL_STATUS,OPERATIONAL STATUSES,PD_SourceExtraction,46603045,
8DFAC9D4-F4A0-4BDC-A696-85EE0D91C2EB,OPERATIONAL_STATUS,OPERATIONAL STATUSES,PD_SourceModel,02_logistics_segment,
8DFAC9D4-F4A0-4BDC-A696-85EE0D91C2EB,OPERATIONAL_STATUS,OPERATIONAL STATUSES,MTED_EDaM_Entity_Data_Category,<unspecified>,SHL_CDM_EntityPropertyExtension.MTED_EDaM_Entity_Data_Category
8DFAC9D4-F4A0-4BDC-A696-85EE0D91C2EB,OPERATIONAL_STATUS,OPERATIONAL STATUSES,MTED_EDaM_Security_Classification,<unspecified>,SHL_CDM_EntityPropertyExtension.MTED_EDaM_Security_Classification
8DFAC9D4-F4A0-4BDC-A696-85EE0D91C2EB,OPERATIONAL_STATUS,OPERATIONAL STATUSES,MTED_EDaM_Entity_Maps_To_Entity,Event,SHL_CDM_EntityPropertyExtension.MTED_EDaM_Entity_Maps_To_Entity
8DFAC9D4-F4A0-4BDC-A696-85EE0D91C2EB,OPERATIONAL_STATUS,OPERATIONAL STATUSES,MTED_EDaM_Design_Status,Draft,SHL_CDM_EntityPropertyExtension.MTED_EDaM_Design_Status
E4D94E81-565F-493E-B319-F1F299C62FFA,Event,EVENT,PD_ObjectID,E4D94E81-565F-493E-B319-F1F299C62FFA,
E4D94E81-565F-493E-B319-F1F299C62FFA,Event,EVENT,PD_SourceExtraction,46603045,
E4D94E81-565F-493E-B319-F1F299C62FFA,Event,EVENT,PD_SourceModel,02_logistics_segment,
E4D94E81-565F-493E-B319-F1F299C62FFA,Event,EVENT,MTED_EDaM_Entity_Data_Category,<unspecified>,SHL_CDM_EntityPropertyExtension.MTED_EDaM_Entity_Data_Category
E4D94E81-565F-493E-B319-F1F299C62FFA,Event,EVENT,MTED_EDaM_Security_Classification,<unspecified>,SHL_CDM_EntityPropertyExtension.MTED_EDaM_Security_Classification
E4D94E81-565F-493E-B319-F1F299C62FFA,Event,EVENT,MTED_EDaM_Design_Status,Draft,SHL_CDM_EntityPropertyExtension.MTED_EDaM_Design_Status
93BDE883-9317-4409-8AEE-90BAF44D7178,ORGANISATION,ORGANIZATIONS,PD_ObjectID,93BDE883-9317-4409-8AEE-90BAF44D7178,
93BDE883-9317-4409-8AEE-90BAF44D7178,ORGANISATION,ORGANIZATIONS,PD_SourceExtraction,46603045,
93BDE883-9317-4409-8AEE-90BAF44D7178,ORGANISATION,ORGANIZATIONS,PD_SourceModel,02_logistics_segment,
93BDE883-9317-4409-8AEE-90BAF44D7178,ORGANISATION,ORGANIZATIONS,MTED_EDaM_Entity_Data_Category,<unspecified>,SHL_CDM_EntityPropertyExtension.MTED_EDaM_Entity_Data_Category
93BDE883-9317-4409-8AEE-90BAF44D7178,ORGANISATION,ORGANIZATIONS,MTED_EDaM_Security_Classification,<unspecified>,SHL_CDM_EntityPropertyExtension.MTED_EDaM_Security_Classification
93BDE883-9317-4409-8AEE-90BAF44D7178,ORGANISATION,ORGANIZATIONS,MTED_EDaM_Entity_Maps_To_Entity,Organisation,SHL_CDM_EntityPropertyExtension.MTED_EDaM_Entity_Maps_To_Entity
93BDE883-9317-4409-8AEE-90BAF44D7178,ORGANISATION,ORGANIZATIONS,MTED_EDaM_Design_Status,Draft,SHL_CDM_EntityPropertyExtension.MTED_EDaM_Design_Status
C06AFEC2-7C13-4134-8012-965B98ED94AC,Organisation_2,ORGANISATION,PD_ObjectID,C06AFEC2-7C13-4134-8012-965B98ED94AC,
C06AFEC2-7C13-4134-8012-965B98ED94AC,Organisation_2,ORGANISATION,PD_SourceExtraction,46603045,
C06AFEC2-7C13-4134-8012-965B98ED94AC,Organisation_2,ORGANISATION,PD_SourceModel,02_logistics_segment,
8C8B30AF-64BB-4FCC-85CD-3010D6B2E6A9,ORGANISATION_TYPE,ORGANIZATION TYPES,PD_ObjectID,8C8B30AF-64BB-4FCC-85CD-3010D6B2E6A9,
8C8B30AF-64BB-4FCC-85CD-3010D6B2E6A9,ORGANISATION_TYPE,ORGANIZATION TYPES,PD_SourceExtraction,46603045,
8C8B30AF-64BB-4FCC-85CD-3010D6B2E6A9,ORGANISATION_TYPE,ORGANIZATION TYPES,PD_SourceModel,02_logistics_segment,
8C8B30AF-64BB-4FCC-85CD-3010D6B2E6A9,ORGANISATION_TYPE,ORGANIZATION TYPES,MTED_EDaM_Entity_Data_Category,<unspecified>,SHL_CDM_EntityPropertyExtension.MTED_EDaM_Entity_Data_Category
8C8B30AF-64BB-4FCC-85CD-3010D6B2E6A9,ORGANISATION_TYPE,ORGANIZATION TYPES,MTED_EDaM_Security_Classification,<unspecified>,SHL_CDM_EntityPropertyExtension.MTED_EDaM_Security_Classification
8C8B30AF-64BB-4FCC-85CD-3010D6B2E6A9,ORGANISATION_TYPE,ORGANIZATION TYPES,MTED_EDaM_Design_Status,Draft,SHL_CDM_EntityPropertyExtension.MTED_EDaM_Design_Status
46661A4E-4F96-4283-8576-E155A30E7B70,ORGANISATION_UNIT,ORGANISATION_UNIT,PD_ObjectID,46661A4E-4F96-4283-8576-E155A30E7B70,
46661A4E-4F96-4283-8576-E155A30E7B70,ORGANISATION_UNIT,ORGANISATION_UNIT,PD_SourceExtraction,46603045,
46661A4E-4F96-4283-8576-E155A30E7B70,ORGANISATION_UNIT,ORGANISATION_UNIT,PD_SourceModel,02_logistics_segment,
46661A4E-4F96-4283-8576-E155A30E7B70,ORGANISATION_UNIT,ORGANISATION_UNIT,MTED_EDaM_Entity_Data_Category,<unspecified>,SHL_CDM_EntityPropertyExtension.MTED_EDaM_Entity_Data_Category
46661A4E-4F96-4283-8576-E155A30E7B70,ORGANISATION_UNIT,ORGANISATION_UNIT,MTED_EDaM_Security_Classification,<unspecified>,SHL_CDM_EntityPropertyExtension.MTED_EDaM_Security_Classification
46661A4E-4F96-4283-8576-E155A30E7B70,ORGANISATION_UNIT,ORGANISATION_UNIT,MTED_EDaM_Design_Status,Draft,SHL_CDM_EntityPropertyExtension.MTED_EDaM_Design_Status
5D8B5837-9338-45AA-9BF6-C2A5F1DC34D3,PERSON,PEOPLE,PD_ObjectID,5D8B5837-9338-45AA-9BF6-C2A5F1DC34D3,
5D8B5837-9338-45AA-9BF6-C2A5F1DC34D3,PERSON,PEOPLE,PD_SourceExtraction,46603045,
5D8B5837-9338-45AA-9BF6-C2A5F1DC34D3,PERSON,PEOPLE,PD_SourceModel,02_logistics_segment,
5D8B5837-9338-45AA-9BF6-C2A5F1DC34D3,PERSON,PEOPLE,MTED_EDaM_Entity_Data_Category,<unspecified>,SHL_CDM_EntityPropertyExtension.MTED_EDaM_Entity_Data_Category
5D8B5837-9338-45AA-9BF6-C2A5F1DC34D3,PERSON,PEOPLE,MTED_EDaM_Security_Classification,<unspecified>,SHL_CDM_EntityPropertyExtension.MTED_EDaM_Security_Classification
5D8B5837-9338-45AA-9BF6-C2A5F1DC34D3,PERSON,PEOPLE,MTED_EDaM_Entity_Maps_To_Entity,Contractor,SHL_CDM_EntityPropertyExtension.MTED_EDaM_Entity_Maps_To_Entity
5D8B5837-9338-45AA-9BF6-C2A5F1DC34D3,PERSON,PEOPLE,MTED_EDaM_Design_Status,Draft,SHL_CDM_EntityPropertyExtension.MTED_EDaM_Design_Status
5472C33C-DA89-44B2-8911-5C8ECEB8A9C4,Contractor,CONTRACTOR,PD_ObjectID,5472C33C-DA89-44B2-8911-5C8ECEB8A9C4,
5472C33C-DA89-44B2-8911-5C8ECEB8A9C4,Contractor,CONTRACTOR,PD_SourceExtraction,46603045,
5472C33C-DA89-44B2-8911-5C8ECEB8A9C4,Contractor,CONTRACTOR,PD_SourceModel,02_logistics_segment,
5472C33C-DA89-44B2-8911-5C8ECEB8A9C4,Contractor,CONTRACTOR,MTED_EDaM_Entity_Data_Category,<unspecified>,SHL_CDM_EntityPropertyExtension.MTED_EDaM_Entity_Data_Category
5472C33C-DA89-44B2-8911-5C8ECEB8A9C4,Contractor,CONTRACTOR,MTED_EDaM_Security_Classification,<unspecified>,SHL_CDM_EntityPropertyExtension.MTED_EDaM_Security_Classification
5472C33C-DA89-44B2-8911-5C8ECEB8A9C4,Contractor,CONTRACTOR,MTED_EDaM_Design_Status,Draft,SHL_CDM_EntityPropertyExtension.MTED_EDaM_Design_Status
9038DB71-7473-4CDD-845A-AA2B80C84612,Employee_2,EMPLOYEE,PD_ObjectID,9038DB71-7473-4CDD-845A-AA2B80C84612,
9038DB71-7473-4CDD-845A-AA2B80C84612,Employee_2,EMPLOYEE,PD_SourceExtraction,46603045,
9038DB71-7473-4CDD-845A-AA2B80C84612,Employee_2,EMPLOYEE,PD_SourceModel,02_logistics_segment,
7E849848-ACAD-4D36-BA02-E3797152867A,PIPELINE,PIPELINES,PD_ObjectID,7E849848-ACAD-4D36-BA02-E3797152867A,
7E849848-ACAD-4D36-BA02-E3797152867A,PIPELINE,PIPELINES,PD_SourceExtraction,46603045,
7E849848-ACAD-4D36-BA02-E3797152867A,PIPELINE,PIPELINES,PD_SourceModel,02_logistics_segment,
7E849848-ACAD-4D36-BA02-E3797152867A,PIPELINE,PIPELINES,MTED_EDaM_Entity_Data_Category,<unspecified>,SHL_CDM_EntityPropertyExtension.MTED_EDaM_Entity_Data_Category
7E849848-ACAD-4D36-BA02-E3797152867A,PIPELINE,PIPELINES,MTED_EDaM_Security_Classification,<unspecified>,SHL_CDM_EntityPropertyExtension.MTED_EDaM_Security_Classification
7E849848-ACAD-4D36-BA02-E3797152867A,PIPELINE,PIPELINES,MTED_EDaM_Entity_Maps_To_Entity,Pipeline,SHL_CDM_EntityPropertyExtension.MTED_EDaM_Entity_Maps_To_Entity
7E849848-ACAD-4D36-BA02-E3797152867A,PIPELINE,PIPELINES,MTED_EDaM_Design_Status,Draft,SHL_CDM_EntityPropertyExtension.MTED_EDaM_Design_Status
FBBC2B0B-CCD1-4296-8B77-F4D5B495C8CF,Pipeline_2,PIPELINE,PD_ObjectID,FBBC2B0B-CCD1-4296-8B77-F4D5B495C8CF,
FBBC2B0B-CCD1-4296-8B77-F4D5B495C8CF,Pipeline_2,PIPELINE,PD_SourceExtraction,46603045,
FBBC2B0B-CCD1-4296-8B77-F4D5B495C8CF,Pipeline_2,PIPELINE,PD_SourceModel,02_logistics_segment,
B425353D-377D-4C29-AC9F-52CAB9C7F7A9,PROJECT,PROJECTS,PD_ObjectID,B425353D-377D-4C29-AC9F-52CAB9C7F7A9,
B425353D-377D-4C29-AC9F-52CAB9C7F7A9,PROJECT,PROJECTS,PD_SourceExtraction,46603045,
B425353D-377D-4C29-AC9F-52CAB9C7F7A9,PROJECT,PROJECTS,PD_SourceModel,02_logistics_segment,
B425353D-377D-4C29-AC9F-52CAB9C7F7A9,PROJECT,PROJECTS,MTED_EDaM_Entity_Data_Category,<unspecified>,SHL_CDM_EntityPropertyExtension.MTED_EDaM_Entity_Data_Category
B425353D-377D-4C29-AC9F-52CAB9C7F7A9,PROJECT,PROJECTS,MTED_EDaM_Security_Classification,<unspecified>,SHL_CDM_EntityPropertyExtension.MTED_EDaM_Security_Classification
B425353D-377D-4C29-AC9F-52CAB9C7F7A9,PROJECT,PROJECTS,MTED_EDaM_Design_Status,Draft,SHL_CDM_EntityPropertyExtension.MTED_EDaM_Design_Status
4D488A24-9D84-49BD-9701-3738A2FDFCF6,SHELL_COMPANY,SHELL_COMPANY,PD_ObjectID,4D488A24-9D84-49BD-9701-3738A2FDFCF6,
4D488A24-9D84-49BD-9701-3738A2FDFCF6,SHELL_COMPANY,SHELL_COMPANY,PD_SourceExtraction,46603045,
4D488A24-9D84-49BD-9701-3738A2FDFCF6,SHELL_COMPANY,SHELL_COMPANY,PD_SourceModel,02_logistics_segment,
4D488A24-9D84-49BD-9701-3738A2FDFCF6,SHELL_COMPANY,SHELL_COMPANY,MTED_EDaM_Entity_Data_Category,<unspecified>,SHL_CDM_EntityPropertyExtension.MTED_EDaM_Entity_Data_Category
4D488A24-9D84-49BD-9701-3738A2FDFCF6,SHELL_COMPANY,SHELL_COMPANY,MTED_EDaM_Security_Classification,<unspecified>,SHL_CDM_EntityPropertyExtension.MTED_EDaM_Security_Classification
4D488A24-9D84-49BD-9701-3738A2FDFCF6,SHELL_COMPANY,SHELL_COMPANY,MTED_EDaM_Design_Status,Draft,SHL_CDM_EntityPropertyExtension.MTED_EDaM_Design_Status
6569ADD4-60EA-4496-832C-17BF631C8AC8,SPATIAL_LOCATION,SPATIAL_LOCATION,PD_ObjectID,6569ADD4-60EA-4496-832C-17BF631C8AC8,
6569ADD4-60EA-4496-832C-17BF631C8AC8,SPATIAL_LOCATION,SPATIAL_LOCATION,PD_SourceExtraction,46603045,
6569ADD4-60EA-4496-832C-17BF631C8AC8,SPATIAL_LOCATION,SPATIAL_LOCATION,PD_SourceModel,02_logistics_segment,
6569ADD4-60EA-4496-832C-17BF631C8AC8,SPATIAL_LOCATION,SPATIAL_LOCATION,MTED_EDaM_Entity_Data_Category,<unspecified>,SHL_CDM_EntityPropertyExtension.MTED_EDaM_Entity_Data_Category
6569ADD4-60EA-4496-832C-17BF631C8AC8,SPATIAL_LOCATION,SPATIAL_LOCATION,MTED_EDaM_Security_Classification,<unspecified>,SHL_CDM_EntityPropertyExtension.MTED_EDaM_Security_Classification
6569ADD4-60EA-4496-832C-17BF631C8AC8,SPATIAL_LOCATION,SPATIAL_LOCATION,MTED_EDaM_Design_Status,Draft,SHL_CDM_EntityPropertyExtension.MTED_EDaM_Design_Status
F365C9D8-6AC7-485D-A232-8543C211BF6F,UNIT_OF_MEASURE,UNIT OF MEASURES,PD_ObjectID,F365C9D8-6AC7-485D-A232-8543C211BF6F,
F365C9D8-6AC7-485D-A232-8543C211BF6F,UNIT_OF_MEASURE,UNIT OF MEASURES,PD_SourceExtraction,46603045,
F365C9D8-6AC7-485D-A232-8543C211BF6F,UNIT_OF_MEASURE,UNIT OF MEASURES,PD_SourceModel,02_logistics_segment,
F365C9D8-6AC7-485D-A232-8543C211BF6F,UNIT_OF_MEASURE,UNIT OF MEASURES,MTED_EDaM_Entity_Data_Category,<unspecified>,SHL_CDM_EntityPropertyExtension.MTED_EDaM_Entity_Data_Category
F365C9D8-6AC7-485D-A232-8543C211BF6F,UNIT_OF_MEASURE,UNIT OF MEASURES,MTED_EDaM_Security_Classification,<unspecified>,SHL_CDM_EntityPropertyExtension.MTED_EDaM_Security_Classification
F365C9D8-6AC7-485D-A232-8543C211BF6F,UNIT_OF_MEASURE,UNIT OF MEASURES,MTED_EDaM_Entity_Maps_To_Entity,"""Unit Of Measure""",SHL_CDM_EntityPropertyExtension.MTED_EDaM_Entity_Maps_To_Entity
F365C9D8-6AC7-485D-A232-8543C211BF6F,UNIT_OF_MEASURE,UNIT OF MEASURES,MTED_EDaM_Design_Status,Draft,SHL_CDM_EntityPropertyExtension.MTED_EDaM_Design_Status
3B04E9BE-B3EE-42AB-936A-7D62BD735643,Unit Of Measure,UNIT_OF_MEASURE,PD_ObjectID,3B04E9BE-B3EE-42AB-936A-7D62BD735643,
3B04E9BE-B3EE-42AB-936A-7D62BD735643,Unit Of Measure,UNIT_OF_MEASURE,PD_SourceExtraction,46603045,
3B04E9BE-B3EE-42AB-936A-7D62BD735643,Unit Of Measure,UNIT_OF_MEASURE,PD_SourceModel,02_logistics_segment,
3B04E9BE-B3EE-42AB-936A-7D62BD735643,Unit Of Measure,UNIT_OF_MEASURE,MTED_EDaM_Entity_Data_Category,<unspecified>,SHL_CDM_EntityPropertyExtension.MTED_EDaM_Entity_Data_Category
3B04E9BE-B3EE-42AB-936A-7D62BD735643,Unit Of Measure,UNIT_OF_MEASURE,MTED_EDaM_Security_Classification,<unspecified>,SHL_CDM_EntityPropertyExtension.MTED_EDaM_Security_Classification
3B04E9BE-B3EE-42AB-936A-7D62BD735643,Unit Of Measure,UNIT_OF_MEASURE,MTED_EDaM_Design_Status,Draft,SHL_CDM_EntityPropertyExtension.MTED_EDaM_Design_Status
B0206753-2AE1-4D6A-AB91-C3F4C259C57F,VENDOR_2,VENDOR,PD_ObjectID,B0206753-2AE1-4D6A-AB91-C3F4C259C57F,
B0206753-2AE1-4D6A-AB91-C3F4C259C57F,VENDOR_2,VENDOR,PD_SourceExtraction,46603045,
B0206753-2AE1-4D6A-AB91-C3F4C259C57F,VENDOR_2,VENDOR,PD_SourceModel,02_logistics_segment,
37E23282-6172-4FB8-B5C3-3CFE1B9544C9,WELL,WELLS,PD_ObjectID,37E23282-6172-4FB8-B5C3-3CFE1B9544C9,
37E23282-6172-4FB8-B5C3-3CFE1B9544C9,WELL,WELLS,PD_SourceExtraction,46603045,
37E23282-6172-4FB8-B5C3-3CFE1B9544C9,WELL,WELLS,PD_SourceModel,02_logistics_segment,
37E23282-6172-4FB8-B5C3-3CFE1B9544C9,WELL,WELLS,MTED_EDaM_Entity_Data_Category,<unspecified>,SHL_CDM_EntityPropertyExtension.MTED_EDaM_Entity_Data_Category
37E23282-6172-4FB8-B5C3-3CFE1B9544C9,WELL,WELLS,MTED_EDaM_Security_Classification,<unspecified>,SHL_CDM_EntityPropertyExtension.MTED_EDaM_Security_Classification
37E23282-6172-4FB8-B5C3-3CFE1B9544C9,WELL,WELLS,MTED_EDaM_Entity_Maps_To_Entity,Well,SHL_CDM_EntityPropertyExtension.MTED_EDaM_Entity_Maps_To_Entity
37E23282-6172-4FB8-B5C3-3CFE1B9544C9,WELL,WELLS,MTED_EDaM_Design_Status,Draft,SHL_CDM_EntityPropertyExtension.MTED_EDaM_Design_Status
E9D8244E-2127-46BB-9A68-544CC244E5B2,Well_2,WELL,PD_ObjectID,E9D8244E-2127-46BB-9A68-544CC244E5B2,
E9D8244E-2127-46BB-9A68-544CC244E5B2,Well_2,WELL,PD_SourceExtraction,46603045,
E9D8244E-2127-46BB-9A68-544CC244E5B2,Well_2,WELL,PD_SourceModel,02_logistics_segment,
AF8923F6-2A5E-4D13-871C-08ABDA3F986C,WORK_ACTIVITY,WORK ACTIVITIES,PD_ObjectID,AF8923F6-2A5E-4D13-871C-08ABDA3F986C,
AF8923F6-2A5E-4D13-871C-08ABDA3F986C,WORK_ACTIVITY,WORK ACTIVITIES,PD_SourceExtraction,46603045,
AF8923F6-2A5E-4D13-871C-08ABDA3F986C,WORK_ACTIVITY,WORK ACTIVITIES,PD_SourceModel,02_logistics_segment,
AF8923F6-2A5E-4D13-871C-08ABDA3F986C,WORK_ACTIVITY,WORK ACTIVITIES,MTED_EDaM_Entity_Data_Category,<unspecified>,SHL_CDM_EntityPropertyExtension.MTED_EDaM_Entity_Data_Category
AF8923F6-2A5E-4D13-871C-08ABDA3F986C,WORK_ACTIVITY,WORK ACTIVITIES,MTED_EDaM_Security_Classification,<unspecified>,SHL_CDM_EntityPropertyExtension.MTED_EDaM_Security_Classification
AF8923F6-2A5E-4D13-871C-08ABDA3F986C,WORK_ACTIVITY,WORK ACTIVITIES,MTED_EDaM_Entity_Maps_To_Entity,"""Work Activity""",SHL_CDM_EntityPropertyExtension.MTED_EDaM_Entity_Maps_To_Entity
AF8923F6-2A5E-4D13-871C-08ABDA3F986C,WORK_ACTIVITY,WORK ACTIVITIES,MTED_EDaM_Design_Status,Draft,SHL_CDM_EntityPropertyExtension.MTED_EDaM_Design_Status
4A6CA25B-397B-4D05-AEC9-54A21D2259AE,Work Activity,WORK_ACTIVITY,PD_ObjectID,4A6CA25B-397B-4D05-AEC9-54A21D2259AE,
4A6CA25B-397B-4D05-AEC9-54A21D2259AE,Work Activity,WORK_ACTIVITY,PD_SourceExtraction,46603045,
4A6CA25B-397B-4D05-AEC9-54A21D2259AE,Work Activity,WORK_ACTIVITY,PD_SourceModel,02_logistics_segment,
4A6CA25B-397B-4D05-AEC9-54A21D2259AE,Work Activity,WORK_ACTIVITY,MTED_EDaM_Entity_Data_Category,<unspecified>,SHL_CDM_EntityPropertyExtension.MTED_EDaM_Entity_Data_Category
4A6CA25B-397B-4D05-AEC9-54A21D2259AE,Work Activity,WORK_ACTIVITY,MTED_EDaM_Security_Classification,<unspecified>,SHL_CDM_EntityPropertyExtension.MTED_EDaM_Security_Classification
4A6CA25B-397B-4D05-AEC9-54A21D2259AE,Work Activity,WORK_ACTIVITY,MTED_EDaM_Design_Status,Draft,SHL_CDM_EntityPropertyExtension.MTED_EDaM_Design_Status
8F374AF2-CA86-42EF-B35E-C07B0752AB9E,NON_SHELL_COMPANY,NON_SHELL_COMPANY,PD_ObjectID,8F374AF2-CA86-42EF-B35E-C07B0752AB9E,
8F374AF2-CA86-42EF-B35E-C07B0752AB9E,NON_SHELL_COMPANY,NON_SHELL_COMPANY,PD_SourceExtraction,46603045,
8F374AF2-CA86-42EF-B35E-C07B0752AB9E,NON_SHELL_COMPANY,NON_SHELL_COMPANY,PD_SourceModel,02_logistics_segment,
8F374AF2-CA86-42EF-B35E-C07B0752AB9E,NON_SHELL_COMPANY,NON_SHELL_COMPANY,MTED_EDaM_Entity_Data_Category,<unspecified>,SHL_CDM_EntityPropertyExtension.MTED_EDaM_Entity_Data_Category
8F374AF2-CA86-42EF-B35E-C07B0752AB9E,NON_SHELL_COMPANY,NON_SHELL_COMPANY,MTED_EDaM_Security_Classification,<unspecified>,SHL_CDM_EntityPropertyExtension.MTED_EDaM_Security_Classification
8F374AF2-CA86-42EF-B35E-C07B0752AB9E,NON_SHELL_COMPANY,NON_SHELL_COMPANY,MTED_EDaM_Design_Status,Draft,SHL_CDM_EntityPropertyExtension.MTED_EDaM_Design_Status
BFA98C3C-6932-4B83-B88A-486F37A56E92,LINE_OF_BUSINESS,LINE_OF_BUSINESS,PD_ObjectID,BFA98C3C-6932-4B83-B88A-486F37A56E92,
BFA98C3C-6932-4B83-B88A-486F37A56E92,LINE_OF_BUSINESS,LINE_OF_BUSINESS,PD_SourceExtraction,46603045,
BFA98C3C-6932-4B83-B88A-486F37A56E92,LINE_OF_BUSINESS,LINE_OF_BUSINESS,PD_SourceModel,02_logistics_segment,
BFA98C3C-6932-4B83-B88A-486F37A56E92,LINE_OF_BUSINESS,LINE_OF_BUSINESS,MTED_EDaM_Entity_Data_Category,<unspecified>,SHL_CDM_EntityPropertyExtension.MTED_EDaM_Entity_Data_Category
BFA98C3C-6932-4B83-B88A-486F37A56E92,LINE_OF_BUSINESS,LINE_OF_BUSINESS,MTED_EDaM_Security_Classification,<unspecified>,SHL_CDM_EntityPropertyExtension.MTED_EDaM_Security_Classification
BFA98C3C-6932-4B83-B88A-486F37A56E92,LINE_OF_BUSINESS,LINE_OF_BUSINESS,MTED_EDaM_Design_Status,Draft,SHL_CDM_EntityPropertyExtension.MTED_EDaM_Design_Status
C69E227B-183D-4C98-A3AF-C386CD581E55,OPERATING_UNIT,OPERATING_UNIT,PD_ObjectID,C69E227B-183D-4C98-A3AF-C386CD581E55,
C69E227B-183D-4C98-A3AF-C386CD581E55,OPERATING_UNIT,OPERATING_UNIT,PD_SourceExtraction,46603045,
C69E227B-183D-4C98-A3AF-C386CD581E55,OPERATING_UNIT,OPERATING_UNIT,PD_SourceModel,02_logistics_segment,
C69E227B-183D-4C98-A3AF-C386CD581E55,OPERATING_UNIT,OPERATING_UNIT,MTED_EDaM_Entity_Data_Category,<unspecified>,SHL_CDM_EntityPropertyExtension.MTED_EDaM_Entity_Data_Category
C69E227B-183D-4C98-A3AF-C386CD581E55,OPERATING_UNIT,OPERATING_UNIT,MTED_EDaM_Security_Classification,<unspecified>,SHL_CDM_EntityPropertyExtension.MTED_EDaM_Security_Classification
C69E227B-183D-4C98-A3AF-C386CD581E55,OPERATING_UNIT,OPERATING_UNIT,MTED_EDaM_Design_Status,Draft,SHL_CDM_EntityPropertyExtension.MTED_EDaM_Design_Status
A5903D56-3086-4343-8D8C-59CB3DD251B0,SITE_2,SITE,PD_ObjectID,A5903D56-3086-4343-8D8C-59CB3DD251B0,
A5903D56-3086-4343-8D8C-59CB3DD251B0,SITE_2,SITE,PD_SourceExtraction,46603045,
A5903D56-3086-4343-8D8C-59CB3DD251B0,SITE_2,SITE,PD_SourceModel,02_logistics_segment,
6D5B6EEB-C712-4A0A-9D56-B6ACB19A1503,HOTEL,HOTEL,PD_ObjectID,6D5B6EEB-C712-4A0A-9D56-B6ACB19A1503,
6D5B6EEB-C712-4A0A-9D56-B6ACB19A1503,HOTEL,HOTEL,PD_SourceExtraction,46603045,
6D5B6EEB-C712-4A0A-9D56-B6ACB19A1503,HOTEL,HOTEL,PD_SourceModel,02_logistics_segment,
6D5B6EEB-C712-4A0A-9D56-B6ACB19A1503,HOTEL,HOTEL,MTED_EDaM_Entity_Data_Category,<unspecified>,SHL_CDM_EntityPropertyExtension.MTED_EDaM_Entity_Data_Category
6D5B6EEB-C712-4A0A-9D56-B6ACB19A1503,HOTEL,HOTEL,MTED_EDaM_Security_Classification,<unspecified>,SHL_CDM_EntityPropertyExtension.MTED_EDaM_Security_Classification
6D5B6EEB-C712-4A0A-9D56-B6ACB19A1503,HOTEL,HOTEL,MTED_EDaM_Design_Status,Draft,SHL_CDM_EntityPropertyExtension.MTED_EDaM_Design_Status
BADCEA8C-261C-4885-A3A4-31017AB1342C,CAMP,CAMP,PD_ObjectID,BADCEA8C-261C-4885-A3A4-31017AB1342C,
BADCEA8C-261C-4885-A3A4-31017AB1342C,CAMP,CAMP,PD_SourceExtraction,46603045,
BADCEA8C-261C-4885-A3A4-31017AB1342C,CAMP,CAMP,PD_SourceModel,02_logistics_segment,
BADCEA8C-261C-4885-A3A4-31017AB1342C,CAMP,CAMP,MTED_EDaM_Entity_Data_Category,<unspecified>,SHL_CDM_EntityPropertyExtension.MTED_EDaM_Entity_Data_Category
BADCEA8C-261C-4885-A3A4-31017AB1342C,CAMP,CAMP,MTED_EDaM_Security_Classification,<unspecified>,SHL_CDM_EntityPropertyExtension.MTED_EDaM_Security_Classification
BADCEA8C-261C-4885-A3A4-31017AB1342C,CAMP,CAMP,MTED_EDaM_Design_Status,Draft,SHL_CDM_EntityPropertyExtension.MTED_EDaM_Design_Status
CC0C5F8A-6A4C-4B88-9880-29E259D0A424,LODGING_FACILITY,LODGING_FACILITY,PD_ObjectID,CC0C5F8A-6A4C-4B88-9880-29E259D0A424,
CC0C5F8A-6A4C-4B88-9880-29E259D0A424,LODGING_FACILITY,LODGING_FACILITY,PD_SourceExtraction,46603045,
CC0C5F8A-6A4C-4B88-9880-29E259D0A424,LODGING_FACILITY,LODGING_FACILITY,PD_SourceModel,02_logistics_segment,
CC0C5F8A-6A4C-4B88-9880-29E259D0A424,LODGING_FACILITY,LODGING_FACILITY,MTED_EDaM_Entity_Data_Category,<unspecified>,SHL_CDM_EntityPropertyExtension.MTED_EDaM_Entity_Data_Category
CC0C5F8A-6A4C-4B88-9880-29E259D0A424,LODGING_FACILITY,LODGING_FACILITY,MTED_EDaM_Security_Classification,<unspecified>,SHL_CDM_EntityPropertyExtension.MTED_EDaM_Security_Classification
CC0C5F8A-6A4C-4B88-9880-29E259D0A424,LODGING_FACILITY,LODGING_FACILITY,MTED_EDaM_Design_Status,Draft,SHL_CDM_EntityPropertyExtension.MTED_EDaM_Design_Status
081928A3-80EE-427E-90B9-1B4C718B8867,LODGING_ROOM,LODGING_ROOM,PD_ObjectID,081928A3-80EE-427E-90B9-1B4C718B8867,
081928A3-80EE-427E-90B9-1B4C718B8867,LODGING_ROOM,LODGING_ROOM,PD_SourceExtraction,46603045,
081928A3-80EE-427E-90B9-1B4C718B8867,LODGING_ROOM,LODGING_ROOM,PD_SourceModel,02_logistics_segment,
081928A3-80EE-427E-90B9-1B4C718B8867,LODGING_ROOM,LODGING_ROOM,MTED_EDaM_Entity_Data_Category,<unspecified>,SHL_CDM_EntityPropertyExtension.MTED_EDaM_Entity_Data_Category
081928A3-80EE-427E-90B9-1B4C718B8867,LODGING_ROOM,LODGING_ROOM,MTED_EDaM_Security_Classification,<unspecified>,SHL_CDM_EntityPropertyExtension.MTED_EDaM_Security_Classification
081928A3-80EE-427E-90B9-1B4C718B8867,LODGING_ROOM,LODGING_ROOM,MTED_EDaM_Design_Status,Draft,SHL_CDM_EntityPropertyExtension.MTED_EDaM_Design_Status
178002C1-3119-48E9-A913-FFBE0F800CD7,BED,BED,PD_ObjectID,178002C1-3119-48E9-A913-FFBE0F800CD7,
178002C1-3119-48E9-A913-FFBE0F800CD7,BED,BED,PD_SourceExtraction,46603045,
178002C1-3119-48E9-A913-FFBE0F800CD7,BED,BED,PD_SourceModel,02_logistics_segment,
178002C1-3119-48E9-A913-FFBE0F800CD7,BED,BED,MTED_EDaM_Entity_Data_Category,<unspecified>,SHL_CDM_EntityPropertyExtension.MTED_EDaM_Entity_Data_Category
178002C1-3119-48E9-A913-FFBE0F800CD7,BED,BED,MTED_EDaM_Security_Classification,<unspecified>,SHL_CDM_EntityPropertyExtension.MTED_EDaM_Security_Classification
178002C1-3119-48E9-A913-FFBE0F800CD7,BED,BED,MTED_EDaM_Design_Status,Draft,SHL_CDM_EntityPropertyExtension.MTED_EDaM_Design_Status
E51A98AF-C193-4B0A-9A69-846657494BD4,HOTEL_ROOM_TYPE,HOTEL_ROOM_TYPE,PD_ObjectID,E51A98AF-C193-4B0A-9A69-846657494BD4,
E51A98AF-C193-4B0A-9A69-846657494BD4,HOTEL_ROOM_TYPE,HOTEL_ROOM_TYPE,PD_SourceExtraction,46603045,
E51A98AF-C193-4B0A-9A69-846657494BD4,HOTEL_ROOM_TYPE,HOTEL_ROOM_TYPE,PD_SourceModel,02_logistics_segment,
E51A98AF-C193-4B0A-9A69-846657494BD4,HOTEL_ROOM_TYPE,HOTEL_ROOM_TYPE,MTED_EDaM_Entity_Data_Category,<unspecified>,SHL_CDM_EntityPropertyExtension.MTED_EDaM_Entity_Data_Category
E51A98AF-C193-4B0A-9A69-846657494BD4,HOTEL_ROOM_TYPE,HOTEL_ROOM_TYPE,MTED_EDaM_Security_Classification,<unspecified>,SHL_CDM_EntityPropertyExtension.MTED_EDaM_Security_Classification
E51A98AF-C193-4B0A-9A69-846657494BD4,HOTEL_ROOM_TYPE,HOTEL_ROOM_TYPE,MTED_EDaM_Design_Status,Draft,SHL_CDM_EntityPropertyExtension.MTED_EDaM_Design_Status
126A3471-D28F-45D9-90A8-3ED78CE6DF04,BUILDING,BUILDING,PD_ObjectID,126A3471-D28F-45D9-90A8-3ED78CE6DF04,
126A3471-D28F-45D9-90A8-3ED78CE6DF04,BUILDING,BUILDING,PD_SourceExtraction,46603045,
126A3471-D28F-45D9-90A8-3ED78CE6DF04,BUILDING,BUILDING,PD_SourceModel,02_logistics_segment,
126A3471-D28F-45D9-90A8-3ED78CE6DF04,BUILDING,BUILDING,MTED_EDaM_Entity_Data_Category,<unspecified>,SHL_CDM_EntityPropertyExtension.MTED_EDaM_Entity_Data_Category
126A3471-D28F-45D9-90A8-3ED78CE6DF04,BUILDING,BUILDING,MTED_EDaM_Security_Classification,<unspecified>,SHL_CDM_EntityPropertyExtension.MTED_EDaM_Security_Classification
126A3471-D28F-45D9-90A8-3ED78CE6DF04,BUILDING,BUILDING,MTED_EDaM_Design_Status,Draft,SHL_CDM_EntityPropertyExtension.MTED_EDaM_Design_Status
72695689-DA9F-433D-BC07-BADC42E1101B,BED_TYPE,BED_TYPE,PD_ObjectID,72695689-DA9F-433D-BC07-BADC42E1101B,
72695689-DA9F-433D-BC07-BADC42E1101B,BED_TYPE,BED_TYPE,PD_SourceExtraction,46603045,
72695689-DA9F-433D-BC07-BADC42E1101B,BED_TYPE,BED_TYPE,PD_SourceModel,02_logistics_segment,
72695689-DA9F-433D-BC07-BADC42E1101B,BED_TYPE,BED_TYPE,MTED_EDaM_Entity_Data_Category,<unspecified>,SHL_CDM_EntityPropertyExtension.MTED_EDaM_Entity_Data_Category
72695689-DA9F-433D-BC07-BADC42E1101B,BED_TYPE,BED_TYPE,MTED_EDaM_Security_Classification,<unspecified>,SHL_CDM_EntityPropertyExtension.MTED_EDaM_Security_Classification
72695689-DA9F-433D-BC07-BADC42E1101B,BED_TYPE,BED_TYPE,MTED_EDaM_Design_Status,Draft,SHL_CDM_EntityPropertyExtension.MTED_EDaM_Design_Status
43AC3A03-E2F2-41FB-9FAB-EB9E96270985,HOTEL_TYPE,HOTEL_TYPE,PD_ObjectID,43AC3A03-E2F2-41FB-9FAB-EB9E96270985,
43AC3A03-E2F2-41FB-9FAB-EB9E96270985,HOTEL_TYPE,HOTEL_TYPE,PD_SourceExtraction,46603045,
43AC3A03-E2F2-41FB-9FAB-EB9E96270985,HOTEL_TYPE,HOTEL_TYPE,PD_SourceModel,02_logistics_segment,
43AC3A03-E2F2-41FB-9FAB-EB9E96270985,HOTEL_TYPE,HOTEL_TYPE,MTED_EDaM_Entity_Data_Category,<unspecified>,SHL_CDM_EntityPropertyExtension.MTED_EDaM_Entity_Data_Category
43AC3A03-E2F2-41FB-9FAB-EB9E96270985,HOTEL_TYPE,HOTEL_TYPE,MTED_EDaM_Security_Classification,<unspecified>,SHL_CDM_EntityPropertyExtension.MTED_EDaM_Security_Classification
43AC3A03-E2F2-41FB-9FAB-EB9E96270985,HOTEL_TYPE,HOTEL_TYPE,MTED_EDaM_Design_Status,Draft,SHL_CDM_EntityPropertyExtension.MTED_EDaM_Design_Status
5316FA13-F51B-4E8F-85C2-C16CCB275A45,LODGING_TARIFF,LODGING_TARIFF,PD_ObjectID,5316FA13-F51B-4E8F-85C2-C16CCB275A45,
5316FA13-F51B-4E8F-85C2-C16CCB275A45,LODGING_TARIFF,LODGING_TARIFF,PD_SourceExtraction,46603045,
5316FA13-F51B-4E8F-85C2-C16CCB275A45,LODGING_TARIFF,LODGING_TARIFF,PD_SourceModel,02_logistics_segment,
5316FA13-F51B-4E8F-85C2-C16CCB275A45,LODGING_TARIFF,LODGING_TARIFF,MTED_EDaM_Entity_Data_Category,<unspecified>,SHL_CDM_EntityPropertyExtension.MTED_EDaM_Entity_Data_Category
5316FA13-F51B-4E8F-85C2-C16CCB275A45,LODGING_TARIFF,LODGING_TARIFF,MTED_EDaM_Security_Classification,<unspecified>,SHL_CDM_EntityPropertyExtension.MTED_EDaM_Security_Classification
5316FA13-F51B-4E8F-85C2-C16CCB275A45,LODGING_TARIFF,LODGING_TARIFF,MTED_EDaM_Design_Status,Draft,SHL_CDM_EntityPropertyExtension.MTED_EDaM_Design_Status
683BB1AD-3A57-4965-B335-1700D7A06BAC,SERVICE_TYPE,SERVICE_TYPE,PD_ObjectID,683BB1AD-3A57-4965-B335-1700D7A06BAC,
683BB1AD-3A57-4965-B335-1700D7A06BAC,SERVICE_TYPE,SERVICE_TYPE,PD_SourceExtraction,46603045,
683BB1AD-3A57-4965-B335-1700D7A06BAC,SERVICE_TYPE,SERVICE_TYPE,PD_SourceModel,02_logistics_segment,
683BB1AD-3A57-4965-B335-1700D7A06BAC,SERVICE_TYPE,SERVICE_TYPE,MTED_EDaM_Entity_Data_Category,<unspecified>,SHL_CDM_EntityPropertyExtension.MTED_EDaM_Entity_Data_Category
683BB1AD-3A57-4965-B335-1700D7A06BAC,SERVICE_TYPE,SERVICE_TYPE,MTED_EDaM_Security_Classification,<unspecified>,SHL_CDM_EntityPropertyExtension.MTED_EDaM_Security_Classification
683BB1AD-3A57-4965-B335-1700D7A06BAC,SERVICE_TYPE,SERVICE_TYPE,MTED_EDaM_Design_Status,Draft,SHL_CDM_EntityPropertyExtension.MTED_EDaM_Design_Status
45B05A22-358B-442D-811C-79A3945FC124,HOTEL_ROOM_CLASS,HOTEL_ROOM_CLASS,PD_ObjectID,45B05A22-358B-442D-811C-79A3945FC124,
45B05A22-358B-442D-811C-79A3945FC124,HOTEL_ROOM_CLASS,HOTEL_ROOM_CLASS,PD_SourceExtraction,46603045,
45B05A22-358B-442D-811C-79A3945FC124,HOTEL_ROOM_CLASS,HOTEL_ROOM_CLASS,PD_SourceModel,02_logistics_segment,
45B05A22-358B-442D-811C-79A3945FC124,HOTEL_ROOM_CLASS,HOTEL_ROOM_CLASS,MTED_EDaM_Entity_Data_Category,<unspecified>,SHL_CDM_EntityPropertyExtension.MTED_EDaM_Entity_Data_Category
45B05A22-358B-442D-811C-79A3945FC124,HOTEL_ROOM_CLASS,HOTEL_ROOM_CLASS,MTED_EDaM_Security_Classification,<unspecified>,SHL_CDM_EntityPropertyExtension.MTED_EDaM_Security_Classification
45B05A22-358B-442D-811C-79A3945FC124,HOTEL_ROOM_CLASS,HOTEL_ROOM_CLASS,MTED_EDaM_Design_Status,Draft,SHL_CDM_EntityPropertyExtension.MTED_EDaM_Design_Status
0345D9B5-61B1-48AE-951B-B076025454F8,ALLOTMENT,ALLOTMENT,PD_ObjectID,0345D9B5-61B1-48AE-951B-B076025454F8,
0345D9B5-61B1-48AE-951B-B076025454F8,ALLOTMENT,ALLOTMENT,PD_SourceExtraction,46603045,
0345D9B5-61B1-48AE-951B-B076025454F8,ALLOTMENT,ALLOTMENT,PD_SourceModel,02_logistics_segment,
0345D9B5-61B1-48AE-951B-B076025454F8,ALLOTMENT,ALLOTMENT,MTED_EDaM_Entity_Data_Category,<unspecified>,SHL_CDM_EntityPropertyExtension.MTED_EDaM_Entity_Data_Category
0345D9B5-61B1-48AE-951B-B076025454F8,ALLOTMENT,ALLOTMENT,MTED_EDaM_Security_Classification,<unspecified>,SHL_CDM_EntityPropertyExtension.MTED_EDaM_Security_Classification
0345D9B5-61B1-48AE-951B-B076025454F8,ALLOTMENT,ALLOTMENT,MTED_EDaM_Design_Status,Draft,SHL_CDM_EntityPropertyExtension.MTED_EDaM_Design_Status
DEFCFB87-C5CA-4E92-B913-150C28FAB115,RESERVATION,RESERVATION,PD_ObjectID,DEFCFB87-C5CA-4E92-B913-150C28FAB115,
DEFCFB87-C5CA-4E92-B913-150C28FAB115,RESERVATION,RESERVATION,PD_SourceExtraction,46603045,
DEFCFB87-C5CA-4E92-B913-150C28FAB115,RESERVATION,RESERVATION,PD_SourceModel,02_logistics_segment,
DEFCFB87-C5CA-4E92-B913-150C28FAB115,RESERVATION,RESERVATION,MTED_EDaM_Entity_Data_Category,<unspecified>,SHL_CDM_EntityPropertyExtension.MTED_EDaM_Entity_Data_Category
DEFCFB87-C5CA-4E92-B913-150C28FAB115,RESERVATION,RESERVATION,MTED_EDaM_Security_Classification,<unspecified>,SHL_CDM_EntityPropertyExtension.MTED_EDaM_Security_Classification
DEFCFB87-C5CA-4E92-B913-150C28FAB115,RESERVATION,RESERVATION,MTED_EDaM_Design_Status,Draft,SHL_CDM_EntityPropertyExtension.MTED_EDaM_Design_Status
B0542BD9-CDF4-430C-A609-AFF1B845888A,RESERVATION_ROLE,RESERVATION_ROLE,PD_ObjectID,B0542BD9-CDF4-430C-A609-AFF1B845888A,
B0542BD9-CDF4-430C-A609-AFF1B845888A,RESERVATION_ROLE,RESERVATION_ROLE,PD_SourceExtraction,46603045,
B0542BD9-CDF4-430C-A609-AFF1B845888A,RESERVATION_ROLE,RESERVATION_ROLE,PD_SourceModel,02_logistics_segment,
B0542BD9-CDF4-430C-A609-AFF1B845888A,RESERVATION_ROLE,RESERVATION_ROLE,MTED_EDaM_Entity_Data_Category,<unspecified>,SHL_CDM_EntityPropertyExtension.MTED_EDaM_Entity_Data_Category
B0542BD9-CDF4-430C-A609-AFF1B845888A,RESERVATION_ROLE,RESERVATION_ROLE,MTED_EDaM_Security_Classification,<unspecified>,SHL_CDM_EntityPropertyExtension.MTED_EDaM_Security_Classification
B0542BD9-CDF4-430C-A609-AFF1B845888A,RESERVATION_ROLE,RESERVATION_ROLE,MTED_EDaM_Design_Status,Draft,SHL_CDM_EntityPropertyExtension.MTED_EDaM_Design_Status
0A0AEC4D-8E33-4B56-99D6-01C0878D1582,BUISNESS_ENTITY,BUISNESS_ENTITY,PD_ObjectID,0A0AEC4D-8E33-4B56-99D6-01C0878D1582,
0A0AEC4D-8E33-4B56-99D6-01C0878D1582,BUISNESS_ENTITY,BUISNESS_ENTITY,PD_SourceExtraction,46603045,
0A0AEC4D-8E33-4B56-99D6-01C0878D1582,BUISNESS_ENTITY,BUISNESS_ENTITY,PD_SourceModel,02_logistics_segment,
0A0AEC4D-8E33-4B56-99D6-01C0878D1582,BUISNESS_ENTITY,BUISNESS_ENTITY,MTED_EDaM_Entity_Data_Category,<unspecified>,SHL_CDM_EntityPropertyExtension.MTED_EDaM_Entity_Data_Category
0A0AEC4D-8E33-4B56-99D6-01C0878D1582,BUISNESS_ENTITY,BUISNESS_ENTITY,MTED_EDaM_Security_Classification,<unspecified>,SHL_CDM_EntityPropertyExtension.MTED_EDaM_Security_Classification
0A0AEC4D-8E33-4B56-99D6-01C0878D1582,BUISNESS_ENTITY,BUISNESS_ENTITY,MTED_EDaM_Design_Status,Draft,SHL_CDM_EntityPropertyExtension.MTED_EDaM_Design_Status
3BA8C9EA-DEAE-42A9-92BC-99E12A573F81,RESERVATION_ROLE_TYPE,RESERVATION_ROLE_TYPE,PD_ObjectID,3BA8C9EA-DEAE-42A9-92BC-99E12A573F81,
3BA8C9EA-DEAE-42A9-92BC-99E12A573F81,RESERVATION_ROLE_TYPE,RESERVATION_ROLE_TYPE,PD_SourceExtraction,46603045,
3BA8C9EA-DEAE-42A9-92BC-99E12A573F81,RESERVATION_ROLE_TYPE,RESERVATION_ROLE_TYPE,PD_SourceModel,02_logistics_segment,
3BA8C9EA-DEAE-42A9-92BC-99E12A573F81,RESERVATION_ROLE_TYPE,RESERVATION_ROLE_TYPE,MTED_EDaM_Entity_Data_Category,<unspecified>,SHL_CDM_EntityPropertyExtension.MTED_EDaM_Entity_Data_Category
3BA8C9EA-DEAE-42A9-92BC-99E12A573F81,RESERVATION_ROLE_TYPE,RESERVATION_ROLE_TYPE,MTED_EDaM_Security_Classification,<unspecified>,SHL_CDM_EntityPropertyExtension.MTED_EDaM_Security_Classification
3BA8C9EA-DEAE-42A9-92BC-99E12A573F81,RESERVATION_ROLE_TYPE,RESERVATION_ROLE_TYPE,MTED_EDaM_Design_Status,Draft,SHL_CDM_EntityPropertyExtension.MTED_EDaM_Design_Status
0733BDBE-55A1-457D-BA77-1702EA3F21BF,LODGING_OPERATIONAL_STATUS,LODGING_OPERATIONAL_STATUS,PD_ObjectID,0733BDBE-55A1-457D-BA77-1702EA3F21BF,
0733BDBE-55A1-457D-BA77-1702EA3F21BF,LODGING_OPERATIONAL_STATUS,LODGING_OPERATIONAL_STATUS,PD_SourceExtraction,46603045,
0733BDBE-55A1-457D-BA77-1702EA3F21BF,LODGING_OPERATIONAL_STATUS,LODGING_OPERATIONAL_STATUS,PD_SourceModel,02_logistics_segment,
0733BDBE-55A1-457D-BA77-1702EA3F21BF,LODGING_OPERATIONAL_STATUS,LODGING_OPERATIONAL_STATUS,MTED_EDaM_Entity_Data_Category,<unspecified>,SHL_CDM_EntityPropertyExtension.MTED_EDaM_Entity_Data_Category
0733BDBE-55A1-457D-BA77-1702EA3F21BF,LODGING_OPERATIONAL_STATUS,LODGING_OPERATIONAL_STATUS,MTED_EDaM_Security_Classification,<unspecified>,SHL_CDM_EntityPropertyExtension.MTED_EDaM_Security_Classification
0733BDBE-55A1-457D-BA77-1702EA3F21BF,LODGING_OPERATIONAL_STATUS,LODGING_OPERATIONAL_STATUS,MTED_EDaM_Design_Status,Draft,SHL_CDM_EntityPropertyExtension.MTED_EDaM_Design_Status
5DF98CCB-B220-4B20-A5DE-F152C669E1C4,RESERVATION_STATUS,RESERVATION_STATUS,PD_ObjectID,5DF98CCB-B220-4B20-A5DE-F152C669E1C4,
5DF98CCB-B220-4B20-A5DE-F152C669E1C4,RESERVATION_STATUS,RESERVATION_STATUS,PD_SourceExtraction,46603045,
5DF98CCB-B220-4B20-A5DE-F152C669E1C4,RESERVATION_STATUS,RESERVATION_STATUS,PD_SourceModel,02_logistics_segment,
5DF98CCB-B220-4B20-A5DE-F152C669E1C4,RESERVATION_STATUS,RESERVATION_STATUS,MTED_EDaM_Entity_Data_Category,<unspecified>,SHL_CDM_EntityPropertyExtension.MTED_EDaM_Entity_Data_Category
5DF98CCB-B220-4B20-A5DE-F152C669E1C4,RESERVATION_STATUS,RESERVATION_STATUS,MTED_EDaM_Security_Classification,<unspecified>,SHL_CDM_EntityPropertyExtension.MTED_EDaM_Security_Classification
5DF98CCB-B220-4B20-A5DE-F152C669E1C4,RESERVATION_STATUS,RESERVATION_STATUS,MTED_EDaM_Design_Status,Draft,SHL_CDM_EntityPropertyExtension.MTED_EDaM_Design_Status
5C05938D-06C8-4D0C-8A73-54A7414CD821,RESERVATION_STATUS_TYPE,RESERVATION_STATUS_TYPE,PD_ObjectID,5C05938D-06C8-4D0C-8A73-54A7414CD821,
5C05938D-06C8-4D0C-8A73-54A7414CD821,RESERVATION_STATUS_TYPE,RESERVATION_STATUS_TYPE,PD_SourceExtraction,46603045,
5C05938D-06C8-4D0C-8A73-54A7414CD821,RESERVATION_STATUS_TYPE,RESERVATION_STATUS_TYPE,PD_SourceModel,02_logistics_segment,
5C05938D-06C8-4D0C-8A73-54A7414CD821,RESERVATION_STATUS_TYPE,RESERVATION_STATUS_TYPE,MTED_EDaM_Entity_Data_Category,<unspecified>,SHL_CDM_EntityPropertyExtension.MTED_EDaM_Entity_Data_Category
5C05938D-06C8-4D0C-8A73-54A7414CD821,RESERVATION_STATUS_TYPE,RESERVATION_STATUS_TYPE,MTED_EDaM_Security_Classification,<unspecified>,SHL_CDM_EntityPropertyExtension.MTED_EDaM_Security_Classification
5C05938D-06C8-4D0C-8A73-54A7414CD821,RESERVATION_STATUS_TYPE,RESERVATION_STATUS_TYPE,MTED_EDaM_Design_Status,Draft,SHL_CDM_EntityPropertyExtension.MTED_EDaM_Design_Status
0C40F85B-4468-4E22-84AF-C718D55A486B,PERSON_ON_BOARD,PERSON_ON_BOARD,PD_ObjectID,0C40F85B-4468-4E22-84AF-C718D55A486B,
0C40F85B-4468-4E22-84AF-C718D55A486B,PERSON_ON_BOARD,PERSON_ON_BOARD,PD_SourceExtraction,46603045,
0C40F85B-4468-4E22-84AF-C718D55A486B,PERSON_ON_BOARD,PERSON_ON_BOARD,PD_SourceModel,02_logistics_segment,
0C40F85B-4468-4E22-84AF-C718D55A486B,PERSON_ON_BOARD,PERSON_ON_BOARD,MTED_EDaM_Entity_Data_Category,<unspecified>,SHL_CDM_EntityPropertyExtension.MTED_EDaM_Entity_Data_Category
0C40F85B-4468-4E22-84AF-C718D55A486B,PERSON_ON_BOARD,PERSON_ON_BOARD,MTED_EDaM_Security_Classification,<unspecified>,SHL_CDM_EntityPropertyExtension.MTED_EDaM_Security_Classification
0C40F85B-4468-4E22-84AF-C718D55A486B,PERSON_ON_BOARD,PERSON_ON_BOARD,MTED_EDaM_Design_Status,Draft,SHL_CDM_EntityPropertyExtension.MTED_EDaM_Design_Status
57464782-AAD9-4CBE-99CD-E717C8937272,CHECK_IN,CHECK_IN,PD_ObjectID,57464782-AAD9-4CBE-99CD-E717C8937272,
57464782-AAD9-4CBE-99CD-E717C8937272,CHECK_IN,CHECK_IN,PD_SourceExtraction,46603045,
57464782-AAD9-4CBE-99CD-E717C8937272,CHECK_IN,CHECK_IN,PD_SourceModel,02_logistics_segment,
57464782-AAD9-4CBE-99CD-E717C8937272,CHECK_IN,CHECK_IN,MTED_EDaM_Entity_Data_Category,<unspecified>,SHL_CDM_EntityPropertyExtension.MTED_EDaM_Entity_Data_Category
57464782-AAD9-4CBE-99CD-E717C8937272,CHECK_IN,CHECK_IN,MTED_EDaM_Security_Classification,<unspecified>,SHL_CDM_EntityPropertyExtension.MTED_EDaM_Security_Classification
57464782-AAD9-4CBE-99CD-E717C8937272,CHECK_IN,CHECK_IN,MTED_EDaM_Design_Status,Draft,SHL_CDM_EntityPropertyExtension.MTED_EDaM_Design_Status
82BC5B9D-6E76-46EF-9824-2EB9B8CEB7D1,DEFAULT_BED_ALLOCATION,DEFAULT_BED_ALLOCATION,PD_ObjectID,82BC5B9D-6E76-46EF-9824-2EB9B8CEB7D1,
82BC5B9D-6E76-46EF-9824-2EB9B8CEB7D1,DEFAULT_BED_ALLOCATION,DEFAULT_BED_ALLOCATION,PD_SourceExtraction,46603045,
82BC5B9D-6E76-46EF-9824-2EB9B8CEB7D1,DEFAULT_BED_ALLOCATION,DEFAULT_BED_ALLOCATION,PD_SourceModel,02_logistics_segment,
82BC5B9D-6E76-46EF-9824-2EB9B8CEB7D1,DEFAULT_BED_ALLOCATION,DEFAULT_BED_ALLOCATION,MTED_EDaM_Entity_Data_Category,<unspecified>,SHL_CDM_EntityPropertyExtension.MTED_EDaM_Entity_Data_Category
82BC5B9D-6E76-46EF-9824-2EB9B8CEB7D1,DEFAULT_BED_ALLOCATION,DEFAULT_BED_ALLOCATION,MTED_EDaM_Security_Classification,<unspecified>,SHL_CDM_EntityPropertyExtension.MTED_EDaM_Security_Classification
82BC5B9D-6E76-46EF-9824-2EB9B8CEB7D1,DEFAULT_BED_ALLOCATION,DEFAULT_BED_ALLOCATION,MTED_EDaM_Design_Status,Draft,SHL_CDM_EntityPropertyExtension.MTED_EDaM_Design_Status
D3A2002D-6FDB-43D3-B963-A16853951E50,OFFSHORE_PLATFORM,OFFSHORE_PLATFORM,PD_ObjectID,D3A2002D-6FDB-43D3-B963-A16853951E50,
D3A2002D-6FDB-43D3-B963-A16853951E50,OFFSHORE_PLATFORM,OFFSHORE_PLATFORM,PD_SourceExtraction,46603045,
D3A2002D-6FDB-43D3-B963-A16853951E50,OFFSHORE_PLATFORM,OFFSHORE_PLATFORM,PD_SourceModel,02_logistics_segment,
D3A2002D-6FDB-43D3-B963-A16853951E50,OFFSHORE_PLATFORM,OFFSHORE_PLATFORM,MTED_EDaM_Entity_Data_Category,<unspecified>,SHL_CDM_EntityPropertyExtension.MTED_EDaM_Entity_Data_Category
D3A2002D-6FDB-43D3-B963-A16853951E50,OFFSHORE_PLATFORM,OFFSHORE_PLATFORM,MTED_EDaM_Security_Classification,<unspecified>,SHL_CDM_EntityPropertyExtension.MTED_EDaM_Security_Classification
D3A2002D-6FDB-43D3-B963-A16853951E50,OFFSHORE_PLATFORM,OFFSHORE_PLATFORM,MTED_EDaM_Design_Status,Draft,SHL_CDM_EntityPropertyExtension.MTED_EDaM_Design_Status
6C2FAFB4-807B-4438-9CD4-811E28A7B51D,SHIP,SHIP,PD_ObjectID,6C2FAFB4-807B-4438-9CD4-811E28A7B51D,
6C2FAFB4-807B-4438-9CD4-811E28A7B51D,SHIP,SHIP,PD_SourceExtraction,46603045,
6C2FAFB4-807B-4438-9CD4-811E28A7B51D,SHIP,SHIP,PD_SourceModel,02_logistics_segment,
6C2FAFB4-807B-4438-9CD4-811E28A7B51D,SHIP,SHIP,MTED_EDaM_Entity_Data_Category,<unspecified>,SHL_CDM_EntityPropertyExtension.MTED_EDaM_Entity_Data_Category
6C2FAFB4-807B-4438-9CD4-811E28A7B51D,SHIP,SHIP,MTED_EDaM_Security_Classification,<unspecified>,SHL_CDM_EntityPropertyExtension.MTED_EDaM_Security_Classification
6C2FAFB4-807B-4438-9CD4-811E28A7B51D,SHIP,SHIP,MTED_EDaM_Design_Status,Draft,SHL_CDM_EntityPropertyExtension.MTED_EDaM_Design_Status
E3885322-07EF-4B1B-9E7F-D80EC38F7B01,OFFSHORE_FACILITY,OFFSHORE_FACILITY,PD_ObjectID,E3885322-07EF-4B1B-9E7F-D80EC38F7B01,
E3885322-07EF-4B1B-9E7F-D80EC38F7B01,OFFSHORE_FACILITY,OFFSHORE_FACILITY,PD_SourceExtraction,46603045,
E3885322-07EF-4B1B-9E7F-D80EC38F7B01,OFFSHORE_FACILITY,OFFSHORE_FACILITY,PD_SourceModel,02_logistics_segment,
E3885322-07EF-4B1B-9E7F-D80EC38F7B01,OFFSHORE_FACILITY,OFFSHORE_FACILITY,MTED_EDaM_Entity_Data_Category,<unspecified>,SHL_CDM_EntityPropertyExtension.MTED_EDaM_Entity_Data_Category
E3885322-07EF-4B1B-9E7F-D80EC38F7B01,OFFSHORE_FACILITY,OFFSHORE_FACILITY,MTED_EDaM_Security_Classification,<unspecified>,SHL_CDM_EntityPropertyExtension.MTED_EDaM_Security_Classification
E3885322-07EF-4B1B-9E7F-D80EC38F7B01,OFFSHORE_FACILITY,OFFSHORE_FACILITY,MTED_EDaM_Design_Status,Draft,SHL_CDM_EntityPropertyExtension.MTED_EDaM_Design_Status
42DD029F-3BEC-4CF3-9D55-01F6AE7E1FA1,CREW,CREW,PD_ObjectID,42DD029F-3BEC-4CF3-9D55-01F6AE7E1FA1,
42DD029F-3BEC-4CF3-9D55-01F6AE7E1FA1,CREW,CREW,PD_SourceExtraction,46603045,
42DD029F-3BEC-4CF3-9D55-01F6AE7E1FA1,CREW,CREW,PD_SourceModel,02_logistics_segment,
42DD029F-3BEC-4CF3-9D55-01F6AE7E1FA1,CREW,CREW,MTED_EDaM_Entity_Data_Category,<unspecified>,SHL_CDM_EntityPropertyExtension.MTED_EDaM_Entity_Data_Category
42DD029F-3BEC-4CF3-9D55-01F6AE7E1FA1,CREW,CREW,MTED_EDaM_Security_Classification,<unspecified>,SHL_CDM_EntityPropertyExtension.MTED_EDaM_Security_Classification
42DD029F-3BEC-4CF3-9D55-01F6AE7E1FA1,CREW,CREW,MTED_EDaM_Design_Status,Draft,SHL_CDM_EntityPropertyExtension.MTED_EDaM_Design_Status
5C99D8D0-8AF3-4F37-B8E5-0AC3B54A4F47,CREW_TYPE,CREW_TYPE,PD_ObjectID,5C99D8D0-8AF3-4F37-B8E5-0AC3B54A4F47,
5C99D8D0-8AF3-4F37-B8E5-0AC3B54A4F47,CREW_TYPE,CREW_TYPE,PD_SourceExtraction,46603045,
5C99D8D0-8AF3-4F37-B8E5-0AC3B54A4F47,CREW_TYPE,CREW_TYPE,PD_SourceModel,02_logistics_segment,
5C99D8D0-8AF3-4F37-B8E5-0AC3B54A4F47,CREW_TYPE,CREW_TYPE,MTED_EDaM_Entity_Data_Category,<unspecified>,SHL_CDM_EntityPropertyExtension.MTED_EDaM_Entity_Data_Category
5C99D8D0-8AF3-4F37-B8E5-0AC3B54A4F47,CREW_TYPE,CREW_TYPE,MTED_EDaM_Security_Classification,<unspecified>,SHL_CDM_EntityPropertyExtension.MTED_EDaM_Security_Classification
5C99D8D0-8AF3-4F37-B8E5-0AC3B54A4F47,CREW_TYPE,CREW_TYPE,MTED_EDaM_Design_Status,Draft,SHL_CDM_EntityPropertyExtension.MTED_EDaM_Design_Status
071ED7D8-4A9C-431E-AA83-D522886B828A,RESERVATION_TYPE,RESERVATION_TYPE,PD_ObjectID,071ED7D8-4A9C-431E-AA83-D522886B828A,
071ED7D8-4A9C-431E-AA83-D522886B828A,RESERVATION_TYPE,RESERVATION_TYPE,PD_SourceExtraction,46603045,
071ED7D8-4A9C-431E-AA83-D522886B828A,RESERVATION_TYPE,RESERVATION_TYPE,PD_SourceModel,02_logistics_segment,
071ED7D8-4A9C-431E-AA83-D522886B828A,RESERVATION_TYPE,RESERVATION_TYPE,MTED_EDaM_Entity_Data_Category,<unspecified>,SHL_CDM_EntityPropertyExtension.MTED_EDaM_Entity_Data_Category
071ED7D8-4A9C-431E-AA83-D522886B828A,RESERVATION_TYPE,RESERVATION_TYPE,MTED_EDaM_Security_Classification,<unspecified>,SHL_CDM_EntityPropertyExtension.MTED_EDaM_Security_Classification
071ED7D8-4A9C-431E-AA83-D522886B828A,RESERVATION_TYPE,RESERVATION_TYPE,MTED_EDaM_Design_Status,Draft,SHL_CDM_EntityPropertyExtension.MTED_EDaM_Design_Status
4E25E51E-863E-4E91-9234-B8786557C373,EMERGENCY_REPORTING_POINT,EMERGENCY_REPORTING_POINT,PD_ObjectID,4E25E51E-863E-4E91-9234-B8786557C373,
4E25E51E-863E-4E91-9234-B8786557C373,EMERGENCY_REPORTING_POINT,EMERGENCY_REPORTING_POINT,PD_SourceExtraction,46603045,
4E25E51E-863E-4E91-9234-B8786557C373,EMERGENCY_REPORTING_POINT,EMERGENCY_REPORTING_POINT,PD_SourceModel,02_logistics_segment,
4E25E51E-863E-4E91-9234-B8786557C373,EMERGENCY_REPORTING_POINT,EMERGENCY_REPORTING_POINT,MTED_EDaM_Entity_Data_Category,<unspecified>,SHL_CDM_EntityPropertyExtension.MTED_EDaM_Entity_Data_Category
4E25E51E-863E-4E91-9234-B8786557C373,EMERGENCY_REPORTING_POINT,EMERGENCY_REPORTING_POINT,MTED_EDaM_Security_Classification,<unspecified>,SHL_CDM_EntityPropertyExtension.MTED_EDaM_Security_Classification
4E25E51E-863E-4E91-9234-B8786557C373,EMERGENCY_REPORTING_POINT,EMERGENCY_REPORTING_POINT,MTED_EDaM_Design_Status,Draft,SHL_CDM_EntityPropertyExtension.MTED_EDaM_Design_Status
58A843D1-F288-4659-8C08-E738A5F82807,VESSEL_LODGING,VESSEL_LODGING,PD_ObjectID,58A843D1-F288-4659-8C08-E738A5F82807,
58A843D1-F288-4659-8C08-E738A5F82807,VESSEL_LODGING,VESSEL_LODGING,PD_SourceExtraction,46603045,
58A843D1-F288-4659-8C08-E738A5F82807,VESSEL_LODGING,VESSEL_LODGING,PD_SourceModel,02_logistics_segment,
58A843D1-F288-4659-8C08-E738A5F82807,VESSEL_LODGING,VESSEL_LODGING,MTED_EDaM_Entity_Data_Category,<unspecified>,SHL_CDM_EntityPropertyExtension.MTED_EDaM_Entity_Data_Category
58A843D1-F288-4659-8C08-E738A5F82807,VESSEL_LODGING,VESSEL_LODGING,MTED_EDaM_Security_Classification,<unspecified>,SHL_CDM_EntityPropertyExtension.MTED_EDaM_Security_Classification
58A843D1-F288-4659-8C08-E738A5F82807,VESSEL_LODGING,VESSEL_LODGING,MTED_EDaM_Design_Status,Draft,SHL_CDM_EntityPropertyExtension.MTED_EDaM_Design_Status
ADDF3A3B-D7E2-4C8E-BB2D-AE9A779E7C8A,TRANSPORTATION_PLAN,TRANSPORTATION_PLAN,PD_ObjectID,ADDF3A3B-D7E2-4C8E-BB2D-AE9A779E7C8A,
ADDF3A3B-D7E2-4C8E-BB2D-AE9A779E7C8A,TRANSPORTATION_PLAN,TRANSPORTATION_PLAN,PD_SourceExtraction,46603045,
ADDF3A3B-D7E2-4C8E-BB2D-AE9A779E7C8A,TRANSPORTATION_PLAN,TRANSPORTATION_PLAN,PD_SourceModel,02_logistics_segment,
ADDF3A3B-D7E2-4C8E-BB2D-AE9A779E7C8A,TRANSPORTATION_PLAN,TRANSPORTATION_PLAN,MTED_EDaM_Entity_Data_Category,<unspecified>,SHL_CDM_EntityPropertyExtension.MTED_EDaM_Entity_Data_Category
ADDF3A3B-D7E2-4C8E-BB2D-AE9A779E7C8A,TRANSPORTATION_PLAN,TRANSPORTATION_PLAN,MTED_EDaM_Security_Classification,<unspecified>,SHL_CDM_EntityPropertyExtension.MTED_EDaM_Security_Classification
ADDF3A3B-D7E2-4C8E-BB2D-AE9A779E7C8A,TRANSPORTATION_PLAN,TRANSPORTATION_PLAN,MTED_EDaM_Design_Status,Draft,SHL_CDM_EntityPropertyExtension.MTED_EDaM_Design_Status
6FB75D04-0F59-429B-A420-4D4A8FC104E9,JOURNEY_LEG,JOURNEY_LEG,PD_ObjectID,6FB75D04-0F59-429B-A420-4D4A8FC104E9,
6FB75D04-0F59-429B-A420-4D4A8FC104E9,JOURNEY_LEG,JOURNEY_LEG,PD_SourceExtraction,46603045,
6FB75D04-0F59-429B-A420-4D4A8FC104E9,JOURNEY_LEG,JOURNEY_LEG,PD_SourceModel,02_logistics_segment,
6FB75D04-0F59-429B-A420-4D4A8FC104E9,JOURNEY_LEG,JOURNEY_LEG,MTED_EDaM_Entity_Data_Category,<unspecified>,SHL_CDM_EntityPropertyExtension.MTED_EDaM_Entity_Data_Category
6FB75D04-0F59-429B-A420-4D4A8FC104E9,JOURNEY_LEG,JOURNEY_LEG,MTED_EDaM_Security_Classification,<unspecified>,SHL_CDM_EntityPropertyExtension.MTED_EDaM_Security_Classification
6FB75D04-0F59-429B-A420-4D4A8FC104E9,JOURNEY_LEG,JOURNEY_LEG,MTED_EDaM_Design_Status,Draft,SHL_CDM_EntityPropertyExtension.MTED_EDaM_Design_Status
4891261F-3626-49F2-AE3A-9357A1F6A979,VEHICLE,VEHICLE,PD_ObjectID,4891261F-3626-49F2-AE3A-9357A1F6A979,
4891261F-3626-49F2-AE3A-9357A1F6A979,VEHICLE,VEHICLE,PD_SourceExtraction,46603045,
4891261F-3626-49F2-AE3A-9357A1F6A979,VEHICLE,VEHICLE,PD_SourceModel,02_logistics_segment,
4891261F-3626-49F2-AE3A-9357A1F6A979,VEHICLE,VEHICLE,MTED_EDaM_Entity_Data_Category,<unspecified>,SHL_CDM_EntityPropertyExtension.MTED_EDaM_Entity_Data_Category
4891261F-3626-49F2-AE3A-9357A1F6A979,VEHICLE,VEHICLE,MTED_EDaM_Security_Classification,<unspecified>,SHL_CDM_EntityPropertyExtension.MTED_EDaM_Security_Classification
4891261F-3626-49F2-AE3A-9357A1F6A979,VEHICLE,VEHICLE,MTED_EDaM_Design_Status,Draft,SHL_CDM_EntityPropertyExtension.MTED_EDaM_Design_Status
D54D7B34-8591-4CDE-9313-7988BF26447B,ROUTE,ROUTE,PD_ObjectID,D54D7B34-8591-4CDE-9313-7988BF26447B,
D54D7B34-8591-4CDE-9313-7988BF26447B,ROUTE,ROUTE,PD_SourceExtraction,46603045,
D54D7B34-8591-4CDE-9313-7988BF26447B,ROUTE,ROUTE,PD_SourceModel,02_logistics_segment,
D54D7B34-8591-4CDE-9313-7988BF26447B,ROUTE,ROUTE,MTED_EDaM_Entity_Data_Category,<unspecified>,SHL_CDM_EntityPropertyExtension.MTED_EDaM_Entity_Data_Category
D54D7B34-8591-4CDE-9313-7988BF26447B,ROUTE,ROUTE,MTED_EDaM_Security_Classification,<unspecified>,SHL_CDM_EntityPropertyExtension.MTED_EDaM_Security_Classification
D54D7B34-8591-4CDE-9313-7988BF26447B,ROUTE,ROUTE,MTED_EDaM_Design_Status,Draft,SHL_CDM_EntityPropertyExtension.MTED_EDaM_Design_Status
E02D782A-9A78-4AC5-A403-1073C550E4AD,JOURNEY_PLAN_STATUS,JOURNEY_PLAN_STATUS,PD_ObjectID,E02D782A-9A78-4AC5-A403-1073C550E4AD,
E02D782A-9A78-4AC5-A403-1073C550E4AD,JOURNEY_PLAN_STATUS,JOURNEY_PLAN_STATUS,PD_SourceExtraction,46603045,
E02D782A-9A78-4AC5-A403-1073C550E4AD,JOURNEY_PLAN_STATUS,JOURNEY_PLAN_STATUS,PD_SourceModel,02_logistics_segment,
E02D782A-9A78-4AC5-A403-1073C550E4AD,JOURNEY_PLAN_STATUS,JOURNEY_PLAN_STATUS,MTED_EDaM_Entity_Data_Category,<unspecified>,SHL_CDM_EntityPropertyExtension.MTED_EDaM_Entity_Data_Category
E02D782A-9A78-4AC5-A403-1073C550E4AD,JOURNEY_PLAN_STATUS,JOURNEY_PLAN_STATUS,MTED_EDaM_Security_Classification,<unspecified>,SHL_CDM_EntityPropertyExtension.MTED_EDaM_Security_Classification
E02D782A-9A78-4AC5-A403-1073C550E4AD,JOURNEY_PLAN_STATUS,JOURNEY_PLAN_STATUS,MTED_EDaM_Design_Status,Draft,SHL_CDM_EntityPropertyExtension.MTED_EDaM_Design_Status
C220BAEF-F5A1-4FCC-876F-FD0A37EE8CB2,JOURNEY_LEG_STATUS,JOURNEY_LEG_STATUS,PD_ObjectID,C220BAEF-F5A1-4FCC-876F-FD0A37EE8CB2,
C220BAEF-F5A1-4FCC-876F-FD0A37EE8CB2,JOURNEY_LEG_STATUS,JOURNEY_LEG_STATUS,PD_SourceExtraction,46603045,
C220BAEF-F5A1-4FCC-876F-FD0A37EE8CB2,JOURNEY_LEG_STATUS,JOURNEY_LEG_STATUS,PD_SourceModel,02_logistics_segment,
C220BAEF-F5A1-4FCC-876F-FD0A37EE8CB2,JOURNEY_LEG_STATUS,JOURNEY_LEG_STATUS,MTED_EDaM_Entity_Data_Category,<unspecified>,SHL_CDM_EntityPropertyExtension.MTED_EDaM_Entity_Data_Category
C220BAEF-F5A1-4FCC-876F-FD0A37EE8CB2,JOURNEY_LEG_STATUS,JOURNEY_LEG_STATUS,MTED_EDaM_Security_Classification,<unspecified>,SHL_CDM_EntityPropertyExtension.MTED_EDaM_Security_Classification
C220BAEF-F5A1-4FCC-876F-FD0A37EE8CB2,JOURNEY_LEG_STATUS,JOURNEY_LEG_STATUS,MTED_EDaM_Design_Status,Draft,SHL_CDM_EntityPropertyExtension.MTED_EDaM_Design_Status
15F046F7-CDAB-4CC3-99CE-16DBA85CE044,EVENT_2,EVENT,PD_ObjectID,15F046F7-CDAB-4CC3-99CE-16DBA85CE044,
15F046F7-CDAB-4CC3-99CE-16DBA85CE044,EVENT_2,EVENT,PD_SourceExtraction,46603045,
15F046F7-CDAB-4CC3-99CE-16DBA85CE044,EVENT_2,EVENT,PD_SourceModel,02_logistics_segment,
7847E347-86C8-4FB4-9A91-CD34B5ED16A5,EVENT_TYPE,EVENT_TYPE,PD_ObjectID,7847E347-86C8-4FB4-9A91-CD34B5ED16A5,
7847E347-86C8-4FB4-9A91-CD34B5ED16A5,EVENT_TYPE,EVENT_TYPE,PD_SourceExtraction,46603045,
7847E347-86C8-4FB4-9A91-CD34B5ED16A5,EVENT_TYPE,EVENT_TYPE,PD_SourceModel,02_logistics_segment,
7847E347-86C8-4FB4-9A91-CD34B5ED16A5,EVENT_TYPE,EVENT_TYPE,MTED_EDaM_Entity_Data_Category,<unspecified>,SHL_CDM_EntityPropertyExtension.MTED_EDaM_Entity_Data_Category
7847E347-86C8-4FB4-9A91-CD34B5ED16A5,EVENT_TYPE,EVENT_TYPE,MTED_EDaM_Security_Classification,<unspecified>,SHL_CDM_EntityPropertyExtension.MTED_EDaM_Security_Classification
7847E347-86C8-4FB4-9A91-CD34B5ED16A5,EVENT_TYPE,EVENT_TYPE,MTED_EDaM_Design_Status,Draft,SHL_CDM_EntityPropertyExtension.MTED_EDaM_Design_Status
3C240211-ACD3-4DD2-93D8-12C0FBFC0BFC,SIGNAL,SIGNAL,PD_ObjectID,3C240211-ACD3-4DD2-93D8-12C0FBFC0BFC,
3C240211-ACD3-4DD2-93D8-12C0FBFC0BFC,SIGNAL,SIGNAL,PD_SourceExtraction,46603045,
3C240211-ACD3-4DD2-93D8-12C0FBFC0BFC,SIGNAL,SIGNAL,PD_SourceModel,02_logistics_segment,
3C240211-ACD3-4DD2-93D8-12C0FBFC0BFC,SIGNAL,SIGNAL,MTED_EDaM_Entity_Data_Category,<unspecified>,SHL_CDM_EntityPropertyExtension.MTED_EDaM_Entity_Data_Category
3C240211-ACD3-4DD2-93D8-12C0FBFC0BFC,SIGNAL,SIGNAL,MTED_EDaM_Security_Classification,<unspecified>,SHL_CDM_EntityPropertyExtension.MTED_EDaM_Security_Classification
3C240211-ACD3-4DD2-93D8-12C0FBFC0BFC,SIGNAL,SIGNAL,MTED_EDaM_Design_Status,Draft,SHL_CDM_EntityPropertyExtension.MTED_EDaM_Design_Status
044952D0-0AA5-4DDA-BA4B-68ADDEEF1241,LOCATION,LOCATION,PD_ObjectID,044952D0-0AA5-4DDA-BA4B-68ADDEEF1241,
044952D0-0AA5-4DDA-BA4B-68ADDEEF1241,LOCATION,LOCATION,PD_SourceExtraction,46603045,
044952D0-0AA5-4DDA-BA4B-68ADDEEF1241,LOCATION,LOCATION,PD_SourceModel,02_logistics_segment,
044952D0-0AA5-4DDA-BA4B-68ADDEEF1241,LOCATION,LOCATION,MTED_EDaM_Entity_Data_Category,<unspecified>,SHL_CDM_EntityPropertyExtension.MTED_EDaM_Entity_Data_Category
044952D0-0AA5-4DDA-BA4B-68ADDEEF1241,LOCATION,LOCATION,MTED_EDaM_Security_Classification,<unspecified>,SHL_CDM_EntityPropertyExtension.MTED_EDaM_Security_Classification
044952D0-0AA5-4DDA-BA4B-68ADDEEF1241,LOCATION,LOCATION,MTED_EDaM_Design_Status,Draft,SHL_CDM_EntityPropertyExtension.MTED_EDaM_Design_Status
93BE3252-87E9-4397-A4BD-11495FE8FD2A,PROOF_OF_DELIVERY,PROOF_OF_DELIVERY,PD_ObjectID,93BE3252-87E9-4397-A4BD-11495FE8FD2A,
93BE3252-87E9-4397-A4BD-11495FE8FD2A,PROOF_OF_DELIVERY,PROOF_OF_DELIVERY,PD_SourceExtraction,46603045,
93BE3252-87E9-4397-A4BD-11495FE8FD2A,PROOF_OF_DELIVERY,PROOF_OF_DELIVERY,PD_SourceModel,02_logistics_segment,
93BE3252-87E9-4397-A4BD-11495FE8FD2A,PROOF_OF_DELIVERY,PROOF_OF_DELIVERY,MTED_EDaM_Entity_Data_Category,<unspecified>,SHL_CDM_EntityPropertyExtension.MTED_EDaM_Entity_Data_Category
93BE3252-87E9-4397-A4BD-11495FE8FD2A,PROOF_OF_DELIVERY,PROOF_OF_DELIVERY,MTED_EDaM_Security_Classification,<unspecified>,SHL_CDM_EntityPropertyExtension.MTED_EDaM_Security_Classification
93BE3252-87E9-4397-A4BD-11495FE8FD2A,PROOF_OF_DELIVERY,PROOF_OF_DELIVERY,MTED_EDaM_Design_Status,Draft,SHL_CDM_EntityPropertyExtension.MTED_EDaM_Design_Status
0E9CE60B-F67B-4B13-A2EE-2A89A69BCCEE,JOURNEY_PLAN,JOURNEY_PLAN,PD_ObjectID,0E9CE60B-F67B-4B13-A2EE-2A89A69BCCEE,
0E9CE60B-F67B-4B13-A2EE-2A89A69BCCEE,JOURNEY_PLAN,JOURNEY_PLAN,PD_SourceExtraction,46603045,
0E9CE60B-F67B-4B13-A2EE-2A89A69BCCEE,JOURNEY_PLAN,JOURNEY_PLAN,PD_SourceModel,02_logistics_segment,
0E9CE60B-F67B-4B13-A2EE-2A89A69BCCEE,JOURNEY_PLAN,JOURNEY_PLAN,MTED_EDaM_Entity_Data_Category,<unspecified>,SHL_CDM_EntityPropertyExtension.MTED_EDaM_Entity_Data_Category
0E9CE60B-F67B-4B13-A2EE-2A89A69BCCEE,JOURNEY_PLAN,JOURNEY_PLAN,MTED_EDaM_Security_Classification,<unspecified>,SHL_CDM_EntityPropertyExtension.MTED_EDaM_Security_Classification
0E9CE60B-F67B-4B13-A2EE-2A89A69BCCEE,JOURNEY_PLAN,JOURNEY_PLAN,MTED_EDaM_Design_Status,Draft,SHL_CDM_EntityPropertyExtension.MTED_EDaM_Design_Status
8A5D2A6B-1AAF-4AC2-BED1-EC86658B03A3,TRAVEL_PLAN,TRAVEL_PLAN,PD_ObjectID,8A5D2A6B-1AAF-4AC2-BED1-EC86658B03A3,
8A5D2A6B-1AAF-4AC2-BED1-EC86658B03A3,TRAVEL_PLAN,TRAVEL_PLAN,PD_SourceExtraction,46603045,
8A5D2A6B-1AAF-4AC2-BED1-EC86658B03A3,TRAVEL_PLAN,TRAVEL_PLAN,PD_SourceModel,02_logistics_segment,
8A5D2A6B-1AAF-4AC2-BED1-EC86658B03A3,TRAVEL_PLAN,TRAVEL_PLAN,MTED_EDaM_Entity_Data_Category,<unspecified>,SHL_CDM_EntityPropertyExtension.MTED_EDaM_Entity_Data_Category
8A5D2A6B-1AAF-4AC2-BED1-EC86658B03A3,TRAVEL_PLAN,TRAVEL_PLAN,MTED_EDaM_Security_Classification,<unspecified>,SHL_CDM_EntityPropertyExtension.MTED_EDaM_Security_Classification
8A5D2A6B-1AAF-4AC2-BED1-EC86658B03A3,TRAVEL_PLAN,TRAVEL_PLAN,MTED_EDaM_Design_Status,Draft,SHL_CDM_EntityPropertyExtension.MTED_EDaM_Design_Status
2823CDF4-EC07-4CF1-99FA-25252EFD732A,TRAVEL_REQUEST,TRAVEL_REQUEST,PD_ObjectID,2823CDF4-EC07-4CF1-99FA-25252EFD732A,
2823CDF4-EC07-4CF1-99FA-25252EFD732A,TRAVEL_REQUEST,TRAVEL_REQUEST,PD_SourceExtraction,46603045,
2823CDF4-EC07-4CF1-99FA-25252EFD732A,TRAVEL_REQUEST,TRAVEL_REQUEST,PD_SourceModel,02_logistics_segment,
2823CDF4-EC07-4CF1-99FA-25252EFD732A,TRAVEL_REQUEST,TRAVEL_REQUEST,MTED_EDaM_Entity_Data_Category,<unspecified>,SHL_CDM_EntityPropertyExtension.MTED_EDaM_Entity_Data_Category
2823CDF4-EC07-4CF1-99FA-25252EFD732A,TRAVEL_REQUEST,TRAVEL_REQUEST,MTED_EDaM_Security_Classification,<unspecified>,SHL_CDM_EntityPropertyExtension.MTED_EDaM_Security_Classification
2823CDF4-EC07-4CF1-99FA-25252EFD732A,TRAVEL_REQUEST,TRAVEL_REQUEST,MTED_EDaM_Design_Status,Draft,SHL_CDM_EntityPropertyExtension.MTED_EDaM_Design_Status
0B133FF6-086D-4FD6-83B8-0F6DE3E5DE76,AUTHOURISATION_STATUS,AUTHOURISATION_STATUS,PD_ObjectID,0B133FF6-086D-4FD6-83B8-0F6DE3E5DE76,
0B133FF6-086D-4FD6-83B8-0F6DE3E5DE76,AUTHOURISATION_STATUS,AUTHOURISATION_STATUS,PD_SourceExtraction,46603045,
0B133FF6-086D-4FD6-83B8-0F6DE3E5DE76,AUTHOURISATION_STATUS,AUTHOURISATION_STATUS,PD_SourceModel,02_logistics_segment,
0B133FF6-086D-4FD6-83B8-0F6DE3E5DE76,AUTHOURISATION_STATUS,AUTHOURISATION_STATUS,MTED_EDaM_Entity_Data_Category,<unspecified>,SHL_CDM_EntityPropertyExtension.MTED_EDaM_Entity_Data_Category
0B133FF6-086D-4FD6-83B8-0F6DE3E5DE76,AUTHOURISATION_STATUS,AUTHOURISATION_STATUS,MTED_EDaM_Security_Classification,<unspecified>,SHL_CDM_EntityPropertyExtension.MTED_EDaM_Security_Classification
0B133FF6-086D-4FD6-83B8-0F6DE3E5DE76,AUTHOURISATION_STATUS,AUTHOURISATION_STATUS,MTED_EDaM_Design_Status,Draft,SHL_CDM_EntityPropertyExtension.MTED_EDaM_Design_Status
D05EC3D7-6A9C-40EE-9DC5-773B4E4528D4,PASSENGER,PASSENGER,PD_ObjectID,D05EC3D7-6A9C-40EE-9DC5-773B4E4528D4,
D05EC3D7-6A9C-40EE-9DC5-773B4E4528D4,PASSENGER,PASSENGER,PD_SourceExtraction,46603045,
D05EC3D7-6A9C-40EE-9DC5-773B4E4528D4,PASSENGER,PASSENGER,PD_SourceModel,02_logistics_segment,
D05EC3D7-6A9C-40EE-9DC5-773B4E4528D4,PASSENGER,PASSENGER,MTED_EDaM_Entity_Data_Category,<unspecified>,SHL_CDM_EntityPropertyExtension.MTED_EDaM_Entity_Data_Category
D05EC3D7-6A9C-40EE-9DC5-773B4E4528D4,PASSENGER,PASSENGER,MTED_EDaM_Security_Classification,<unspecified>,SHL_CDM_EntityPropertyExtension.MTED_EDaM_Security_Classification
D05EC3D7-6A9C-40EE-9DC5-773B4E4528D4,PASSENGER,PASSENGER,MTED_EDaM_Design_Status,Draft,SHL_CDM_EntityPropertyExtension.MTED_EDaM_Design_Status
EFED3082-49EA-4CF7-8E86-6E9C898B0F14,PASSPORT,PASSPORT,PD_ObjectID,EFED3082-49EA-4CF7-8E86-6E9C898B0F14,
EFED3082-49EA-4CF7-8E86-6E9C898B0F14,PASSPORT,PASSPORT,PD_SourceExtraction,46603045,
EFED3082-49EA-4CF7-8E86-6E9C898B0F14,PASSPORT,PASSPORT,PD_SourceModel,02_logistics_segment,
EFED3082-49EA-4CF7-8E86-6E9C898B0F14,PASSPORT,PASSPORT,MTED_EDaM_Entity_Data_Category,<unspecified>,SHL_CDM_EntityPropertyExtension.MTED_EDaM_Entity_Data_Category
EFED3082-49EA-4CF7-8E86-6E9C898B0F14,PASSPORT,PASSPORT,MTED_EDaM_Security_Classification,<unspecified>,SHL_CDM_EntityPropertyExtension.MTED_EDaM_Security_Classification
EFED3082-49EA-4CF7-8E86-6E9C898B0F14,PASSPORT,PASSPORT,MTED_EDaM_Design_Status,Draft,SHL_CDM_EntityPropertyExtension.MTED_EDaM_Design_Status
B149DA78-4620-467B-B2C0-CE3E9E96C6EE,WORK_PERMIT,WORK_PERMIT,PD_ObjectID,B149DA78-4620-467B-B2C0-CE3E9E96C6EE,
B149DA78-4620-467B-B2C0-CE3E9E96C6EE,WORK_PERMIT,WORK_PERMIT,PD_SourceExtraction,46603045,
B149DA78-4620-467B-B2C0-CE3E9E96C6EE,WORK_PERMIT,WORK_PERMIT,PD_SourceModel,02_logistics_segment,
B149DA78-4620-467B-B2C0-CE3E9E96C6EE,WORK_PERMIT,WORK_PERMIT,MTED_EDaM_Entity_Data_Category,<unspecified>,SHL_CDM_EntityPropertyExtension.MTED_EDaM_Entity_Data_Category
B149DA78-4620-467B-B2C0-CE3E9E96C6EE,WORK_PERMIT,WORK_PERMIT,MTED_EDaM_Security_Classification,<unspecified>,SHL_CDM_EntityPropertyExtension.MTED_EDaM_Security_Classification
B149DA78-4620-467B-B2C0-CE3E9E96C6EE,WORK_PERMIT,WORK_PERMIT,MTED_EDaM_Design_Status,Draft,SHL_CDM_EntityPropertyExtension.MTED_EDaM_Design_Status
52FF1CBE-9ABD-42D8-8EFF-99B91877C953,VISA,VISA,PD_ObjectID,52FF1CBE-9ABD-42D8-8EFF-99B91877C953,
52FF1CBE-9ABD-42D8-8EFF-99B91877C953,VISA,VISA,PD_SourceExtraction,46603045,
52FF1CBE-9ABD-42D8-8EFF-99B91877C953,VISA,VISA,PD_SourceModel,02_logistics_segment,
52FF1CBE-9ABD-42D8-8EFF-99B91877C953,VISA,VISA,MTED_EDaM_Entity_Data_Category,<unspecified>,SHL_CDM_EntityPropertyExtension.MTED_EDaM_Entity_Data_Category
52FF1CBE-9ABD-42D8-8EFF-99B91877C953,VISA,VISA,MTED_EDaM_Security_Classification,<unspecified>,SHL_CDM_EntityPropertyExtension.MTED_EDaM_Security_Classification
52FF1CBE-9ABD-42D8-8EFF-99B91877C953,VISA,VISA,MTED_EDaM_Design_Status,Draft,SHL_CDM_EntityPropertyExtension.MTED_EDaM_Design_Status
84D20B99-62E1-4EA5-9CD0-1B02728542FB,FACILITY_CLASS,FACILITY_CLASS,PD_ObjectID,84D20B99-62E1-4EA5-9CD0-1B02728542FB,
84D20B99-62E1-4EA5-9CD0-1B02728542FB,FACILITY_CLASS,FACILITY_CLASS,PD_SourceExtraction,46603045,
84D20B99-62E1-4EA5-9CD0-1B02728542FB,FACILITY_CLASS,FACILITY_CLASS,PD_SourceModel,02_logistics_segment,
84D20B99-62E1-4EA5-9CD0-1B02728542FB,FACILITY_CLASS,FACILITY_CLASS,MTED_EDaM_Entity_Data_Category,<unspecified>,SHL_CDM_EntityPropertyExtension.MTED_EDaM_Entity_Data_Category
84D20B99-62E1-4EA5-9CD0-1B02728542FB,FACILITY_CLASS,FACILITY_CLASS,MTED_EDaM_Security_Classification,<unspecified>,SHL_CDM_EntityPropertyExtension.MTED_EDaM_Security_Classification
84D20B99-62E1-4EA5-9CD0-1B02728542FB,FACILITY_CLASS,FACILITY_CLASS,MTED_EDaM_Design_Status,Draft,SHL_CDM_EntityPropertyExtension.MTED_EDaM_Design_Status
11075934-D95B-4DAF-8E22-FC9851FCF347,JOURNEY_LEG_TYPE,JOURNEY_LEG_TYPE,PD_ObjectID,11075934-D95B-4DAF-8E22-FC9851FCF347,
11075934-D95B-4DAF-8E22-FC9851FCF347,JOURNEY_LEG_TYPE,JOURNEY_LEG_TYPE,PD_SourceExtraction,46603045,
11075934-D95B-4DAF-8E22-FC9851FCF347,JOURNEY_LEG_TYPE,JOURNEY_LEG_TYPE,PD_SourceModel,02_logistics_segment,
11075934-D95B-4DAF-8E22-FC9851FCF347,JOURNEY_LEG_TYPE,JOURNEY_LEG_TYPE,MTED_EDaM_Entity_Data_Category,<unspecified>,SHL_CDM_EntityPropertyExtension.MTED_EDaM_Entity_Data_Category
11075934-D95B-4DAF-8E22-FC9851FCF347,JOURNEY_LEG_TYPE,JOURNEY_LEG_TYPE,MTED_EDaM_Security_Classification,<unspecified>,SHL_CDM_EntityPropertyExtension.MTED_EDaM_Security_Classification
11075934-D95B-4DAF-8E22-FC9851FCF347,JOURNEY_LEG_TYPE,JOURNEY_LEG_TYPE,MTED_EDaM_Design_Status,Draft,SHL_CDM_EntityPropertyExtension.MTED_EDaM_Design_Status
9C90E67A-73B7-46D7-8C02-520F3A409798,NO_SHOW_REASON_TYPE,NO_SHOW_REASON_TYPE,PD_ObjectID,9C90E67A-73B7-46D7-8C02-520F3A409798,
9C90E67A-73B7-46D7-8C02-520F3A409798,NO_SHOW_REASON_TYPE,NO_SHOW_REASON_TYPE,PD_SourceExtraction,46603045,
9C90E67A-73B7-46D7-8C02-520F3A409798,NO_SHOW_REASON_TYPE,NO_SHOW_REASON_TYPE,PD_SourceModel,02_logistics_segment,
9C90E67A-73B7-46D7-8C02-520F3A409798,NO_SHOW_REASON_TYPE,NO_SHOW_REASON_TYPE,MTED_EDaM_Entity_Data_Category,<unspecified>,SHL_CDM_EntityPropertyExtension.MTED_EDaM_Entity_Data_Category
9C90E67A-73B7-46D7-8C02-520F3A409798,NO_SHOW_REASON_TYPE,NO_SHOW_REASON_TYPE,MTED_EDaM_Security_Classification,<unspecified>,SHL_CDM_EntityPropertyExtension.MTED_EDaM_Security_Classification
9C90E67A-73B7-46D7-8C02-520F3A409798,NO_SHOW_REASON_TYPE,NO_SHOW_REASON_TYPE,MTED_EDaM_Design_Status,Draft,SHL_CDM_EntityPropertyExtension.MTED_EDaM_Design_Status
01487563-132E-4EF8-8FB2-D4BB7698F510,REASON_FOR_TRAVEL,REASON_FOR_TRAVEL,PD_ObjectID,01487563-132E-4EF8-8FB2-D4BB7698F510,
01487563-132E-4EF8-8FB2-D4BB7698F510,REASON_FOR_TRAVEL,REASON_FOR_TRAVEL,PD_SourceExtraction,46603045,
01487563-132E-4EF8-8FB2-D4BB7698F510,REASON_FOR_TRAVEL,REASON_FOR_TRAVEL,PD_SourceModel,02_logistics_segment,
01487563-132E-4EF8-8FB2-D4BB7698F510,REASON_FOR_TRAVEL,REASON_FOR_TRAVEL,MTED_EDaM_Entity_Data_Category,<unspecified>,SHL_CDM_EntityPropertyExtension.MTED_EDaM_Entity_Data_Category
01487563-132E-4EF8-8FB2-D4BB7698F510,REASON_FOR_TRAVEL,REASON_FOR_TRAVEL,MTED_EDaM_Security_Classification,<unspecified>,SHL_CDM_EntityPropertyExtension.MTED_EDaM_Security_Classification
01487563-132E-4EF8-8FB2-D4BB7698F510,REASON_FOR_TRAVEL,REASON_FOR_TRAVEL,MTED_EDaM_Design_Status,Draft,SHL_CDM_EntityPropertyExtension.MTED_EDaM_Design_Status
74E7B80A-65F0-44FE-BD5A-2EC4C749C898,SCHEDULE,SCHEDULE,PD_ObjectID,74E7B80A-65F0-44FE-BD5A-2EC4C749C898,
74E7B80A-65F0-44FE-BD5A-2EC4C749C898,SCHEDULE,SCHEDULE,PD_SourceExtraction,46603045,
74E7B80A-65F0-44FE-BD5A-2EC4C749C898,SCHEDULE,SCHEDULE,PD_SourceModel,02_logistics_segment,
74E7B80A-65F0-44FE-BD5A-2EC4C749C898,SCHEDULE,SCHEDULE,MTED_EDaM_Entity_Data_Category,<unspecified>,SHL_CDM_EntityPropertyExtension.MTED_EDaM_Entity_Data_Category
74E7B80A-65F0-44FE-BD5A-2EC4C749C898,SCHEDULE,SCHEDULE,MTED_EDaM_Security_Classification,<unspecified>,SHL_CDM_EntityPropertyExtension.MTED_EDaM_Security_Classification
74E7B80A-65F0-44FE-BD5A-2EC4C749C898,SCHEDULE,SCHEDULE,MTED_EDaM_Design_Status,Draft,SHL_CDM_EntityPropertyExtension.MTED_EDaM_Design_Status
1116A800-A423-4380-B92F-B26B3FCEF3C5,SCHEDULE_STATUS,SCHEDULE_STATUS,PD_ObjectID,1116A800-A423-4380-B92F-B26B3FCEF3C5,
1116A800-A423-4380-B92F-B26B3FCEF3C5,SCHEDULE_STATUS,SCHEDULE_STATUS,PD_SourceExtraction,46603045,
1116A800-A423-4380-B92F-B26B3FCEF3C5,SCHEDULE_STATUS,SCHEDULE_STATUS,PD_SourceModel,02_logistics_segment,
1116A800-A423-4380-B92F-B26B3FCEF3C5,SCHEDULE_STATUS,SCHEDULE_STATUS,MTED_EDaM_Entity_Data_Category,<unspecified>,SHL_CDM_EntityPropertyExtension.MTED_EDaM_Entity_Data_Category
1116A800-A423-4380-B92F-B26B3FCEF3C5,SCHEDULE_STATUS,SCHEDULE_STATUS,MTED_EDaM_Security_Classification,<unspecified>,SHL_CDM_EntityPropertyExtension.MTED_EDaM_Security_Classification
1116A800-A423-4380-B92F-B26B3FCEF3C5,SCHEDULE_STATUS,SCHEDULE_STATUS,MTED_EDaM_Design_Status,Draft,SHL_CDM_EntityPropertyExtension.MTED_EDaM_Design_Status
A7198982-F64C-404C-B586-B82BD97F4C4E,SCHEDULE_PURPOSE,SCHEDULE_PURPOSE,PD_ObjectID,A7198982-F64C-404C-B586-B82BD97F4C4E,
A7198982-F64C-404C-B586-B82BD97F4C4E,SCHEDULE_PURPOSE,SCHEDULE_PURPOSE,PD_SourceExtraction,46603045,
A7198982-F64C-404C-B586-B82BD97F4C4E,SCHEDULE_PURPOSE,SCHEDULE_PURPOSE,PD_SourceModel,02_logistics_segment,
A7198982-F64C-404C-B586-B82BD97F4C4E,SCHEDULE_PURPOSE,SCHEDULE_PURPOSE,MTED_EDaM_Entity_Data_Category,<unspecified>,SHL_CDM_EntityPropertyExtension.MTED_EDaM_Entity_Data_Category
A7198982-F64C-404C-B586-B82BD97F4C4E,SCHEDULE_PURPOSE,SCHEDULE_PURPOSE,MTED_EDaM_Security_Classification,<unspecified>,SHL_CDM_EntityPropertyExtension.MTED_EDaM_Security_Classification
A7198982-F64C-404C-B586-B82BD97F4C4E,SCHEDULE_PURPOSE,SCHEDULE_PURPOSE,MTED_EDaM_Design_Status,Draft,SHL_CDM_EntityPropertyExtension.MTED_EDaM_Design_Status
F9030E7D-2BE5-4AF9-8B17-8D0AC96BB884,LOAD_TYPE,LOAD_TYPE,PD_ObjectID,F9030E7D-2BE5-4AF9-8B17-8D0AC96BB884,
F9030E7D-2BE5-4AF9-8B17-8D0AC96BB884,LOAD_TYPE,LOAD_TYPE,PD_SourceExtraction,46603045,
F9030E7D-2BE5-4AF9-8B17-8D0AC96BB884,LOAD_TYPE,LOAD_TYPE,PD_SourceModel,02_logistics_segment,
F9030E7D-2BE5-4AF9-8B17-8D0AC96BB884,LOAD_TYPE,LOAD_TYPE,MTED_EDaM_Entity_Data_Category,<unspecified>,SHL_CDM_EntityPropertyExtension.MTED_EDaM_Entity_Data_Category
F9030E7D-2BE5-4AF9-8B17-8D0AC96BB884,LOAD_TYPE,LOAD_TYPE,MTED_EDaM_Security_Classification,<unspecified>,SHL_CDM_EntityPropertyExtension.MTED_EDaM_Security_Classification
F9030E7D-2BE5-4AF9-8B17-8D0AC96BB884,LOAD_TYPE,LOAD_TYPE,MTED_EDaM_Design_Status,Draft,SHL_CDM_EntityPropertyExtension.MTED_EDaM_Design_Status
040596E1-1F99-4DF6-A842-65CD18BC3658,TRANSPORTATION_MODE,TRANSPORTATION_MODE,PD_ObjectID,040596E1-1F99-4DF6-A842-65CD18BC3658,
040596E1-1F99-4DF6-A842-65CD18BC3658,TRANSPORTATION_MODE,TRANSPORTATION_MODE,PD_SourceExtraction,46603045,
040596E1-1F99-4DF6-A842-65CD18BC3658,TRANSPORTATION_MODE,TRANSPORTATION_MODE,PD_SourceModel,02_logistics_segment,
040596E1-1F99-4DF6-A842-65CD18BC3658,TRANSPORTATION_MODE,TRANSPORTATION_MODE,MTED_EDaM_Entity_Data_Category,<unspecified>,SHL_CDM_EntityPropertyExtension.MTED_EDaM_Entity_Data_Category
040596E1-1F99-4DF6-A842-65CD18BC3658,TRANSPORTATION_MODE,TRANSPORTATION_MODE,MTED_EDaM_Security_Classification,<unspecified>,SHL_CDM_EntityPropertyExtension.MTED_EDaM_Security_Classification
040596E1-1F99-4DF6-A842-65CD18BC3658,TRANSPORTATION_MODE,TRANSPORTATION_MODE,MTED_EDaM_Design_Status,Draft,SHL_CDM_EntityPropertyExtension.MTED_EDaM_Design_Status
D604E4F5-8010-445D-8CA0-18EF03B7A339,ROUTE_LEG,ROUTE_LEG,PD_ObjectID,D604E4F5-8010-445D-8CA0-18EF03B7A339,
D604E4F5-8010-445D-8CA0-18EF03B7A339,ROUTE_LEG,ROUTE_LEG,PD_SourceExtraction,46603045,
D604E4F5-8010-445D-8CA0-18EF03B7A339,ROUTE_LEG,ROUTE_LEG,PD_SourceModel,02_logistics_segment,
D604E4F5-8010-445D-8CA0-18EF03B7A339,ROUTE_LEG,ROUTE_LEG,MTED_EDaM_Entity_Data_Category,<unspecified>,SHL_CDM_EntityPropertyExtension.MTED_EDaM_Entity_Data_Category
D604E4F5-8010-445D-8CA0-18EF03B7A339,ROUTE_LEG,ROUTE_LEG,MTED_EDaM_Security_Classification,<unspecified>,SHL_CDM_EntityPropertyExtension.MTED_EDaM_Security_Classification
D604E4F5-8010-445D-8CA0-18EF03B7A339,ROUTE_LEG,ROUTE_LEG,MTED_EDaM_Design_Status,Draft,SHL_CDM_EntityPropertyExtension.MTED_EDaM_Design_Status
454AD190-DB27-42C5-B256-BC4323D4887F,BOOKING,BOOKING,PD_ObjectID,454AD190-DB27-42C5-B256-BC4323D4887F,
454AD190-DB27-42C5-B256-BC4323D4887F,BOOKING,BOOKING,PD_SourceExtraction,46603045,
454AD190-DB27-42C5-B256-BC4323D4887F,BOOKING,BOOKING,PD_SourceModel,02_logistics_segment,
454AD190-DB27-42C5-B256-BC4323D4887F,BOOKING,BOOKING,MTED_EDaM_Entity_Data_Category,<unspecified>,SHL_CDM_EntityPropertyExtension.MTED_EDaM_Entity_Data_Category
454AD190-DB27-42C5-B256-BC4323D4887F,BOOKING,BOOKING,MTED_EDaM_Security_Classification,<unspecified>,SHL_CDM_EntityPropertyExtension.MTED_EDaM_Security_Classification
454AD190-DB27-42C5-B256-BC4323D4887F,BOOKING,BOOKING,MTED_EDaM_Design_Status,Draft,SHL_CDM_EntityPropertyExtension.MTED_EDaM_Design_Status
C9244C5A-905F-499A-93EA-EEDB426025B9,BOOKING_STATUS,BOOKING_STATUS,PD_ObjectID,C9244C5A-905F-499A-93EA-EEDB426025B9,
C9244C5A-905F-499A-93EA-EEDB426025B9,BOOKING_STATUS,BOOKING_STATUS,PD_SourceExtraction,46603045,
C9244C5A-905F-499A-93EA-EEDB426025B9,BOOKING_STATUS,BOOKING_STATUS,PD_SourceModel,02_logistics_segment,
C9244C5A-905F-499A-93EA-EEDB426025B9,BOOKING_STATUS,BOOKING_STATUS,MTED_EDaM_Entity_Data_Category,<unspecified>,SHL_CDM_EntityPropertyExtension.MTED_EDaM_Entity_Data_Category
C9244C5A-905F-499A-93EA-EEDB426025B9,BOOKING_STATUS,BOOKING_STATUS,MTED_EDaM_Security_Classification,<unspecified>,SHL_CDM_EntityPropertyExtension.MTED_EDaM_Security_Classification
C9244C5A-905F-499A-93EA-EEDB426025B9,BOOKING_STATUS,BOOKING_STATUS,MTED_EDaM_Design_Status,Draft,SHL_CDM_EntityPropertyExtension.MTED_EDaM_Design_Status
0E18B847-CDB7-468E-8786-71DE7917C627,SERVICE_OFFERING,SERVICE_OFFERING,PD_ObjectID,0E18B847-CDB7-468E-8786-71DE7917C627,
0E18B847-CDB7-468E-8786-71DE7917C627,SERVICE_OFFERING,SERVICE_OFFERING,PD_SourceExtraction,46603045,
0E18B847-CDB7-468E-8786-71DE7917C627,SERVICE_OFFERING,SERVICE_OFFERING,PD_SourceModel,02_logistics_segment,
0E18B847-CDB7-468E-8786-71DE7917C627,SERVICE_OFFERING,SERVICE_OFFERING,MTED_EDaM_Entity_Data_Category,<unspecified>,SHL_CDM_EntityPropertyExtension.MTED_EDaM_Entity_Data_Category
0E18B847-CDB7-468E-8786-71DE7917C627,SERVICE_OFFERING,SERVICE_OFFERING,MTED_EDaM_Security_Classification,<unspecified>,SHL_CDM_EntityPropertyExtension.MTED_EDaM_Security_Classification
0E18B847-CDB7-468E-8786-71DE7917C627,SERVICE_OFFERING,SERVICE_OFFERING,MTED_EDaM_Design_Status,Draft,SHL_CDM_EntityPropertyExtension.MTED_EDaM_Design_Status
66AA059C-EC36-41F1-8A65-6FBADFF30926,BUSINESS_AREA_TYPE,BUSINESS_AREA_TYPE,PD_ObjectID,66AA059C-EC36-41F1-8A65-6FBADFF30926,
66AA059C-EC36-41F1-8A65-6FBADFF30926,BUSINESS_AREA_TYPE,BUSINESS_AREA_TYPE,PD_SourceExtraction,46603045,
66AA059C-EC36-41F1-8A65-6FBADFF30926,BUSINESS_AREA_TYPE,BUSINESS_AREA_TYPE,PD_SourceModel,02_logistics_segment,
66AA059C-EC36-41F1-8A65-6FBADFF30926,BUSINESS_AREA_TYPE,BUSINESS_AREA_TYPE,MTED_EDaM_Entity_Data_Category,<unspecified>,SHL_CDM_EntityPropertyExtension.MTED_EDaM_Entity_Data_Category
66AA059C-EC36-41F1-8A65-6FBADFF30926,BUSINESS_AREA_TYPE,BUSINESS_AREA_TYPE,MTED_EDaM_Security_Classification,<unspecified>,SHL_CDM_EntityPropertyExtension.MTED_EDaM_Security_Classification
66AA059C-EC36-41F1-8A65-6FBADFF30926,BUSINESS_AREA_TYPE,BUSINESS_AREA_TYPE,MTED_EDaM_Design_Status,Draft,SHL_CDM_EntityPropertyExtension.MTED_EDaM_Design_Status
79355C43-3F09-4088-B37A-FE7DA59F45E9,FIXED_WING_AIRCRAFT,FIXED_WING_AIRCRAFT,PD_ObjectID,79355C43-3F09-4088-B37A-FE7DA59F45E9,
79355C43-3F09-4088-B37A-FE7DA59F45E9,FIXED_WING_AIRCRAFT,FIXED_WING_AIRCRAFT,PD_SourceExtraction,46603045,
79355C43-3F09-4088-B37A-FE7DA59F45E9,FIXED_WING_AIRCRAFT,FIXED_WING_AIRCRAFT,PD_SourceModel,02_logistics_segment,
79355C43-3F09-4088-B37A-FE7DA59F45E9,FIXED_WING_AIRCRAFT,FIXED_WING_AIRCRAFT,MTED_EDaM_Entity_Data_Category,<unspecified>,SHL_CDM_EntityPropertyExtension.MTED_EDaM_Entity_Data_Category
79355C43-3F09-4088-B37A-FE7DA59F45E9,FIXED_WING_AIRCRAFT,FIXED_WING_AIRCRAFT,MTED_EDaM_Security_Classification,<unspecified>,SHL_CDM_EntityPropertyExtension.MTED_EDaM_Security_Classification
79355C43-3F09-4088-B37A-FE7DA59F45E9,FIXED_WING_AIRCRAFT,FIXED_WING_AIRCRAFT,MTED_EDaM_Design_Status,Draft,SHL_CDM_EntityPropertyExtension.MTED_EDaM_Design_Status
CE07D910-DAE2-4233-A512-C8CE6BBC8E8C,ROTARY_WING_AIRCRAFT,ROTARY_WING_AIRCRAFT,PD_ObjectID,CE07D910-DAE2-4233-A512-C8CE6BBC8E8C,
CE07D910-DAE2-4233-A512-C8CE6BBC8E8C,ROTARY_WING_AIRCRAFT,ROTARY_WING_AIRCRAFT,PD_SourceExtraction,46603045,
CE07D910-DAE2-4233-A512-C8CE6BBC8E8C,ROTARY_WING_AIRCRAFT,ROTARY_WING_AIRCRAFT,PD_SourceModel,02_logistics_segment,
CE07D910-DAE2-4233-A512-C8CE6BBC8E8C,ROTARY_WING_AIRCRAFT,ROTARY_WING_AIRCRAFT,MTED_EDaM_Entity_Data_Category,<unspecified>,SHL_CDM_EntityPropertyExtension.MTED_EDaM_Entity_Data_Category
CE07D910-DAE2-4233-A512-C8CE6BBC8E8C,ROTARY_WING_AIRCRAFT,ROTARY_WING_AIRCRAFT,MTED_EDaM_Security_Classification,<unspecified>,SHL_CDM_EntityPropertyExtension.MTED_EDaM_Security_Classification
CE07D910-DAE2-4233-A512-C8CE6BBC8E8C,ROTARY_WING_AIRCRAFT,ROTARY_WING_AIRCRAFT,MTED_EDaM_Design_Status,Draft,SHL_CDM_EntityPropertyExtension.MTED_EDaM_Design_Status
5ECEEC13-D107-4526-82CA-1E6A5EFA9039,CAR,CAR,PD_ObjectID,5ECEEC13-D107-4526-82CA-1E6A5EFA9039,
5ECEEC13-D107-4526-82CA-1E6A5EFA9039,CAR,CAR,PD_SourceExtraction,46603045,
5ECEEC13-D107-4526-82CA-1E6A5EFA9039,CAR,CAR,PD_SourceModel,02_logistics_segment,
5ECEEC13-D107-4526-82CA-1E6A5EFA9039,CAR,CAR,MTED_EDaM_Entity_Data_Category,<unspecified>,SHL_CDM_EntityPropertyExtension.MTED_EDaM_Entity_Data_Category
5ECEEC13-D107-4526-82CA-1E6A5EFA9039,CAR,CAR,MTED_EDaM_Security_Classification,<unspecified>,SHL_CDM_EntityPropertyExtension.MTED_EDaM_Security_Classification
5ECEEC13-D107-4526-82CA-1E6A5EFA9039,CAR,CAR,MTED_EDaM_Design_Status,Draft,SHL_CDM_EntityPropertyExtension.MTED_EDaM_Design_Status
1640D507-0879-4736-BC7D-92102646268B,BUS,BUS,PD_ObjectID,1640D507-0879-4736-BC7D-92102646268B,
1640D507-0879-4736-BC7D-92102646268B,BUS,BUS,PD_SourceExtraction,46603045,
1640D507-0879-4736-BC7D-92102646268B,BUS,BUS,PD_SourceModel,02_logistics_segment,
1640D507-0879-4736-BC7D-92102646268B,BUS,BUS,MTED_EDaM_Entity_Data_Category,<unspecified>,SHL_CDM_EntityPropertyExtension.MTED_EDaM_Entity_Data_Category
1640D507-0879-4736-BC7D-92102646268B,BUS,BUS,MTED_EDaM_Security_Classification,<unspecified>,SHL_CDM_EntityPropertyExtension.MTED_EDaM_Security_Classification
1640D507-0879-4736-BC7D-92102646268B,BUS,BUS,MTED_EDaM_Design_Status,Draft,SHL_CDM_EntityPropertyExtension.MTED_EDaM_Design_Status
8AF1D1D6-DC14-4A72-8AF4-FCCA0590885A,TRAIN,TRAIN,PD_ObjectID,8AF1D1D6-DC14-4A72-8AF4-FCCA0590885A,
8AF1D1D6-DC14-4A72-8AF4-FCCA0590885A,TRAIN,TRAIN,PD_SourceExtraction,46603045,
8AF1D1D6-DC14-4A72-8AF4-FCCA0590885A,TRAIN,TRAIN,PD_SourceModel,02_logistics_segment,
8AF1D1D6-DC14-4A72-8AF4-FCCA0590885A,TRAIN,TRAIN,MTED_EDaM_Entity_Data_Category,<unspecified>,SHL_CDM_EntityPropertyExtension.MTED_EDaM_Entity_Data_Category
8AF1D1D6-DC14-4A72-8AF4-FCCA0590885A,TRAIN,TRAIN,MTED_EDaM_Security_Classification,<unspecified>,SHL_CDM_EntityPropertyExtension.MTED_EDaM_Security_Classification
8AF1D1D6-DC14-4A72-8AF4-FCCA0590885A,TRAIN,TRAIN,MTED_EDaM_Design_Status,Draft,SHL_CDM_EntityPropertyExtension.MTED_EDaM_Design_Status
FB647AA5-D5EF-417A-89A2-4E362A6D5D52,TRUCK,TRUCK,PD_ObjectID,FB647AA5-D5EF-417A-89A2-4E362A6D5D52,
FB647AA5-D5EF-417A-89A2-4E362A6D5D52,TRUCK,TRUCK,PD_SourceExtraction,46603045,
FB647AA5-D5EF-417A-89A2-4E362A6D5D52,TRUCK,TRUCK,PD_SourceModel,02_logistics_segment,
FB647AA5-D5EF-417A-89A2-4E362A6D5D52,TRUCK,TRUCK,MTED_EDaM_Entity_Data_Category,<unspecified>,SHL_CDM_EntityPropertyExtension.MTED_EDaM_Entity_Data_Category
FB647AA5-D5EF-417A-89A2-4E362A6D5D52,TRUCK,TRUCK,MTED_EDaM_Security_Classification,<unspecified>,SHL_CDM_EntityPropertyExtension.MTED_EDaM_Security_Classification
FB647AA5-D5EF-417A-89A2-4E362A6D5D52,TRUCK,TRUCK,MTED_EDaM_Design_Status,Draft,SHL_CDM_EntityPropertyExtension.MTED_EDaM_Design_Status
8D7FC00E-FDBA-4C8D-8BC4-37B2EF2054CD,VESSEL,VESSEL,PD_ObjectID,8D7FC00E-FDBA-4C8D-8BC4-37B2EF2054CD,
8D7FC00E-FDBA-4C8D-8BC4-37B2EF2054CD,VESSEL,VESSEL,PD_SourceExtraction,46603045,
8D7FC00E-FDBA-4C8D-8BC4-37B2EF2054CD,VESSEL,VESSEL,PD_SourceModel,02_logistics_segment,
8D7FC00E-FDBA-4C8D-8BC4-37B2EF2054CD,VESSEL,VESSEL,MTED_EDaM_Entity_Data_Category,<unspecified>,SHL_CDM_EntityPropertyExtension.MTED_EDaM_Entity_Data_Category
8D7FC00E-FDBA-4C8D-8BC4-37B2EF2054CD,VESSEL,VESSEL,MTED_EDaM_Security_Classification,<unspecified>,SHL_CDM_EntityPropertyExtension.MTED_EDaM_Security_Classification
8D7FC00E-FDBA-4C8D-8BC4-37B2EF2054CD,VESSEL,VESSEL,MTED_EDaM_Design_Status,Draft,SHL_CDM_EntityPropertyExtension.MTED_EDaM_Design_Status
DF22B65D-9ABB-4D71-AB72-3A85F37B2FE5,TANK,TANK,PD_ObjectID,DF22B65D-9ABB-4D71-AB72-3A85F37B2FE5,
DF22B65D-9ABB-4D71-AB72-3A85F37B2FE5,TANK,TANK,PD_SourceExtraction,46603045,
DF22B65D-9ABB-4D71-AB72-3A85F37B2FE5,TANK,TANK,PD_SourceModel,02_logistics_segment,
DF22B65D-9ABB-4D71-AB72-3A85F37B2FE5,TANK,TANK,MTED_EDaM_Entity_Data_Category,<unspecified>,SHL_CDM_EntityPropertyExtension.MTED_EDaM_Entity_Data_Category
DF22B65D-9ABB-4D71-AB72-3A85F37B2FE5,TANK,TANK,MTED_EDaM_Security_Classification,<unspecified>,SHL_CDM_EntityPropertyExtension.MTED_EDaM_Security_Classification
DF22B65D-9ABB-4D71-AB72-3A85F37B2FE5,TANK,TANK,MTED_EDaM_Design_Status,Draft,SHL_CDM_EntityPropertyExtension.MTED_EDaM_Design_Status
01B22C4D-75E1-4E5E-B083-A84A1F67D547,LOCOMOTIVE,LOCOMOTIVE,PD_ObjectID,01B22C4D-75E1-4E5E-B083-A84A1F67D547,
01B22C4D-75E1-4E5E-B083-A84A1F67D547,LOCOMOTIVE,LOCOMOTIVE,PD_SourceExtraction,46603045,
01B22C4D-75E1-4E5E-B083-A84A1F67D547,LOCOMOTIVE,LOCOMOTIVE,PD_SourceModel,02_logistics_segment,
01B22C4D-75E1-4E5E-B083-A84A1F67D547,LOCOMOTIVE,LOCOMOTIVE,MTED_EDaM_Entity_Data_Category,<unspecified>,SHL_CDM_EntityPropertyExtension.MTED_EDaM_Entity_Data_Category
01B22C4D-75E1-4E5E-B083-A84A1F67D547,LOCOMOTIVE,LOCOMOTIVE,MTED_EDaM_Security_Classification,<unspecified>,SHL_CDM_EntityPropertyExtension.MTED_EDaM_Security_Classification
01B22C4D-75E1-4E5E-B083-A84A1F67D547,LOCOMOTIVE,LOCOMOTIVE,MTED_EDaM_Design_Status,Draft,SHL_CDM_EntityPropertyExtension.MTED_EDaM_Design_Status
6AB584D6-D60B-45ED-A98F-0C4B979E08C6,TRUCK_TRACTOR,TRUCK_TRACTOR,PD_ObjectID,6AB584D6-D60B-45ED-A98F-0C4B979E08C6,
6AB584D6-D60B-45ED-A98F-0C4B979E08C6,TRUCK_TRACTOR,TRUCK_TRACTOR,PD_SourceExtraction,46603045,
6AB584D6-D60B-45ED-A98F-0C4B979E08C6,TRUCK_TRACTOR,TRUCK_TRACTOR,PD_SourceModel,02_logistics_segment,
6AB584D6-D60B-45ED-A98F-0C4B979E08C6,TRUCK_TRACTOR,TRUCK_TRACTOR,MTED_EDaM_Entity_Data_Category,<unspecified>,SHL_CDM_EntityPropertyExtension.MTED_EDaM_Entity_Data_Category
6AB584D6-D60B-45ED-A98F-0C4B979E08C6,TRUCK_TRACTOR,TRUCK_TRACTOR,MTED_EDaM_Security_Classification,<unspecified>,SHL_CDM_EntityPropertyExtension.MTED_EDaM_Security_Classification
6AB584D6-D60B-45ED-A98F-0C4B979E08C6,TRUCK_TRACTOR,TRUCK_TRACTOR,MTED_EDaM_Design_Status,Draft,SHL_CDM_EntityPropertyExtension.MTED_EDaM_Design_Status
64A38D2E-258E-4172-B60E-08376C13318A,TRUCK_TRAILER,TRUCK_TRAILER,PD_ObjectID,64A38D2E-258E-4172-B60E-08376C13318A,
64A38D2E-258E-4172-B60E-08376C13318A,TRUCK_TRAILER,TRUCK_TRAILER,PD_SourceExtraction,46603045,
64A38D2E-258E-4172-B60E-08376C13318A,TRUCK_TRAILER,TRUCK_TRAILER,PD_SourceModel,02_logistics_segment,
64A38D2E-258E-4172-B60E-08376C13318A,TRUCK_TRAILER,TRUCK_TRAILER,MTED_EDaM_Entity_Data_Category,<unspecified>,SHL_CDM_EntityPropertyExtension.MTED_EDaM_Entity_Data_Category
64A38D2E-258E-4172-B60E-08376C13318A,TRUCK_TRAILER,TRUCK_TRAILER,MTED_EDaM_Security_Classification,<unspecified>,SHL_CDM_EntityPropertyExtension.MTED_EDaM_Security_Classification
64A38D2E-258E-4172-B60E-08376C13318A,TRUCK_TRAILER,TRUCK_TRAILER,MTED_EDaM_Design_Status,Draft,SHL_CDM_EntityPropertyExtension.MTED_EDaM_Design_Status
820FAB43-BA96-4092-BC44-3C0034D60B2D,RAIL_CAR,RAIL_CAR,PD_ObjectID,820FAB43-BA96-4092-BC44-3C0034D60B2D,
820FAB43-BA96-4092-BC44-3C0034D60B2D,RAIL_CAR,RAIL_CAR,PD_SourceExtraction,46603045,
820FAB43-BA96-4092-BC44-3C0034D60B2D,RAIL_CAR,RAIL_CAR,PD_SourceModel,02_logistics_segment,
820FAB43-BA96-4092-BC44-3C0034D60B2D,RAIL_CAR,RAIL_CAR,MTED_EDaM_Entity_Data_Category,<unspecified>,SHL_CDM_EntityPropertyExtension.MTED_EDaM_Entity_Data_Category
820FAB43-BA96-4092-BC44-3C0034D60B2D,RAIL_CAR,RAIL_CAR,MTED_EDaM_Security_Classification,<unspecified>,SHL_CDM_EntityPropertyExtension.MTED_EDaM_Security_Classification
820FAB43-BA96-4092-BC44-3C0034D60B2D,RAIL_CAR,RAIL_CAR,MTED_EDaM_Design_Status,Draft,SHL_CDM_EntityPropertyExtension.MTED_EDaM_Design_Status
36CAD75B-1BA6-4BD3-A129-C13DB1660312,AIRWORTHINESS,AIRWORTHINESS,PD_ObjectID,36CAD75B-1BA6-4BD3-A129-C13DB1660312,
36CAD75B-1BA6-4BD3-A129-C13DB1660312,AIRWORTHINESS,AIRWORTHINESS,PD_SourceExtraction,46603045,
36CAD75B-1BA6-4BD3-A129-C13DB1660312,AIRWORTHINESS,AIRWORTHINESS,PD_SourceModel,02_logistics_segment,
36CAD75B-1BA6-4BD3-A129-C13DB1660312,AIRWORTHINESS,AIRWORTHINESS,MTED_EDaM_Entity_Data_Category,<unspecified>,SHL_CDM_EntityPropertyExtension.MTED_EDaM_Entity_Data_Category
36CAD75B-1BA6-4BD3-A129-C13DB1660312,AIRWORTHINESS,AIRWORTHINESS,MTED_EDaM_Security_Classification,<unspecified>,SHL_CDM_EntityPropertyExtension.MTED_EDaM_Security_Classification
36CAD75B-1BA6-4BD3-A129-C13DB1660312,AIRWORTHINESS,AIRWORTHINESS,MTED_EDaM_Design_Status,Draft,SHL_CDM_EntityPropertyExtension.MTED_EDaM_Design_Status
B3A43A1E-EFF2-4C6F-B5A0-F2077824A1DF,INSURANCE,INSURANCE,PD_ObjectID,B3A43A1E-EFF2-4C6F-B5A0-F2077824A1DF,
B3A43A1E-EFF2-4C6F-B5A0-F2077824A1DF,INSURANCE,INSURANCE,PD_SourceExtraction,46603045,
B3A43A1E-EFF2-4C6F-B5A0-F2077824A1DF,INSURANCE,INSURANCE,PD_SourceModel,02_logistics_segment,
B3A43A1E-EFF2-4C6F-B5A0-F2077824A1DF,INSURANCE,INSURANCE,MTED_EDaM_Entity_Data_Category,<unspecified>,SHL_CDM_EntityPropertyExtension.MTED_EDaM_Entity_Data_Category
B3A43A1E-EFF2-4C6F-B5A0-F2077824A1DF,INSURANCE,INSURANCE,MTED_EDaM_Security_Classification,<unspecified>,SHL_CDM_EntityPropertyExtension.MTED_EDaM_Security_Classification
B3A43A1E-EFF2-4C6F-B5A0-F2077824A1DF,INSURANCE,INSURANCE,MTED_EDaM_Design_Status,Draft,SHL_CDM_EntityPropertyExtension.MTED_EDaM_Design_Status
4E51BBD5-1CA6-49C0-A61A-EC4E4CF6B1CC,INSPECTION,INSPECTION,PD_ObjectID,4E51BBD5-1CA6-49C0-A61A-EC4E4CF6B1CC,
4E51BBD5-1CA6-49C0-A61A-EC4E4CF6B1CC,INSPECTION,INSPECTION,PD_SourceExtraction,46603045,
4E51BBD5-1CA6-49C0-A61A-EC4E4CF6B1CC,INSPECTION,INSPECTION,PD_SourceModel,02_logistics_segment,
4E51BBD5-1CA6-49C0-A61A-EC4E4CF6B1CC,INSPECTION,INSPECTION,MTED_EDaM_Entity_Data_Category,<unspecified>,SHL_CDM_EntityPropertyExtension.MTED_EDaM_Entity_Data_Category
4E51BBD5-1CA6-49C0-A61A-EC4E4CF6B1CC,INSPECTION,INSPECTION,MTED_EDaM_Security_Classification,<unspecified>,SHL_CDM_EntityPropertyExtension.MTED_EDaM_Security_Classification
4E51BBD5-1CA6-49C0-A61A-EC4E4CF6B1CC,INSPECTION,INSPECTION,MTED_EDaM_Design_Status,Draft,SHL_CDM_EntityPropertyExtension.MTED_EDaM_Design_Status
6A1FADC6-1479-4A06-9209-45F8004E815A,MAINTENENCE,MAINTENENCE,PD_ObjectID,6A1FADC6-1479-4A06-9209-45F8004E815A,
6A1FADC6-1479-4A06-9209-45F8004E815A,MAINTENENCE,MAINTENENCE,PD_SourceExtraction,46603045,
6A1FADC6-1479-4A06-9209-45F8004E815A,MAINTENENCE,MAINTENENCE,PD_SourceModel,02_logistics_segment,
6A1FADC6-1479-4A06-9209-45F8004E815A,MAINTENENCE,MAINTENENCE,MTED_EDaM_Entity_Data_Category,<unspecified>,SHL_CDM_EntityPropertyExtension.MTED_EDaM_Entity_Data_Category
6A1FADC6-1479-4A06-9209-45F8004E815A,MAINTENENCE,MAINTENENCE,MTED_EDaM_Security_Classification,<unspecified>,SHL_CDM_EntityPropertyExtension.MTED_EDaM_Security_Classification
6A1FADC6-1479-4A06-9209-45F8004E815A,MAINTENENCE,MAINTENENCE,MTED_EDaM_Design_Status,Draft,SHL_CDM_EntityPropertyExtension.MTED_EDaM_Design_Status
919BE401-2E3B-435C-B1D1-8982800AC656,REPAIR,REPAIR,PD_ObjectID,919BE401-2E3B-435C-B1D1-8982800AC656,
919BE401-2E3B-435C-B1D1-8982800AC656,REPAIR,REPAIR,PD_SourceExtraction,46603045,
919BE401-2E3B-435C-B1D1-8982800AC656,REPAIR,REPAIR,PD_SourceModel,02_logistics_segment,
919BE401-2E3B-435C-B1D1-8982800AC656,REPAIR,REPAIR,MTED_EDaM_Entity_Data_Category,<unspecified>,SHL_CDM_EntityPropertyExtension.MTED_EDaM_Entity_Data_Category
919BE401-2E3B-435C-B1D1-8982800AC656,REPAIR,REPAIR,MTED_EDaM_Security_Classification,<unspecified>,SHL_CDM_EntityPropertyExtension.MTED_EDaM_Security_Classification
919BE401-2E3B-435C-B1D1-8982800AC656,REPAIR,REPAIR,MTED_EDaM_Design_Status,Draft,SHL_CDM_EntityPropertyExtension.MTED_EDaM_Design_Status
37036154-6EFD-4C44-AAEE-B917C590E100,VEHICLE_CLASS,VEHICLE_CLASS,PD_ObjectID,37036154-6EFD-4C44-AAEE-B917C590E100,
37036154-6EFD-4C44-AAEE-B917C590E100,VEHICLE_CLASS,VEHICLE_CLASS,PD_SourceExtraction,46603045,
37036154-6EFD-4C44-AAEE-B917C590E100,VEHICLE_CLASS,VEHICLE_CLASS,PD_SourceModel,02_logistics_segment,
37036154-6EFD-4C44-AAEE-B917C590E100,VEHICLE_CLASS,VEHICLE_CLASS,MTED_EDaM_Entity_Data_Category,<unspecified>,SHL_CDM_EntityPropertyExtension.MTED_EDaM_Entity_Data_Category
37036154-6EFD-4C44-AAEE-B917C590E100,VEHICLE_CLASS,VEHICLE_CLASS,MTED_EDaM_Security_Classification,<unspecified>,SHL_CDM_EntityPropertyExtension.MTED_EDaM_Security_Classification
37036154-6EFD-4C44-AAEE-B917C590E100,VEHICLE_CLASS,VEHICLE_CLASS,MTED_EDaM_Design_Status,Draft,SHL_CDM_EntityPropertyExtension.MTED_EDaM_Design_Status
F7E3F95B-2778-4FAB-990A-6B0CD651719E,DECK,DECK,PD_ObjectID,F7E3F95B-2778-4FAB-990A-6B0CD651719E,
F7E3F95B-2778-4FAB-990A-6B0CD651719E,DECK,DECK,PD_SourceExtraction,46603045,
F7E3F95B-2778-4FAB-990A-6B0CD651719E,DECK,DECK,PD_SourceModel,02_logistics_segment,
F7E3F95B-2778-4FAB-990A-6B0CD651719E,DECK,DECK,MTED_EDaM_Entity_Data_Category,<unspecified>,SHL_CDM_EntityPropertyExtension.MTED_EDaM_Entity_Data_Category
F7E3F95B-2778-4FAB-990A-6B0CD651719E,DECK,DECK,MTED_EDaM_Security_Classification,<unspecified>,SHL_CDM_EntityPropertyExtension.MTED_EDaM_Security_Classification
F7E3F95B-2778-4FAB-990A-6B0CD651719E,DECK,DECK,MTED_EDaM_Design_Status,Draft,SHL_CDM_EntityPropertyExtension.MTED_EDaM_Design_Status
908AAAA3-7119-4D8C-9220-C06FE3B49140,CREW_COMPARTMENT,CREW_COMPARTMENT,PD_ObjectID,908AAAA3-7119-4D8C-9220-C06FE3B49140,
908AAAA3-7119-4D8C-9220-C06FE3B49140,CREW_COMPARTMENT,CREW_COMPARTMENT,PD_SourceExtraction,46603045,
908AAAA3-7119-4D8C-9220-C06FE3B49140,CREW_COMPARTMENT,CREW_COMPARTMENT,PD_SourceModel,02_logistics_segment,
908AAAA3-7119-4D8C-9220-C06FE3B49140,CREW_COMPARTMENT,CREW_COMPARTMENT,MTED_EDaM_Entity_Data_Category,<unspecified>,SHL_CDM_EntityPropertyExtension.MTED_EDaM_Entity_Data_Category
908AAAA3-7119-4D8C-9220-C06FE3B49140,CREW_COMPARTMENT,CREW_COMPARTMENT,MTED_EDaM_Security_Classification,<unspecified>,SHL_CDM_EntityPropertyExtension.MTED_EDaM_Security_Classification
908AAAA3-7119-4D8C-9220-C06FE3B49140,CREW_COMPARTMENT,CREW_COMPARTMENT,MTED_EDaM_Design_Status,Draft,SHL_CDM_EntityPropertyExtension.MTED_EDaM_Design_Status
314DFD11-2BEE-42FE-939A-F915366C82CA,PASSENGER_COMPARTMENT,PASSENGER_COMPARTMENT,PD_ObjectID,314DFD11-2BEE-42FE-939A-F915366C82CA,
314DFD11-2BEE-42FE-939A-F915366C82CA,PASSENGER_COMPARTMENT,PASSENGER_COMPARTMENT,PD_SourceExtraction,46603045,
314DFD11-2BEE-42FE-939A-F915366C82CA,PASSENGER_COMPARTMENT,PASSENGER_COMPARTMENT,PD_SourceModel,02_logistics_segment,
314DFD11-2BEE-42FE-939A-F915366C82CA,PASSENGER_COMPARTMENT,PASSENGER_COMPARTMENT,MTED_EDaM_Entity_Data_Category,<unspecified>,SHL_CDM_EntityPropertyExtension.MTED_EDaM_Entity_Data_Category
314DFD11-2BEE-42FE-939A-F915366C82CA,PASSENGER_COMPARTMENT,PASSENGER_COMPARTMENT,MTED_EDaM_Security_Classification,<unspecified>,SHL_CDM_EntityPropertyExtension.MTED_EDaM_Security_Classification
314DFD11-2BEE-42FE-939A-F915366C82CA,PASSENGER_COMPARTMENT,PASSENGER_COMPARTMENT,MTED_EDaM_Design_Status,Draft,SHL_CDM_EntityPropertyExtension.MTED_EDaM_Design_Status
1555115E-FCE2-4D59-A613-C1334A3AD988,VEHICLE_PORT,VEHICLE_PORT,PD_ObjectID,1555115E-FCE2-4D59-A613-C1334A3AD988,
1555115E-FCE2-4D59-A613-C1334A3AD988,VEHICLE_PORT,VEHICLE_PORT,PD_SourceExtraction,46603045,
1555115E-FCE2-4D59-A613-C1334A3AD988,VEHICLE_PORT,VEHICLE_PORT,PD_SourceModel,02_logistics_segment,
1555115E-FCE2-4D59-A613-C1334A3AD988,VEHICLE_PORT,VEHICLE_PORT,MTED_EDaM_Entity_Data_Category,<unspecified>,SHL_CDM_EntityPropertyExtension.MTED_EDaM_Entity_Data_Category
1555115E-FCE2-4D59-A613-C1334A3AD988,VEHICLE_PORT,VEHICLE_PORT,MTED_EDaM_Security_Classification,<unspecified>,SHL_CDM_EntityPropertyExtension.MTED_EDaM_Security_Classification
1555115E-FCE2-4D59-A613-C1334A3AD988,VEHICLE_PORT,VEHICLE_PORT,MTED_EDaM_Design_Status,Draft,SHL_CDM_EntityPropertyExtension.MTED_EDaM_Design_Status
67A7B2E3-E864-4703-88F8-CFACDCEE5C1C,PRODUCTION_PLATFORM,PRODUCTION_PLATFORM,PD_ObjectID,67A7B2E3-E864-4703-88F8-CFACDCEE5C1C,
67A7B2E3-E864-4703-88F8-CFACDCEE5C1C,PRODUCTION_PLATFORM,PRODUCTION_PLATFORM,PD_SourceExtraction,46603045,
67A7B2E3-E864-4703-88F8-CFACDCEE5C1C,PRODUCTION_PLATFORM,PRODUCTION_PLATFORM,PD_SourceModel,02_logistics_segment,
67A7B2E3-E864-4703-88F8-CFACDCEE5C1C,PRODUCTION_PLATFORM,PRODUCTION_PLATFORM,MTED_EDaM_Entity_Data_Category,<unspecified>,SHL_CDM_EntityPropertyExtension.MTED_EDaM_Entity_Data_Category
67A7B2E3-E864-4703-88F8-CFACDCEE5C1C,PRODUCTION_PLATFORM,PRODUCTION_PLATFORM,MTED_EDaM_Security_Classification,<unspecified>,SHL_CDM_EntityPropertyExtension.MTED_EDaM_Security_Classification
67A7B2E3-E864-4703-88F8-CFACDCEE5C1C,PRODUCTION_PLATFORM,PRODUCTION_PLATFORM,MTED_EDaM_Design_Status,Draft,SHL_CDM_EntityPropertyExtension.MTED_EDaM_Design_Status
86244C4F-F46A-46B6-9FA5-B9FAAB63B2E8,WASTE_DISPOSAL_FACILITY,WASTE_DISPOSAL_FACILITY,PD_ObjectID,86244C4F-F46A-46B6-9FA5-B9FAAB63B2E8,
86244C4F-F46A-46B6-9FA5-B9FAAB63B2E8,WASTE_DISPOSAL_FACILITY,WASTE_DISPOSAL_FACILITY,PD_SourceExtraction,46603045,
86244C4F-F46A-46B6-9FA5-B9FAAB63B2E8,WASTE_DISPOSAL_FACILITY,WASTE_DISPOSAL_FACILITY,PD_SourceModel,02_logistics_segment,
86244C4F-F46A-46B6-9FA5-B9FAAB63B2E8,WASTE_DISPOSAL_FACILITY,WASTE_DISPOSAL_FACILITY,MTED_EDaM_Entity_Data_Category,<unspecified>,SHL_CDM_EntityPropertyExtension.MTED_EDaM_Entity_Data_Category
86244C4F-F46A-46B6-9FA5-B9FAAB63B2E8,WASTE_DISPOSAL_FACILITY,WASTE_DISPOSAL_FACILITY,MTED_EDaM_Security_Classification,<unspecified>,SHL_CDM_EntityPropertyExtension.MTED_EDaM_Security_Classification
86244C4F-F46A-46B6-9FA5-B9FAAB63B2E8,WASTE_DISPOSAL_FACILITY,WASTE_DISPOSAL_FACILITY,MTED_EDaM_Design_Status,Draft,SHL_CDM_EntityPropertyExtension.MTED_EDaM_Design_Status
AAFCD39C-0420-4944-82A7-6FE11CD417A6,MOBILE_OFFSHORE_FACILITY,MOBILE_OFFSHORE_FACILITY,PD_ObjectID,AAFCD39C-0420-4944-82A7-6FE11CD417A6,
AAFCD39C-0420-4944-82A7-6FE11CD417A6,MOBILE_OFFSHORE_FACILITY,MOBILE_OFFSHORE_FACILITY,PD_SourceExtraction,46603045,
AAFCD39C-0420-4944-82A7-6FE11CD417A6,MOBILE_OFFSHORE_FACILITY,MOBILE_OFFSHORE_FACILITY,PD_SourceModel,02_logistics_segment,
AAFCD39C-0420-4944-82A7-6FE11CD417A6,MOBILE_OFFSHORE_FACILITY,MOBILE_OFFSHORE_FACILITY,MTED_EDaM_Entity_Data_Category,<unspecified>,SHL_CDM_EntityPropertyExtension.MTED_EDaM_Entity_Data_Category
AAFCD39C-0420-4944-82A7-6FE11CD417A6,MOBILE_OFFSHORE_FACILITY,MOBILE_OFFSHORE_FACILITY,MTED_EDaM_Security_Classification,<unspecified>,SHL_CDM_EntityPropertyExtension.MTED_EDaM_Security_Classification
AAFCD39C-0420-4944-82A7-6FE11CD417A6,MOBILE_OFFSHORE_FACILITY,MOBILE_OFFSHORE_FACILITY,MTED_EDaM_Design_Status,Draft,SHL_CDM_EntityPropertyExtension.MTED_EDaM_Design_Status
1C13A3D2-A02B-4297-A619-C58A07EB8B8C,PACKAGING_MATERIAL_TYPE,PACKAGING_MATERIAL_TYPE,PD_ObjectID,1C13A3D2-A02B-4297-A619-C58A07EB8B8C,
1C13A3D2-A02B-4297-A619-C58A07EB8B8C,PACKAGING_MATERIAL_TYPE,PACKAGING_MATERIAL_TYPE,PD_SourceExtraction,46603045,
1C13A3D2-A02B-4297-A619-C58A07EB8B8C,PACKAGING_MATERIAL_TYPE,PACKAGING_MATERIAL_TYPE,PD_SourceModel,02_logistics_segment,
1C13A3D2-A02B-4297-A619-C58A07EB8B8C,PACKAGING_MATERIAL_TYPE,PACKAGING_MATERIAL_TYPE,MTED_EDaM_Entity_Data_Category,<unspecified>,SHL_CDM_EntityPropertyExtension.MTED_EDaM_Entity_Data_Category
1C13A3D2-A02B-4297-A619-C58A07EB8B8C,PACKAGING_MATERIAL_TYPE,PACKAGING_MATERIAL_TYPE,MTED_EDaM_Security_Classification,<unspecified>,SHL_CDM_EntityPropertyExtension.MTED_EDaM_Security_Classification
1C13A3D2-A02B-4297-A619-C58A07EB8B8C,PACKAGING_MATERIAL_TYPE,PACKAGING_MATERIAL_TYPE,MTED_EDaM_Design_Status,Draft,SHL_CDM_EntityPropertyExtension.MTED_EDaM_Design_Status
68FE5623-C646-47F3-A7D3-CE0DDCCCF45E,CONTAINMENT_FACILITY,CONTAINMENT_FACILITY,PD_ObjectID,68FE5623-C646-47F3-A7D3-CE0DDCCCF45E,
68FE5623-C646-47F3-A7D3-CE0DDCCCF45E,CONTAINMENT_FACILITY,CONTAINMENT_FACILITY,PD_SourceExtraction,46603045,
68FE5623-C646-47F3-A7D3-CE0DDCCCF45E,CONTAINMENT_FACILITY,CONTAINMENT_FACILITY,PD_SourceModel,02_logistics_segment,
68FE5623-C646-47F3-A7D3-CE0DDCCCF45E,CONTAINMENT_FACILITY,CONTAINMENT_FACILITY,MTED_EDaM_Entity_Data_Category,<unspecified>,SHL_CDM_EntityPropertyExtension.MTED_EDaM_Entity_Data_Category
68FE5623-C646-47F3-A7D3-CE0DDCCCF45E,CONTAINMENT_FACILITY,CONTAINMENT_FACILITY,MTED_EDaM_Security_Classification,<unspecified>,SHL_CDM_EntityPropertyExtension.MTED_EDaM_Security_Classification
68FE5623-C646-47F3-A7D3-CE0DDCCCF45E,CONTAINMENT_FACILITY,CONTAINMENT_FACILITY,MTED_EDaM_Design_Status,Draft,SHL_CDM_EntityPropertyExtension.MTED_EDaM_Design_Status
C399B5F2-2DB9-45D4-B126-308C0B278E5A,CONTAINMENT,CONTAINMENT,PD_ObjectID,C399B5F2-2DB9-45D4-B126-308C0B278E5A,
C399B5F2-2DB9-45D4-B126-308C0B278E5A,CONTAINMENT,CONTAINMENT,PD_SourceExtraction,46603045,
C399B5F2-2DB9-45D4-B126-308C0B278E5A,CONTAINMENT,CONTAINMENT,PD_SourceModel,02_logistics_segment,
C399B5F2-2DB9-45D4-B126-308C0B278E5A,CONTAINMENT,CONTAINMENT,MTED_EDaM_Entity_Data_Category,<unspecified>,SHL_CDM_EntityPropertyExtension.MTED_EDaM_Entity_Data_Category
C399B5F2-2DB9-45D4-B126-308C0B278E5A,CONTAINMENT,CONTAINMENT,MTED_EDaM_Security_Classification,<unspecified>,SHL_CDM_EntityPropertyExtension.MTED_EDaM_Security_Classification
C399B5F2-2DB9-45D4-B126-308C0B278E5A,CONTAINMENT,CONTAINMENT,MTED_EDaM_Design_Status,Draft,SHL_CDM_EntityPropertyExtension.MTED_EDaM_Design_Status
299D1B52-9ED6-4204-9DD8-7B93E2F11FD4,CONTAIMNET_DEVICE_GROUP,CONTAIMNET_DEVICE_GROUP,PD_ObjectID,299D1B52-9ED6-4204-9DD8-7B93E2F11FD4,
299D1B52-9ED6-4204-9DD8-7B93E2F11FD4,CONTAIMNET_DEVICE_GROUP,CONTAIMNET_DEVICE_GROUP,PD_SourceExtraction,46603045,
299D1B52-9ED6-4204-9DD8-7B93E2F11FD4,CONTAIMNET_DEVICE_GROUP,CONTAIMNET_DEVICE_GROUP,PD_SourceModel,02_logistics_segment,
299D1B52-9ED6-4204-9DD8-7B93E2F11FD4,CONTAIMNET_DEVICE_GROUP,CONTAIMNET_DEVICE_GROUP,MTED_EDaM_Entity_Data_Category,<unspecified>,SHL_CDM_EntityPropertyExtension.MTED_EDaM_Entity_Data_Category
299D1B52-9ED6-4204-9DD8-7B93E2F11FD4,CONTAIMNET_DEVICE_GROUP,CONTAIMNET_DEVICE_GROUP,MTED_EDaM_Security_Classification,<unspecified>,SHL_CDM_EntityPropertyExtension.MTED_EDaM_Security_Classification
299D1B52-9ED6-4204-9DD8-7B93E2F11FD4,CONTAIMNET_DEVICE_GROUP,CONTAIMNET_DEVICE_GROUP,MTED_EDaM_Design_Status,Draft,SHL_CDM_EntityPropertyExtension.MTED_EDaM_Design_Status
A46EE79D-C6EC-421B-B6D4-9F28152BA480,EQUIPMENT_ITEM_PLACEMENT,EQUIPMENT_ITEM_PLACEMENT,PD_ObjectID,A46EE79D-C6EC-421B-B6D4-9F28152BA480,
A46EE79D-C6EC-421B-B6D4-9F28152BA480,EQUIPMENT_ITEM_PLACEMENT,EQUIPMENT_ITEM_PLACEMENT,PD_SourceExtraction,46603045,
A46EE79D-C6EC-421B-B6D4-9F28152BA480,EQUIPMENT_ITEM_PLACEMENT,EQUIPMENT_ITEM_PLACEMENT,PD_SourceModel,02_logistics_segment,
A46EE79D-C6EC-421B-B6D4-9F28152BA480,EQUIPMENT_ITEM_PLACEMENT,EQUIPMENT_ITEM_PLACEMENT,MTED_EDaM_Entity_Data_Category,<unspecified>,SHL_CDM_EntityPropertyExtension.MTED_EDaM_Entity_Data_Category
A46EE79D-C6EC-421B-B6D4-9F28152BA480,EQUIPMENT_ITEM_PLACEMENT,EQUIPMENT_ITEM_PLACEMENT,MTED_EDaM_Security_Classification,<unspecified>,SHL_CDM_EntityPropertyExtension.MTED_EDaM_Security_Classification
A46EE79D-C6EC-421B-B6D4-9F28152BA480,EQUIPMENT_ITEM_PLACEMENT,EQUIPMENT_ITEM_PLACEMENT,MTED_EDaM_Design_Status,Draft,SHL_CDM_EntityPropertyExtension.MTED_EDaM_Design_Status
FD0A19B4-301A-43A3-AD82-25E1FF1CD8DB,ITEM_PLACEMENT,ITEM_PLACEMENT,PD_ObjectID,FD0A19B4-301A-43A3-AD82-25E1FF1CD8DB,
FD0A19B4-301A-43A3-AD82-25E1FF1CD8DB,ITEM_PLACEMENT,ITEM_PLACEMENT,PD_SourceExtraction,46603045,
FD0A19B4-301A-43A3-AD82-25E1FF1CD8DB,ITEM_PLACEMENT,ITEM_PLACEMENT,PD_SourceModel,02_logistics_segment,
FD0A19B4-301A-43A3-AD82-25E1FF1CD8DB,ITEM_PLACEMENT,ITEM_PLACEMENT,MTED_EDaM_Entity_Data_Category,<unspecified>,SHL_CDM_EntityPropertyExtension.MTED_EDaM_Entity_Data_Category
FD0A19B4-301A-43A3-AD82-25E1FF1CD8DB,ITEM_PLACEMENT,ITEM_PLACEMENT,MTED_EDaM_Security_Classification,<unspecified>,SHL_CDM_EntityPropertyExtension.MTED_EDaM_Security_Classification
FD0A19B4-301A-43A3-AD82-25E1FF1CD8DB,ITEM_PLACEMENT,ITEM_PLACEMENT,MTED_EDaM_Design_Status,Draft,SHL_CDM_EntityPropertyExtension.MTED_EDaM_Design_Status
D2112730-095A-4A09-A46C-0217B2C10B01,BUSINESS_EVENT,BUSINESS_EVENT,PD_ObjectID,D2112730-095A-4A09-A46C-0217B2C10B01,
D2112730-095A-4A09-A46C-0217B2C10B01,BUSINESS_EVENT,BUSINESS_EVENT,PD_SourceExtraction,46603045,
D2112730-095A-4A09-A46C-0217B2C10B01,BUSINESS_EVENT,BUSINESS_EVENT,PD_SourceModel,02_logistics_segment,
D2112730-095A-4A09-A46C-0217B2C10B01,BUSINESS_EVENT,BUSINESS_EVENT,MTED_EDaM_Entity_Data_Category,<unspecified>,SHL_CDM_EntityPropertyExtension.MTED_EDaM_Entity_Data_Category
D2112730-095A-4A09-A46C-0217B2C10B01,BUSINESS_EVENT,BUSINESS_EVENT,MTED_EDaM_Security_Classification,<unspecified>,SHL_CDM_EntityPropertyExtension.MTED_EDaM_Security_Classification
D2112730-095A-4A09-A46C-0217B2C10B01,BUSINESS_EVENT,BUSINESS_EVENT,MTED_EDaM_Design_Status,Draft,SHL_CDM_EntityPropertyExtension.MTED_EDaM_Design_Status
6B9BE5CD-D8B2-49A3-B327-E49E67D6DBAD,BUSINESS_EVENT_CLASS,BUSINESS_EVENT_CLASS,PD_ObjectID,6B9BE5CD-D8B2-49A3-B327-E49E67D6DBAD,
6B9BE5CD-D8B2-49A3-B327-E49E67D6DBAD,BUSINESS_EVENT_CLASS,BUSINESS_EVENT_CLASS,PD_SourceExtraction,46603045,
6B9BE5CD-D8B2-49A3-B327-E49E67D6DBAD,BUSINESS_EVENT_CLASS,BUSINESS_EVENT_CLASS,PD_SourceModel,02_logistics_segment,
6B9BE5CD-D8B2-49A3-B327-E49E67D6DBAD,BUSINESS_EVENT_CLASS,BUSINESS_EVENT_CLASS,MTED_EDaM_Entity_Data_Category,<unspecified>,SHL_CDM_EntityPropertyExtension.MTED_EDaM_Entity_Data_Category
6B9BE5CD-D8B2-49A3-B327-E49E67D6DBAD,BUSINESS_EVENT_CLASS,BUSINESS_EVENT_CLASS,MTED_EDaM_Security_Classification,<unspecified>,SHL_CDM_EntityPropertyExtension.MTED_EDaM_Security_Classification
6B9BE5CD-D8B2-49A3-B327-E49E67D6DBAD,BUSINESS_EVENT_CLASS,BUSINESS_EVENT_CLASS,MTED_EDaM_Design_Status,Draft,SHL_CDM_EntityPropertyExtension.MTED_EDaM_Design_Status
A88E6650-A4D0-4414-B477-B514AC766F82,CARGO,CARGO,PD_ObjectID,A88E6650-A4D0-4414-B477-B514AC766F82,
A88E6650-A4D0-4414-B477-B514AC766F82,CARGO,CARGO,PD_SourceExtraction,46603045,
A88E6650-A4D0-4414-B477-B514AC766F82,CARGO,CARGO,PD_SourceModel,02_logistics_segment,
A88E6650-A4D0-4414-B477-B514AC766F82,CARGO,CARGO,MTED_EDaM_Entity_Data_Category,<unspecified>,SHL_CDM_EntityPropertyExtension.MTED_EDaM_Entity_Data_Category
A88E6650-A4D0-4414-B477-B514AC766F82,CARGO,CARGO,MTED_EDaM_Security_Classification,<unspecified>,SHL_CDM_EntityPropertyExtension.MTED_EDaM_Security_Classification
A88E6650-A4D0-4414-B477-B514AC766F82,CARGO,CARGO,MTED_EDaM_Design_Status,Draft,SHL_CDM_EntityPropertyExtension.MTED_EDaM_Design_Status
4EAF3D95-0E12-487F-8B1E-7B73DD8680CE,TAG,TAG,PD_ObjectID,4EAF3D95-0E12-487F-8B1E-7B73DD8680CE,
4EAF3D95-0E12-487F-8B1E-7B73DD8680CE,TAG,TAG,PD_SourceExtraction,46603045,
4EAF3D95-0E12-487F-8B1E-7B73DD8680CE,TAG,TAG,PD_SourceModel,02_logistics_segment,
4EAF3D95-0E12-487F-8B1E-7B73DD8680CE,TAG,TAG,MTED_EDaM_Entity_Data_Category,<unspecified>,SHL_CDM_EntityPropertyExtension.MTED_EDaM_Entity_Data_Category
4EAF3D95-0E12-487F-8B1E-7B73DD8680CE,TAG,TAG,MTED_EDaM_Security_Classification,<unspecified>,SHL_CDM_EntityPropertyExtension.MTED_EDaM_Security_Classification
4EAF3D95-0E12-487F-8B1E-7B73DD8680CE,TAG,TAG,MTED_EDaM_Design_Status,Draft,SHL_CDM_EntityPropertyExtension.MTED_EDaM_Design_Status
CE0686C3-9E00-4696-904E-A66DD0810828,PHYSICAL_ITEM_TYPE,PHYSICAL_ITEM_TYPE,PD_ObjectID,CE0686C3-9E00-4696-904E-A66DD0810828,
CE0686C3-9E00-4696-904E-A66DD0810828,PHYSICAL_ITEM_TYPE,PHYSICAL_ITEM_TYPE,PD_SourceExtraction,46603045,
CE0686C3-9E00-4696-904E-A66DD0810828,PHYSICAL_ITEM_TYPE,PHYSICAL_ITEM_TYPE,PD_SourceModel,02_logistics_segment,
CE0686C3-9E00-4696-904E-A66DD0810828,PHYSICAL_ITEM_TYPE,PHYSICAL_ITEM_TYPE,MTED_EDaM_Entity_Data_Category,<unspecified>,SHL_CDM_EntityPropertyExtension.MTED_EDaM_Entity_Data_Category
CE0686C3-9E00-4696-904E-A66DD0810828,PHYSICAL_ITEM_TYPE,PHYSICAL_ITEM_TYPE,MTED_EDaM_Security_Classification,<unspecified>,SHL_CDM_EntityPropertyExtension.MTED_EDaM_Security_Classification
CE0686C3-9E00-4696-904E-A66DD0810828,PHYSICAL_ITEM_TYPE,PHYSICAL_ITEM_TYPE,MTED_EDaM_Design_Status,Draft,SHL_CDM_EntityPropertyExtension.MTED_EDaM_Design_Status
C0093AAD-CB58-469C-A1D1-018F2A73D7DE,DANGEROUS_GOOD,DANGEROUS_GOOD,PD_ObjectID,C0093AAD-CB58-469C-A1D1-018F2A73D7DE,
C0093AAD-CB58-469C-A1D1-018F2A73D7DE,DANGEROUS_GOOD,DANGEROUS_GOOD,PD_SourceExtraction,46603045,
C0093AAD-CB58-469C-A1D1-018F2A73D7DE,DANGEROUS_GOOD,DANGEROUS_GOOD,PD_SourceModel,02_logistics_segment,
C0093AAD-CB58-469C-A1D1-018F2A73D7DE,DANGEROUS_GOOD,DANGEROUS_GOOD,MTED_EDaM_Entity_Data_Category,<unspecified>,SHL_CDM_EntityPropertyExtension.MTED_EDaM_Entity_Data_Category
C0093AAD-CB58-469C-A1D1-018F2A73D7DE,DANGEROUS_GOOD,DANGEROUS_GOOD,MTED_EDaM_Security_Classification,<unspecified>,SHL_CDM_EntityPropertyExtension.MTED_EDaM_Security_Classification
C0093AAD-CB58-469C-A1D1-018F2A73D7DE,DANGEROUS_GOOD,DANGEROUS_GOOD,MTED_EDaM_Design_Status,Draft,SHL_CDM_EntityPropertyExtension.MTED_EDaM_Design_Status
FF0D6B6E-33AF-46E1-BA6F-50848B142DD6,MATERIAL_MOVEMENT_REQUEST,MATERIAL_MOVEMENT_REQUEST,PD_ObjectID,FF0D6B6E-33AF-46E1-BA6F-50848B142DD6,
FF0D6B6E-33AF-46E1-BA6F-50848B142DD6,MATERIAL_MOVEMENT_REQUEST,MATERIAL_MOVEMENT_REQUEST,PD_SourceExtraction,46603045,
FF0D6B6E-33AF-46E1-BA6F-50848B142DD6,MATERIAL_MOVEMENT_REQUEST,MATERIAL_MOVEMENT_REQUEST,PD_SourceModel,02_logistics_segment,
FF0D6B6E-33AF-46E1-BA6F-50848B142DD6,MATERIAL_MOVEMENT_REQUEST,MATERIAL_MOVEMENT_REQUEST,MTED_EDaM_Entity_Data_Category,<unspecified>,SHL_CDM_EntityPropertyExtension.MTED_EDaM_Entity_Data_Category
FF0D6B6E-33AF-46E1-BA6F-50848B142DD6,MATERIAL_MOVEMENT_REQUEST,MATERIAL_MOVEMENT_REQUEST,MTED_EDaM_Security_Classification,<unspecified>,SHL_CDM_EntityPropertyExtension.MTED_EDaM_Security_Classification
FF0D6B6E-33AF-46E1-BA6F-50848B142DD6,MATERIAL_MOVEMENT_REQUEST,MATERIAL_MOVEMENT_REQUEST,MTED_EDaM_Design_Status,Draft,SHL_CDM_EntityPropertyExtension.MTED_EDaM_Design_Status
646D3B89-396C-4AA7-BB0D-F17EDD103A34,CARGO_BREAKDOWN,CARGO_BREAKDOWN,PD_ObjectID,646D3B89-396C-4AA7-BB0D-F17EDD103A34,
646D3B89-396C-4AA7-BB0D-F17EDD103A34,CARGO_BREAKDOWN,CARGO_BREAKDOWN,PD_SourceExtraction,46603045,
646D3B89-396C-4AA7-BB0D-F17EDD103A34,CARGO_BREAKDOWN,CARGO_BREAKDOWN,PD_SourceModel,02_logistics_segment,
646D3B89-396C-4AA7-BB0D-F17EDD103A34,CARGO_BREAKDOWN,CARGO_BREAKDOWN,MTED_EDaM_Entity_Data_Category,<unspecified>,SHL_CDM_EntityPropertyExtension.MTED_EDaM_Entity_Data_Category
646D3B89-396C-4AA7-BB0D-F17EDD103A34,CARGO_BREAKDOWN,CARGO_BREAKDOWN,MTED_EDaM_Security_Classification,<unspecified>,SHL_CDM_EntityPropertyExtension.MTED_EDaM_Security_Classification
646D3B89-396C-4AA7-BB0D-F17EDD103A34,CARGO_BREAKDOWN,CARGO_BREAKDOWN,MTED_EDaM_Design_Status,Draft,SHL_CDM_EntityPropertyExtension.MTED_EDaM_Design_Status
EF16AEEA-266F-417A-99E5-32C094D29A1D,LOCATION_TYPE,LOCATION_TYPE,PD_ObjectID,EF16AEEA-266F-417A-99E5-32C094D29A1D,
EF16AEEA-266F-417A-99E5-32C094D29A1D,LOCATION_TYPE,LOCATION_TYPE,PD_SourceExtraction,46603045,
EF16AEEA-266F-417A-99E5-32C094D29A1D,LOCATION_TYPE,LOCATION_TYPE,PD_SourceModel,02_logistics_segment,
EF16AEEA-266F-417A-99E5-32C094D29A1D,LOCATION_TYPE,LOCATION_TYPE,MTED_EDaM_Entity_Data_Category,<unspecified>,SHL_CDM_EntityPropertyExtension.MTED_EDaM_Entity_Data_Category
EF16AEEA-266F-417A-99E5-32C094D29A1D,LOCATION_TYPE,LOCATION_TYPE,MTED_EDaM_Security_Classification,<unspecified>,SHL_CDM_EntityPropertyExtension.MTED_EDaM_Security_Classification
EF16AEEA-266F-417A-99E5-32C094D29A1D,LOCATION_TYPE,LOCATION_TYPE,MTED_EDaM_Design_Status,Draft,SHL_CDM_EntityPropertyExtension.MTED_EDaM_Design_Status
5F3F67CB-1C0E-4ACA-A79A-29447FDAE20F,PO,PO,PD_ObjectID,5F3F67CB-1C0E-4ACA-A79A-29447FDAE20F,
5F3F67CB-1C0E-4ACA-A79A-29447FDAE20F,PO,PO,PD_SourceExtraction,46603045,
5F3F67CB-1C0E-4ACA-A79A-29447FDAE20F,PO,PO,PD_SourceModel,02_logistics_segment,
5F3F67CB-1C0E-4ACA-A79A-29447FDAE20F,PO,PO,MTED_EDaM_Entity_Data_Category,<unspecified>,SHL_CDM_EntityPropertyExtension.MTED_EDaM_Entity_Data_Category
5F3F67CB-1C0E-4ACA-A79A-29447FDAE20F,PO,PO,MTED_EDaM_Security_Classification,<unspecified>,SHL_CDM_EntityPropertyExtension.MTED_EDaM_Security_Classification
5F3F67CB-1C0E-4ACA-A79A-29447FDAE20F,PO,PO,MTED_EDaM_Design_Status,Draft,SHL_CDM_EntityPropertyExtension.MTED_EDaM_Design_Status
2B536829-2806-42BA-95BA-15C1ADA899F1,PO_Line,PO_LINE,PD_ObjectID,2B536829-2806-42BA-95BA-15C1ADA899F1,
2B536829-2806-42BA-95BA-15C1ADA899F1,PO_Line,PO_LINE,PD_SourceExtraction,46603045,
2B536829-2806-42BA-95BA-15C1ADA899F1,PO_Line,PO_LINE,PD_SourceModel,02_logistics_segment,
2B536829-2806-42BA-95BA-15C1ADA899F1,PO_Line,PO_LINE,MTED_EDaM_Entity_Data_Category,<unspecified>,SHL_CDM_EntityPropertyExtension.MTED_EDaM_Entity_Data_Category
2B536829-2806-42BA-95BA-15C1ADA899F1,PO_Line,PO_LINE,MTED_EDaM_Security_Classification,<unspecified>,SHL_CDM_EntityPropertyExtension.MTED_EDaM_Security_Classification
2B536829-2806-42BA-95BA-15C1ADA899F1,PO_Line,PO_LINE,MTED_EDaM_Design_Status,Draft,SHL_CDM_EntityPropertyExtension.MTED_EDaM_Design_Status
67D4D621-1A76-40CE-B59A-3E41370BD6E9,MATERIAL_QUANTITY,MATERIAL_QUANTITY,PD_ObjectID,67D4D621-1A76-40CE-B59A-3E41370BD6E9,
67D4D621-1A76-40CE-B59A-3E41370BD6E9,MATERIAL_QUANTITY,MATERIAL_QUANTITY,PD_SourceExtraction,46603045,
67D4D621-1A76-40CE-B59A-3E41370BD6E9,MATERIAL_QUANTITY,MATERIAL_QUANTITY,PD_SourceModel,02_logistics_segment,
67D4D621-1A76-40CE-B59A-3E41370BD6E9,MATERIAL_QUANTITY,MATERIAL_QUANTITY,MTED_EDaM_Entity_Data_Category,<unspecified>,SHL_CDM_EntityPropertyExtension.MTED_EDaM_Entity_Data_Category
67D4D621-1A76-40CE-B59A-3E41370BD6E9,MATERIAL_QUANTITY,MATERIAL_QUANTITY,MTED_EDaM_Security_Classification,<unspecified>,SHL_CDM_EntityPropertyExtension.MTED_EDaM_Security_Classification
67D4D621-1A76-40CE-B59A-3E41370BD6E9,MATERIAL_QUANTITY,MATERIAL_QUANTITY,MTED_EDaM_Design_Status,Draft,SHL_CDM_EntityPropertyExtension.MTED_EDaM_Design_Status
04CE6ADD-466F-44ED-A0E3-D7DD0E78F28C,CONTINERISED_CARGO,CONTINERISED_CARGO,PD_ObjectID,04CE6ADD-466F-44ED-A0E3-D7DD0E78F28C,
04CE6ADD-466F-44ED-A0E3-D7DD0E78F28C,CONTINERISED_CARGO,CONTINERISED_CARGO,PD_SourceExtraction,46603045,
04CE6ADD-466F-44ED-A0E3-D7DD0E78F28C,CONTINERISED_CARGO,CONTINERISED_CARGO,PD_SourceModel,02_logistics_segment,
04CE6ADD-466F-44ED-A0E3-D7DD0E78F28C,CONTINERISED_CARGO,CONTINERISED_CARGO,MTED_EDaM_Entity_Data_Category,<unspecified>,SHL_CDM_EntityPropertyExtension.MTED_EDaM_Entity_Data_Category
04CE6ADD-466F-44ED-A0E3-D7DD0E78F28C,CONTINERISED_CARGO,CONTINERISED_CARGO,MTED_EDaM_Security_Classification,<unspecified>,SHL_CDM_EntityPropertyExtension.MTED_EDaM_Security_Classification
04CE6ADD-466F-44ED-A0E3-D7DD0E78F28C,CONTINERISED_CARGO,CONTINERISED_CARGO,MTED_EDaM_Design_Status,Draft,SHL_CDM_EntityPropertyExtension.MTED_EDaM_Design_Status
BBD8EAE7-6D3F-441B-BAF3-1908CCA2A444,LOOSE_CARGO,LOOSE_CARGO,PD_ObjectID,BBD8EAE7-6D3F-441B-BAF3-1908CCA2A444,
BBD8EAE7-6D3F-441B-BAF3-1908CCA2A444,LOOSE_CARGO,LOOSE_CARGO,PD_SourceExtraction,46603045,
BBD8EAE7-6D3F-441B-BAF3-1908CCA2A444,LOOSE_CARGO,LOOSE_CARGO,PD_SourceModel,02_logistics_segment,
BBD8EAE7-6D3F-441B-BAF3-1908CCA2A444,LOOSE_CARGO,LOOSE_CARGO,MTED_EDaM_Entity_Data_Category,<unspecified>,SHL_CDM_EntityPropertyExtension.MTED_EDaM_Entity_Data_Category
BBD8EAE7-6D3F-441B-BAF3-1908CCA2A444,LOOSE_CARGO,LOOSE_CARGO,MTED_EDaM_Security_Classification,<unspecified>,SHL_CDM_EntityPropertyExtension.MTED_EDaM_Security_Classification
BBD8EAE7-6D3F-441B-BAF3-1908CCA2A444,LOOSE_CARGO,LOOSE_CARGO,MTED_EDaM_Design_Status,Draft,SHL_CDM_EntityPropertyExtension.MTED_EDaM_Design_Status
0097090D-0CA1-48A7-B5B1-29271DD101F0,PACKAGED_CARGO,PACKAGED_CARGO,PD_ObjectID,0097090D-0CA1-48A7-B5B1-29271DD101F0,
0097090D-0CA1-48A7-B5B1-29271DD101F0,PACKAGED_CARGO,PACKAGED_CARGO,PD_SourceExtraction,46603045,
0097090D-0CA1-48A7-B5B1-29271DD101F0,PACKAGED_CARGO,PACKAGED_CARGO,PD_SourceModel,02_logistics_segment,
0097090D-0CA1-48A7-B5B1-29271DD101F0,PACKAGED_CARGO,PACKAGED_CARGO,MTED_EDaM_Entity_Data_Category,<unspecified>,SHL_CDM_EntityPropertyExtension.MTED_EDaM_Entity_Data_Category
0097090D-0CA1-48A7-B5B1-29271DD101F0,PACKAGED_CARGO,PACKAGED_CARGO,MTED_EDaM_Security_Classification,<unspecified>,SHL_CDM_EntityPropertyExtension.MTED_EDaM_Security_Classification
0097090D-0CA1-48A7-B5B1-29271DD101F0,PACKAGED_CARGO,PACKAGED_CARGO,MTED_EDaM_Design_Status,Draft,SHL_CDM_EntityPropertyExtension.MTED_EDaM_Design_Status
426A7763-346B-4189-824E-7C1952061143,X_CARGO,X_CARGO,PD_ObjectID,426A7763-346B-4189-824E-7C1952061143,
426A7763-346B-4189-824E-7C1952061143,X_CARGO,X_CARGO,PD_SourceExtraction,46603045,
426A7763-346B-4189-824E-7C1952061143,X_CARGO,X_CARGO,PD_SourceModel,02_logistics_segment,
426A7763-346B-4189-824E-7C1952061143,X_CARGO,X_CARGO,MTED_EDaM_Entity_Data_Category,<unspecified>,SHL_CDM_EntityPropertyExtension.MTED_EDaM_Entity_Data_Category
426A7763-346B-4189-824E-7C1952061143,X_CARGO,X_CARGO,MTED_EDaM_Security_Classification,<unspecified>,SHL_CDM_EntityPropertyExtension.MTED_EDaM_Security_Classification
426A7763-346B-4189-824E-7C1952061143,X_CARGO,X_CARGO,MTED_EDaM_Design_Status,Draft,SHL_CDM_EntityPropertyExtension.MTED_EDaM_Design_Status
6B42EEFA-C1D8-4C23-B936-8B37B5220763,X_PACKAGE,X_PACKAGE,PD_ObjectID,6B42EEFA-C1D8-4C23-B936-8B37B5220763,
6B42EEFA-C1D8-4C23-B936-8B37B5220763,X_PACKAGE,X_PACKAGE,PD_SourceExtraction,46603045,
6B42EEFA-C1D8-4C23-B936-8B37B5220763,X_PACKAGE,X_PACKAGE,PD_SourceModel,02_logistics_segment,
6B42EEFA-C1D8-4C23-B936-8B37B5220763,X_PACKAGE,X_PACKAGE,MTED_EDaM_Entity_Data_Category,<unspecified>,SHL_CDM_EntityPropertyExtension.MTED_EDaM_Entity_Data_Category
6B42EEFA-C1D8-4C23-B936-8B37B5220763,X_PACKAGE,X_PACKAGE,MTED_EDaM_Security_Classification,<unspecified>,SHL_CDM_EntityPropertyExtension.MTED_EDaM_Security_Classification
6B42EEFA-C1D8-4C23-B936-8B37B5220763,X_PACKAGE,X_PACKAGE,MTED_EDaM_Design_Status,Draft,SHL_CDM_EntityPropertyExtension.MTED_EDaM_Design_Status
D6A80720-97F6-4B5E-88F5-FD96A3259134,X_PACKAGE_ITEM,X_PACKAGE_ITEM,PD_ObjectID,D6A80720-97F6-4B5E-88F5-FD96A3259134,
D6A80720-97F6-4B5E-88F5-FD96A3259134,X_PACKAGE_ITEM,X_PACKAGE_ITEM,PD_SourceExtraction,46603045,
D6A80720-97F6-4B5E-88F5-FD96A3259134,X_PACKAGE_ITEM,X_PACKAGE_ITEM,PD_SourceModel,02_logistics_segment,
D6A80720-97F6-4B5E-88F5-FD96A3259134,X_PACKAGE_ITEM,X_PACKAGE_ITEM,MTED_EDaM_Entity_Data_Category,<unspecified>,SHL_CDM_EntityPropertyExtension.MTED_EDaM_Entity_Data_Category
D6A80720-97F6-4B5E-88F5-FD96A3259134,X_PACKAGE_ITEM,X_PACKAGE_ITEM,MTED_EDaM_Security_Classification,<unspecified>,SHL_CDM_EntityPropertyExtension.MTED_EDaM_Security_Classification
D6A80720-97F6-4B5E-88F5-FD96A3259134,X_PACKAGE_ITEM,X_PACKAGE_ITEM,MTED_EDaM_Design_Status,Draft,SHL_CDM_EntityPropertyExtension.MTED_EDaM_Design_Status
61BB3B48-0743-4A49-B7A6-4D6A9671594E,X_TAG,X_TAG,PD_ObjectID,61BB3B48-0743-4A49-B7A6-4D6A9671594E,
61BB3B48-0743-4A49-B7A6-4D6A9671594E,X_TAG,X_TAG,PD_SourceExtraction,46603045,
61BB3B48-0743-4A49-B7A6-4D6A9671594E,X_TAG,X_TAG,PD_SourceModel,02_logistics_segment,
61BB3B48-0743-4A49-B7A6-4D6A9671594E,X_TAG,X_TAG,MTED_EDaM_Entity_Data_Category,<unspecified>,SHL_CDM_EntityPropertyExtension.MTED_EDaM_Entity_Data_Category
61BB3B48-0743-4A49-B7A6-4D6A9671594E,X_TAG,X_TAG,MTED_EDaM_Security_Classification,<unspecified>,SHL_CDM_EntityPropertyExtension.MTED_EDaM_Security_Classification
61BB3B48-0743-4A49-B7A6-4D6A9671594E,X_TAG,X_TAG,MTED_EDaM_Design_Status,Draft,SHL_CDM_EntityPropertyExtension.MTED_EDaM_Design_Status
92ABEEF5-A077-4DC6-8713-F000EAA0D883,X_MATERIAL_MOVEMENT_REQUEST_LINE,X_MATERIAL_MOVEMENT_REQUEST_LINE,PD_ObjectID,92ABEEF5-A077-4DC6-8713-F000EAA0D883,
92ABEEF5-A077-4DC6-8713-F000EAA0D883,X_MATERIAL_MOVEMENT_REQUEST_LINE,X_MATERIAL_MOVEMENT_REQUEST_LINE,PD_SourceExtraction,46603045,
92ABEEF5-A077-4DC6-8713-F000EAA0D883,X_MATERIAL_MOVEMENT_REQUEST_LINE,X_MATERIAL_MOVEMENT_REQUEST_LINE,PD_SourceModel,02_logistics_segment,
92ABEEF5-A077-4DC6-8713-F000EAA0D883,X_MATERIAL_MOVEMENT_REQUEST_LINE,X_MATERIAL_MOVEMENT_REQUEST_LINE,MTED_EDaM_Entity_Data_Category,<unspecified>,SHL_CDM_EntityPropertyExtension.MTED_EDaM_Entity_Data_Category
92ABEEF5-A077-4DC6-8713-F000EAA0D883,X_MATERIAL_MOVEMENT_REQUEST_LINE,X_MATERIAL_MOVEMENT_REQUEST_LINE,MTED_EDaM_Security_Classification,<unspecified>,SHL_CDM_EntityPropertyExtension.MTED_EDaM_Security_Classification
92ABEEF5-A077-4DC6-8713-F000EAA0D883,X_MATERIAL_MOVEMENT_REQUEST_LINE,X_MATERIAL_MOVEMENT_REQUEST_LINE,MTED_EDaM_Design_Status,Draft,SHL_CDM_EntityPropertyExtension.MTED_EDaM_Design_Status
0C163F95-7B3A-4C30-9AAC-75887D3ED90B,X_PHYSICAL_ITEM,X_PHYSICAL_ITEM,PD_ObjectID,0C163F95-7B3A-4C30-9AAC-75887D3ED90B,
0C163F95-7B3A-4C30-9AAC-75887D3ED90B,X_PHYSICAL_ITEM,X_PHYSICAL_ITEM,PD_SourceExtraction,46603045,
0C163F95-7B3A-4C30-9AAC-75887D3ED90B,X_PHYSICAL_ITEM,X_PHYSICAL_ITEM,PD_SourceModel,02_logistics_segment,
0C163F95-7B3A-4C30-9AAC-75887D3ED90B,X_PHYSICAL_ITEM,X_PHYSICAL_ITEM,MTED_EDaM_Entity_Data_Category,<unspecified>,SHL_CDM_EntityPropertyExtension.MTED_EDaM_Entity_Data_Category
0C163F95-7B3A-4C30-9AAC-75887D3ED90B,X_PHYSICAL_ITEM,X_PHYSICAL_ITEM,MTED_EDaM_Security_Classification,<unspecified>,SHL_CDM_EntityPropertyExtension.MTED_EDaM_Security_Classification
0C163F95-7B3A-4C30-9AAC-75887D3ED90B,X_PHYSICAL_ITEM,X_PHYSICAL_ITEM,MTED_EDaM_Design_Status,Draft,SHL_CDM_EntityPropertyExtension.MTED_EDaM_Design_Status
A46164DD-A8B3-44CE-814B-FE3D5CE2E93C,X_TRANSPORT,X_TRANSPORT,PD_ObjectID,A46164DD-A8B3-44CE-814B-FE3D5CE2E93C,
A46164DD-A8B3-44CE-814B-FE3D5CE2E93C,X_TRANSPORT,X_TRANSPORT,PD_SourceExtraction,46603045,
A46164DD-A8B3-44CE-814B-FE3D5CE2E93C,X_TRANSPORT,X_TRANSPORT,PD_SourceModel,02_logistics_segment,
A46164DD-A8B3-44CE-814B-FE3D5CE2E93C,X_TRANSPORT,X_TRANSPORT,MTED_EDaM_Entity_Data_Category,<unspecified>,SHL_CDM_EntityPropertyExtension.MTED_EDaM_Entity_Data_Category
A46164DD-A8B3-44CE-814B-FE3D5CE2E93C,X_TRANSPORT,X_TRANSPORT,MTED_EDaM_Security_Classification,<unspecified>,SHL_CDM_EntityPropertyExtension.MTED_EDaM_Security_Classification
A46164DD-A8B3-44CE-814B-FE3D5CE2E93C,X_TRANSPORT,X_TRANSPORT,MTED_EDaM_Design_Status,Draft,SHL_CDM_EntityPropertyExtension.MTED_EDaM_Design_Status
336E1C57-0E22-4389-BCD9-1FEA87E05E05,X_LEG,X_LEG,PD_ObjectID,336E1C57-0E22-4389-BCD9-1FEA87E05E05,
336E1C57-0E22-4389-BCD9-1FEA87E05E05,X_LEG,X_LEG,PD_SourceExtraction,46603045,
336E1C57-0E22-4389-BCD9-1FEA87E05E05,X_LEG,X_LEG,PD_SourceModel,02_logistics_segment,
336E1C57-0E22-4389-BCD9-1FEA87E05E05,X_LEG,X_LEG,MTED_EDaM_Entity_Data_Category,<unspecified>,SHL_CDM_EntityPropertyExtension.MTED_EDaM_Entity_Data_Category
336E1C57-0E22-4389-BCD9-1FEA87E05E05,X_LEG,X_LEG,MTED_EDaM_Security_Classification,<unspecified>,SHL_CDM_EntityPropertyExtension.MTED_EDaM_Security_Classification
336E1C57-0E22-4389-BCD9-1FEA87E05E05,X_LEG,X_LEG,MTED_EDaM_Design_Status,Draft,SHL_CDM_EntityPropertyExtension.MTED_EDaM_Design_Status
4598DA38-3CC0-4F47-A9DB-3C87AF5E5096,X_PACKAGING_MATERIAL,X_PACKAGING_MATERIAL,PD_ObjectID,4598DA38-3CC0-4F47-A9DB-3C87AF5E5096,
4598DA38-3CC0-4F47-A9DB-3C87AF5E5096,X_PACKAGING_MATERIAL,X_PACKAGING_MATERIAL,PD_SourceExtraction,46603045,
4598DA38-3CC0-4F47-A9DB-3C87AF5E5096,X_PACKAGING_MATERIAL,X_PACKAGING_MATERIAL,PD_SourceModel,02_logistics_segment,
4598DA38-3CC0-4F47-A9DB-3C87AF5E5096,X_PACKAGING_MATERIAL,X_PACKAGING_MATERIAL,MTED_EDaM_Entity_Data_Category,<unspecified>,SHL_CDM_EntityPropertyExtension.MTED_EDaM_Entity_Data_Category
4598DA38-3CC0-4F47-A9DB-3C87AF5E5096,X_PACKAGING_MATERIAL,X_PACKAGING_MATERIAL,MTED_EDaM_Security_Classification,<unspecified>,SHL_CDM_EntityPropertyExtension.MTED_EDaM_Security_Classification
4598DA38-3CC0-4F47-A9DB-3C87AF5E5096,X_PACKAGING_MATERIAL,X_PACKAGING_MATERIAL,MTED_EDaM_Design_Status,Draft,SHL_CDM_EntityPropertyExtension.MTED_EDaM_Design_Status
