pd_object_id,entity_name,entity_code,udp,value,source_path
8602661B-F349-4F87-B2B8-70672ED1F8CA,Sample Acquisition,SMPL_ACQSTN,PD_ObjectID,8602661B-F349-4F87-B2B8-70672ED1F8CA,
8602661B-F349-4F87-B2B8-70672ED1F8CA,Sample Acquisition,SMPL_ACQSTN,PD_SourceExtraction,46603045,
8602661B-F349-4F87-B2B8-70672ED1F8CA,Sample Acquisition,SMPL_ACQSTN,PD_SourceModel,SUBSURFACE AND WELLS,
8602661B-F349-4F87-B2B8-70672ED1F8CA,Sample Acquisition,SMPL_ACQSTN,EntityCategory,Transaction,BIM-core.EntityCategory
8602661B-F349-4F87-B2B8-70672ED1F8CA,Sample Acquisition,SMPL_ACQSTN,DataCategory,Structured,BIM-core.DataCategory
8602661B-F349-4F87-B2B8-70672ED1F8CA,Sample Acquisition,SMPL_ACQSTN,Criticality,No Critical Data,BIM-core.Criticality
8602661B-F349-4F87-B2B8-70672ED1F8CA,Sample Acquisition,SMPL_ACQSTN,CommerciallySensitiveInformation,No Commercially Sensitive Information,BIM-core.CommerciallySensitiveInformation
8602661B-F349-4F87-B2B8-70672ED1F8CA,Sample Acquisition,SMPL_ACQSTN,DataConfidentiality,Internal,BIM-core.DataConfidentiality
8602661B-F349-4F87-B2B8-70672ED1F8CA,Sample Acquisition,SMPL_ACQSTN,EntityPersonalData,No Personal Data,BIM-core.EntityPersonalData
8602661B-F349-4F87-B2B8-70672ED1F8CA,Sample Acquisition,SMPL_ACQSTN,FinancialPersonalData,No Financial Personal Data,BIM-core.FinancialPersonalData
8602661B-F349-4F87-B2B8-70672ED1F8CA,Sample Acquisition,SMPL_ACQSTN,SensitivePersonalData,No Sensitive Personal Data,BIM-core.SensitivePersonalData
8602661B-F349-4F87-B2B8-70672ED1F8CA,Sample Acquisition,SMPL_ACQSTN,DesignStatus,Approved,BIM-core.DesignStatus
8602661B-F349-4F87-B2B8-70672ED1F8CA,Sample Acquisition,SMPL_ACQSTN,DataArea,Geology/Petrophysics,BIM-core.DataArea
8602661B-F349-4F87-B2B8-70672ED1F8CA,Sample Acquisition,SMPL_ACQSTN,EnterpriseLevel,Yes,BIM-core.EnterpriseLevel
8602661B-F349-4F87-B2B8-70672ED1F8CA,Sample Acquisition,SMPL_ACQSTN,ExchangeId,{2602C8D5-49BB-4B51-88D8-C10036A80155},BIM-core.ExchangeId
EA41F0FF-C69A-471A-8E8D-813DC20F24F3,Routine Core Analysis,ROUTINE_CORE_ANLYSS,PD_ObjectID,EA41F0FF-C69A-471A-8E8D-813DC20F24F3,
EA41F0FF-C69A-471A-8E8D-813DC20F24F3,Routine Core Analysis,ROUTINE_CORE_ANLYSS,PD_SourceExtraction,46603045,
EA41F0FF-C69A-471A-8E8D-813DC20F24F3,Routine Core Analysis,ROUTINE_CORE_ANLYSS,PD_SourceModel,SUBSURFACE AND WELLS,
EA41F0FF-C69A-471A-8E8D-813DC20F24F3,Routine Core Analysis,ROUTINE_CORE_ANLYSS,DesignStatus,Approved,BIM-core.DesignStatus
EA41F0FF-C69A-471A-8E8D-813DC20F24F3,Routine Core Analysis,ROUTINE_CORE_ANLYSS,EntityCategory,Transaction,BIM-core.EntityCategory
EA41F0FF-C69A-471A-8E8D-813DC20F24F3,Routine Core Analysis,ROUTINE_CORE_ANLYSS,DataCategory,Structured,BIM-core.DataCategory
EA41F0FF-C69A-471A-8E8D-813DC20F24F3,Routine Core Analysis,ROUTINE_CORE_ANLYSS,Criticality,No Critical Data,BIM-core.Criticality
EA41F0FF-C69A-471A-8E8D-813DC20F24F3,Routine Core Analysis,ROUTINE_CORE_ANLYSS,CommerciallySensitiveInformation,No Commercially Sensitive Information,BIM-core.CommerciallySensitiveInformation
EA41F0FF-C69A-471A-8E8D-813DC20F24F3,Routine Core Analysis,ROUTINE_CORE_ANLYSS,DataConfidentiality,Internal,BIM-core.DataConfidentiality
EA41F0FF-C69A-471A-8E8D-813DC20F24F3,Routine Core Analysis,ROUTINE_CORE_ANLYSS,EntityPersonalData,No Personal Data,BIM-core.EntityPersonalData
EA41F0FF-C69A-471A-8E8D-813DC20F24F3,Routine Core Analysis,ROUTINE_CORE_ANLYSS,FinancialPersonalData,No Financial Personal Data,BIM-core.FinancialPersonalData
EA41F0FF-C69A-471A-8E8D-813DC20F24F3,Routine Core Analysis,ROUTINE_CORE_ANLYSS,SensitivePersonalData,No Sensitive Personal Data,BIM-core.SensitivePersonalData
EA41F0FF-C69A-471A-8E8D-813DC20F24F3,Routine Core Analysis,ROUTINE_CORE_ANLYSS,DataArea,Wellbore,BIM-core.DataArea
EA41F0FF-C69A-471A-8E8D-813DC20F24F3,Routine Core Analysis,ROUTINE_CORE_ANLYSS,EnterpriseLevel,Yes,BIM-core.EnterpriseLevel
EA41F0FF-C69A-471A-8E8D-813DC20F24F3,Routine Core Analysis,ROUTINE_CORE_ANLYSS,ExchangeId,{E5D2020F-19EE-42CF-BBAD-3C16BC51A241},BIM-core.ExchangeId
2CD337A3-C1C4-417A-95F1-FA9125D34385,Rock Volume Feature,RCK_VLM_FTR,PD_ObjectID,2CD337A3-C1C4-417A-95F1-FA9125D34385,
2CD337A3-C1C4-417A-95F1-FA9125D34385,Rock Volume Feature,RCK_VLM_FTR,PD_SourceExtraction,46603045,
2CD337A3-C1C4-417A-95F1-FA9125D34385,Rock Volume Feature,RCK_VLM_FTR,PD_SourceModel,SUBSURFACE AND WELLS,
2CD337A3-C1C4-417A-95F1-FA9125D34385,Rock Volume Feature,RCK_VLM_FTR,EntityCategory,Master,BIM-core.EntityCategory
2CD337A3-C1C4-417A-95F1-FA9125D34385,Rock Volume Feature,RCK_VLM_FTR,DataCategory,Structured,BIM-core.DataCategory
2CD337A3-C1C4-417A-95F1-FA9125D34385,Rock Volume Feature,RCK_VLM_FTR,Criticality,No Critical Data,BIM-core.Criticality
2CD337A3-C1C4-417A-95F1-FA9125D34385,Rock Volume Feature,RCK_VLM_FTR,CommerciallySensitiveInformation,No Commercially Sensitive Information,BIM-core.CommerciallySensitiveInformation
2CD337A3-C1C4-417A-95F1-FA9125D34385,Rock Volume Feature,RCK_VLM_FTR,DataConfidentiality,Internal,BIM-core.DataConfidentiality
2CD337A3-C1C4-417A-95F1-FA9125D34385,Rock Volume Feature,RCK_VLM_FTR,EntityPersonalData,No Personal Data,BIM-core.EntityPersonalData
2CD337A3-C1C4-417A-95F1-FA9125D34385,Rock Volume Feature,RCK_VLM_FTR,FinancialPersonalData,No Financial Personal Data,BIM-core.FinancialPersonalData
2CD337A3-C1C4-417A-95F1-FA9125D34385,Rock Volume Feature,RCK_VLM_FTR,SensitivePersonalData,No Sensitive Personal Data,BIM-core.SensitivePersonalData
2CD337A3-C1C4-417A-95F1-FA9125D34385,Rock Volume Feature,RCK_VLM_FTR,DataArea,Reservoir,BIM-core.DataArea
2CD337A3-C1C4-417A-95F1-FA9125D34385,Rock Volume Feature,RCK_VLM_FTR,EnterpriseLevel,Yes,BIM-core.EnterpriseLevel
2CD337A3-C1C4-417A-95F1-FA9125D34385,Rock Volume Feature,RCK_VLM_FTR,ExchangeId,{A66ADDD5-48C3-4228-BD43-103717297DA5},BIM-core.ExchangeId
8B14CB44-AADB-4EE7-9604-E0AEF82CF32E,Rock Sample Analysis,RCK_SMPL_ANLYSS,PD_ObjectID,8B14CB44-AADB-4EE7-9604-E0AEF82CF32E,
8B14CB44-AADB-4EE7-9604-E0AEF82CF32E,Rock Sample Analysis,RCK_SMPL_ANLYSS,PD_SourceExtraction,46603045,
8B14CB44-AADB-4EE7-9604-E0AEF82CF32E,Rock Sample Analysis,RCK_SMPL_ANLYSS,PD_SourceModel,SUBSURFACE AND WELLS,
8B14CB44-AADB-4EE7-9604-E0AEF82CF32E,Rock Sample Analysis,RCK_SMPL_ANLYSS,DesignStatus,Approved,BIM-core.DesignStatus
8B14CB44-AADB-4EE7-9604-E0AEF82CF32E,Rock Sample Analysis,RCK_SMPL_ANLYSS,EntityCategory,Transaction,BIM-core.EntityCategory
8B14CB44-AADB-4EE7-9604-E0AEF82CF32E,Rock Sample Analysis,RCK_SMPL_ANLYSS,DataCategory,Structured,BIM-core.DataCategory
8B14CB44-AADB-4EE7-9604-E0AEF82CF32E,Rock Sample Analysis,RCK_SMPL_ANLYSS,Criticality,No Critical Data,BIM-core.Criticality
8B14CB44-AADB-4EE7-9604-E0AEF82CF32E,Rock Sample Analysis,RCK_SMPL_ANLYSS,CommerciallySensitiveInformation,No Commercially Sensitive Information,BIM-core.CommerciallySensitiveInformation
8B14CB44-AADB-4EE7-9604-E0AEF82CF32E,Rock Sample Analysis,RCK_SMPL_ANLYSS,DataConfidentiality,Internal,BIM-core.DataConfidentiality
8B14CB44-AADB-4EE7-9604-E0AEF82CF32E,Rock Sample Analysis,RCK_SMPL_ANLYSS,EntityPersonalData,No Personal Data,BIM-core.EntityPersonalData
8B14CB44-AADB-4EE7-9604-E0AEF82CF32E,Rock Sample Analysis,RCK_SMPL_ANLYSS,FinancialPersonalData,No Financial Personal Data,BIM-core.FinancialPersonalData
8B14CB44-AADB-4EE7-9604-E0AEF82CF32E,Rock Sample Analysis,RCK_SMPL_ANLYSS,SensitivePersonalData,No Sensitive Personal Data,BIM-core.SensitivePersonalData
8B14CB44-AADB-4EE7-9604-E0AEF82CF32E,Rock Sample Analysis,RCK_SMPL_ANLYSS,DataArea,Wellbore,BIM-core.DataArea
8B14CB44-AADB-4EE7-9604-E0AEF82CF32E,Rock Sample Analysis,RCK_SMPL_ANLYSS,EnterpriseLevel,Yes,BIM-core.EnterpriseLevel
8B14CB44-AADB-4EE7-9604-E0AEF82CF32E,Rock Sample Analysis,RCK_SMPL_ANLYSS,ExchangeId,{72390BA3-3B0F-46CD-923B-E4BEF2AF4B68},BIM-core.ExchangeId
6F61E70B-EE99-417A-A9C3-814CAF458B51,Rock Sample,RCK_SMPL,PD_ObjectID,6F61E70B-EE99-417A-A9C3-814CAF458B51,
6F61E70B-EE99-417A-A9C3-814CAF458B51,Rock Sample,RCK_SMPL,PD_SourceExtraction,46603045,
6F61E70B-EE99-417A-A9C3-814CAF458B51,Rock Sample,RCK_SMPL,PD_SourceModel,SUBSURFACE AND WELLS,
6F61E70B-EE99-417A-A9C3-814CAF458B51,Rock Sample,RCK_SMPL,DesignStatus,Approved,BIM-core.DesignStatus
6F61E70B-EE99-417A-A9C3-814CAF458B51,Rock Sample,RCK_SMPL,EntityCategory,Transaction,BIM-core.EntityCategory
6F61E70B-EE99-417A-A9C3-814CAF458B51,Rock Sample,RCK_SMPL,DataCategory,Structured,BIM-core.DataCategory
6F61E70B-EE99-417A-A9C3-814CAF458B51,Rock Sample,RCK_SMPL,Criticality,No Critical Data,BIM-core.Criticality
6F61E70B-EE99-417A-A9C3-814CAF458B51,Rock Sample,RCK_SMPL,CommerciallySensitiveInformation,No Commercially Sensitive Information,BIM-core.CommerciallySensitiveInformation
6F61E70B-EE99-417A-A9C3-814CAF458B51,Rock Sample,RCK_SMPL,DataConfidentiality,Internal,BIM-core.DataConfidentiality
6F61E70B-EE99-417A-A9C3-814CAF458B51,Rock Sample,RCK_SMPL,EntityPersonalData,No Personal Data,BIM-core.EntityPersonalData
6F61E70B-EE99-417A-A9C3-814CAF458B51,Rock Sample,RCK_SMPL,FinancialPersonalData,No Financial Personal Data,BIM-core.FinancialPersonalData
6F61E70B-EE99-417A-A9C3-814CAF458B51,Rock Sample,RCK_SMPL,SensitivePersonalData,No Sensitive Personal Data,BIM-core.SensitivePersonalData
6F61E70B-EE99-417A-A9C3-814CAF458B51,Rock Sample,RCK_SMPL,DataArea,Wellbore,BIM-core.DataArea
6F61E70B-EE99-417A-A9C3-814CAF458B51,Rock Sample,RCK_SMPL,EnterpriseLevel,Yes,BIM-core.EnterpriseLevel
6F61E70B-EE99-417A-A9C3-814CAF458B51,Rock Sample,RCK_SMPL,ExchangeId,{2063D697-D31F-4D8A-B046-FDA140A2ECDF},BIM-core.ExchangeId
106D404E-0C21-4AC1-AB0C-904F4F26C492,Rock Image,RCK_IMG,PD_ObjectID,106D404E-0C21-4AC1-AB0C-904F4F26C492,
106D404E-0C21-4AC1-AB0C-904F4F26C492,Rock Image,RCK_IMG,PD_SourceExtraction,46603045,
106D404E-0C21-4AC1-AB0C-904F4F26C492,Rock Image,RCK_IMG,PD_SourceModel,SUBSURFACE AND WELLS,
106D404E-0C21-4AC1-AB0C-904F4F26C492,Rock Image,RCK_IMG,DesignStatus,Approved,BIM-core.DesignStatus
106D404E-0C21-4AC1-AB0C-904F4F26C492,Rock Image,RCK_IMG,EntityCategory,Master,BIM-core.EntityCategory
106D404E-0C21-4AC1-AB0C-904F4F26C492,Rock Image,RCK_IMG,DataCategory,Structured,BIM-core.DataCategory
106D404E-0C21-4AC1-AB0C-904F4F26C492,Rock Image,RCK_IMG,Criticality,No Critical Data,BIM-core.Criticality
106D404E-0C21-4AC1-AB0C-904F4F26C492,Rock Image,RCK_IMG,CommerciallySensitiveInformation,No Commercially Sensitive Information,BIM-core.CommerciallySensitiveInformation
106D404E-0C21-4AC1-AB0C-904F4F26C492,Rock Image,RCK_IMG,DataConfidentiality,Internal,BIM-core.DataConfidentiality
106D404E-0C21-4AC1-AB0C-904F4F26C492,Rock Image,RCK_IMG,EntityPersonalData,No Personal Data,BIM-core.EntityPersonalData
106D404E-0C21-4AC1-AB0C-904F4F26C492,Rock Image,RCK_IMG,FinancialPersonalData,No Financial Personal Data,BIM-core.FinancialPersonalData
106D404E-0C21-4AC1-AB0C-904F4F26C492,Rock Image,RCK_IMG,SensitivePersonalData,No Sensitive Personal Data,BIM-core.SensitivePersonalData
106D404E-0C21-4AC1-AB0C-904F4F26C492,Rock Image,RCK_IMG,DataArea,Wellbore,BIM-core.DataArea
106D404E-0C21-4AC1-AB0C-904F4F26C492,Rock Image,RCK_IMG,EnterpriseLevel,Yes,BIM-core.EnterpriseLevel
106D404E-0C21-4AC1-AB0C-904F4F26C492,Rock Image,RCK_IMG,ExchangeId,{F9FEE451-8C89-42B3-8330-7B9D89E29C1D},BIM-core.ExchangeId
EA65802B-4779-4906-B08D-5FA7B80C3612,Risk Management Plan,RSK_MNGMNT_PLN,PD_ObjectID,EA65802B-4779-4906-B08D-5FA7B80C3612,
EA65802B-4779-4906-B08D-5FA7B80C3612,Risk Management Plan,RSK_MNGMNT_PLN,PD_SourceExtraction,46603045,
EA65802B-4779-4906-B08D-5FA7B80C3612,Risk Management Plan,RSK_MNGMNT_PLN,PD_SourceModel,SUBSURFACE AND WELLS,
EA65802B-4779-4906-B08D-5FA7B80C3612,Risk Management Plan,RSK_MNGMNT_PLN,CSI,false,SHL_CDM_EntityPropertyExtension.CSI
EA65802B-4779-4906-B08D-5FA7B80C3612,Risk Management Plan,RSK_MNGMNT_PLN,MTED_EDaM_Business_Critical_Data,false,SHL_CDM_EntityPropertyExtension.MTED_EDaM_Business_Critical_Data
EA65802B-4779-4906-B08D-5FA7B80C3612,Risk Management Plan,RSK_MNGMNT_PLN,MTED_Encryption_Required,false,SHL_CDM_EntityPropertyExtension.MTED_Encryption_Required
EA65802B-4779-4906-B08D-5FA7B80C3612,Risk Management Plan,RSK_MNGMNT_PLN,PII,false,SHL_CDM_EntityPropertyExtension.PII
EA65802B-4779-4906-B08D-5FA7B80C3612,Risk Management Plan,RSK_MNGMNT_PLN,EntityUpdateDate,19/08/2021 Pass 3,SHL_CDM_EntityPropertyExtension.EntityUpdateDate
EA65802B-4779-4906-B08D-5FA7B80C3612,Risk Management Plan,RSK_MNGMNT_PLN,MTED_EDaM_Design_Status,Approved,SHL_CDM_EntityPropertyExtension.MTED_EDaM_Design_Status
EA65802B-4779-4906-B08D-5FA7B80C3612,Risk Management Plan,RSK_MNGMNT_PLN,MTED_Version_No,2021.2,SHL_CDM_EntityPropertyExtension.MTED_Version_No
EA65802B-4779-4906-B08D-5FA7B80C3612,Risk Management Plan,RSK_MNGMNT_PLN,Generation,true,SHL_CDM_EntityPropertyExtension.Generation
EA65802B-4779-4906-B08D-5FA7B80C3612,Risk Management Plan,RSK_MNGMNT_PLN,CommerciallySensitiveInformation,Commercially Sensitive Information,BIM-core.CommerciallySensitiveInformation
EA65802B-4779-4906-B08D-5FA7B80C3612,Risk Management Plan,RSK_MNGMNT_PLN,Criticality,No Critical Data,BIM-core.Criticality
EA65802B-4779-4906-B08D-5FA7B80C3612,Risk Management Plan,RSK_MNGMNT_PLN,DataCategory,Structured,BIM-core.DataCategory
EA65802B-4779-4906-B08D-5FA7B80C3612,Risk Management Plan,RSK_MNGMNT_PLN,DataConfidentiality,Internal,BIM-core.DataConfidentiality
EA65802B-4779-4906-B08D-5FA7B80C3612,Risk Management Plan,RSK_MNGMNT_PLN,DesignStatus,Approved,BIM-core.DesignStatus
EA65802B-4779-4906-B08D-5FA7B80C3612,Risk Management Plan,RSK_MNGMNT_PLN,EntityCategory,Transaction,BIM-core.EntityCategory
EA65802B-4779-4906-B08D-5FA7B80C3612,Risk Management Plan,RSK_MNGMNT_PLN,EntityPersonalData,No Personal Data,BIM-core.EntityPersonalData
EA65802B-4779-4906-B08D-5FA7B80C3612,Risk Management Plan,RSK_MNGMNT_PLN,FinancialPersonalData,No Financial Personal Data,BIM-core.FinancialPersonalData
EA65802B-4779-4906-B08D-5FA7B80C3612,Risk Management Plan,RSK_MNGMNT_PLN,SensitivePersonalData,No Sensitive Personal Data,BIM-core.SensitivePersonalData
EA65802B-4779-4906-B08D-5FA7B80C3612,Risk Management Plan,RSK_MNGMNT_PLN,DataArea,Project Activity Study Lifecycle,BIM-core.DataArea
EA65802B-4779-4906-B08D-5FA7B80C3612,Risk Management Plan,RSK_MNGMNT_PLN,EnterpriseLevel,Yes,BIM-core.EnterpriseLevel
EA65802B-4779-4906-B08D-5FA7B80C3612,Risk Management Plan,RSK_MNGMNT_PLN,ExchangeId,{49E2FA3D-9E86-4C43-A5D1-5FEB7DAD4068},BIM-core.ExchangeId
776F3F57-A9F2-4E42-9EAF-C3883BF8A49A,Risk,RSK,PD_ObjectID,776F3F57-A9F2-4E42-9EAF-C3883BF8A49A,
776F3F57-A9F2-4E42-9EAF-C3883BF8A49A,Risk,RSK,PD_SourceExtraction,46603045,
776F3F57-A9F2-4E42-9EAF-C3883BF8A49A,Risk,RSK,PD_SourceModel,SUBSURFACE AND WELLS,
776F3F57-A9F2-4E42-9EAF-C3883BF8A49A,Risk,RSK,MTED_EDaM_Entity_Data_Category,<unspecified>,SHL_CDM_EntityPropertyExtension.MTED_EDaM_Entity_Data_Category
776F3F57-A9F2-4E42-9EAF-C3883BF8A49A,Risk,RSK,MTED_EDaM_Data_Owner,,SHL_CDM_EntityPropertyExtension.MTED_EDaM_Data_Owner
776F3F57-A9F2-4E42-9EAF-C3883BF8A49A,Risk,RSK,MTED_EDaM_Entity_Critical_Data,F,SHL_CDM_EntityPropertyExtension.MTED_EDaM_Entity_Critical_Data
776F3F57-A9F2-4E42-9EAF-C3883BF8A49A,Risk,RSK,MTED_EDaM_Entity_Quality_Indication,<unspecified>,SHL_CDM_EntityPropertyExtension.MTED_EDaM_Entity_Quality_Indication
776F3F57-A9F2-4E42-9EAF-C3883BF8A49A,Risk,RSK,MTED_EDaM_Entity_Availability_Indication,<unspecified>,SHL_CDM_EntityPropertyExtension.MTED_EDaM_Entity_Availability_Indication
776F3F57-A9F2-4E42-9EAF-C3883BF8A49A,Risk,RSK,MTED_EDaM_Security_Classification,Restricted,SHL_CDM_EntityPropertyExtension.MTED_EDaM_Security_Classification
776F3F57-A9F2-4E42-9EAF-C3883BF8A49A,Risk,RSK,MTED_EDaM_Design_Status,Approved,SHL_CDM_EntityPropertyExtension.MTED_EDaM_Design_Status
776F3F57-A9F2-4E42-9EAF-C3883BF8A49A,Risk,RSK,MTED_Version_No,2021.2,SHL_CDM_EntityPropertyExtension.MTED_Version_No
776F3F57-A9F2-4E42-9EAF-C3883BF8A49A,Risk,RSK,MTED_EDaM_Version_Date,,SHL_CDM_EntityPropertyExtension.MTED_EDaM_Version_Date
776F3F57-A9F2-4E42-9EAF-C3883BF8A49A,Risk,RSK,CSI,false,SHL_CDM_EntityPropertyExtension.CSI
776F3F57-A9F2-4E42-9EAF-C3883BF8A49A,Risk,RSK,MTED_EDaM_Business_Critical_Data,false,SHL_CDM_EntityPropertyExtension.MTED_EDaM_Business_Critical_Data
776F3F57-A9F2-4E42-9EAF-C3883BF8A49A,Risk,RSK,MTED_Encryption_Required,false,SHL_CDM_EntityPropertyExtension.MTED_Encryption_Required
776F3F57-A9F2-4E42-9EAF-C3883BF8A49A,Risk,RSK,PII,false,SHL_CDM_EntityPropertyExtension.PII
776F3F57-A9F2-4E42-9EAF-C3883BF8A49A,Risk,RSK,EntityUpdateDate,19/08/2021 Pass 3,SHL_CDM_EntityPropertyExtension.EntityUpdateDate
776F3F57-A9F2-4E42-9EAF-C3883BF8A49A,Risk,RSK,Generation,true,SHL_CDM_EntityPropertyExtension.Generation
776F3F57-A9F2-4E42-9EAF-C3883BF8A49A,Risk,RSK,CommerciallySensitiveInformation,No Commercially Sensitive Information,BIM-core.CommerciallySensitiveInformation
776F3F57-A9F2-4E42-9EAF-C3883BF8A49A,Risk,RSK,Criticality,Critical Data,BIM-core.Criticality
776F3F57-A9F2-4E42-9EAF-C3883BF8A49A,Risk,RSK,DataCategory,Structured,BIM-core.DataCategory
776F3F57-A9F2-4E42-9EAF-C3883BF8A49A,Risk,RSK,DataConfidentiality,Internal,BIM-core.DataConfidentiality
776F3F57-A9F2-4E42-9EAF-C3883BF8A49A,Risk,RSK,DesignStatus,Approved,BIM-core.DesignStatus
776F3F57-A9F2-4E42-9EAF-C3883BF8A49A,Risk,RSK,EntityCategory,Transaction,BIM-core.EntityCategory
776F3F57-A9F2-4E42-9EAF-C3883BF8A49A,Risk,RSK,EntityPersonalData,No Personal Data,BIM-core.EntityPersonalData
776F3F57-A9F2-4E42-9EAF-C3883BF8A49A,Risk,RSK,FinancialPersonalData,No Financial Personal Data,BIM-core.FinancialPersonalData
776F3F57-A9F2-4E42-9EAF-C3883BF8A49A,Risk,RSK,SensitivePersonalData,No Sensitive Personal Data,BIM-core.SensitivePersonalData
776F3F57-A9F2-4E42-9EAF-C3883BF8A49A,Risk,RSK,DataArea,Hazard,BIM-core.DataArea
776F3F57-A9F2-4E42-9EAF-C3883BF8A49A,Risk,RSK,EnterpriseLevel,No,BIM-core.EnterpriseLevel
776F3F57-A9F2-4E42-9EAF-C3883BF8A49A,Risk,RSK,ExchangeId,{13C52696-37DB-4586-A7AB-0A24C7F5A97C},BIM-core.ExchangeId
F5E6026C-B699-4350-97B6-F58E76670636,Rig Work Unit Type,RG_WRK_UNT_TYP,PD_ObjectID,F5E6026C-B699-4350-97B6-F58E76670636,
F5E6026C-B699-4350-97B6-F58E76670636,Rig Work Unit Type,RG_WRK_UNT_TYP,PD_SourceExtraction,46603045,
F5E6026C-B699-4350-97B6-F58E76670636,Rig Work Unit Type,RG_WRK_UNT_TYP,PD_SourceModel,SUBSURFACE AND WELLS,
F5E6026C-B699-4350-97B6-F58E76670636,Rig Work Unit Type,RG_WRK_UNT_TYP,EntityUpdateDate,19/08/2021 Pass 3,SHL_CDM_EntityPropertyExtension.EntityUpdateDate
F5E6026C-B699-4350-97B6-F58E76670636,Rig Work Unit Type,RG_WRK_UNT_TYP,CommerciallySensitiveInformation,No Commercially Sensitive Information,BIM-core.CommerciallySensitiveInformation
F5E6026C-B699-4350-97B6-F58E76670636,Rig Work Unit Type,RG_WRK_UNT_TYP,Criticality,No Critical Data,BIM-core.Criticality
F5E6026C-B699-4350-97B6-F58E76670636,Rig Work Unit Type,RG_WRK_UNT_TYP,DataCategory,Structured,BIM-core.DataCategory
F5E6026C-B699-4350-97B6-F58E76670636,Rig Work Unit Type,RG_WRK_UNT_TYP,DataConfidentiality,Internal,BIM-core.DataConfidentiality
F5E6026C-B699-4350-97B6-F58E76670636,Rig Work Unit Type,RG_WRK_UNT_TYP,DesignStatus,Approved,BIM-core.DesignStatus
F5E6026C-B699-4350-97B6-F58E76670636,Rig Work Unit Type,RG_WRK_UNT_TYP,EntityCategory,Internal Reference,BIM-core.EntityCategory
F5E6026C-B699-4350-97B6-F58E76670636,Rig Work Unit Type,RG_WRK_UNT_TYP,EntityPersonalData,No Personal Data,BIM-core.EntityPersonalData
F5E6026C-B699-4350-97B6-F58E76670636,Rig Work Unit Type,RG_WRK_UNT_TYP,FinancialPersonalData,No Financial Personal Data,BIM-core.FinancialPersonalData
F5E6026C-B699-4350-97B6-F58E76670636,Rig Work Unit Type,RG_WRK_UNT_TYP,SensitivePersonalData,No Sensitive Personal Data,BIM-core.SensitivePersonalData
F5E6026C-B699-4350-97B6-F58E76670636,Rig Work Unit Type,RG_WRK_UNT_TYP,DataArea,SSW Facility,BIM-core.DataArea
F5E6026C-B699-4350-97B6-F58E76670636,Rig Work Unit Type,RG_WRK_UNT_TYP,EnterpriseLevel,Yes,BIM-core.EnterpriseLevel
F5E6026C-B699-4350-97B6-F58E76670636,Rig Work Unit Type,RG_WRK_UNT_TYP,ExchangeId,{3E491AA9-878F-4153-8B9B-E11A6EB5BFA1},BIM-core.ExchangeId
B6535FC5-8B90-4DB6-B731-5BEFFB7DFC42,Rig Work Unit,RG_WRK_UNT,PD_ObjectID,B6535FC5-8B90-4DB6-B731-5BEFFB7DFC42,
B6535FC5-8B90-4DB6-B731-5BEFFB7DFC42,Rig Work Unit,RG_WRK_UNT,PD_SourceExtraction,46603045,
B6535FC5-8B90-4DB6-B731-5BEFFB7DFC42,Rig Work Unit,RG_WRK_UNT,PD_SourceModel,SUBSURFACE AND WELLS,
B6535FC5-8B90-4DB6-B731-5BEFFB7DFC42,Rig Work Unit,RG_WRK_UNT,EntityUpdateDate,19/08/2021 Pass 3,SHL_CDM_EntityPropertyExtension.EntityUpdateDate
B6535FC5-8B90-4DB6-B731-5BEFFB7DFC42,Rig Work Unit,RG_WRK_UNT,CommerciallySensitiveInformation,No Commercially Sensitive Information,BIM-core.CommerciallySensitiveInformation
B6535FC5-8B90-4DB6-B731-5BEFFB7DFC42,Rig Work Unit,RG_WRK_UNT,Criticality,No Critical Data,BIM-core.Criticality
B6535FC5-8B90-4DB6-B731-5BEFFB7DFC42,Rig Work Unit,RG_WRK_UNT,DataCategory,Structured,BIM-core.DataCategory
B6535FC5-8B90-4DB6-B731-5BEFFB7DFC42,Rig Work Unit,RG_WRK_UNT,DataConfidentiality,Internal,BIM-core.DataConfidentiality
B6535FC5-8B90-4DB6-B731-5BEFFB7DFC42,Rig Work Unit,RG_WRK_UNT,DesignStatus,Approved,BIM-core.DesignStatus
B6535FC5-8B90-4DB6-B731-5BEFFB7DFC42,Rig Work Unit,RG_WRK_UNT,EntityCategory,Master,BIM-core.EntityCategory
B6535FC5-8B90-4DB6-B731-5BEFFB7DFC42,Rig Work Unit,RG_WRK_UNT,EntityPersonalData,No Personal Data,BIM-core.EntityPersonalData
B6535FC5-8B90-4DB6-B731-5BEFFB7DFC42,Rig Work Unit,RG_WRK_UNT,FinancialPersonalData,No Financial Personal Data,BIM-core.FinancialPersonalData
B6535FC5-8B90-4DB6-B731-5BEFFB7DFC42,Rig Work Unit,RG_WRK_UNT,SensitivePersonalData,No Sensitive Personal Data,BIM-core.SensitivePersonalData
B6535FC5-8B90-4DB6-B731-5BEFFB7DFC42,Rig Work Unit,RG_WRK_UNT,DataArea,SSW Facility,BIM-core.DataArea
B6535FC5-8B90-4DB6-B731-5BEFFB7DFC42,Rig Work Unit,RG_WRK_UNT,EnterpriseLevel,Yes,BIM-core.EnterpriseLevel
B6535FC5-8B90-4DB6-B731-5BEFFB7DFC42,Rig Work Unit,RG_WRK_UNT,ExchangeId,{F38B885D-C8A5-4B39-A87A-C16424C8ADB8},BIM-core.ExchangeId
2E585BD1-059F-459B-8BAC-AEC295F4248E,Restimulating,RSTMLTNG,PD_ObjectID,2E585BD1-059F-459B-8BAC-AEC295F4248E,
2E585BD1-059F-459B-8BAC-AEC295F4248E,Restimulating,RSTMLTNG,PD_SourceExtraction,46603045,
2E585BD1-059F-459B-8BAC-AEC295F4248E,Restimulating,RSTMLTNG,PD_SourceModel,SUBSURFACE AND WELLS,
2E585BD1-059F-459B-8BAC-AEC295F4248E,Restimulating,RSTMLTNG,EntityUpdateDate,19/08/2021 Pass 3,SHL_CDM_EntityPropertyExtension.EntityUpdateDate
2E585BD1-059F-459B-8BAC-AEC295F4248E,Restimulating,RSTMLTNG,CommerciallySensitiveInformation,No Commercially Sensitive Information,BIM-core.CommerciallySensitiveInformation
2E585BD1-059F-459B-8BAC-AEC295F4248E,Restimulating,RSTMLTNG,Criticality,No Critical Data,BIM-core.Criticality
2E585BD1-059F-459B-8BAC-AEC295F4248E,Restimulating,RSTMLTNG,DataCategory,Structured,BIM-core.DataCategory
2E585BD1-059F-459B-8BAC-AEC295F4248E,Restimulating,RSTMLTNG,DataConfidentiality,Internal,BIM-core.DataConfidentiality
2E585BD1-059F-459B-8BAC-AEC295F4248E,Restimulating,RSTMLTNG,DesignStatus,Approved,BIM-core.DesignStatus
2E585BD1-059F-459B-8BAC-AEC295F4248E,Restimulating,RSTMLTNG,EntityCategory,Transaction,BIM-core.EntityCategory
2E585BD1-059F-459B-8BAC-AEC295F4248E,Restimulating,RSTMLTNG,EntityPersonalData,No Personal Data,BIM-core.EntityPersonalData
2E585BD1-059F-459B-8BAC-AEC295F4248E,Restimulating,RSTMLTNG,FinancialPersonalData,No Financial Personal Data,BIM-core.FinancialPersonalData
2E585BD1-059F-459B-8BAC-AEC295F4248E,Restimulating,RSTMLTNG,SensitivePersonalData,No Sensitive Personal Data,BIM-core.SensitivePersonalData
2E585BD1-059F-459B-8BAC-AEC295F4248E,Restimulating,RSTMLTNG,DataArea,Well Activity,BIM-core.DataArea
2E585BD1-059F-459B-8BAC-AEC295F4248E,Restimulating,RSTMLTNG,EnterpriseLevel,Yes,BIM-core.EnterpriseLevel
2E585BD1-059F-459B-8BAC-AEC295F4248E,Restimulating,RSTMLTNG,ExchangeId,{3E0B876A-0795-4039-AF22-992F86FC1BD0},BIM-core.ExchangeId
88679DEF-5FB4-416A-8AF0-EB0ABF9A637C,Reservoir Segment,RSRVR_SGMNT,PD_ObjectID,88679DEF-5FB4-416A-8AF0-EB0ABF9A637C,
88679DEF-5FB4-416A-8AF0-EB0ABF9A637C,Reservoir Segment,RSRVR_SGMNT,PD_SourceExtraction,46603045,
88679DEF-5FB4-416A-8AF0-EB0ABF9A637C,Reservoir Segment,RSRVR_SGMNT,PD_SourceModel,SUBSURFACE AND WELLS,
88679DEF-5FB4-416A-8AF0-EB0ABF9A637C,Reservoir Segment,RSRVR_SGMNT,MTED_EDaM_Entity_Data_Category,<unspecified>,SHL_CDM_EntityPropertyExtension.MTED_EDaM_Entity_Data_Category
88679DEF-5FB4-416A-8AF0-EB0ABF9A637C,Reservoir Segment,RSRVR_SGMNT,MTED_EDaM_Data_Owner,,SHL_CDM_EntityPropertyExtension.MTED_EDaM_Data_Owner
88679DEF-5FB4-416A-8AF0-EB0ABF9A637C,Reservoir Segment,RSRVR_SGMNT,MTED_EDaM_Entity_Critical_Data,F,SHL_CDM_EntityPropertyExtension.MTED_EDaM_Entity_Critical_Data
88679DEF-5FB4-416A-8AF0-EB0ABF9A637C,Reservoir Segment,RSRVR_SGMNT,MTED_EDaM_Entity_Quality_Indication,<unspecified>,SHL_CDM_EntityPropertyExtension.MTED_EDaM_Entity_Quality_Indication
88679DEF-5FB4-416A-8AF0-EB0ABF9A637C,Reservoir Segment,RSRVR_SGMNT,MTED_EDaM_Entity_Availability_Indication,<unspecified>,SHL_CDM_EntityPropertyExtension.MTED_EDaM_Entity_Availability_Indication
88679DEF-5FB4-416A-8AF0-EB0ABF9A637C,Reservoir Segment,RSRVR_SGMNT,MTED_EDaM_Security_Classification,Most Confidential,SHL_CDM_EntityPropertyExtension.MTED_EDaM_Security_Classification
88679DEF-5FB4-416A-8AF0-EB0ABF9A637C,Reservoir Segment,RSRVR_SGMNT,MTED_EDaM_Design_Status,Approved,SHL_CDM_EntityPropertyExtension.MTED_EDaM_Design_Status
88679DEF-5FB4-416A-8AF0-EB0ABF9A637C,Reservoir Segment,RSRVR_SGMNT,MTED_Version_No,2021.2,SHL_CDM_EntityPropertyExtension.MTED_Version_No
88679DEF-5FB4-416A-8AF0-EB0ABF9A637C,Reservoir Segment,RSRVR_SGMNT,MTED_EDaM_Version_Date,,SHL_CDM_EntityPropertyExtension.MTED_EDaM_Version_Date
88679DEF-5FB4-416A-8AF0-EB0ABF9A637C,Reservoir Segment,RSRVR_SGMNT,CSI,false,SHL_CDM_EntityPropertyExtension.CSI
88679DEF-5FB4-416A-8AF0-EB0ABF9A637C,Reservoir Segment,RSRVR_SGMNT,MTED_EDaM_Business_Critical_Data,false,SHL_CDM_EntityPropertyExtension.MTED_EDaM_Business_Critical_Data
88679DEF-5FB4-416A-8AF0-EB0ABF9A637C,Reservoir Segment,RSRVR_SGMNT,MTED_Encryption_Required,false,SHL_CDM_EntityPropertyExtension.MTED_Encryption_Required
88679DEF-5FB4-416A-8AF0-EB0ABF9A637C,Reservoir Segment,RSRVR_SGMNT,PII,false,SHL_CDM_EntityPropertyExtension.PII
88679DEF-5FB4-416A-8AF0-EB0ABF9A637C,Reservoir Segment,RSRVR_SGMNT,EntityUpdateDate,19/08/2021 Pass 3,SHL_CDM_EntityPropertyExtension.EntityUpdateDate
88679DEF-5FB4-416A-8AF0-EB0ABF9A637C,Reservoir Segment,RSRVR_SGMNT,Generation,true,SHL_CDM_EntityPropertyExtension.Generation
88679DEF-5FB4-416A-8AF0-EB0ABF9A637C,Reservoir Segment,RSRVR_SGMNT,CommerciallySensitiveInformation,No Commercially Sensitive Information,BIM-core.CommerciallySensitiveInformation
88679DEF-5FB4-416A-8AF0-EB0ABF9A637C,Reservoir Segment,RSRVR_SGMNT,Criticality,No Critical Data,BIM-core.Criticality
88679DEF-5FB4-416A-8AF0-EB0ABF9A637C,Reservoir Segment,RSRVR_SGMNT,DataCategory,Structured,BIM-core.DataCategory
88679DEF-5FB4-416A-8AF0-EB0ABF9A637C,Reservoir Segment,RSRVR_SGMNT,DataConfidentiality,Internal,BIM-core.DataConfidentiality
88679DEF-5FB4-416A-8AF0-EB0ABF9A637C,Reservoir Segment,RSRVR_SGMNT,DesignStatus,Approved,BIM-core.DesignStatus
88679DEF-5FB4-416A-8AF0-EB0ABF9A637C,Reservoir Segment,RSRVR_SGMNT,EntityCategory,Master,BIM-core.EntityCategory
88679DEF-5FB4-416A-8AF0-EB0ABF9A637C,Reservoir Segment,RSRVR_SGMNT,EntityPersonalData,No Personal Data,BIM-core.EntityPersonalData
88679DEF-5FB4-416A-8AF0-EB0ABF9A637C,Reservoir Segment,RSRVR_SGMNT,FinancialPersonalData,No Financial Personal Data,BIM-core.FinancialPersonalData
88679DEF-5FB4-416A-8AF0-EB0ABF9A637C,Reservoir Segment,RSRVR_SGMNT,SensitivePersonalData,No Sensitive Personal Data,BIM-core.SensitivePersonalData
88679DEF-5FB4-416A-8AF0-EB0ABF9A637C,Reservoir Segment,RSRVR_SGMNT,DataArea,Reservoir,BIM-core.DataArea
88679DEF-5FB4-416A-8AF0-EB0ABF9A637C,Reservoir Segment,RSRVR_SGMNT,EnterpriseLevel,Yes,BIM-core.EnterpriseLevel
88679DEF-5FB4-416A-8AF0-EB0ABF9A637C,Reservoir Segment,RSRVR_SGMNT,ExchangeId,{4793EEC2-FEA1-4E0F-9CF3-11FAA8C44C51},BIM-core.ExchangeId
8ACF96BC-9BD3-4C8D-B339-C319880077F1,Reservoir Property,RSRVR_PRPRTY,PD_ObjectID,8ACF96BC-9BD3-4C8D-B339-C319880077F1,
8ACF96BC-9BD3-4C8D-B339-C319880077F1,Reservoir Property,RSRVR_PRPRTY,PD_SourceExtraction,46603045,
8ACF96BC-9BD3-4C8D-B339-C319880077F1,Reservoir Property,RSRVR_PRPRTY,PD_SourceModel,SUBSURFACE AND WELLS,
8ACF96BC-9BD3-4C8D-B339-C319880077F1,Reservoir Property,RSRVR_PRPRTY,CSI,false,SHL_CDM_EntityPropertyExtension.CSI
8ACF96BC-9BD3-4C8D-B339-C319880077F1,Reservoir Property,RSRVR_PRPRTY,EntityUpdateDate,19/08/2021 Pass 3,SHL_CDM_EntityPropertyExtension.EntityUpdateDate
8ACF96BC-9BD3-4C8D-B339-C319880077F1,Reservoir Property,RSRVR_PRPRTY,MTED_EDaM_Business_Critical_Data,false,SHL_CDM_EntityPropertyExtension.MTED_EDaM_Business_Critical_Data
8ACF96BC-9BD3-4C8D-B339-C319880077F1,Reservoir Property,RSRVR_PRPRTY,MTED_Encryption_Required,false,SHL_CDM_EntityPropertyExtension.MTED_Encryption_Required
8ACF96BC-9BD3-4C8D-B339-C319880077F1,Reservoir Property,RSRVR_PRPRTY,PII,false,SHL_CDM_EntityPropertyExtension.PII
8ACF96BC-9BD3-4C8D-B339-C319880077F1,Reservoir Property,RSRVR_PRPRTY,Generation,true,SHL_CDM_EntityPropertyExtension.Generation
8ACF96BC-9BD3-4C8D-B339-C319880077F1,Reservoir Property,RSRVR_PRPRTY,MTED_EDaM_Design_Status,Approved,SHL_CDM_EntityPropertyExtension.MTED_EDaM_Design_Status
8ACF96BC-9BD3-4C8D-B339-C319880077F1,Reservoir Property,RSRVR_PRPRTY,MTED_Version_No,2021.2,SHL_CDM_EntityPropertyExtension.MTED_Version_No
8ACF96BC-9BD3-4C8D-B339-C319880077F1,Reservoir Property,RSRVR_PRPRTY,CommerciallySensitiveInformation,No Commercially Sensitive Information,BIM-core.CommerciallySensitiveInformation
8ACF96BC-9BD3-4C8D-B339-C319880077F1,Reservoir Property,RSRVR_PRPRTY,Criticality,No Critical Data,BIM-core.Criticality
8ACF96BC-9BD3-4C8D-B339-C319880077F1,Reservoir Property,RSRVR_PRPRTY,DataCategory,Structured,BIM-core.DataCategory
8ACF96BC-9BD3-4C8D-B339-C319880077F1,Reservoir Property,RSRVR_PRPRTY,DataConfidentiality,Internal,BIM-core.DataConfidentiality
8ACF96BC-9BD3-4C8D-B339-C319880077F1,Reservoir Property,RSRVR_PRPRTY,DesignStatus,Approved,BIM-core.DesignStatus
8ACF96BC-9BD3-4C8D-B339-C319880077F1,Reservoir Property,RSRVR_PRPRTY,EntityCategory,Transaction,BIM-core.EntityCategory
8ACF96BC-9BD3-4C8D-B339-C319880077F1,Reservoir Property,RSRVR_PRPRTY,EntityPersonalData,No Personal Data,BIM-core.EntityPersonalData
8ACF96BC-9BD3-4C8D-B339-C319880077F1,Reservoir Property,RSRVR_PRPRTY,FinancialPersonalData,No Financial Personal Data,BIM-core.FinancialPersonalData
8ACF96BC-9BD3-4C8D-B339-C319880077F1,Reservoir Property,RSRVR_PRPRTY,SensitivePersonalData,No Sensitive Personal Data,BIM-core.SensitivePersonalData
8ACF96BC-9BD3-4C8D-B339-C319880077F1,Reservoir Property,RSRVR_PRPRTY,DataArea,Reservoir,BIM-core.DataArea
8ACF96BC-9BD3-4C8D-B339-C319880077F1,Reservoir Property,RSRVR_PRPRTY,EnterpriseLevel,Yes,BIM-core.EnterpriseLevel
8ACF96BC-9BD3-4C8D-B339-C319880077F1,Reservoir Property,RSRVR_PRPRTY,ExchangeId,{6D307AD2-2B4E-4251-AEAE-AFE312F16127},BIM-core.ExchangeId
1A023CFC-EE4F-4262-B2CF-B8860CC78152,Reservoir Performance Prediction,RSRVR_PRFRMNC_PRDCTN,PD_ObjectID,1A023CFC-EE4F-4262-B2CF-B8860CC78152,
1A023CFC-EE4F-4262-B2CF-B8860CC78152,Reservoir Performance Prediction,RSRVR_PRFRMNC_PRDCTN,PD_SourceExtraction,46603045,
1A023CFC-EE4F-4262-B2CF-B8860CC78152,Reservoir Performance Prediction,RSRVR_PRFRMNC_PRDCTN,PD_SourceModel,SUBSURFACE AND WELLS,
1A023CFC-EE4F-4262-B2CF-B8860CC78152,Reservoir Performance Prediction,RSRVR_PRFRMNC_PRDCTN,CSI,false,SHL_CDM_EntityPropertyExtension.CSI
1A023CFC-EE4F-4262-B2CF-B8860CC78152,Reservoir Performance Prediction,RSRVR_PRFRMNC_PRDCTN,EntityUpdateDate,19/08/2021 Pass 3,SHL_CDM_EntityPropertyExtension.EntityUpdateDate
1A023CFC-EE4F-4262-B2CF-B8860CC78152,Reservoir Performance Prediction,RSRVR_PRFRMNC_PRDCTN,MTED_EDaM_Business_Critical_Data,false,SHL_CDM_EntityPropertyExtension.MTED_EDaM_Business_Critical_Data
1A023CFC-EE4F-4262-B2CF-B8860CC78152,Reservoir Performance Prediction,RSRVR_PRFRMNC_PRDCTN,MTED_Encryption_Required,false,SHL_CDM_EntityPropertyExtension.MTED_Encryption_Required
1A023CFC-EE4F-4262-B2CF-B8860CC78152,Reservoir Performance Prediction,RSRVR_PRFRMNC_PRDCTN,PII,false,SHL_CDM_EntityPropertyExtension.PII
1A023CFC-EE4F-4262-B2CF-B8860CC78152,Reservoir Performance Prediction,RSRVR_PRFRMNC_PRDCTN,Generation,true,SHL_CDM_EntityPropertyExtension.Generation
1A023CFC-EE4F-4262-B2CF-B8860CC78152,Reservoir Performance Prediction,RSRVR_PRFRMNC_PRDCTN,MTED_EDaM_Design_Status,Approved,SHL_CDM_EntityPropertyExtension.MTED_EDaM_Design_Status
1A023CFC-EE4F-4262-B2CF-B8860CC78152,Reservoir Performance Prediction,RSRVR_PRFRMNC_PRDCTN,MTED_Version_No,2021.2,SHL_CDM_EntityPropertyExtension.MTED_Version_No
1A023CFC-EE4F-4262-B2CF-B8860CC78152,Reservoir Performance Prediction,RSRVR_PRFRMNC_PRDCTN,CommerciallySensitiveInformation,No Commercially Sensitive Information,BIM-core.CommerciallySensitiveInformation
1A023CFC-EE4F-4262-B2CF-B8860CC78152,Reservoir Performance Prediction,RSRVR_PRFRMNC_PRDCTN,Criticality,No Critical Data,BIM-core.Criticality
1A023CFC-EE4F-4262-B2CF-B8860CC78152,Reservoir Performance Prediction,RSRVR_PRFRMNC_PRDCTN,DataCategory,Structured,BIM-core.DataCategory
1A023CFC-EE4F-4262-B2CF-B8860CC78152,Reservoir Performance Prediction,RSRVR_PRFRMNC_PRDCTN,DataConfidentiality,Internal,BIM-core.DataConfidentiality
1A023CFC-EE4F-4262-B2CF-B8860CC78152,Reservoir Performance Prediction,RSRVR_PRFRMNC_PRDCTN,DesignStatus,Approved,BIM-core.DesignStatus
1A023CFC-EE4F-4262-B2CF-B8860CC78152,Reservoir Performance Prediction,RSRVR_PRFRMNC_PRDCTN,EntityCategory,Transaction,BIM-core.EntityCategory
1A023CFC-EE4F-4262-B2CF-B8860CC78152,Reservoir Performance Prediction,RSRVR_PRFRMNC_PRDCTN,EntityPersonalData,No Personal Data,BIM-core.EntityPersonalData
1A023CFC-EE4F-4262-B2CF-B8860CC78152,Reservoir Performance Prediction,RSRVR_PRFRMNC_PRDCTN,FinancialPersonalData,No Financial Personal Data,BIM-core.FinancialPersonalData
1A023CFC-EE4F-4262-B2CF-B8860CC78152,Reservoir Performance Prediction,RSRVR_PRFRMNC_PRDCTN,SensitivePersonalData,No Sensitive Personal Data,BIM-core.SensitivePersonalData
1A023CFC-EE4F-4262-B2CF-B8860CC78152,Reservoir Performance Prediction,RSRVR_PRFRMNC_PRDCTN,DataArea,Reservoir,BIM-core.DataArea
1A023CFC-EE4F-4262-B2CF-B8860CC78152,Reservoir Performance Prediction,RSRVR_PRFRMNC_PRDCTN,EnterpriseLevel,Yes,BIM-core.EnterpriseLevel
1A023CFC-EE4F-4262-B2CF-B8860CC78152,Reservoir Performance Prediction,RSRVR_PRFRMNC_PRDCTN,ExchangeId,{4F7D2985-E795-4F9A-B81E-24E5234ED4E3},BIM-core.ExchangeId
72B1B47C-F899-497D-8738-17E4B03BB2D0,Reservoir Performance Model,RSRVR_PRFRMNC_MDL,PD_ObjectID,72B1B47C-F899-497D-8738-17E4B03BB2D0,
72B1B47C-F899-497D-8738-17E4B03BB2D0,Reservoir Performance Model,RSRVR_PRFRMNC_MDL,PD_SourceExtraction,46603045,
72B1B47C-F899-497D-8738-17E4B03BB2D0,Reservoir Performance Model,RSRVR_PRFRMNC_MDL,PD_SourceModel,SUBSURFACE AND WELLS,
72B1B47C-F899-497D-8738-17E4B03BB2D0,Reservoir Performance Model,RSRVR_PRFRMNC_MDL,CSI,false,SHL_CDM_EntityPropertyExtension.CSI
72B1B47C-F899-497D-8738-17E4B03BB2D0,Reservoir Performance Model,RSRVR_PRFRMNC_MDL,EntityUpdateDate,19/08/2021 Pass 3,SHL_CDM_EntityPropertyExtension.EntityUpdateDate
72B1B47C-F899-497D-8738-17E4B03BB2D0,Reservoir Performance Model,RSRVR_PRFRMNC_MDL,MTED_EDaM_Business_Critical_Data,false,SHL_CDM_EntityPropertyExtension.MTED_EDaM_Business_Critical_Data
72B1B47C-F899-497D-8738-17E4B03BB2D0,Reservoir Performance Model,RSRVR_PRFRMNC_MDL,MTED_Encryption_Required,false,SHL_CDM_EntityPropertyExtension.MTED_Encryption_Required
72B1B47C-F899-497D-8738-17E4B03BB2D0,Reservoir Performance Model,RSRVR_PRFRMNC_MDL,PII,false,SHL_CDM_EntityPropertyExtension.PII
72B1B47C-F899-497D-8738-17E4B03BB2D0,Reservoir Performance Model,RSRVR_PRFRMNC_MDL,Generation,true,SHL_CDM_EntityPropertyExtension.Generation
72B1B47C-F899-497D-8738-17E4B03BB2D0,Reservoir Performance Model,RSRVR_PRFRMNC_MDL,MTED_EDaM_Design_Status,Approved,SHL_CDM_EntityPropertyExtension.MTED_EDaM_Design_Status
72B1B47C-F899-497D-8738-17E4B03BB2D0,Reservoir Performance Model,RSRVR_PRFRMNC_MDL,MTED_Version_No,2021.2,SHL_CDM_EntityPropertyExtension.MTED_Version_No
72B1B47C-F899-497D-8738-17E4B03BB2D0,Reservoir Performance Model,RSRVR_PRFRMNC_MDL,CommerciallySensitiveInformation,No Commercially Sensitive Information,BIM-core.CommerciallySensitiveInformation
72B1B47C-F899-497D-8738-17E4B03BB2D0,Reservoir Performance Model,RSRVR_PRFRMNC_MDL,Criticality,No Critical Data,BIM-core.Criticality
72B1B47C-F899-497D-8738-17E4B03BB2D0,Reservoir Performance Model,RSRVR_PRFRMNC_MDL,DataCategory,Structured,BIM-core.DataCategory
72B1B47C-F899-497D-8738-17E4B03BB2D0,Reservoir Performance Model,RSRVR_PRFRMNC_MDL,DataConfidentiality,Internal,BIM-core.DataConfidentiality
72B1B47C-F899-497D-8738-17E4B03BB2D0,Reservoir Performance Model,RSRVR_PRFRMNC_MDL,DesignStatus,Approved,BIM-core.DesignStatus
72B1B47C-F899-497D-8738-17E4B03BB2D0,Reservoir Performance Model,RSRVR_PRFRMNC_MDL,EntityCategory,Transaction,BIM-core.EntityCategory
72B1B47C-F899-497D-8738-17E4B03BB2D0,Reservoir Performance Model,RSRVR_PRFRMNC_MDL,EntityPersonalData,No Personal Data,BIM-core.EntityPersonalData
72B1B47C-F899-497D-8738-17E4B03BB2D0,Reservoir Performance Model,RSRVR_PRFRMNC_MDL,FinancialPersonalData,No Financial Personal Data,BIM-core.FinancialPersonalData
72B1B47C-F899-497D-8738-17E4B03BB2D0,Reservoir Performance Model,RSRVR_PRFRMNC_MDL,SensitivePersonalData,No Sensitive Personal Data,BIM-core.SensitivePersonalData
72B1B47C-F899-497D-8738-17E4B03BB2D0,Reservoir Performance Model,RSRVR_PRFRMNC_MDL,DataArea,Reservoir,BIM-core.DataArea
72B1B47C-F899-497D-8738-17E4B03BB2D0,Reservoir Performance Model,RSRVR_PRFRMNC_MDL,EnterpriseLevel,Yes,BIM-core.EnterpriseLevel
72B1B47C-F899-497D-8738-17E4B03BB2D0,Reservoir Performance Model,RSRVR_PRFRMNC_MDL,ExchangeId,{546D2DC4-52B3-4E23-A1C1-62A8F5B57D6F},BIM-core.ExchangeId
6E13E50D-2923-4DA6-AB29-DE1ED7BCF180,Reservoir Management Segment Group Member,RSRVR_MNGMNT_SGMNT_GRP_MMBR,PD_ObjectID,6E13E50D-2923-4DA6-AB29-DE1ED7BCF180,
6E13E50D-2923-4DA6-AB29-DE1ED7BCF180,Reservoir Management Segment Group Member,RSRVR_MNGMNT_SGMNT_GRP_MMBR,PD_SourceExtraction,46603045,
6E13E50D-2923-4DA6-AB29-DE1ED7BCF180,Reservoir Management Segment Group Member,RSRVR_MNGMNT_SGMNT_GRP_MMBR,PD_SourceModel,SUBSURFACE AND WELLS,
6E13E50D-2923-4DA6-AB29-DE1ED7BCF180,Reservoir Management Segment Group Member,RSRVR_MNGMNT_SGMNT_GRP_MMBR,MTED_EDaM_Entity_Data_Category,<unspecified>,SHL_CDM_EntityPropertyExtension.MTED_EDaM_Entity_Data_Category
6E13E50D-2923-4DA6-AB29-DE1ED7BCF180,Reservoir Management Segment Group Member,RSRVR_MNGMNT_SGMNT_GRP_MMBR,MTED_EDaM_Entity_Critical_Data,<unspecified>,SHL_CDM_EntityPropertyExtension.MTED_EDaM_Entity_Critical_Data
6E13E50D-2923-4DA6-AB29-DE1ED7BCF180,Reservoir Management Segment Group Member,RSRVR_MNGMNT_SGMNT_GRP_MMBR,MTED_EDaM_Entity_Quality_Indication,<unspecified>,SHL_CDM_EntityPropertyExtension.MTED_EDaM_Entity_Quality_Indication
6E13E50D-2923-4DA6-AB29-DE1ED7BCF180,Reservoir Management Segment Group Member,RSRVR_MNGMNT_SGMNT_GRP_MMBR,MTED_EDaM_Entity_Availability_Indication,<unspecified>,SHL_CDM_EntityPropertyExtension.MTED_EDaM_Entity_Availability_Indication
6E13E50D-2923-4DA6-AB29-DE1ED7BCF180,Reservoir Management Segment Group Member,RSRVR_MNGMNT_SGMNT_GRP_MMBR,MTED_EDaM_Security_Classification,<unspecified>,SHL_CDM_EntityPropertyExtension.MTED_EDaM_Security_Classification
6E13E50D-2923-4DA6-AB29-DE1ED7BCF180,Reservoir Management Segment Group Member,RSRVR_MNGMNT_SGMNT_GRP_MMBR,MTED_EDaM_Design_Status,Approved,SHL_CDM_EntityPropertyExtension.MTED_EDaM_Design_Status
6E13E50D-2923-4DA6-AB29-DE1ED7BCF180,Reservoir Management Segment Group Member,RSRVR_MNGMNT_SGMNT_GRP_MMBR,CSI,false,SHL_CDM_EntityPropertyExtension.CSI
6E13E50D-2923-4DA6-AB29-DE1ED7BCF180,Reservoir Management Segment Group Member,RSRVR_MNGMNT_SGMNT_GRP_MMBR,MTED_EDaM_Business_Critical_Data,false,SHL_CDM_EntityPropertyExtension.MTED_EDaM_Business_Critical_Data
6E13E50D-2923-4DA6-AB29-DE1ED7BCF180,Reservoir Management Segment Group Member,RSRVR_MNGMNT_SGMNT_GRP_MMBR,MTED_Encryption_Required,false,SHL_CDM_EntityPropertyExtension.MTED_Encryption_Required
6E13E50D-2923-4DA6-AB29-DE1ED7BCF180,Reservoir Management Segment Group Member,RSRVR_MNGMNT_SGMNT_GRP_MMBR,PII,false,SHL_CDM_EntityPropertyExtension.PII
6E13E50D-2923-4DA6-AB29-DE1ED7BCF180,Reservoir Management Segment Group Member,RSRVR_MNGMNT_SGMNT_GRP_MMBR,EntityUpdateDate,19/08/2021 Pass 3,SHL_CDM_EntityPropertyExtension.EntityUpdateDate
6E13E50D-2923-4DA6-AB29-DE1ED7BCF180,Reservoir Management Segment Group Member,RSRVR_MNGMNT_SGMNT_GRP_MMBR,Generation,true,SHL_CDM_EntityPropertyExtension.Generation
6E13E50D-2923-4DA6-AB29-DE1ED7BCF180,Reservoir Management Segment Group Member,RSRVR_MNGMNT_SGMNT_GRP_MMBR,MTED_Version_No,2021.2,SHL_CDM_EntityPropertyExtension.MTED_Version_No
6E13E50D-2923-4DA6-AB29-DE1ED7BCF180,Reservoir Management Segment Group Member,RSRVR_MNGMNT_SGMNT_GRP_MMBR,CommerciallySensitiveInformation,No Commercially Sensitive Information,BIM-core.CommerciallySensitiveInformation
6E13E50D-2923-4DA6-AB29-DE1ED7BCF180,Reservoir Management Segment Group Member,RSRVR_MNGMNT_SGMNT_GRP_MMBR,Criticality,No Critical Data,BIM-core.Criticality
6E13E50D-2923-4DA6-AB29-DE1ED7BCF180,Reservoir Management Segment Group Member,RSRVR_MNGMNT_SGMNT_GRP_MMBR,DataCategory,Structured,BIM-core.DataCategory
6E13E50D-2923-4DA6-AB29-DE1ED7BCF180,Reservoir Management Segment Group Member,RSRVR_MNGMNT_SGMNT_GRP_MMBR,DataConfidentiality,Internal,BIM-core.DataConfidentiality
6E13E50D-2923-4DA6-AB29-DE1ED7BCF180,Reservoir Management Segment Group Member,RSRVR_MNGMNT_SGMNT_GRP_MMBR,DesignStatus,Approved,BIM-core.DesignStatus
6E13E50D-2923-4DA6-AB29-DE1ED7BCF180,Reservoir Management Segment Group Member,RSRVR_MNGMNT_SGMNT_GRP_MMBR,EntityCategory,Intersection,BIM-core.EntityCategory
6E13E50D-2923-4DA6-AB29-DE1ED7BCF180,Reservoir Management Segment Group Member,RSRVR_MNGMNT_SGMNT_GRP_MMBR,EntityPersonalData,No Personal Data,BIM-core.EntityPersonalData
6E13E50D-2923-4DA6-AB29-DE1ED7BCF180,Reservoir Management Segment Group Member,RSRVR_MNGMNT_SGMNT_GRP_MMBR,FinancialPersonalData,No Financial Personal Data,BIM-core.FinancialPersonalData
6E13E50D-2923-4DA6-AB29-DE1ED7BCF180,Reservoir Management Segment Group Member,RSRVR_MNGMNT_SGMNT_GRP_MMBR,SensitivePersonalData,No Sensitive Personal Data,BIM-core.SensitivePersonalData
6E13E50D-2923-4DA6-AB29-DE1ED7BCF180,Reservoir Management Segment Group Member,RSRVR_MNGMNT_SGMNT_GRP_MMBR,DataArea,Reservoir,BIM-core.DataArea
6E13E50D-2923-4DA6-AB29-DE1ED7BCF180,Reservoir Management Segment Group Member,RSRVR_MNGMNT_SGMNT_GRP_MMBR,EnterpriseLevel,Yes,BIM-core.EnterpriseLevel
6E13E50D-2923-4DA6-AB29-DE1ED7BCF180,Reservoir Management Segment Group Member,RSRVR_MNGMNT_SGMNT_GRP_MMBR,ExchangeId,{FD24C148-036F-4C63-BAD6-BD01B75724EF},BIM-core.ExchangeId
479C2598-E1CA-4B9B-B710-A610DF2941B3,Reservoir Management Segment Group,RSRVR_MNGMNT_SGMNT_GRP,PD_ObjectID,479C2598-E1CA-4B9B-B710-A610DF2941B3,
479C2598-E1CA-4B9B-B710-A610DF2941B3,Reservoir Management Segment Group,RSRVR_MNGMNT_SGMNT_GRP,PD_SourceExtraction,46603045,
479C2598-E1CA-4B9B-B710-A610DF2941B3,Reservoir Management Segment Group,RSRVR_MNGMNT_SGMNT_GRP,PD_SourceModel,SUBSURFACE AND WELLS,
479C2598-E1CA-4B9B-B710-A610DF2941B3,Reservoir Management Segment Group,RSRVR_MNGMNT_SGMNT_GRP,MTED_EDaM_Entity_Data_Category,<unspecified>,SHL_CDM_EntityPropertyExtension.MTED_EDaM_Entity_Data_Category
479C2598-E1CA-4B9B-B710-A610DF2941B3,Reservoir Management Segment Group,RSRVR_MNGMNT_SGMNT_GRP,MTED_EDaM_Entity_Critical_Data,<unspecified>,SHL_CDM_EntityPropertyExtension.MTED_EDaM_Entity_Critical_Data
479C2598-E1CA-4B9B-B710-A610DF2941B3,Reservoir Management Segment Group,RSRVR_MNGMNT_SGMNT_GRP,MTED_EDaM_Entity_Quality_Indication,<unspecified>,SHL_CDM_EntityPropertyExtension.MTED_EDaM_Entity_Quality_Indication
479C2598-E1CA-4B9B-B710-A610DF2941B3,Reservoir Management Segment Group,RSRVR_MNGMNT_SGMNT_GRP,MTED_EDaM_Entity_Availability_Indication,<unspecified>,SHL_CDM_EntityPropertyExtension.MTED_EDaM_Entity_Availability_Indication
479C2598-E1CA-4B9B-B710-A610DF2941B3,Reservoir Management Segment Group,RSRVR_MNGMNT_SGMNT_GRP,MTED_EDaM_Security_Classification,<unspecified>,SHL_CDM_EntityPropertyExtension.MTED_EDaM_Security_Classification
479C2598-E1CA-4B9B-B710-A610DF2941B3,Reservoir Management Segment Group,RSRVR_MNGMNT_SGMNT_GRP,MTED_EDaM_Design_Status,Approved,SHL_CDM_EntityPropertyExtension.MTED_EDaM_Design_Status
479C2598-E1CA-4B9B-B710-A610DF2941B3,Reservoir Management Segment Group,RSRVR_MNGMNT_SGMNT_GRP,CSI,false,SHL_CDM_EntityPropertyExtension.CSI
479C2598-E1CA-4B9B-B710-A610DF2941B3,Reservoir Management Segment Group,RSRVR_MNGMNT_SGMNT_GRP,MTED_EDaM_Business_Critical_Data,false,SHL_CDM_EntityPropertyExtension.MTED_EDaM_Business_Critical_Data
479C2598-E1CA-4B9B-B710-A610DF2941B3,Reservoir Management Segment Group,RSRVR_MNGMNT_SGMNT_GRP,MTED_Encryption_Required,false,SHL_CDM_EntityPropertyExtension.MTED_Encryption_Required
479C2598-E1CA-4B9B-B710-A610DF2941B3,Reservoir Management Segment Group,RSRVR_MNGMNT_SGMNT_GRP,PII,false,SHL_CDM_EntityPropertyExtension.PII
479C2598-E1CA-4B9B-B710-A610DF2941B3,Reservoir Management Segment Group,RSRVR_MNGMNT_SGMNT_GRP,EntityUpdateDate,19/08/2021 Pass 3,SHL_CDM_EntityPropertyExtension.EntityUpdateDate
479C2598-E1CA-4B9B-B710-A610DF2941B3,Reservoir Management Segment Group,RSRVR_MNGMNT_SGMNT_GRP,Generation,true,SHL_CDM_EntityPropertyExtension.Generation
479C2598-E1CA-4B9B-B710-A610DF2941B3,Reservoir Management Segment Group,RSRVR_MNGMNT_SGMNT_GRP,MTED_Version_No,2021.2,SHL_CDM_EntityPropertyExtension.MTED_Version_No
479C2598-E1CA-4B9B-B710-A610DF2941B3,Reservoir Management Segment Group,RSRVR_MNGMNT_SGMNT_GRP,CommerciallySensitiveInformation,No Commercially Sensitive Information,BIM-core.CommerciallySensitiveInformation
479C2598-E1CA-4B9B-B710-A610DF2941B3,Reservoir Management Segment Group,RSRVR_MNGMNT_SGMNT_GRP,Criticality,No Critical Data,BIM-core.Criticality
479C2598-E1CA-4B9B-B710-A610DF2941B3,Reservoir Management Segment Group,RSRVR_MNGMNT_SGMNT_GRP,DataCategory,Structured,BIM-core.DataCategory
479C2598-E1CA-4B9B-B710-A610DF2941B3,Reservoir Management Segment Group,RSRVR_MNGMNT_SGMNT_GRP,DataConfidentiality,Internal,BIM-core.DataConfidentiality
479C2598-E1CA-4B9B-B710-A610DF2941B3,Reservoir Management Segment Group,RSRVR_MNGMNT_SGMNT_GRP,DesignStatus,Approved,BIM-core.DesignStatus
479C2598-E1CA-4B9B-B710-A610DF2941B3,Reservoir Management Segment Group,RSRVR_MNGMNT_SGMNT_GRP,EntityCategory,Master,BIM-core.EntityCategory
479C2598-E1CA-4B9B-B710-A610DF2941B3,Reservoir Management Segment Group,RSRVR_MNGMNT_SGMNT_GRP,EntityPersonalData,No Personal Data,BIM-core.EntityPersonalData
479C2598-E1CA-4B9B-B710-A610DF2941B3,Reservoir Management Segment Group,RSRVR_MNGMNT_SGMNT_GRP,FinancialPersonalData,No Financial Personal Data,BIM-core.FinancialPersonalData
479C2598-E1CA-4B9B-B710-A610DF2941B3,Reservoir Management Segment Group,RSRVR_MNGMNT_SGMNT_GRP,SensitivePersonalData,No Sensitive Personal Data,BIM-core.SensitivePersonalData
479C2598-E1CA-4B9B-B710-A610DF2941B3,Reservoir Management Segment Group,RSRVR_MNGMNT_SGMNT_GRP,DataArea,Reservoir,BIM-core.DataArea
479C2598-E1CA-4B9B-B710-A610DF2941B3,Reservoir Management Segment Group,RSRVR_MNGMNT_SGMNT_GRP,EnterpriseLevel,Yes,BIM-core.EnterpriseLevel
479C2598-E1CA-4B9B-B710-A610DF2941B3,Reservoir Management Segment Group,RSRVR_MNGMNT_SGMNT_GRP,ExchangeId,{D7632877-BD98-47CF-B962-E7C4E96C26DE},BIM-core.ExchangeId
DB0C0D28-0BD3-4808-AA36-2F685DEC80C9,Reservoir,RSRVR,PD_ObjectID,DB0C0D28-0BD3-4808-AA36-2F685DEC80C9,
DB0C0D28-0BD3-4808-AA36-2F685DEC80C9,Reservoir,RSRVR,PD_SourceExtraction,46603045,
DB0C0D28-0BD3-4808-AA36-2F685DEC80C9,Reservoir,RSRVR,PD_SourceModel,SUBSURFACE AND WELLS,
DB0C0D28-0BD3-4808-AA36-2F685DEC80C9,Reservoir,RSRVR,MTED_EDaM_Entity_Data_Category,<unspecified>,SHL_CDM_EntityPropertyExtension.MTED_EDaM_Entity_Data_Category
DB0C0D28-0BD3-4808-AA36-2F685DEC80C9,Reservoir,RSRVR,MTED_EDaM_Data_Owner,,SHL_CDM_EntityPropertyExtension.MTED_EDaM_Data_Owner
DB0C0D28-0BD3-4808-AA36-2F685DEC80C9,Reservoir,RSRVR,MTED_EDaM_Entity_Critical_Data,F,SHL_CDM_EntityPropertyExtension.MTED_EDaM_Entity_Critical_Data
DB0C0D28-0BD3-4808-AA36-2F685DEC80C9,Reservoir,RSRVR,MTED_EDaM_Entity_Quality_Indication,<unspecified>,SHL_CDM_EntityPropertyExtension.MTED_EDaM_Entity_Quality_Indication
DB0C0D28-0BD3-4808-AA36-2F685DEC80C9,Reservoir,RSRVR,MTED_EDaM_Entity_Availability_Indication,<unspecified>,SHL_CDM_EntityPropertyExtension.MTED_EDaM_Entity_Availability_Indication
DB0C0D28-0BD3-4808-AA36-2F685DEC80C9,Reservoir,RSRVR,MTED_EDaM_Security_Classification,Most Confidential,SHL_CDM_EntityPropertyExtension.MTED_EDaM_Security_Classification
DB0C0D28-0BD3-4808-AA36-2F685DEC80C9,Reservoir,RSRVR,MTED_EDaM_Design_Status,Approved,SHL_CDM_EntityPropertyExtension.MTED_EDaM_Design_Status
DB0C0D28-0BD3-4808-AA36-2F685DEC80C9,Reservoir,RSRVR,MTED_Version_No,2021.2,SHL_CDM_EntityPropertyExtension.MTED_Version_No
DB0C0D28-0BD3-4808-AA36-2F685DEC80C9,Reservoir,RSRVR,MTED_EDaM_Version_Date,,SHL_CDM_EntityPropertyExtension.MTED_EDaM_Version_Date
DB0C0D28-0BD3-4808-AA36-2F685DEC80C9,Reservoir,RSRVR,CSI,false,SHL_CDM_EntityPropertyExtension.CSI
DB0C0D28-0BD3-4808-AA36-2F685DEC80C9,Reservoir,RSRVR,MTED_EDaM_Business_Critical_Data,false,SHL_CDM_EntityPropertyExtension.MTED_EDaM_Business_Critical_Data
DB0C0D28-0BD3-4808-AA36-2F685DEC80C9,Reservoir,RSRVR,MTED_Encryption_Required,false,SHL_CDM_EntityPropertyExtension.MTED_Encryption_Required
DB0C0D28-0BD3-4808-AA36-2F685DEC80C9,Reservoir,RSRVR,PII,false,SHL_CDM_EntityPropertyExtension.PII
DB0C0D28-0BD3-4808-AA36-2F685DEC80C9,Reservoir,RSRVR,EntityUpdateDate,19/08/2021 Pass 3,SHL_CDM_EntityPropertyExtension.EntityUpdateDate
DB0C0D28-0BD3-4808-AA36-2F685DEC80C9,Reservoir,RSRVR,Generation,true,SHL_CDM_EntityPropertyExtension.Generation
DB0C0D28-0BD3-4808-AA36-2F685DEC80C9,Reservoir,RSRVR,CommerciallySensitiveInformation,No Commercially Sensitive Information,BIM-core.CommerciallySensitiveInformation
DB0C0D28-0BD3-4808-AA36-2F685DEC80C9,Reservoir,RSRVR,Criticality,Critical Data,BIM-core.Criticality
DB0C0D28-0BD3-4808-AA36-2F685DEC80C9,Reservoir,RSRVR,DataCategory,Structured,BIM-core.DataCategory
DB0C0D28-0BD3-4808-AA36-2F685DEC80C9,Reservoir,RSRVR,DataConfidentiality,Internal,BIM-core.DataConfidentiality
DB0C0D28-0BD3-4808-AA36-2F685DEC80C9,Reservoir,RSRVR,DesignStatus,Approved,BIM-core.DesignStatus
DB0C0D28-0BD3-4808-AA36-2F685DEC80C9,Reservoir,RSRVR,EntityCategory,Master,BIM-core.EntityCategory
DB0C0D28-0BD3-4808-AA36-2F685DEC80C9,Reservoir,RSRVR,EntityPersonalData,No Personal Data,BIM-core.EntityPersonalData
DB0C0D28-0BD3-4808-AA36-2F685DEC80C9,Reservoir,RSRVR,FinancialPersonalData,No Financial Personal Data,BIM-core.FinancialPersonalData
DB0C0D28-0BD3-4808-AA36-2F685DEC80C9,Reservoir,RSRVR,SensitivePersonalData,No Sensitive Personal Data,BIM-core.SensitivePersonalData
DB0C0D28-0BD3-4808-AA36-2F685DEC80C9,Reservoir,RSRVR,DataArea,Reservoir,BIM-core.DataArea
DB0C0D28-0BD3-4808-AA36-2F685DEC80C9,Reservoir,RSRVR,EnterpriseLevel,Yes,BIM-core.EnterpriseLevel
DB0C0D28-0BD3-4808-AA36-2F685DEC80C9,Reservoir,RSRVR,ExchangeId,{B4307F4A-B54A-4F54-9ACA-7CB4C8A6E905},BIM-core.ExchangeId
82FEF218-956A-4D68-B43B-0C30A5BCE83F,Reserves Reporting Version,RSRVS_RPRTNG_VRSN,PD_ObjectID,82FEF218-956A-4D68-B43B-0C30A5BCE83F,
82FEF218-956A-4D68-B43B-0C30A5BCE83F,Reserves Reporting Version,RSRVS_RPRTNG_VRSN,PD_SourceExtraction,46603045,
82FEF218-956A-4D68-B43B-0C30A5BCE83F,Reserves Reporting Version,RSRVS_RPRTNG_VRSN,PD_SourceModel,SUBSURFACE AND WELLS,
82FEF218-956A-4D68-B43B-0C30A5BCE83F,Reserves Reporting Version,RSRVS_RPRTNG_VRSN,CSI,false,SHL_CDM_EntityPropertyExtension.CSI
82FEF218-956A-4D68-B43B-0C30A5BCE83F,Reserves Reporting Version,RSRVS_RPRTNG_VRSN,EntityUpdateDate,19/08/2021 Pass 3,SHL_CDM_EntityPropertyExtension.EntityUpdateDate
82FEF218-956A-4D68-B43B-0C30A5BCE83F,Reserves Reporting Version,RSRVS_RPRTNG_VRSN,MTED_EDaM_Business_Critical_Data,false,SHL_CDM_EntityPropertyExtension.MTED_EDaM_Business_Critical_Data
82FEF218-956A-4D68-B43B-0C30A5BCE83F,Reserves Reporting Version,RSRVS_RPRTNG_VRSN,MTED_Encryption_Required,false,SHL_CDM_EntityPropertyExtension.MTED_Encryption_Required
82FEF218-956A-4D68-B43B-0C30A5BCE83F,Reserves Reporting Version,RSRVS_RPRTNG_VRSN,PII,false,SHL_CDM_EntityPropertyExtension.PII
82FEF218-956A-4D68-B43B-0C30A5BCE83F,Reserves Reporting Version,RSRVS_RPRTNG_VRSN,Generation,true,SHL_CDM_EntityPropertyExtension.Generation
82FEF218-956A-4D68-B43B-0C30A5BCE83F,Reserves Reporting Version,RSRVS_RPRTNG_VRSN,MTED_EDaM_Design_Status,Approved,SHL_CDM_EntityPropertyExtension.MTED_EDaM_Design_Status
82FEF218-956A-4D68-B43B-0C30A5BCE83F,Reserves Reporting Version,RSRVS_RPRTNG_VRSN,MTED_Version_No,2021.2,SHL_CDM_EntityPropertyExtension.MTED_Version_No
82FEF218-956A-4D68-B43B-0C30A5BCE83F,Reserves Reporting Version,RSRVS_RPRTNG_VRSN,CommerciallySensitiveInformation,No Commercially Sensitive Information,BIM-core.CommerciallySensitiveInformation
82FEF218-956A-4D68-B43B-0C30A5BCE83F,Reserves Reporting Version,RSRVS_RPRTNG_VRSN,Criticality,No Critical Data,BIM-core.Criticality
82FEF218-956A-4D68-B43B-0C30A5BCE83F,Reserves Reporting Version,RSRVS_RPRTNG_VRSN,DataCategory,Structured,BIM-core.DataCategory
82FEF218-956A-4D68-B43B-0C30A5BCE83F,Reserves Reporting Version,RSRVS_RPRTNG_VRSN,DataConfidentiality,Internal,BIM-core.DataConfidentiality
82FEF218-956A-4D68-B43B-0C30A5BCE83F,Reserves Reporting Version,RSRVS_RPRTNG_VRSN,DesignStatus,Approved,BIM-core.DesignStatus
82FEF218-956A-4D68-B43B-0C30A5BCE83F,Reserves Reporting Version,RSRVS_RPRTNG_VRSN,EntityCategory,Transaction,BIM-core.EntityCategory
82FEF218-956A-4D68-B43B-0C30A5BCE83F,Reserves Reporting Version,RSRVS_RPRTNG_VRSN,EntityPersonalData,No Personal Data,BIM-core.EntityPersonalData
82FEF218-956A-4D68-B43B-0C30A5BCE83F,Reserves Reporting Version,RSRVS_RPRTNG_VRSN,FinancialPersonalData,No Financial Personal Data,BIM-core.FinancialPersonalData
82FEF218-956A-4D68-B43B-0C30A5BCE83F,Reserves Reporting Version,RSRVS_RPRTNG_VRSN,SensitivePersonalData,No Sensitive Personal Data,BIM-core.SensitivePersonalData
82FEF218-956A-4D68-B43B-0C30A5BCE83F,Reserves Reporting Version,RSRVS_RPRTNG_VRSN,DataArea,Production Forecast,BIM-core.DataArea
82FEF218-956A-4D68-B43B-0C30A5BCE83F,Reserves Reporting Version,RSRVS_RPRTNG_VRSN,EnterpriseLevel,Yes,BIM-core.EnterpriseLevel
82FEF218-956A-4D68-B43B-0C30A5BCE83F,Reserves Reporting Version,RSRVS_RPRTNG_VRSN,ExchangeId,{F326590E-25E4-4078-B997-982C51250DEA},BIM-core.ExchangeId
6713DDAC-E861-49FE-941D-40F6142CA2CC,Reserves Reporting,RSRVS_RPRTNG,PD_ObjectID,6713DDAC-E861-49FE-941D-40F6142CA2CC,
6713DDAC-E861-49FE-941D-40F6142CA2CC,Reserves Reporting,RSRVS_RPRTNG,PD_SourceExtraction,46603045,
6713DDAC-E861-49FE-941D-40F6142CA2CC,Reserves Reporting,RSRVS_RPRTNG,PD_SourceModel,SUBSURFACE AND WELLS,
6713DDAC-E861-49FE-941D-40F6142CA2CC,Reserves Reporting,RSRVS_RPRTNG,CSI,false,SHL_CDM_EntityPropertyExtension.CSI
6713DDAC-E861-49FE-941D-40F6142CA2CC,Reserves Reporting,RSRVS_RPRTNG,EntityUpdateDate,19/08/2021 Pass 3,SHL_CDM_EntityPropertyExtension.EntityUpdateDate
6713DDAC-E861-49FE-941D-40F6142CA2CC,Reserves Reporting,RSRVS_RPRTNG,MTED_EDaM_Business_Critical_Data,false,SHL_CDM_EntityPropertyExtension.MTED_EDaM_Business_Critical_Data
6713DDAC-E861-49FE-941D-40F6142CA2CC,Reserves Reporting,RSRVS_RPRTNG,MTED_Encryption_Required,false,SHL_CDM_EntityPropertyExtension.MTED_Encryption_Required
6713DDAC-E861-49FE-941D-40F6142CA2CC,Reserves Reporting,RSRVS_RPRTNG,PII,false,SHL_CDM_EntityPropertyExtension.PII
6713DDAC-E861-49FE-941D-40F6142CA2CC,Reserves Reporting,RSRVS_RPRTNG,Generation,true,SHL_CDM_EntityPropertyExtension.Generation
6713DDAC-E861-49FE-941D-40F6142CA2CC,Reserves Reporting,RSRVS_RPRTNG,MTED_EDaM_Design_Status,Approved,SHL_CDM_EntityPropertyExtension.MTED_EDaM_Design_Status
6713DDAC-E861-49FE-941D-40F6142CA2CC,Reserves Reporting,RSRVS_RPRTNG,MTED_Version_No,2021.2,SHL_CDM_EntityPropertyExtension.MTED_Version_No
6713DDAC-E861-49FE-941D-40F6142CA2CC,Reserves Reporting,RSRVS_RPRTNG,CommerciallySensitiveInformation,No Commercially Sensitive Information,BIM-core.CommerciallySensitiveInformation
6713DDAC-E861-49FE-941D-40F6142CA2CC,Reserves Reporting,RSRVS_RPRTNG,Criticality,No Critical Data,BIM-core.Criticality
6713DDAC-E861-49FE-941D-40F6142CA2CC,Reserves Reporting,RSRVS_RPRTNG,DataCategory,Structured,BIM-core.DataCategory
6713DDAC-E861-49FE-941D-40F6142CA2CC,Reserves Reporting,RSRVS_RPRTNG,DataConfidentiality,Internal,BIM-core.DataConfidentiality
6713DDAC-E861-49FE-941D-40F6142CA2CC,Reserves Reporting,RSRVS_RPRTNG,DesignStatus,Approved,BIM-core.DesignStatus
6713DDAC-E861-49FE-941D-40F6142CA2CC,Reserves Reporting,RSRVS_RPRTNG,EntityCategory,Transaction,BIM-core.EntityCategory
6713DDAC-E861-49FE-941D-40F6142CA2CC,Reserves Reporting,RSRVS_RPRTNG,EntityPersonalData,No Personal Data,BIM-core.EntityPersonalData
6713DDAC-E861-49FE-941D-40F6142CA2CC,Reserves Reporting,RSRVS_RPRTNG,FinancialPersonalData,No Financial Personal Data,BIM-core.FinancialPersonalData
6713DDAC-E861-49FE-941D-40F6142CA2CC,Reserves Reporting,RSRVS_RPRTNG,SensitivePersonalData,No Sensitive Personal Data,BIM-core.SensitivePersonalData
6713DDAC-E861-49FE-941D-40F6142CA2CC,Reserves Reporting,RSRVS_RPRTNG,DataArea,Production Forecast,BIM-core.DataArea
6713DDAC-E861-49FE-941D-40F6142CA2CC,Reserves Reporting,RSRVS_RPRTNG,EnterpriseLevel,Yes,BIM-core.EnterpriseLevel
6713DDAC-E861-49FE-941D-40F6142CA2CC,Reserves Reporting,RSRVS_RPRTNG,ExchangeId,{CFE7AF8E-F7F5-45EA-BF20-603E015397A4},BIM-core.ExchangeId
DCFFD002-6AD7-4437-BE33-A3CDCC6DAC71,Reserve Resource Class,RSRV_RSRC_CLSS,PD_ObjectID,DCFFD002-6AD7-4437-BE33-A3CDCC6DAC71,
DCFFD002-6AD7-4437-BE33-A3CDCC6DAC71,Reserve Resource Class,RSRV_RSRC_CLSS,PD_SourceExtraction,46603045,
DCFFD002-6AD7-4437-BE33-A3CDCC6DAC71,Reserve Resource Class,RSRV_RSRC_CLSS,PD_SourceModel,SUBSURFACE AND WELLS,
DCFFD002-6AD7-4437-BE33-A3CDCC6DAC71,Reserve Resource Class,RSRV_RSRC_CLSS,MTED_EDaM_Entity_Data_Category,<unspecified>,SHL_CDM_EntityPropertyExtension.MTED_EDaM_Entity_Data_Category
DCFFD002-6AD7-4437-BE33-A3CDCC6DAC71,Reserve Resource Class,RSRV_RSRC_CLSS,MTED_EDaM_Entity_Critical_Data,<unspecified>,SHL_CDM_EntityPropertyExtension.MTED_EDaM_Entity_Critical_Data
DCFFD002-6AD7-4437-BE33-A3CDCC6DAC71,Reserve Resource Class,RSRV_RSRC_CLSS,MTED_EDaM_Entity_Quality_Indication,<unspecified>,SHL_CDM_EntityPropertyExtension.MTED_EDaM_Entity_Quality_Indication
DCFFD002-6AD7-4437-BE33-A3CDCC6DAC71,Reserve Resource Class,RSRV_RSRC_CLSS,MTED_EDaM_Entity_Availability_Indication,<unspecified>,SHL_CDM_EntityPropertyExtension.MTED_EDaM_Entity_Availability_Indication
DCFFD002-6AD7-4437-BE33-A3CDCC6DAC71,Reserve Resource Class,RSRV_RSRC_CLSS,MTED_EDaM_Security_Classification,<unspecified>,SHL_CDM_EntityPropertyExtension.MTED_EDaM_Security_Classification
DCFFD002-6AD7-4437-BE33-A3CDCC6DAC71,Reserve Resource Class,RSRV_RSRC_CLSS,MTED_EDaM_Design_Status,Approved,SHL_CDM_EntityPropertyExtension.MTED_EDaM_Design_Status
DCFFD002-6AD7-4437-BE33-A3CDCC6DAC71,Reserve Resource Class,RSRV_RSRC_CLSS,CSI,false,SHL_CDM_EntityPropertyExtension.CSI
DCFFD002-6AD7-4437-BE33-A3CDCC6DAC71,Reserve Resource Class,RSRV_RSRC_CLSS,MTED_EDaM_Business_Critical_Data,false,SHL_CDM_EntityPropertyExtension.MTED_EDaM_Business_Critical_Data
DCFFD002-6AD7-4437-BE33-A3CDCC6DAC71,Reserve Resource Class,RSRV_RSRC_CLSS,MTED_Encryption_Required,false,SHL_CDM_EntityPropertyExtension.MTED_Encryption_Required
DCFFD002-6AD7-4437-BE33-A3CDCC6DAC71,Reserve Resource Class,RSRV_RSRC_CLSS,PII,false,SHL_CDM_EntityPropertyExtension.PII
DCFFD002-6AD7-4437-BE33-A3CDCC6DAC71,Reserve Resource Class,RSRV_RSRC_CLSS,EntityUpdateDate,19/08/2021 Pass 3,SHL_CDM_EntityPropertyExtension.EntityUpdateDate
DCFFD002-6AD7-4437-BE33-A3CDCC6DAC71,Reserve Resource Class,RSRV_RSRC_CLSS,Generation,true,SHL_CDM_EntityPropertyExtension.Generation
DCFFD002-6AD7-4437-BE33-A3CDCC6DAC71,Reserve Resource Class,RSRV_RSRC_CLSS,MTED_Version_No,2021.2,SHL_CDM_EntityPropertyExtension.MTED_Version_No
DCFFD002-6AD7-4437-BE33-A3CDCC6DAC71,Reserve Resource Class,RSRV_RSRC_CLSS,CommerciallySensitiveInformation,No Commercially Sensitive Information,BIM-core.CommerciallySensitiveInformation
DCFFD002-6AD7-4437-BE33-A3CDCC6DAC71,Reserve Resource Class,RSRV_RSRC_CLSS,Criticality,No Critical Data,BIM-core.Criticality
DCFFD002-6AD7-4437-BE33-A3CDCC6DAC71,Reserve Resource Class,RSRV_RSRC_CLSS,DataCategory,Structured,BIM-core.DataCategory
DCFFD002-6AD7-4437-BE33-A3CDCC6DAC71,Reserve Resource Class,RSRV_RSRC_CLSS,DataConfidentiality,Internal,BIM-core.DataConfidentiality
DCFFD002-6AD7-4437-BE33-A3CDCC6DAC71,Reserve Resource Class,RSRV_RSRC_CLSS,DesignStatus,Approved,BIM-core.DesignStatus
DCFFD002-6AD7-4437-BE33-A3CDCC6DAC71,Reserve Resource Class,RSRV_RSRC_CLSS,EntityCategory,Transaction,BIM-core.EntityCategory
DCFFD002-6AD7-4437-BE33-A3CDCC6DAC71,Reserve Resource Class,RSRV_RSRC_CLSS,EntityPersonalData,No Personal Data,BIM-core.EntityPersonalData
DCFFD002-6AD7-4437-BE33-A3CDCC6DAC71,Reserve Resource Class,RSRV_RSRC_CLSS,FinancialPersonalData,No Financial Personal Data,BIM-core.FinancialPersonalData
DCFFD002-6AD7-4437-BE33-A3CDCC6DAC71,Reserve Resource Class,RSRV_RSRC_CLSS,SensitivePersonalData,No Sensitive Personal Data,BIM-core.SensitivePersonalData
DCFFD002-6AD7-4437-BE33-A3CDCC6DAC71,Reserve Resource Class,RSRV_RSRC_CLSS,DataArea,Well Activity,BIM-core.DataArea
DCFFD002-6AD7-4437-BE33-A3CDCC6DAC71,Reserve Resource Class,RSRV_RSRC_CLSS,EnterpriseLevel,Yes,BIM-core.EnterpriseLevel
DCFFD002-6AD7-4437-BE33-A3CDCC6DAC71,Reserve Resource Class,RSRV_RSRC_CLSS,ExchangeId,{76E22D98-FB06-4B8F-9C66-C8B70C73C15B},BIM-core.ExchangeId
0AD3D545-F46C-41D1-B585-34112FDDF84E,Reserve,RSRV,PD_ObjectID,0AD3D545-F46C-41D1-B585-34112FDDF84E,
0AD3D545-F46C-41D1-B585-34112FDDF84E,Reserve,RSRV,PD_SourceExtraction,46603045,
0AD3D545-F46C-41D1-B585-34112FDDF84E,Reserve,RSRV,PD_SourceModel,SUBSURFACE AND WELLS,
0AD3D545-F46C-41D1-B585-34112FDDF84E,Reserve,RSRV,CSI,false,SHL_CDM_EntityPropertyExtension.CSI
0AD3D545-F46C-41D1-B585-34112FDDF84E,Reserve,RSRV,MTED_EDaM_Business_Critical_Data,false,SHL_CDM_EntityPropertyExtension.MTED_EDaM_Business_Critical_Data
0AD3D545-F46C-41D1-B585-34112FDDF84E,Reserve,RSRV,MTED_Encryption_Required,false,SHL_CDM_EntityPropertyExtension.MTED_Encryption_Required
0AD3D545-F46C-41D1-B585-34112FDDF84E,Reserve,RSRV,PII,false,SHL_CDM_EntityPropertyExtension.PII
0AD3D545-F46C-41D1-B585-34112FDDF84E,Reserve,RSRV,EntityUpdateDate,19/08/2021 Pass 3,SHL_CDM_EntityPropertyExtension.EntityUpdateDate
0AD3D545-F46C-41D1-B585-34112FDDF84E,Reserve,RSRV,MTED_EDaM_Design_Status,Approved,SHL_CDM_EntityPropertyExtension.MTED_EDaM_Design_Status
0AD3D545-F46C-41D1-B585-34112FDDF84E,Reserve,RSRV,MTED_Version_No,2021.2,SHL_CDM_EntityPropertyExtension.MTED_Version_No
0AD3D545-F46C-41D1-B585-34112FDDF84E,Reserve,RSRV,Generation,true,SHL_CDM_EntityPropertyExtension.Generation
0AD3D545-F46C-41D1-B585-34112FDDF84E,Reserve,RSRV,CommerciallySensitiveInformation,No Commercially Sensitive Information,BIM-core.CommerciallySensitiveInformation
0AD3D545-F46C-41D1-B585-34112FDDF84E,Reserve,RSRV,Criticality,No Critical Data,BIM-core.Criticality
0AD3D545-F46C-41D1-B585-34112FDDF84E,Reserve,RSRV,DataCategory,Structured,BIM-core.DataCategory
0AD3D545-F46C-41D1-B585-34112FDDF84E,Reserve,RSRV,DataConfidentiality,Internal,BIM-core.DataConfidentiality
0AD3D545-F46C-41D1-B585-34112FDDF84E,Reserve,RSRV,DesignStatus,Approved,BIM-core.DesignStatus
0AD3D545-F46C-41D1-B585-34112FDDF84E,Reserve,RSRV,EntityCategory,Transaction,BIM-core.EntityCategory
0AD3D545-F46C-41D1-B585-34112FDDF84E,Reserve,RSRV,EntityPersonalData,No Personal Data,BIM-core.EntityPersonalData
0AD3D545-F46C-41D1-B585-34112FDDF84E,Reserve,RSRV,FinancialPersonalData,Financial Personal Data,BIM-core.FinancialPersonalData
0AD3D545-F46C-41D1-B585-34112FDDF84E,Reserve,RSRV,SensitivePersonalData,No Sensitive Personal Data,BIM-core.SensitivePersonalData
0AD3D545-F46C-41D1-B585-34112FDDF84E,Reserve,RSRV,DataArea,Production Forecast,BIM-core.DataArea
0AD3D545-F46C-41D1-B585-34112FDDF84E,Reserve,RSRV,EnterpriseLevel,Yes,BIM-core.EnterpriseLevel
0AD3D545-F46C-41D1-B585-34112FDDF84E,Reserve,RSRV,ExchangeId,{4F36EF16-83AD-42DB-878E-7204E25D4693},BIM-core.ExchangeId
C3D88272-5FBF-46F1-BE9F-D406790CD0AC,Regulatory Body,RGLTRY_BDY,PD_ObjectID,C3D88272-5FBF-46F1-BE9F-D406790CD0AC,
C3D88272-5FBF-46F1-BE9F-D406790CD0AC,Regulatory Body,RGLTRY_BDY,PD_SourceExtraction,46603045,
C3D88272-5FBF-46F1-BE9F-D406790CD0AC,Regulatory Body,RGLTRY_BDY,PD_SourceModel,SUBSURFACE AND WELLS,
C3D88272-5FBF-46F1-BE9F-D406790CD0AC,Regulatory Body,RGLTRY_BDY,CSI,false,SHL_CDM_EntityPropertyExtension.CSI
C3D88272-5FBF-46F1-BE9F-D406790CD0AC,Regulatory Body,RGLTRY_BDY,EntityUpdateDate,19/08/2021 Pass 3,SHL_CDM_EntityPropertyExtension.EntityUpdateDate
C3D88272-5FBF-46F1-BE9F-D406790CD0AC,Regulatory Body,RGLTRY_BDY,MTED_EDaM_Business_Critical_Data,false,SHL_CDM_EntityPropertyExtension.MTED_EDaM_Business_Critical_Data
C3D88272-5FBF-46F1-BE9F-D406790CD0AC,Regulatory Body,RGLTRY_BDY,MTED_EDaM_Entity_Availability_Indication,<unspecified>,SHL_CDM_EntityPropertyExtension.MTED_EDaM_Entity_Availability_Indication
C3D88272-5FBF-46F1-BE9F-D406790CD0AC,Regulatory Body,RGLTRY_BDY,MTED_EDaM_Entity_Critical_Data,F,SHL_CDM_EntityPropertyExtension.MTED_EDaM_Entity_Critical_Data
C3D88272-5FBF-46F1-BE9F-D406790CD0AC,Regulatory Body,RGLTRY_BDY,MTED_EDaM_Entity_Data_Category,<unspecified>,SHL_CDM_EntityPropertyExtension.MTED_EDaM_Entity_Data_Category
C3D88272-5FBF-46F1-BE9F-D406790CD0AC,Regulatory Body,RGLTRY_BDY,MTED_EDaM_Entity_Quality_Indication,<unspecified>,SHL_CDM_EntityPropertyExtension.MTED_EDaM_Entity_Quality_Indication
C3D88272-5FBF-46F1-BE9F-D406790CD0AC,Regulatory Body,RGLTRY_BDY,MTED_EDaM_Security_Classification,Unrestricted,SHL_CDM_EntityPropertyExtension.MTED_EDaM_Security_Classification
C3D88272-5FBF-46F1-BE9F-D406790CD0AC,Regulatory Body,RGLTRY_BDY,MTED_Encryption_Required,false,SHL_CDM_EntityPropertyExtension.MTED_Encryption_Required
C3D88272-5FBF-46F1-BE9F-D406790CD0AC,Regulatory Body,RGLTRY_BDY,PII,false,SHL_CDM_EntityPropertyExtension.PII
C3D88272-5FBF-46F1-BE9F-D406790CD0AC,Regulatory Body,RGLTRY_BDY,Generation,true,SHL_CDM_EntityPropertyExtension.Generation
C3D88272-5FBF-46F1-BE9F-D406790CD0AC,Regulatory Body,RGLTRY_BDY,MTED_EDaM_Design_Status,Approved,SHL_CDM_EntityPropertyExtension.MTED_EDaM_Design_Status
C3D88272-5FBF-46F1-BE9F-D406790CD0AC,Regulatory Body,RGLTRY_BDY,MTED_Version_No,2021.2,SHL_CDM_EntityPropertyExtension.MTED_Version_No
C3D88272-5FBF-46F1-BE9F-D406790CD0AC,Regulatory Body,RGLTRY_BDY,DataArea,Trade Compliance,BIM-core.DataArea
C3D88272-5FBF-46F1-BE9F-D406790CD0AC,Regulatory Body,RGLTRY_BDY,EnterpriseLevel,No,BIM-core.EnterpriseLevel
C3D88272-5FBF-46F1-BE9F-D406790CD0AC,Regulatory Body,RGLTRY_BDY,ExchangeId,{E2167025-1D72-4BEA-915E-8657B206F75C},BIM-core.ExchangeId
F99F4DB3-2B6E-4302-AEE5-7E8A7536E222,Region,RGN,PD_ObjectID,F99F4DB3-2B6E-4302-AEE5-7E8A7536E222,
F99F4DB3-2B6E-4302-AEE5-7E8A7536E222,Region,RGN,PD_SourceExtraction,46603045,
F99F4DB3-2B6E-4302-AEE5-7E8A7536E222,Region,RGN,PD_SourceModel,SUBSURFACE AND WELLS,
F99F4DB3-2B6E-4302-AEE5-7E8A7536E222,Region,RGN,EntityUpdateDate,19/08/2021 Pass 3,SHL_CDM_EntityPropertyExtension.EntityUpdateDate
F99F4DB3-2B6E-4302-AEE5-7E8A7536E222,Region,RGN,MTED_EDaM_Entity_Availability_Indication,<unspecified>,SHL_CDM_EntityPropertyExtension.MTED_EDaM_Entity_Availability_Indication
F99F4DB3-2B6E-4302-AEE5-7E8A7536E222,Region,RGN,MTED_EDaM_Entity_Critical_Data,F,SHL_CDM_EntityPropertyExtension.MTED_EDaM_Entity_Critical_Data
F99F4DB3-2B6E-4302-AEE5-7E8A7536E222,Region,RGN,MTED_EDaM_Entity_Data_Category,<unspecified>,SHL_CDM_EntityPropertyExtension.MTED_EDaM_Entity_Data_Category
F99F4DB3-2B6E-4302-AEE5-7E8A7536E222,Region,RGN,MTED_EDaM_Entity_Quality_Indication,<unspecified>,SHL_CDM_EntityPropertyExtension.MTED_EDaM_Entity_Quality_Indication
F99F4DB3-2B6E-4302-AEE5-7E8A7536E222,Region,RGN,MTED_EDaM_Security_Classification,Restricted,SHL_CDM_EntityPropertyExtension.MTED_EDaM_Security_Classification
F99F4DB3-2B6E-4302-AEE5-7E8A7536E222,Region,RGN,MTED_EDaM_Version_Date,,SHL_CDM_EntityPropertyExtension.MTED_EDaM_Version_Date
F99F4DB3-2B6E-4302-AEE5-7E8A7536E222,Region,RGN,CommerciallySensitiveInformation,No Commercially Sensitive Information,BIM-core.CommerciallySensitiveInformation
F99F4DB3-2B6E-4302-AEE5-7E8A7536E222,Region,RGN,Criticality,No Critical Data,BIM-core.Criticality
F99F4DB3-2B6E-4302-AEE5-7E8A7536E222,Region,RGN,DataCategory,Structured,BIM-core.DataCategory
F99F4DB3-2B6E-4302-AEE5-7E8A7536E222,Region,RGN,DataConfidentiality,Internal,BIM-core.DataConfidentiality
F99F4DB3-2B6E-4302-AEE5-7E8A7536E222,Region,RGN,DesignStatus,Approved,BIM-core.DesignStatus
F99F4DB3-2B6E-4302-AEE5-7E8A7536E222,Region,RGN,EntityCategory,External Reference,BIM-core.EntityCategory
F99F4DB3-2B6E-4302-AEE5-7E8A7536E222,Region,RGN,EntityPersonalData,No Personal Data,BIM-core.EntityPersonalData
F99F4DB3-2B6E-4302-AEE5-7E8A7536E222,Region,RGN,FinancialPersonalData,No Financial Personal Data,BIM-core.FinancialPersonalData
F99F4DB3-2B6E-4302-AEE5-7E8A7536E222,Region,RGN,SensitivePersonalData,No Sensitive Personal Data,BIM-core.SensitivePersonalData
F99F4DB3-2B6E-4302-AEE5-7E8A7536E222,Region,RGN,DataArea,Location,BIM-core.DataArea
F99F4DB3-2B6E-4302-AEE5-7E8A7536E222,Region,RGN,EnterpriseLevel,Yes,BIM-core.EnterpriseLevel
F99F4DB3-2B6E-4302-AEE5-7E8A7536E222,Region,RGN,ExchangeId,{374353D9-6BCC-4FE9-81CE-B8952E17BC7A},BIM-core.ExchangeId
A1B31E0F-9894-4553-BF8D-DA14EFF85C1C,Recombination Specification,RECOMBINATION_SPCFCTN,PD_ObjectID,A1B31E0F-9894-4553-BF8D-DA14EFF85C1C,
A1B31E0F-9894-4553-BF8D-DA14EFF85C1C,Recombination Specification,RECOMBINATION_SPCFCTN,PD_SourceExtraction,46603045,
A1B31E0F-9894-4553-BF8D-DA14EFF85C1C,Recombination Specification,RECOMBINATION_SPCFCTN,PD_SourceModel,SUBSURFACE AND WELLS,
A1B31E0F-9894-4553-BF8D-DA14EFF85C1C,Recombination Specification,RECOMBINATION_SPCFCTN,EntityCategory,Master,BIM-core.EntityCategory
A1B31E0F-9894-4553-BF8D-DA14EFF85C1C,Recombination Specification,RECOMBINATION_SPCFCTN,DataCategory,Structured,BIM-core.DataCategory
A1B31E0F-9894-4553-BF8D-DA14EFF85C1C,Recombination Specification,RECOMBINATION_SPCFCTN,Criticality,No Critical Data,BIM-core.Criticality
A1B31E0F-9894-4553-BF8D-DA14EFF85C1C,Recombination Specification,RECOMBINATION_SPCFCTN,CommerciallySensitiveInformation,No Commercially Sensitive Information,BIM-core.CommerciallySensitiveInformation
A1B31E0F-9894-4553-BF8D-DA14EFF85C1C,Recombination Specification,RECOMBINATION_SPCFCTN,DataConfidentiality,Internal,BIM-core.DataConfidentiality
A1B31E0F-9894-4553-BF8D-DA14EFF85C1C,Recombination Specification,RECOMBINATION_SPCFCTN,EntityPersonalData,No Personal Data,BIM-core.EntityPersonalData
A1B31E0F-9894-4553-BF8D-DA14EFF85C1C,Recombination Specification,RECOMBINATION_SPCFCTN,FinancialPersonalData,No Financial Personal Data,BIM-core.FinancialPersonalData
A1B31E0F-9894-4553-BF8D-DA14EFF85C1C,Recombination Specification,RECOMBINATION_SPCFCTN,SensitivePersonalData,No Sensitive Personal Data,BIM-core.SensitivePersonalData
A1B31E0F-9894-4553-BF8D-DA14EFF85C1C,Recombination Specification,RECOMBINATION_SPCFCTN,DesignStatus,Approved,BIM-core.DesignStatus
A1B31E0F-9894-4553-BF8D-DA14EFF85C1C,Recombination Specification,RECOMBINATION_SPCFCTN,DataArea,Geology/Petrophysics,BIM-core.DataArea
A1B31E0F-9894-4553-BF8D-DA14EFF85C1C,Recombination Specification,RECOMBINATION_SPCFCTN,EnterpriseLevel,Yes,BIM-core.EnterpriseLevel
A1B31E0F-9894-4553-BF8D-DA14EFF85C1C,Recombination Specification,RECOMBINATION_SPCFCTN,ExchangeId,{4525398F-55E7-4548-B2D1-4D35ED2FCF90},BIM-core.ExchangeId
53EA6379-E38E-4C2B-B3E0-3F714D57F778,Pvt,PVT,PD_ObjectID,53EA6379-E38E-4C2B-B3E0-3F714D57F778,
53EA6379-E38E-4C2B-B3E0-3F714D57F778,Pvt,PVT,PD_SourceExtraction,46603045,
53EA6379-E38E-4C2B-B3E0-3F714D57F778,Pvt,PVT,PD_SourceModel,SUBSURFACE AND WELLS,
53EA6379-E38E-4C2B-B3E0-3F714D57F778,Pvt,PVT,CSI,false,SHL_CDM_EntityPropertyExtension.CSI
53EA6379-E38E-4C2B-B3E0-3F714D57F778,Pvt,PVT,EntityUpdateDate,19/08/2021 Pass 3,SHL_CDM_EntityPropertyExtension.EntityUpdateDate
53EA6379-E38E-4C2B-B3E0-3F714D57F778,Pvt,PVT,MTED_EDaM_Business_Critical_Data,false,SHL_CDM_EntityPropertyExtension.MTED_EDaM_Business_Critical_Data
53EA6379-E38E-4C2B-B3E0-3F714D57F778,Pvt,PVT,MTED_Encryption_Required,false,SHL_CDM_EntityPropertyExtension.MTED_Encryption_Required
53EA6379-E38E-4C2B-B3E0-3F714D57F778,Pvt,PVT,PII,false,SHL_CDM_EntityPropertyExtension.PII
53EA6379-E38E-4C2B-B3E0-3F714D57F778,Pvt,PVT,Generation,true,SHL_CDM_EntityPropertyExtension.Generation
53EA6379-E38E-4C2B-B3E0-3F714D57F778,Pvt,PVT,MTED_EDaM_Design_Status,Approved,SHL_CDM_EntityPropertyExtension.MTED_EDaM_Design_Status
53EA6379-E38E-4C2B-B3E0-3F714D57F778,Pvt,PVT,MTED_Version_No,2021.2,SHL_CDM_EntityPropertyExtension.MTED_Version_No
53EA6379-E38E-4C2B-B3E0-3F714D57F778,Pvt,PVT,CommerciallySensitiveInformation,No Commercially Sensitive Information,BIM-core.CommerciallySensitiveInformation
53EA6379-E38E-4C2B-B3E0-3F714D57F778,Pvt,PVT,Criticality,No Critical Data,BIM-core.Criticality
53EA6379-E38E-4C2B-B3E0-3F714D57F778,Pvt,PVT,DataCategory,Structured,BIM-core.DataCategory
53EA6379-E38E-4C2B-B3E0-3F714D57F778,Pvt,PVT,DataConfidentiality,Internal,BIM-core.DataConfidentiality
53EA6379-E38E-4C2B-B3E0-3F714D57F778,Pvt,PVT,DesignStatus,Approved,BIM-core.DesignStatus
53EA6379-E38E-4C2B-B3E0-3F714D57F778,Pvt,PVT,EntityCategory,Transaction,BIM-core.EntityCategory
53EA6379-E38E-4C2B-B3E0-3F714D57F778,Pvt,PVT,EntityPersonalData,No Personal Data,BIM-core.EntityPersonalData
53EA6379-E38E-4C2B-B3E0-3F714D57F778,Pvt,PVT,FinancialPersonalData,No Financial Personal Data,BIM-core.FinancialPersonalData
53EA6379-E38E-4C2B-B3E0-3F714D57F778,Pvt,PVT,SensitivePersonalData,No Sensitive Personal Data,BIM-core.SensitivePersonalData
53EA6379-E38E-4C2B-B3E0-3F714D57F778,Pvt,PVT,DataArea,Reservoir,BIM-core.DataArea
53EA6379-E38E-4C2B-B3E0-3F714D57F778,Pvt,PVT,EnterpriseLevel,Yes,BIM-core.EnterpriseLevel
53EA6379-E38E-4C2B-B3E0-3F714D57F778,Pvt,PVT,ExchangeId,{CA9F2E59-D1A6-46F1-BFDD-C2488FF221A7},BIM-core.ExchangeId
4532A8B9-48AB-42FF-8EF7-316E5E419407,Pump Operation,PUMP_OPRTN,PD_ObjectID,4532A8B9-48AB-42FF-8EF7-316E5E419407,
4532A8B9-48AB-42FF-8EF7-316E5E419407,Pump Operation,PUMP_OPRTN,PD_SourceExtraction,46603045,
4532A8B9-48AB-42FF-8EF7-316E5E419407,Pump Operation,PUMP_OPRTN,PD_SourceModel,SUBSURFACE AND WELLS,
4532A8B9-48AB-42FF-8EF7-316E5E419407,Pump Operation,PUMP_OPRTN,EntityCategory,Transaction,BIM-core.EntityCategory
4532A8B9-48AB-42FF-8EF7-316E5E419407,Pump Operation,PUMP_OPRTN,DataCategory,Structured,BIM-core.DataCategory
4532A8B9-48AB-42FF-8EF7-316E5E419407,Pump Operation,PUMP_OPRTN,Criticality,No Critical Data,BIM-core.Criticality
4532A8B9-48AB-42FF-8EF7-316E5E419407,Pump Operation,PUMP_OPRTN,CommerciallySensitiveInformation,No Commercially Sensitive Information,BIM-core.CommerciallySensitiveInformation
4532A8B9-48AB-42FF-8EF7-316E5E419407,Pump Operation,PUMP_OPRTN,DataConfidentiality,Internal,BIM-core.DataConfidentiality
4532A8B9-48AB-42FF-8EF7-316E5E419407,Pump Operation,PUMP_OPRTN,EntityPersonalData,No Personal Data,BIM-core.EntityPersonalData
4532A8B9-48AB-42FF-8EF7-316E5E419407,Pump Operation,PUMP_OPRTN,FinancialPersonalData,No Financial Personal Data,BIM-core.FinancialPersonalData
4532A8B9-48AB-42FF-8EF7-316E5E419407,Pump Operation,PUMP_OPRTN,SensitivePersonalData,No Sensitive Personal Data,BIM-core.SensitivePersonalData
4532A8B9-48AB-42FF-8EF7-316E5E419407,Pump Operation,PUMP_OPRTN,DesignStatus,Approved,BIM-core.DesignStatus
4532A8B9-48AB-42FF-8EF7-316E5E419407,Pump Operation,PUMP_OPRTN,DataArea,Well Activity,BIM-core.DataArea
4532A8B9-48AB-42FF-8EF7-316E5E419407,Pump Operation,PUMP_OPRTN,EnterpriseLevel,Yes,BIM-core.EnterpriseLevel
4532A8B9-48AB-42FF-8EF7-316E5E419407,Pump Operation,PUMP_OPRTN,ExchangeId,{FC7E4D2B-1A72-4C08-BBCA-0BEA5CBE2339},BIM-core.ExchangeId
5B2193D3-555F-41B9-B37E-95B054D23DDB,Prospect,PRSPCT,PD_ObjectID,5B2193D3-555F-41B9-B37E-95B054D23DDB,
5B2193D3-555F-41B9-B37E-95B054D23DDB,Prospect,PRSPCT,PD_SourceExtraction,46603045,
5B2193D3-555F-41B9-B37E-95B054D23DDB,Prospect,PRSPCT,PD_SourceModel,SUBSURFACE AND WELLS,
5B2193D3-555F-41B9-B37E-95B054D23DDB,Prospect,PRSPCT,CSI,false,SHL_CDM_EntityPropertyExtension.CSI
5B2193D3-555F-41B9-B37E-95B054D23DDB,Prospect,PRSPCT,EntityUpdateDate,19/08/2021 Pass 3,SHL_CDM_EntityPropertyExtension.EntityUpdateDate
5B2193D3-555F-41B9-B37E-95B054D23DDB,Prospect,PRSPCT,MTED_EDaM_Business_Critical_Data,false,SHL_CDM_EntityPropertyExtension.MTED_EDaM_Business_Critical_Data
5B2193D3-555F-41B9-B37E-95B054D23DDB,Prospect,PRSPCT,MTED_Encryption_Required,false,SHL_CDM_EntityPropertyExtension.MTED_Encryption_Required
5B2193D3-555F-41B9-B37E-95B054D23DDB,Prospect,PRSPCT,PII,false,SHL_CDM_EntityPropertyExtension.PII
5B2193D3-555F-41B9-B37E-95B054D23DDB,Prospect,PRSPCT,MTED_EDaM_Design_Status,Approved,SHL_CDM_EntityPropertyExtension.MTED_EDaM_Design_Status
5B2193D3-555F-41B9-B37E-95B054D23DDB,Prospect,PRSPCT,MTED_Version_No,2021.2,SHL_CDM_EntityPropertyExtension.MTED_Version_No
5B2193D3-555F-41B9-B37E-95B054D23DDB,Prospect,PRSPCT,Generation,true,SHL_CDM_EntityPropertyExtension.Generation
5B2193D3-555F-41B9-B37E-95B054D23DDB,Prospect,PRSPCT,CommerciallySensitiveInformation,No Commercially Sensitive Information,BIM-core.CommerciallySensitiveInformation
5B2193D3-555F-41B9-B37E-95B054D23DDB,Prospect,PRSPCT,Criticality,No Critical Data,BIM-core.Criticality
5B2193D3-555F-41B9-B37E-95B054D23DDB,Prospect,PRSPCT,DataCategory,Structured,BIM-core.DataCategory
5B2193D3-555F-41B9-B37E-95B054D23DDB,Prospect,PRSPCT,DataConfidentiality,Internal,BIM-core.DataConfidentiality
5B2193D3-555F-41B9-B37E-95B054D23DDB,Prospect,PRSPCT,DesignStatus,Approved,BIM-core.DesignStatus
5B2193D3-555F-41B9-B37E-95B054D23DDB,Prospect,PRSPCT,EntityCategory,Master,BIM-core.EntityCategory
5B2193D3-555F-41B9-B37E-95B054D23DDB,Prospect,PRSPCT,EntityPersonalData,No Personal Data,BIM-core.EntityPersonalData
5B2193D3-555F-41B9-B37E-95B054D23DDB,Prospect,PRSPCT,FinancialPersonalData,No Financial Personal Data,BIM-core.FinancialPersonalData
5B2193D3-555F-41B9-B37E-95B054D23DDB,Prospect,PRSPCT,SensitivePersonalData,No Sensitive Personal Data,BIM-core.SensitivePersonalData
5B2193D3-555F-41B9-B37E-95B054D23DDB,Prospect,PRSPCT,DataArea,Geology/Petrophysics,BIM-core.DataArea
5B2193D3-555F-41B9-B37E-95B054D23DDB,Prospect,PRSPCT,EnterpriseLevel,Yes,BIM-core.EnterpriseLevel
5B2193D3-555F-41B9-B37E-95B054D23DDB,Prospect,PRSPCT,ExchangeId,{14486A2A-1BE0-4A87-BCD6-E855DB371402},BIM-core.ExchangeId
9A7E9A4E-24BC-4748-A786-53AD69472145,Property Model,PRPRTY_MDL,PD_ObjectID,9A7E9A4E-24BC-4748-A786-53AD69472145,
9A7E9A4E-24BC-4748-A786-53AD69472145,Property Model,PRPRTY_MDL,PD_SourceExtraction,46603045,
9A7E9A4E-24BC-4748-A786-53AD69472145,Property Model,PRPRTY_MDL,PD_SourceModel,SUBSURFACE AND WELLS,
9A7E9A4E-24BC-4748-A786-53AD69472145,Property Model,PRPRTY_MDL,CSI,false,SHL_CDM_EntityPropertyExtension.CSI
9A7E9A4E-24BC-4748-A786-53AD69472145,Property Model,PRPRTY_MDL,EntityUpdateDate,19/08/2021 Pass 3,SHL_CDM_EntityPropertyExtension.EntityUpdateDate
9A7E9A4E-24BC-4748-A786-53AD69472145,Property Model,PRPRTY_MDL,MTED_EDaM_Business_Critical_Data,false,SHL_CDM_EntityPropertyExtension.MTED_EDaM_Business_Critical_Data
9A7E9A4E-24BC-4748-A786-53AD69472145,Property Model,PRPRTY_MDL,MTED_Encryption_Required,false,SHL_CDM_EntityPropertyExtension.MTED_Encryption_Required
9A7E9A4E-24BC-4748-A786-53AD69472145,Property Model,PRPRTY_MDL,PII,false,SHL_CDM_EntityPropertyExtension.PII
9A7E9A4E-24BC-4748-A786-53AD69472145,Property Model,PRPRTY_MDL,Generation,true,SHL_CDM_EntityPropertyExtension.Generation
9A7E9A4E-24BC-4748-A786-53AD69472145,Property Model,PRPRTY_MDL,MTED_EDaM_Design_Status,Approved,SHL_CDM_EntityPropertyExtension.MTED_EDaM_Design_Status
9A7E9A4E-24BC-4748-A786-53AD69472145,Property Model,PRPRTY_MDL,MTED_Version_No,2021.2,SHL_CDM_EntityPropertyExtension.MTED_Version_No
9A7E9A4E-24BC-4748-A786-53AD69472145,Property Model,PRPRTY_MDL,CommerciallySensitiveInformation,No Commercially Sensitive Information,BIM-core.CommerciallySensitiveInformation
9A7E9A4E-24BC-4748-A786-53AD69472145,Property Model,PRPRTY_MDL,Criticality,No Critical Data,BIM-core.Criticality
9A7E9A4E-24BC-4748-A786-53AD69472145,Property Model,PRPRTY_MDL,DataCategory,Structured,BIM-core.DataCategory
9A7E9A4E-24BC-4748-A786-53AD69472145,Property Model,PRPRTY_MDL,DataConfidentiality,Internal,BIM-core.DataConfidentiality
9A7E9A4E-24BC-4748-A786-53AD69472145,Property Model,PRPRTY_MDL,DesignStatus,Approved,BIM-core.DesignStatus
9A7E9A4E-24BC-4748-A786-53AD69472145,Property Model,PRPRTY_MDL,EntityCategory,Transaction,BIM-core.EntityCategory
9A7E9A4E-24BC-4748-A786-53AD69472145,Property Model,PRPRTY_MDL,EntityPersonalData,No Personal Data,BIM-core.EntityPersonalData
9A7E9A4E-24BC-4748-A786-53AD69472145,Property Model,PRPRTY_MDL,FinancialPersonalData,No Financial Personal Data,BIM-core.FinancialPersonalData
9A7E9A4E-24BC-4748-A786-53AD69472145,Property Model,PRPRTY_MDL,SensitivePersonalData,No Sensitive Personal Data,BIM-core.SensitivePersonalData
9A7E9A4E-24BC-4748-A786-53AD69472145,Property Model,PRPRTY_MDL,DataArea,Reservoir,BIM-core.DataArea
9A7E9A4E-24BC-4748-A786-53AD69472145,Property Model,PRPRTY_MDL,EnterpriseLevel,Yes,BIM-core.EnterpriseLevel
9A7E9A4E-24BC-4748-A786-53AD69472145,Property Model,PRPRTY_MDL,ExchangeId,{1B4CD6B8-EEF8-446B-A287-CD4AC3E1DF86},BIM-core.ExchangeId
1358017C-3A34-46B1-8492-2D26CD703349,Project Premises Report,PRJCT_PRMSS_RPRT,PD_ObjectID,1358017C-3A34-46B1-8492-2D26CD703349,
1358017C-3A34-46B1-8492-2D26CD703349,Project Premises Report,PRJCT_PRMSS_RPRT,PD_SourceExtraction,46603045,
1358017C-3A34-46B1-8492-2D26CD703349,Project Premises Report,PRJCT_PRMSS_RPRT,PD_SourceModel,SUBSURFACE AND WELLS,
1358017C-3A34-46B1-8492-2D26CD703349,Project Premises Report,PRJCT_PRMSS_RPRT,CSI,false,SHL_CDM_EntityPropertyExtension.CSI
1358017C-3A34-46B1-8492-2D26CD703349,Project Premises Report,PRJCT_PRMSS_RPRT,EntityUpdateDate,19/08/2021 Pass 3,SHL_CDM_EntityPropertyExtension.EntityUpdateDate
1358017C-3A34-46B1-8492-2D26CD703349,Project Premises Report,PRJCT_PRMSS_RPRT,MTED_EDaM_Business_Critical_Data,false,SHL_CDM_EntityPropertyExtension.MTED_EDaM_Business_Critical_Data
1358017C-3A34-46B1-8492-2D26CD703349,Project Premises Report,PRJCT_PRMSS_RPRT,MTED_Encryption_Required,false,SHL_CDM_EntityPropertyExtension.MTED_Encryption_Required
1358017C-3A34-46B1-8492-2D26CD703349,Project Premises Report,PRJCT_PRMSS_RPRT,PII,false,SHL_CDM_EntityPropertyExtension.PII
1358017C-3A34-46B1-8492-2D26CD703349,Project Premises Report,PRJCT_PRMSS_RPRT,Generation,true,SHL_CDM_EntityPropertyExtension.Generation
1358017C-3A34-46B1-8492-2D26CD703349,Project Premises Report,PRJCT_PRMSS_RPRT,MTED_EDaM_Design_Status,Approved,SHL_CDM_EntityPropertyExtension.MTED_EDaM_Design_Status
1358017C-3A34-46B1-8492-2D26CD703349,Project Premises Report,PRJCT_PRMSS_RPRT,MTED_Version_No,2021.2,SHL_CDM_EntityPropertyExtension.MTED_Version_No
1358017C-3A34-46B1-8492-2D26CD703349,Project Premises Report,PRJCT_PRMSS_RPRT,CommerciallySensitiveInformation,Commercially Sensitive Information,BIM-core.CommerciallySensitiveInformation
1358017C-3A34-46B1-8492-2D26CD703349,Project Premises Report,PRJCT_PRMSS_RPRT,Criticality,No Critical Data,BIM-core.Criticality
1358017C-3A34-46B1-8492-2D26CD703349,Project Premises Report,PRJCT_PRMSS_RPRT,DataCategory,Structured,BIM-core.DataCategory
1358017C-3A34-46B1-8492-2D26CD703349,Project Premises Report,PRJCT_PRMSS_RPRT,DataConfidentiality,Internal,BIM-core.DataConfidentiality
1358017C-3A34-46B1-8492-2D26CD703349,Project Premises Report,PRJCT_PRMSS_RPRT,DesignStatus,Approved,BIM-core.DesignStatus
1358017C-3A34-46B1-8492-2D26CD703349,Project Premises Report,PRJCT_PRMSS_RPRT,EntityCategory,Transaction,BIM-core.EntityCategory
1358017C-3A34-46B1-8492-2D26CD703349,Project Premises Report,PRJCT_PRMSS_RPRT,EntityPersonalData,No Personal Data,BIM-core.EntityPersonalData
1358017C-3A34-46B1-8492-2D26CD703349,Project Premises Report,PRJCT_PRMSS_RPRT,FinancialPersonalData,No Financial Personal Data,BIM-core.FinancialPersonalData
1358017C-3A34-46B1-8492-2D26CD703349,Project Premises Report,PRJCT_PRMSS_RPRT,SensitivePersonalData,No Sensitive Personal Data,BIM-core.SensitivePersonalData
1358017C-3A34-46B1-8492-2D26CD703349,Project Premises Report,PRJCT_PRMSS_RPRT,DataArea,Project Activity Study Lifecycle,BIM-core.DataArea
1358017C-3A34-46B1-8492-2D26CD703349,Project Premises Report,PRJCT_PRMSS_RPRT,EnterpriseLevel,Yes,BIM-core.EnterpriseLevel
1358017C-3A34-46B1-8492-2D26CD703349,Project Premises Report,PRJCT_PRMSS_RPRT,ExchangeId,{F7F3FC12-5B0E-4DB4-A5A9-11918085CD01},BIM-core.ExchangeId
4040C211-2436-4979-A911-B3EA5798353A,Project Maturity,PRJCT_MTRTY,PD_ObjectID,4040C211-2436-4979-A911-B3EA5798353A,
4040C211-2436-4979-A911-B3EA5798353A,Project Maturity,PRJCT_MTRTY,PD_SourceExtraction,46603045,
4040C211-2436-4979-A911-B3EA5798353A,Project Maturity,PRJCT_MTRTY,PD_SourceModel,SUBSURFACE AND WELLS,
4040C211-2436-4979-A911-B3EA5798353A,Project Maturity,PRJCT_MTRTY,MTED_EDaM_Entity_Data_Category,<unspecified>,SHL_CDM_EntityPropertyExtension.MTED_EDaM_Entity_Data_Category
4040C211-2436-4979-A911-B3EA5798353A,Project Maturity,PRJCT_MTRTY,MTED_EDaM_Entity_Critical_Data,<unspecified>,SHL_CDM_EntityPropertyExtension.MTED_EDaM_Entity_Critical_Data
4040C211-2436-4979-A911-B3EA5798353A,Project Maturity,PRJCT_MTRTY,MTED_EDaM_Entity_Quality_Indication,<unspecified>,SHL_CDM_EntityPropertyExtension.MTED_EDaM_Entity_Quality_Indication
4040C211-2436-4979-A911-B3EA5798353A,Project Maturity,PRJCT_MTRTY,MTED_EDaM_Entity_Availability_Indication,<unspecified>,SHL_CDM_EntityPropertyExtension.MTED_EDaM_Entity_Availability_Indication
4040C211-2436-4979-A911-B3EA5798353A,Project Maturity,PRJCT_MTRTY,MTED_EDaM_Security_Classification,<unspecified>,SHL_CDM_EntityPropertyExtension.MTED_EDaM_Security_Classification
4040C211-2436-4979-A911-B3EA5798353A,Project Maturity,PRJCT_MTRTY,MTED_EDaM_Design_Status,Approved,SHL_CDM_EntityPropertyExtension.MTED_EDaM_Design_Status
4040C211-2436-4979-A911-B3EA5798353A,Project Maturity,PRJCT_MTRTY,CSI,false,SHL_CDM_EntityPropertyExtension.CSI
4040C211-2436-4979-A911-B3EA5798353A,Project Maturity,PRJCT_MTRTY,MTED_EDaM_Business_Critical_Data,false,SHL_CDM_EntityPropertyExtension.MTED_EDaM_Business_Critical_Data
4040C211-2436-4979-A911-B3EA5798353A,Project Maturity,PRJCT_MTRTY,MTED_Encryption_Required,false,SHL_CDM_EntityPropertyExtension.MTED_Encryption_Required
4040C211-2436-4979-A911-B3EA5798353A,Project Maturity,PRJCT_MTRTY,PII,false,SHL_CDM_EntityPropertyExtension.PII
4040C211-2436-4979-A911-B3EA5798353A,Project Maturity,PRJCT_MTRTY,EntityUpdateDate,19/08/2021 Pass 3,SHL_CDM_EntityPropertyExtension.EntityUpdateDate
4040C211-2436-4979-A911-B3EA5798353A,Project Maturity,PRJCT_MTRTY,Generation,true,SHL_CDM_EntityPropertyExtension.Generation
4040C211-2436-4979-A911-B3EA5798353A,Project Maturity,PRJCT_MTRTY,MTED_Version_No,2021.2,SHL_CDM_EntityPropertyExtension.MTED_Version_No
4040C211-2436-4979-A911-B3EA5798353A,Project Maturity,PRJCT_MTRTY,CommerciallySensitiveInformation,No Commercially Sensitive Information,BIM-core.CommerciallySensitiveInformation
4040C211-2436-4979-A911-B3EA5798353A,Project Maturity,PRJCT_MTRTY,Criticality,No Critical Data,BIM-core.Criticality
4040C211-2436-4979-A911-B3EA5798353A,Project Maturity,PRJCT_MTRTY,DataCategory,Structured,BIM-core.DataCategory
4040C211-2436-4979-A911-B3EA5798353A,Project Maturity,PRJCT_MTRTY,DataConfidentiality,Internal,BIM-core.DataConfidentiality
4040C211-2436-4979-A911-B3EA5798353A,Project Maturity,PRJCT_MTRTY,DesignStatus,Approved,BIM-core.DesignStatus
4040C211-2436-4979-A911-B3EA5798353A,Project Maturity,PRJCT_MTRTY,EntityCategory,Transaction,BIM-core.EntityCategory
4040C211-2436-4979-A911-B3EA5798353A,Project Maturity,PRJCT_MTRTY,EntityPersonalData,No Personal Data,BIM-core.EntityPersonalData
4040C211-2436-4979-A911-B3EA5798353A,Project Maturity,PRJCT_MTRTY,FinancialPersonalData,No Financial Personal Data,BIM-core.FinancialPersonalData
4040C211-2436-4979-A911-B3EA5798353A,Project Maturity,PRJCT_MTRTY,SensitivePersonalData,No Sensitive Personal Data,BIM-core.SensitivePersonalData
4040C211-2436-4979-A911-B3EA5798353A,Project Maturity,PRJCT_MTRTY,DataArea,Well Activity,BIM-core.DataArea
4040C211-2436-4979-A911-B3EA5798353A,Project Maturity,PRJCT_MTRTY,EnterpriseLevel,Yes,BIM-core.EnterpriseLevel
4040C211-2436-4979-A911-B3EA5798353A,Project Maturity,PRJCT_MTRTY,ExchangeId,{1B0FA289-DD23-402F-A776-D13CE139E330},BIM-core.ExchangeId
91E8637C-5F21-4AAA-80F0-BC1FC8CAAB21,Project Execution Strategy,PRJCT_EXCTN_STRTGY,PD_ObjectID,91E8637C-5F21-4AAA-80F0-BC1FC8CAAB21,
91E8637C-5F21-4AAA-80F0-BC1FC8CAAB21,Project Execution Strategy,PRJCT_EXCTN_STRTGY,PD_SourceExtraction,46603045,
91E8637C-5F21-4AAA-80F0-BC1FC8CAAB21,Project Execution Strategy,PRJCT_EXCTN_STRTGY,PD_SourceModel,SUBSURFACE AND WELLS,
91E8637C-5F21-4AAA-80F0-BC1FC8CAAB21,Project Execution Strategy,PRJCT_EXCTN_STRTGY,CSI,false,SHL_CDM_EntityPropertyExtension.CSI
91E8637C-5F21-4AAA-80F0-BC1FC8CAAB21,Project Execution Strategy,PRJCT_EXCTN_STRTGY,EntityUpdateDate,19/08/2021 Pass 3,SHL_CDM_EntityPropertyExtension.EntityUpdateDate
91E8637C-5F21-4AAA-80F0-BC1FC8CAAB21,Project Execution Strategy,PRJCT_EXCTN_STRTGY,MTED_EDaM_Business_Critical_Data,false,SHL_CDM_EntityPropertyExtension.MTED_EDaM_Business_Critical_Data
91E8637C-5F21-4AAA-80F0-BC1FC8CAAB21,Project Execution Strategy,PRJCT_EXCTN_STRTGY,MTED_Encryption_Required,false,SHL_CDM_EntityPropertyExtension.MTED_Encryption_Required
91E8637C-5F21-4AAA-80F0-BC1FC8CAAB21,Project Execution Strategy,PRJCT_EXCTN_STRTGY,PII,false,SHL_CDM_EntityPropertyExtension.PII
91E8637C-5F21-4AAA-80F0-BC1FC8CAAB21,Project Execution Strategy,PRJCT_EXCTN_STRTGY,Generation,true,SHL_CDM_EntityPropertyExtension.Generation
91E8637C-5F21-4AAA-80F0-BC1FC8CAAB21,Project Execution Strategy,PRJCT_EXCTN_STRTGY,MTED_EDaM_Design_Status,Approved,SHL_CDM_EntityPropertyExtension.MTED_EDaM_Design_Status
91E8637C-5F21-4AAA-80F0-BC1FC8CAAB21,Project Execution Strategy,PRJCT_EXCTN_STRTGY,MTED_Version_No,2021.2,SHL_CDM_EntityPropertyExtension.MTED_Version_No
91E8637C-5F21-4AAA-80F0-BC1FC8CAAB21,Project Execution Strategy,PRJCT_EXCTN_STRTGY,CommerciallySensitiveInformation,Commercially Sensitive Information,BIM-core.CommerciallySensitiveInformation
91E8637C-5F21-4AAA-80F0-BC1FC8CAAB21,Project Execution Strategy,PRJCT_EXCTN_STRTGY,Criticality,No Critical Data,BIM-core.Criticality
91E8637C-5F21-4AAA-80F0-BC1FC8CAAB21,Project Execution Strategy,PRJCT_EXCTN_STRTGY,DataCategory,Structured,BIM-core.DataCategory
91E8637C-5F21-4AAA-80F0-BC1FC8CAAB21,Project Execution Strategy,PRJCT_EXCTN_STRTGY,DataConfidentiality,Internal,BIM-core.DataConfidentiality
91E8637C-5F21-4AAA-80F0-BC1FC8CAAB21,Project Execution Strategy,PRJCT_EXCTN_STRTGY,DesignStatus,Approved,BIM-core.DesignStatus
91E8637C-5F21-4AAA-80F0-BC1FC8CAAB21,Project Execution Strategy,PRJCT_EXCTN_STRTGY,EntityCategory,Transaction,BIM-core.EntityCategory
91E8637C-5F21-4AAA-80F0-BC1FC8CAAB21,Project Execution Strategy,PRJCT_EXCTN_STRTGY,EntityPersonalData,No Personal Data,BIM-core.EntityPersonalData
91E8637C-5F21-4AAA-80F0-BC1FC8CAAB21,Project Execution Strategy,PRJCT_EXCTN_STRTGY,FinancialPersonalData,No Financial Personal Data,BIM-core.FinancialPersonalData
91E8637C-5F21-4AAA-80F0-BC1FC8CAAB21,Project Execution Strategy,PRJCT_EXCTN_STRTGY,SensitivePersonalData,No Sensitive Personal Data,BIM-core.SensitivePersonalData
91E8637C-5F21-4AAA-80F0-BC1FC8CAAB21,Project Execution Strategy,PRJCT_EXCTN_STRTGY,DataArea,Project Activity Study Lifecycle,BIM-core.DataArea
91E8637C-5F21-4AAA-80F0-BC1FC8CAAB21,Project Execution Strategy,PRJCT_EXCTN_STRTGY,EnterpriseLevel,Yes,BIM-core.EnterpriseLevel
91E8637C-5F21-4AAA-80F0-BC1FC8CAAB21,Project Execution Strategy,PRJCT_EXCTN_STRTGY,ExchangeId,{E6722B3F-7C0F-4979-A26F-166C244DA433},BIM-core.ExchangeId
0B428F99-1DCC-4621-882D-0A60DCD9D4D8,Project,PRJCT,PD_ObjectID,0B428F99-1DCC-4621-882D-0A60DCD9D4D8,
0B428F99-1DCC-4621-882D-0A60DCD9D4D8,Project,PRJCT,PD_SourceExtraction,46603045,
0B428F99-1DCC-4621-882D-0A60DCD9D4D8,Project,PRJCT,PD_SourceModel,SUBSURFACE AND WELLS,
0B428F99-1DCC-4621-882D-0A60DCD9D4D8,Project,PRJCT,MTED_EDaM_Entity_Data_Category,<unspecified>,SHL_CDM_EntityPropertyExtension.MTED_EDaM_Entity_Data_Category
0B428F99-1DCC-4621-882D-0A60DCD9D4D8,Project,PRJCT,MTED_EDaM_Data_Owner,,SHL_CDM_EntityPropertyExtension.MTED_EDaM_Data_Owner
0B428F99-1DCC-4621-882D-0A60DCD9D4D8,Project,PRJCT,MTED_EDaM_Entity_Critical_Data,F,SHL_CDM_EntityPropertyExtension.MTED_EDaM_Entity_Critical_Data
0B428F99-1DCC-4621-882D-0A60DCD9D4D8,Project,PRJCT,MTED_EDaM_Entity_Quality_Indication,<unspecified>,SHL_CDM_EntityPropertyExtension.MTED_EDaM_Entity_Quality_Indication
0B428F99-1DCC-4621-882D-0A60DCD9D4D8,Project,PRJCT,MTED_EDaM_Entity_Availability_Indication,<unspecified>,SHL_CDM_EntityPropertyExtension.MTED_EDaM_Entity_Availability_Indication
0B428F99-1DCC-4621-882D-0A60DCD9D4D8,Project,PRJCT,MTED_EDaM_Security_Classification,Restricted,SHL_CDM_EntityPropertyExtension.MTED_EDaM_Security_Classification
0B428F99-1DCC-4621-882D-0A60DCD9D4D8,Project,PRJCT,MTED_EDaM_Design_Status,Approved,SHL_CDM_EntityPropertyExtension.MTED_EDaM_Design_Status
0B428F99-1DCC-4621-882D-0A60DCD9D4D8,Project,PRJCT,MTED_Version_No,2021.2,SHL_CDM_EntityPropertyExtension.MTED_Version_No
0B428F99-1DCC-4621-882D-0A60DCD9D4D8,Project,PRJCT,MTED_EDaM_Version_Date,,SHL_CDM_EntityPropertyExtension.MTED_EDaM_Version_Date
0B428F99-1DCC-4621-882D-0A60DCD9D4D8,Project,PRJCT,CSI,false,SHL_CDM_EntityPropertyExtension.CSI
0B428F99-1DCC-4621-882D-0A60DCD9D4D8,Project,PRJCT,MTED_EDaM_Business_Critical_Data,false,SHL_CDM_EntityPropertyExtension.MTED_EDaM_Business_Critical_Data
0B428F99-1DCC-4621-882D-0A60DCD9D4D8,Project,PRJCT,MTED_EDaM_Entity_Maps_To_Entity,"""01_EDC_Area"".""Project Activity""",SHL_CDM_EntityPropertyExtension.MTED_EDaM_Entity_Maps_To_Entity
0B428F99-1DCC-4621-882D-0A60DCD9D4D8,Project,PRJCT,MTED_Encryption_Required,false,SHL_CDM_EntityPropertyExtension.MTED_Encryption_Required
0B428F99-1DCC-4621-882D-0A60DCD9D4D8,Project,PRJCT,PII,false,SHL_CDM_EntityPropertyExtension.PII
0B428F99-1DCC-4621-882D-0A60DCD9D4D8,Project,PRJCT,EntityUpdateDate,19/08/2021 Pass 3,SHL_CDM_EntityPropertyExtension.EntityUpdateDate
0B428F99-1DCC-4621-882D-0A60DCD9D4D8,Project,PRJCT,Generation,true,SHL_CDM_EntityPropertyExtension.Generation
0B428F99-1DCC-4621-882D-0A60DCD9D4D8,Project,PRJCT,CommerciallySensitiveInformation,No Commercially Sensitive Information,BIM-core.CommerciallySensitiveInformation
0B428F99-1DCC-4621-882D-0A60DCD9D4D8,Project,PRJCT,Criticality,Critical Data,BIM-core.Criticality
0B428F99-1DCC-4621-882D-0A60DCD9D4D8,Project,PRJCT,DataCategory,Structured,BIM-core.DataCategory
0B428F99-1DCC-4621-882D-0A60DCD9D4D8,Project,PRJCT,DataConfidentiality,Confidential,BIM-core.DataConfidentiality
0B428F99-1DCC-4621-882D-0A60DCD9D4D8,Project,PRJCT,EntityPersonalData,No Personal Data,BIM-core.EntityPersonalData
0B428F99-1DCC-4621-882D-0A60DCD9D4D8,Project,PRJCT,FinancialPersonalData,No Financial Personal Data,BIM-core.FinancialPersonalData
0B428F99-1DCC-4621-882D-0A60DCD9D4D8,Project,PRJCT,SensitivePersonalData,No Sensitive Personal Data,BIM-core.SensitivePersonalData
0B428F99-1DCC-4621-882D-0A60DCD9D4D8,Project,PRJCT,EntityCategory,Transaction,BIM-core.EntityCategory
0B428F99-1DCC-4621-882D-0A60DCD9D4D8,Project,PRJCT,DesignStatus,Approved,BIM-core.DesignStatus
0B428F99-1DCC-4621-882D-0A60DCD9D4D8,Project,PRJCT,DataArea,"Work Order, Activity & Schedule",BIM-core.DataArea
0B428F99-1DCC-4621-882D-0A60DCD9D4D8,Project,PRJCT,EnterpriseLevel,No,BIM-core.EnterpriseLevel
0B428F99-1DCC-4621-882D-0A60DCD9D4D8,Project,PRJCT,ExchangeId,{39FE5177-8D08-436E-8E4C-05D0299B24AB},BIM-core.ExchangeId
B6814AE9-0DB0-4467-8DE5-09FC5821B793,Production Schedule,PRDCTN_SCHDL,PD_ObjectID,B6814AE9-0DB0-4467-8DE5-09FC5821B793,
B6814AE9-0DB0-4467-8DE5-09FC5821B793,Production Schedule,PRDCTN_SCHDL,PD_SourceExtraction,46603045,
B6814AE9-0DB0-4467-8DE5-09FC5821B793,Production Schedule,PRDCTN_SCHDL,PD_SourceModel,SUBSURFACE AND WELLS,
B6814AE9-0DB0-4467-8DE5-09FC5821B793,Production Schedule,PRDCTN_SCHDL,CSI,false,SHL_CDM_EntityPropertyExtension.CSI
B6814AE9-0DB0-4467-8DE5-09FC5821B793,Production Schedule,PRDCTN_SCHDL,MTED_EDaM_Business_Critical_Data,false,SHL_CDM_EntityPropertyExtension.MTED_EDaM_Business_Critical_Data
B6814AE9-0DB0-4467-8DE5-09FC5821B793,Production Schedule,PRDCTN_SCHDL,MTED_Encryption_Required,false,SHL_CDM_EntityPropertyExtension.MTED_Encryption_Required
B6814AE9-0DB0-4467-8DE5-09FC5821B793,Production Schedule,PRDCTN_SCHDL,PII,false,SHL_CDM_EntityPropertyExtension.PII
B6814AE9-0DB0-4467-8DE5-09FC5821B793,Production Schedule,PRDCTN_SCHDL,EntityUpdateDate,19/08/2021 Pass 3,SHL_CDM_EntityPropertyExtension.EntityUpdateDate
B6814AE9-0DB0-4467-8DE5-09FC5821B793,Production Schedule,PRDCTN_SCHDL,MTED_EDaM_Design_Status,Approved,SHL_CDM_EntityPropertyExtension.MTED_EDaM_Design_Status
B6814AE9-0DB0-4467-8DE5-09FC5821B793,Production Schedule,PRDCTN_SCHDL,MTED_Version_No,2021.2,SHL_CDM_EntityPropertyExtension.MTED_Version_No
B6814AE9-0DB0-4467-8DE5-09FC5821B793,Production Schedule,PRDCTN_SCHDL,Generation,true,SHL_CDM_EntityPropertyExtension.Generation
B6814AE9-0DB0-4467-8DE5-09FC5821B793,Production Schedule,PRDCTN_SCHDL,CommerciallySensitiveInformation,No Commercially Sensitive Information,BIM-core.CommerciallySensitiveInformation
B6814AE9-0DB0-4467-8DE5-09FC5821B793,Production Schedule,PRDCTN_SCHDL,Criticality,Critical Data,BIM-core.Criticality
B6814AE9-0DB0-4467-8DE5-09FC5821B793,Production Schedule,PRDCTN_SCHDL,DataCategory,Structured,BIM-core.DataCategory
B6814AE9-0DB0-4467-8DE5-09FC5821B793,Production Schedule,PRDCTN_SCHDL,DataConfidentiality,Internal,BIM-core.DataConfidentiality
B6814AE9-0DB0-4467-8DE5-09FC5821B793,Production Schedule,PRDCTN_SCHDL,DesignStatus,Approved,BIM-core.DesignStatus
B6814AE9-0DB0-4467-8DE5-09FC5821B793,Production Schedule,PRDCTN_SCHDL,EntityCategory,Transaction,BIM-core.EntityCategory
B6814AE9-0DB0-4467-8DE5-09FC5821B793,Production Schedule,PRDCTN_SCHDL,EntityPersonalData,No Personal Data,BIM-core.EntityPersonalData
B6814AE9-0DB0-4467-8DE5-09FC5821B793,Production Schedule,PRDCTN_SCHDL,FinancialPersonalData,No Financial Personal Data,BIM-core.FinancialPersonalData
B6814AE9-0DB0-4467-8DE5-09FC5821B793,Production Schedule,PRDCTN_SCHDL,SensitivePersonalData,No Sensitive Personal Data,BIM-core.SensitivePersonalData
B6814AE9-0DB0-4467-8DE5-09FC5821B793,Production Schedule,PRDCTN_SCHDL,DataArea,Production Schedule,BIM-core.DataArea
B6814AE9-0DB0-4467-8DE5-09FC5821B793,Production Schedule,PRDCTN_SCHDL,EnterpriseLevel,No,BIM-core.EnterpriseLevel
B6814AE9-0DB0-4467-8DE5-09FC5821B793,Production Schedule,PRDCTN_SCHDL,ExchangeId,{5D36F882-EBD2-4A68-BE2E-984CEADBC922},BIM-core.ExchangeId
05B67441-F695-43AB-BD41-2D07D6D0534B,Production Related Material,PRDCTN_RLTD_MTRL,PD_ObjectID,05B67441-F695-43AB-BD41-2D07D6D0534B,
05B67441-F695-43AB-BD41-2D07D6D0534B,Production Related Material,PRDCTN_RLTD_MTRL,PD_SourceExtraction,46603045,
05B67441-F695-43AB-BD41-2D07D6D0534B,Production Related Material,PRDCTN_RLTD_MTRL,PD_SourceModel,SUBSURFACE AND WELLS,
05B67441-F695-43AB-BD41-2D07D6D0534B,Production Related Material,PRDCTN_RLTD_MTRL,CSI,false,SHL_CDM_EntityPropertyExtension.CSI
05B67441-F695-43AB-BD41-2D07D6D0534B,Production Related Material,PRDCTN_RLTD_MTRL,MTED_EDaM_Business_Critical_Data,false,SHL_CDM_EntityPropertyExtension.MTED_EDaM_Business_Critical_Data
05B67441-F695-43AB-BD41-2D07D6D0534B,Production Related Material,PRDCTN_RLTD_MTRL,MTED_Encryption_Required,false,SHL_CDM_EntityPropertyExtension.MTED_Encryption_Required
05B67441-F695-43AB-BD41-2D07D6D0534B,Production Related Material,PRDCTN_RLTD_MTRL,PII,false,SHL_CDM_EntityPropertyExtension.PII
05B67441-F695-43AB-BD41-2D07D6D0534B,Production Related Material,PRDCTN_RLTD_MTRL,EntityUpdateDate,19/08/2021 Pass 3,SHL_CDM_EntityPropertyExtension.EntityUpdateDate
05B67441-F695-43AB-BD41-2D07D6D0534B,Production Related Material,PRDCTN_RLTD_MTRL,MTED_EDaM_Design_Status,Approved,SHL_CDM_EntityPropertyExtension.MTED_EDaM_Design_Status
05B67441-F695-43AB-BD41-2D07D6D0534B,Production Related Material,PRDCTN_RLTD_MTRL,MTED_Version_No,2021.2,SHL_CDM_EntityPropertyExtension.MTED_Version_No
05B67441-F695-43AB-BD41-2D07D6D0534B,Production Related Material,PRDCTN_RLTD_MTRL,Generation,true,SHL_CDM_EntityPropertyExtension.Generation
05B67441-F695-43AB-BD41-2D07D6D0534B,Production Related Material,PRDCTN_RLTD_MTRL,CommerciallySensitiveInformation,No Commercially Sensitive Information,BIM-core.CommerciallySensitiveInformation
05B67441-F695-43AB-BD41-2D07D6D0534B,Production Related Material,PRDCTN_RLTD_MTRL,Criticality,No Critical Data,BIM-core.Criticality
05B67441-F695-43AB-BD41-2D07D6D0534B,Production Related Material,PRDCTN_RLTD_MTRL,DataCategory,Structured,BIM-core.DataCategory
05B67441-F695-43AB-BD41-2D07D6D0534B,Production Related Material,PRDCTN_RLTD_MTRL,DataConfidentiality,Internal,BIM-core.DataConfidentiality
05B67441-F695-43AB-BD41-2D07D6D0534B,Production Related Material,PRDCTN_RLTD_MTRL,DesignStatus,Approved,BIM-core.DesignStatus
05B67441-F695-43AB-BD41-2D07D6D0534B,Production Related Material,PRDCTN_RLTD_MTRL,EntityCategory,Master,BIM-core.EntityCategory
05B67441-F695-43AB-BD41-2D07D6D0534B,Production Related Material,PRDCTN_RLTD_MTRL,EntityPersonalData,No Personal Data,BIM-core.EntityPersonalData
05B67441-F695-43AB-BD41-2D07D6D0534B,Production Related Material,PRDCTN_RLTD_MTRL,FinancialPersonalData,No Financial Personal Data,BIM-core.FinancialPersonalData
05B67441-F695-43AB-BD41-2D07D6D0534B,Production Related Material,PRDCTN_RLTD_MTRL,SensitivePersonalData,No Sensitive Personal Data,BIM-core.SensitivePersonalData
05B67441-F695-43AB-BD41-2D07D6D0534B,Production Related Material,PRDCTN_RLTD_MTRL,DataArea,Production Forecast & Plan,BIM-core.DataArea
05B67441-F695-43AB-BD41-2D07D6D0534B,Production Related Material,PRDCTN_RLTD_MTRL,EnterpriseLevel,No,BIM-core.EnterpriseLevel
05B67441-F695-43AB-BD41-2D07D6D0534B,Production Related Material,PRDCTN_RLTD_MTRL,ExchangeId,{F39EB061-44CD-4C6A-AC8E-1E8F3038B864},BIM-core.ExchangeId
A0962FDA-8BD0-4486-A2F0-FCB0C0C84A64,Production Plan,PRDCTN_PLN,PD_ObjectID,A0962FDA-8BD0-4486-A2F0-FCB0C0C84A64,
A0962FDA-8BD0-4486-A2F0-FCB0C0C84A64,Production Plan,PRDCTN_PLN,PD_SourceExtraction,46603045,
A0962FDA-8BD0-4486-A2F0-FCB0C0C84A64,Production Plan,PRDCTN_PLN,PD_SourceModel,SUBSURFACE AND WELLS,
A0962FDA-8BD0-4486-A2F0-FCB0C0C84A64,Production Plan,PRDCTN_PLN,CSI,false,SHL_CDM_EntityPropertyExtension.CSI
A0962FDA-8BD0-4486-A2F0-FCB0C0C84A64,Production Plan,PRDCTN_PLN,EntityUpdateDate,19/08/2021 Pass 3,SHL_CDM_EntityPropertyExtension.EntityUpdateDate
A0962FDA-8BD0-4486-A2F0-FCB0C0C84A64,Production Plan,PRDCTN_PLN,MTED_EDaM_Business_Critical_Data,false,SHL_CDM_EntityPropertyExtension.MTED_EDaM_Business_Critical_Data
A0962FDA-8BD0-4486-A2F0-FCB0C0C84A64,Production Plan,PRDCTN_PLN,MTED_EDaM_Entity_Availability_Indication,<unspecified>,SHL_CDM_EntityPropertyExtension.MTED_EDaM_Entity_Availability_Indication
A0962FDA-8BD0-4486-A2F0-FCB0C0C84A64,Production Plan,PRDCTN_PLN,MTED_EDaM_Entity_Critical_Data,<unspecified>,SHL_CDM_EntityPropertyExtension.MTED_EDaM_Entity_Critical_Data
A0962FDA-8BD0-4486-A2F0-FCB0C0C84A64,Production Plan,PRDCTN_PLN,MTED_EDaM_Entity_Data_Category,<unspecified>,SHL_CDM_EntityPropertyExtension.MTED_EDaM_Entity_Data_Category
A0962FDA-8BD0-4486-A2F0-FCB0C0C84A64,Production Plan,PRDCTN_PLN,MTED_EDaM_Entity_Quality_Indication,<unspecified>,SHL_CDM_EntityPropertyExtension.MTED_EDaM_Entity_Quality_Indication
A0962FDA-8BD0-4486-A2F0-FCB0C0C84A64,Production Plan,PRDCTN_PLN,MTED_EDaM_Security_Classification,<unspecified>,SHL_CDM_EntityPropertyExtension.MTED_EDaM_Security_Classification
A0962FDA-8BD0-4486-A2F0-FCB0C0C84A64,Production Plan,PRDCTN_PLN,MTED_Encryption_Required,false,SHL_CDM_EntityPropertyExtension.MTED_Encryption_Required
A0962FDA-8BD0-4486-A2F0-FCB0C0C84A64,Production Plan,PRDCTN_PLN,PII,false,SHL_CDM_EntityPropertyExtension.PII
A0962FDA-8BD0-4486-A2F0-FCB0C0C84A64,Production Plan,PRDCTN_PLN,Generation,true,SHL_CDM_EntityPropertyExtension.Generation
A0962FDA-8BD0-4486-A2F0-FCB0C0C84A64,Production Plan,PRDCTN_PLN,MTED_EDaM_Design_Status,Approved,SHL_CDM_EntityPropertyExtension.MTED_EDaM_Design_Status
A0962FDA-8BD0-4486-A2F0-FCB0C0C84A64,Production Plan,PRDCTN_PLN,MTED_Version_No,2021.2,SHL_CDM_EntityPropertyExtension.MTED_Version_No
A0962FDA-8BD0-4486-A2F0-FCB0C0C84A64,Production Plan,PRDCTN_PLN,DataArea,Production Forecast & Plan,BIM-core.DataArea
A0962FDA-8BD0-4486-A2F0-FCB0C0C84A64,Production Plan,PRDCTN_PLN,EnterpriseLevel,No,BIM-core.EnterpriseLevel
A0962FDA-8BD0-4486-A2F0-FCB0C0C84A64,Production Plan,PRDCTN_PLN,ExchangeId,{2FBF1617-AD9C-4FB3-84C9-C6AE3C51FB04},BIM-core.ExchangeId
2215D4F4-02A4-43FA-9B15-046317CBDF79,Production Forecast Version,PRDCTN_FRCST_VRSN,PD_ObjectID,2215D4F4-02A4-43FA-9B15-046317CBDF79,
2215D4F4-02A4-43FA-9B15-046317CBDF79,Production Forecast Version,PRDCTN_FRCST_VRSN,PD_SourceExtraction,46603045,
2215D4F4-02A4-43FA-9B15-046317CBDF79,Production Forecast Version,PRDCTN_FRCST_VRSN,PD_SourceModel,SUBSURFACE AND WELLS,
2215D4F4-02A4-43FA-9B15-046317CBDF79,Production Forecast Version,PRDCTN_FRCST_VRSN,CSI,false,SHL_CDM_EntityPropertyExtension.CSI
2215D4F4-02A4-43FA-9B15-046317CBDF79,Production Forecast Version,PRDCTN_FRCST_VRSN,MTED_EDaM_Business_Critical_Data,false,SHL_CDM_EntityPropertyExtension.MTED_EDaM_Business_Critical_Data
2215D4F4-02A4-43FA-9B15-046317CBDF79,Production Forecast Version,PRDCTN_FRCST_VRSN,MTED_Encryption_Required,false,SHL_CDM_EntityPropertyExtension.MTED_Encryption_Required
2215D4F4-02A4-43FA-9B15-046317CBDF79,Production Forecast Version,PRDCTN_FRCST_VRSN,PII,false,SHL_CDM_EntityPropertyExtension.PII
2215D4F4-02A4-43FA-9B15-046317CBDF79,Production Forecast Version,PRDCTN_FRCST_VRSN,EntityUpdateDate,19/08/2021 Pass 3,SHL_CDM_EntityPropertyExtension.EntityUpdateDate
2215D4F4-02A4-43FA-9B15-046317CBDF79,Production Forecast Version,PRDCTN_FRCST_VRSN,MTED_EDaM_Design_Status,Approved,SHL_CDM_EntityPropertyExtension.MTED_EDaM_Design_Status
2215D4F4-02A4-43FA-9B15-046317CBDF79,Production Forecast Version,PRDCTN_FRCST_VRSN,MTED_Version_No,2021.2,SHL_CDM_EntityPropertyExtension.MTED_Version_No
2215D4F4-02A4-43FA-9B15-046317CBDF79,Production Forecast Version,PRDCTN_FRCST_VRSN,Generation,true,SHL_CDM_EntityPropertyExtension.Generation
2215D4F4-02A4-43FA-9B15-046317CBDF79,Production Forecast Version,PRDCTN_FRCST_VRSN,CommerciallySensitiveInformation,No Commercially Sensitive Information,BIM-core.CommerciallySensitiveInformation
2215D4F4-02A4-43FA-9B15-046317CBDF79,Production Forecast Version,PRDCTN_FRCST_VRSN,Criticality,Critical Data,BIM-core.Criticality
2215D4F4-02A4-43FA-9B15-046317CBDF79,Production Forecast Version,PRDCTN_FRCST_VRSN,DataCategory,Structured,BIM-core.DataCategory
2215D4F4-02A4-43FA-9B15-046317CBDF79,Production Forecast Version,PRDCTN_FRCST_VRSN,DataConfidentiality,Internal,BIM-core.DataConfidentiality
2215D4F4-02A4-43FA-9B15-046317CBDF79,Production Forecast Version,PRDCTN_FRCST_VRSN,DesignStatus,Approved,BIM-core.DesignStatus
2215D4F4-02A4-43FA-9B15-046317CBDF79,Production Forecast Version,PRDCTN_FRCST_VRSN,EntityCategory,Transaction,BIM-core.EntityCategory
2215D4F4-02A4-43FA-9B15-046317CBDF79,Production Forecast Version,PRDCTN_FRCST_VRSN,EntityPersonalData,No Personal Data,BIM-core.EntityPersonalData
2215D4F4-02A4-43FA-9B15-046317CBDF79,Production Forecast Version,PRDCTN_FRCST_VRSN,FinancialPersonalData,No Financial Personal Data,BIM-core.FinancialPersonalData
2215D4F4-02A4-43FA-9B15-046317CBDF79,Production Forecast Version,PRDCTN_FRCST_VRSN,SensitivePersonalData,No Sensitive Personal Data,BIM-core.SensitivePersonalData
2215D4F4-02A4-43FA-9B15-046317CBDF79,Production Forecast Version,PRDCTN_FRCST_VRSN,DataArea,Production Forecast & Plan,BIM-core.DataArea
2215D4F4-02A4-43FA-9B15-046317CBDF79,Production Forecast Version,PRDCTN_FRCST_VRSN,EnterpriseLevel,No,BIM-core.EnterpriseLevel
2215D4F4-02A4-43FA-9B15-046317CBDF79,Production Forecast Version,PRDCTN_FRCST_VRSN,ExchangeId,{E61A0F6F-ADFF-44B6-A4C6-E9D0CBFA9D0A},BIM-core.ExchangeId
B3BCFCC8-E14E-4B34-9B1C-F1112A4AF155,Production Forecast Value,PRDCTN_FRCST_VL,PD_ObjectID,B3BCFCC8-E14E-4B34-9B1C-F1112A4AF155,
B3BCFCC8-E14E-4B34-9B1C-F1112A4AF155,Production Forecast Value,PRDCTN_FRCST_VL,PD_SourceExtraction,46603045,
B3BCFCC8-E14E-4B34-9B1C-F1112A4AF155,Production Forecast Value,PRDCTN_FRCST_VL,PD_SourceModel,SUBSURFACE AND WELLS,
B3BCFCC8-E14E-4B34-9B1C-F1112A4AF155,Production Forecast Value,PRDCTN_FRCST_VL,CSI,false,SHL_CDM_EntityPropertyExtension.CSI
B3BCFCC8-E14E-4B34-9B1C-F1112A4AF155,Production Forecast Value,PRDCTN_FRCST_VL,MTED_EDaM_Business_Critical_Data,false,SHL_CDM_EntityPropertyExtension.MTED_EDaM_Business_Critical_Data
B3BCFCC8-E14E-4B34-9B1C-F1112A4AF155,Production Forecast Value,PRDCTN_FRCST_VL,MTED_Encryption_Required,false,SHL_CDM_EntityPropertyExtension.MTED_Encryption_Required
B3BCFCC8-E14E-4B34-9B1C-F1112A4AF155,Production Forecast Value,PRDCTN_FRCST_VL,PII,false,SHL_CDM_EntityPropertyExtension.PII
B3BCFCC8-E14E-4B34-9B1C-F1112A4AF155,Production Forecast Value,PRDCTN_FRCST_VL,EntityUpdateDate,19/08/2021 Pass 3,SHL_CDM_EntityPropertyExtension.EntityUpdateDate
B3BCFCC8-E14E-4B34-9B1C-F1112A4AF155,Production Forecast Value,PRDCTN_FRCST_VL,MTED_EDaM_Design_Status,Approved,SHL_CDM_EntityPropertyExtension.MTED_EDaM_Design_Status
B3BCFCC8-E14E-4B34-9B1C-F1112A4AF155,Production Forecast Value,PRDCTN_FRCST_VL,MTED_Version_No,2021.2,SHL_CDM_EntityPropertyExtension.MTED_Version_No
B3BCFCC8-E14E-4B34-9B1C-F1112A4AF155,Production Forecast Value,PRDCTN_FRCST_VL,Generation,true,SHL_CDM_EntityPropertyExtension.Generation
B3BCFCC8-E14E-4B34-9B1C-F1112A4AF155,Production Forecast Value,PRDCTN_FRCST_VL,CommerciallySensitiveInformation,No Commercially Sensitive Information,BIM-core.CommerciallySensitiveInformation
B3BCFCC8-E14E-4B34-9B1C-F1112A4AF155,Production Forecast Value,PRDCTN_FRCST_VL,Criticality,Critical Data,BIM-core.Criticality
B3BCFCC8-E14E-4B34-9B1C-F1112A4AF155,Production Forecast Value,PRDCTN_FRCST_VL,DataCategory,Structured,BIM-core.DataCategory
B3BCFCC8-E14E-4B34-9B1C-F1112A4AF155,Production Forecast Value,PRDCTN_FRCST_VL,DataConfidentiality,Internal,BIM-core.DataConfidentiality
B3BCFCC8-E14E-4B34-9B1C-F1112A4AF155,Production Forecast Value,PRDCTN_FRCST_VL,DesignStatus,Approved,BIM-core.DesignStatus
B3BCFCC8-E14E-4B34-9B1C-F1112A4AF155,Production Forecast Value,PRDCTN_FRCST_VL,EntityCategory,Transaction,BIM-core.EntityCategory
B3BCFCC8-E14E-4B34-9B1C-F1112A4AF155,Production Forecast Value,PRDCTN_FRCST_VL,EntityPersonalData,No Personal Data,BIM-core.EntityPersonalData
B3BCFCC8-E14E-4B34-9B1C-F1112A4AF155,Production Forecast Value,PRDCTN_FRCST_VL,FinancialPersonalData,No Financial Personal Data,BIM-core.FinancialPersonalData
B3BCFCC8-E14E-4B34-9B1C-F1112A4AF155,Production Forecast Value,PRDCTN_FRCST_VL,SensitivePersonalData,No Sensitive Personal Data,BIM-core.SensitivePersonalData
B3BCFCC8-E14E-4B34-9B1C-F1112A4AF155,Production Forecast Value,PRDCTN_FRCST_VL,DataArea,Production Forecast & Plan,BIM-core.DataArea
B3BCFCC8-E14E-4B34-9B1C-F1112A4AF155,Production Forecast Value,PRDCTN_FRCST_VL,EnterpriseLevel,No,BIM-core.EnterpriseLevel
B3BCFCC8-E14E-4B34-9B1C-F1112A4AF155,Production Forecast Value,PRDCTN_FRCST_VL,ExchangeId,{06B56919-389B-4722-95B5-81D7893FCFCA},BIM-core.ExchangeId
10397FD8-3300-4142-B17C-387F704114AB,Production Forecast Objective,PRDCTN_FRCST_OBJCTV,PD_ObjectID,10397FD8-3300-4142-B17C-387F704114AB,
10397FD8-3300-4142-B17C-387F704114AB,Production Forecast Objective,PRDCTN_FRCST_OBJCTV,PD_SourceExtraction,46603045,
10397FD8-3300-4142-B17C-387F704114AB,Production Forecast Objective,PRDCTN_FRCST_OBJCTV,PD_SourceModel,SUBSURFACE AND WELLS,
10397FD8-3300-4142-B17C-387F704114AB,Production Forecast Objective,PRDCTN_FRCST_OBJCTV,CSI,false,SHL_CDM_EntityPropertyExtension.CSI
10397FD8-3300-4142-B17C-387F704114AB,Production Forecast Objective,PRDCTN_FRCST_OBJCTV,MTED_EDaM_Business_Critical_Data,false,SHL_CDM_EntityPropertyExtension.MTED_EDaM_Business_Critical_Data
10397FD8-3300-4142-B17C-387F704114AB,Production Forecast Objective,PRDCTN_FRCST_OBJCTV,MTED_Encryption_Required,false,SHL_CDM_EntityPropertyExtension.MTED_Encryption_Required
10397FD8-3300-4142-B17C-387F704114AB,Production Forecast Objective,PRDCTN_FRCST_OBJCTV,PII,false,SHL_CDM_EntityPropertyExtension.PII
10397FD8-3300-4142-B17C-387F704114AB,Production Forecast Objective,PRDCTN_FRCST_OBJCTV,EntityUpdateDate,19/08/2021 Pass 3,SHL_CDM_EntityPropertyExtension.EntityUpdateDate
10397FD8-3300-4142-B17C-387F704114AB,Production Forecast Objective,PRDCTN_FRCST_OBJCTV,MTED_EDaM_Design_Status,Approved,SHL_CDM_EntityPropertyExtension.MTED_EDaM_Design_Status
10397FD8-3300-4142-B17C-387F704114AB,Production Forecast Objective,PRDCTN_FRCST_OBJCTV,MTED_Version_No,2021.2,SHL_CDM_EntityPropertyExtension.MTED_Version_No
10397FD8-3300-4142-B17C-387F704114AB,Production Forecast Objective,PRDCTN_FRCST_OBJCTV,Generation,true,SHL_CDM_EntityPropertyExtension.Generation
10397FD8-3300-4142-B17C-387F704114AB,Production Forecast Objective,PRDCTN_FRCST_OBJCTV,CommerciallySensitiveInformation,No Commercially Sensitive Information,BIM-core.CommerciallySensitiveInformation
10397FD8-3300-4142-B17C-387F704114AB,Production Forecast Objective,PRDCTN_FRCST_OBJCTV,Criticality,No Critical Data,BIM-core.Criticality
10397FD8-3300-4142-B17C-387F704114AB,Production Forecast Objective,PRDCTN_FRCST_OBJCTV,DataCategory,Structured,BIM-core.DataCategory
10397FD8-3300-4142-B17C-387F704114AB,Production Forecast Objective,PRDCTN_FRCST_OBJCTV,DataConfidentiality,Internal,BIM-core.DataConfidentiality
10397FD8-3300-4142-B17C-387F704114AB,Production Forecast Objective,PRDCTN_FRCST_OBJCTV,DesignStatus,Approved,BIM-core.DesignStatus
10397FD8-3300-4142-B17C-387F704114AB,Production Forecast Objective,PRDCTN_FRCST_OBJCTV,EntityCategory,Transaction,BIM-core.EntityCategory
10397FD8-3300-4142-B17C-387F704114AB,Production Forecast Objective,PRDCTN_FRCST_OBJCTV,EntityPersonalData,No Personal Data,BIM-core.EntityPersonalData
10397FD8-3300-4142-B17C-387F704114AB,Production Forecast Objective,PRDCTN_FRCST_OBJCTV,FinancialPersonalData,No Financial Personal Data,BIM-core.FinancialPersonalData
10397FD8-3300-4142-B17C-387F704114AB,Production Forecast Objective,PRDCTN_FRCST_OBJCTV,SensitivePersonalData,No Sensitive Personal Data,BIM-core.SensitivePersonalData
10397FD8-3300-4142-B17C-387F704114AB,Production Forecast Objective,PRDCTN_FRCST_OBJCTV,DataArea,Production Forecast & Plan,BIM-core.DataArea
10397FD8-3300-4142-B17C-387F704114AB,Production Forecast Objective,PRDCTN_FRCST_OBJCTV,EnterpriseLevel,No,BIM-core.EnterpriseLevel
10397FD8-3300-4142-B17C-387F704114AB,Production Forecast Objective,PRDCTN_FRCST_OBJCTV,ExchangeId,{2495AD37-FDA9-4E43-B772-40EF5EFBE462},BIM-core.ExchangeId
EE151D37-CF14-4D52-BE23-4CBC891A8017,Production Forecast,PRDCTN_FRCST,PD_ObjectID,EE151D37-CF14-4D52-BE23-4CBC891A8017,
EE151D37-CF14-4D52-BE23-4CBC891A8017,Production Forecast,PRDCTN_FRCST,PD_SourceExtraction,46603045,
EE151D37-CF14-4D52-BE23-4CBC891A8017,Production Forecast,PRDCTN_FRCST,PD_SourceModel,SUBSURFACE AND WELLS,
EE151D37-CF14-4D52-BE23-4CBC891A8017,Production Forecast,PRDCTN_FRCST,CSI,false,SHL_CDM_EntityPropertyExtension.CSI
EE151D37-CF14-4D52-BE23-4CBC891A8017,Production Forecast,PRDCTN_FRCST,MTED_EDaM_Business_Critical_Data,false,SHL_CDM_EntityPropertyExtension.MTED_EDaM_Business_Critical_Data
EE151D37-CF14-4D52-BE23-4CBC891A8017,Production Forecast,PRDCTN_FRCST,MTED_Encryption_Required,false,SHL_CDM_EntityPropertyExtension.MTED_Encryption_Required
EE151D37-CF14-4D52-BE23-4CBC891A8017,Production Forecast,PRDCTN_FRCST,PII,false,SHL_CDM_EntityPropertyExtension.PII
EE151D37-CF14-4D52-BE23-4CBC891A8017,Production Forecast,PRDCTN_FRCST,EntityUpdateDate,19/08/2021 Pass 3,SHL_CDM_EntityPropertyExtension.EntityUpdateDate
EE151D37-CF14-4D52-BE23-4CBC891A8017,Production Forecast,PRDCTN_FRCST,MTED_EDaM_Design_Status,Approved,SHL_CDM_EntityPropertyExtension.MTED_EDaM_Design_Status
EE151D37-CF14-4D52-BE23-4CBC891A8017,Production Forecast,PRDCTN_FRCST,MTED_Version_No,2021.2,SHL_CDM_EntityPropertyExtension.MTED_Version_No
EE151D37-CF14-4D52-BE23-4CBC891A8017,Production Forecast,PRDCTN_FRCST,Generation,true,SHL_CDM_EntityPropertyExtension.Generation
EE151D37-CF14-4D52-BE23-4CBC891A8017,Production Forecast,PRDCTN_FRCST,CommerciallySensitiveInformation,No Commercially Sensitive Information,BIM-core.CommerciallySensitiveInformation
EE151D37-CF14-4D52-BE23-4CBC891A8017,Production Forecast,PRDCTN_FRCST,Criticality,Critical Data,BIM-core.Criticality
EE151D37-CF14-4D52-BE23-4CBC891A8017,Production Forecast,PRDCTN_FRCST,DataCategory,Structured,BIM-core.DataCategory
EE151D37-CF14-4D52-BE23-4CBC891A8017,Production Forecast,PRDCTN_FRCST,DataConfidentiality,Internal,BIM-core.DataConfidentiality
EE151D37-CF14-4D52-BE23-4CBC891A8017,Production Forecast,PRDCTN_FRCST,DesignStatus,Approved,BIM-core.DesignStatus
EE151D37-CF14-4D52-BE23-4CBC891A8017,Production Forecast,PRDCTN_FRCST,EntityCategory,Transaction,BIM-core.EntityCategory
EE151D37-CF14-4D52-BE23-4CBC891A8017,Production Forecast,PRDCTN_FRCST,EntityPersonalData,No Personal Data,BIM-core.EntityPersonalData
EE151D37-CF14-4D52-BE23-4CBC891A8017,Production Forecast,PRDCTN_FRCST,FinancialPersonalData,No Financial Personal Data,BIM-core.FinancialPersonalData
EE151D37-CF14-4D52-BE23-4CBC891A8017,Production Forecast,PRDCTN_FRCST,SensitivePersonalData,No Sensitive Personal Data,BIM-core.SensitivePersonalData
EE151D37-CF14-4D52-BE23-4CBC891A8017,Production Forecast,PRDCTN_FRCST,DataArea,Production Forecast & Plan,BIM-core.DataArea
EE151D37-CF14-4D52-BE23-4CBC891A8017,Production Forecast,PRDCTN_FRCST,EnterpriseLevel,No,BIM-core.EnterpriseLevel
EE151D37-CF14-4D52-BE23-4CBC891A8017,Production Forecast,PRDCTN_FRCST,ExchangeId,{9F410AD6-6063-4371-A771-F236DCB74D82},BIM-core.ExchangeId
0C9C2933-3629-42BA-A731-B9B60AE9E135,Production Allocation Wellbore Interval,PRDCTN_ALLCTN_WLLBR_INTRVL,PD_ObjectID,0C9C2933-3629-42BA-A731-B9B60AE9E135,
0C9C2933-3629-42BA-A731-B9B60AE9E135,Production Allocation Wellbore Interval,PRDCTN_ALLCTN_WLLBR_INTRVL,PD_SourceExtraction,46603045,
0C9C2933-3629-42BA-A731-B9B60AE9E135,Production Allocation Wellbore Interval,PRDCTN_ALLCTN_WLLBR_INTRVL,PD_SourceModel,SUBSURFACE AND WELLS,
0C9C2933-3629-42BA-A731-B9B60AE9E135,Production Allocation Wellbore Interval,PRDCTN_ALLCTN_WLLBR_INTRVL,CommerciallySensitiveInformation,No Commercially Sensitive Information,BIM-core.CommerciallySensitiveInformation
0C9C2933-3629-42BA-A731-B9B60AE9E135,Production Allocation Wellbore Interval,PRDCTN_ALLCTN_WLLBR_INTRVL,Criticality,No Critical Data,BIM-core.Criticality
0C9C2933-3629-42BA-A731-B9B60AE9E135,Production Allocation Wellbore Interval,PRDCTN_ALLCTN_WLLBR_INTRVL,DataCategory,Structured,BIM-core.DataCategory
0C9C2933-3629-42BA-A731-B9B60AE9E135,Production Allocation Wellbore Interval,PRDCTN_ALLCTN_WLLBR_INTRVL,DataConfidentiality,Internal,BIM-core.DataConfidentiality
0C9C2933-3629-42BA-A731-B9B60AE9E135,Production Allocation Wellbore Interval,PRDCTN_ALLCTN_WLLBR_INTRVL,DesignStatus,Approved,BIM-core.DesignStatus
0C9C2933-3629-42BA-A731-B9B60AE9E135,Production Allocation Wellbore Interval,PRDCTN_ALLCTN_WLLBR_INTRVL,EntityCategory,Master,BIM-core.EntityCategory
0C9C2933-3629-42BA-A731-B9B60AE9E135,Production Allocation Wellbore Interval,PRDCTN_ALLCTN_WLLBR_INTRVL,EntityPersonalData,No Personal Data,BIM-core.EntityPersonalData
0C9C2933-3629-42BA-A731-B9B60AE9E135,Production Allocation Wellbore Interval,PRDCTN_ALLCTN_WLLBR_INTRVL,FinancialPersonalData,No Financial Personal Data,BIM-core.FinancialPersonalData
0C9C2933-3629-42BA-A731-B9B60AE9E135,Production Allocation Wellbore Interval,PRDCTN_ALLCTN_WLLBR_INTRVL,SensitivePersonalData,No Sensitive Personal Data,BIM-core.SensitivePersonalData
0C9C2933-3629-42BA-A731-B9B60AE9E135,Production Allocation Wellbore Interval,PRDCTN_ALLCTN_WLLBR_INTRVL,DataArea,Well,BIM-core.DataArea
0C9C2933-3629-42BA-A731-B9B60AE9E135,Production Allocation Wellbore Interval,PRDCTN_ALLCTN_WLLBR_INTRVL,EnterpriseLevel,Yes,BIM-core.EnterpriseLevel
0C9C2933-3629-42BA-A731-B9B60AE9E135,Production Allocation Wellbore Interval,PRDCTN_ALLCTN_WLLBR_INTRVL,ExchangeId,{EBF97E3C-E97C-4B92-9977-627124E6F139},BIM-core.ExchangeId
0AFA7584-87B7-44D8-A3E8-7245A3EDB617,Production Allocation Perforation Interval,PRDCTN_ALLCTN_PRFRTN_INTRVL,PD_ObjectID,0AFA7584-87B7-44D8-A3E8-7245A3EDB617,
0AFA7584-87B7-44D8-A3E8-7245A3EDB617,Production Allocation Perforation Interval,PRDCTN_ALLCTN_PRFRTN_INTRVL,PD_SourceExtraction,46603045,
0AFA7584-87B7-44D8-A3E8-7245A3EDB617,Production Allocation Perforation Interval,PRDCTN_ALLCTN_PRFRTN_INTRVL,PD_SourceModel,SUBSURFACE AND WELLS,
0AFA7584-87B7-44D8-A3E8-7245A3EDB617,Production Allocation Perforation Interval,PRDCTN_ALLCTN_PRFRTN_INTRVL,CommerciallySensitiveInformation,No Commercially Sensitive Information,BIM-core.CommerciallySensitiveInformation
0AFA7584-87B7-44D8-A3E8-7245A3EDB617,Production Allocation Perforation Interval,PRDCTN_ALLCTN_PRFRTN_INTRVL,Criticality,No Critical Data,BIM-core.Criticality
0AFA7584-87B7-44D8-A3E8-7245A3EDB617,Production Allocation Perforation Interval,PRDCTN_ALLCTN_PRFRTN_INTRVL,DataCategory,Structured,BIM-core.DataCategory
0AFA7584-87B7-44D8-A3E8-7245A3EDB617,Production Allocation Perforation Interval,PRDCTN_ALLCTN_PRFRTN_INTRVL,DataConfidentiality,Internal,BIM-core.DataConfidentiality
0AFA7584-87B7-44D8-A3E8-7245A3EDB617,Production Allocation Perforation Interval,PRDCTN_ALLCTN_PRFRTN_INTRVL,DesignStatus,Approved,BIM-core.DesignStatus
0AFA7584-87B7-44D8-A3E8-7245A3EDB617,Production Allocation Perforation Interval,PRDCTN_ALLCTN_PRFRTN_INTRVL,EntityCategory,Master,BIM-core.EntityCategory
0AFA7584-87B7-44D8-A3E8-7245A3EDB617,Production Allocation Perforation Interval,PRDCTN_ALLCTN_PRFRTN_INTRVL,EntityPersonalData,No Personal Data,BIM-core.EntityPersonalData
0AFA7584-87B7-44D8-A3E8-7245A3EDB617,Production Allocation Perforation Interval,PRDCTN_ALLCTN_PRFRTN_INTRVL,FinancialPersonalData,No Financial Personal Data,BIM-core.FinancialPersonalData
0AFA7584-87B7-44D8-A3E8-7245A3EDB617,Production Allocation Perforation Interval,PRDCTN_ALLCTN_PRFRTN_INTRVL,SensitivePersonalData,No Sensitive Personal Data,BIM-core.SensitivePersonalData
0AFA7584-87B7-44D8-A3E8-7245A3EDB617,Production Allocation Perforation Interval,PRDCTN_ALLCTN_PRFRTN_INTRVL,DataArea,Well,BIM-core.DataArea
0AFA7584-87B7-44D8-A3E8-7245A3EDB617,Production Allocation Perforation Interval,PRDCTN_ALLCTN_PRFRTN_INTRVL,EnterpriseLevel,Yes,BIM-core.EnterpriseLevel
0AFA7584-87B7-44D8-A3E8-7245A3EDB617,Production Allocation Perforation Interval,PRDCTN_ALLCTN_PRFRTN_INTRVL,ExchangeId,{4C8E5BAB-8E69-43AD-AEF8-2B835E48920E},BIM-core.ExchangeId
1CC546C7-124B-4A64-9F69-6124D0C70F13,Product,PRDCT,PD_ObjectID,1CC546C7-124B-4A64-9F69-6124D0C70F13,
1CC546C7-124B-4A64-9F69-6124D0C70F13,Product,PRDCT,PD_SourceExtraction,46603045,
1CC546C7-124B-4A64-9F69-6124D0C70F13,Product,PRDCT,PD_SourceModel,SUBSURFACE AND WELLS,
1CC546C7-124B-4A64-9F69-6124D0C70F13,Product,PRDCT,MTED_EDaM_Entity_Availability_Indication,<unspecified>,SHL_CDM_EntityPropertyExtension.MTED_EDaM_Entity_Availability_Indication
1CC546C7-124B-4A64-9F69-6124D0C70F13,Product,PRDCT,MTED_EDaM_Entity_Critical_Data,F,SHL_CDM_EntityPropertyExtension.MTED_EDaM_Entity_Critical_Data
1CC546C7-124B-4A64-9F69-6124D0C70F13,Product,PRDCT,MTED_EDaM_Entity_Data_Category,<unspecified>,SHL_CDM_EntityPropertyExtension.MTED_EDaM_Entity_Data_Category
1CC546C7-124B-4A64-9F69-6124D0C70F13,Product,PRDCT,MTED_EDaM_Entity_Quality_Indication,<unspecified>,SHL_CDM_EntityPropertyExtension.MTED_EDaM_Entity_Quality_Indication
1CC546C7-124B-4A64-9F69-6124D0C70F13,Product,PRDCT,MTED_EDaM_Security_Classification,Confidential,SHL_CDM_EntityPropertyExtension.MTED_EDaM_Security_Classification
1CC546C7-124B-4A64-9F69-6124D0C70F13,Product,PRDCT,MTED_EDaM_Version_Date,,SHL_CDM_EntityPropertyExtension.MTED_EDaM_Version_Date
1CC546C7-124B-4A64-9F69-6124D0C70F13,Product,PRDCT,CSI,false,SHL_CDM_EntityPropertyExtension.CSI
1CC546C7-124B-4A64-9F69-6124D0C70F13,Product,PRDCT,EntityUpdateDate,19/08/2021 Pass 3,SHL_CDM_EntityPropertyExtension.EntityUpdateDate
1CC546C7-124B-4A64-9F69-6124D0C70F13,Product,PRDCT,MTED_EDaM_Business_Critical_Data,false,SHL_CDM_EntityPropertyExtension.MTED_EDaM_Business_Critical_Data
1CC546C7-124B-4A64-9F69-6124D0C70F13,Product,PRDCT,MTED_Encryption_Required,false,SHL_CDM_EntityPropertyExtension.MTED_Encryption_Required
1CC546C7-124B-4A64-9F69-6124D0C70F13,Product,PRDCT,PII,false,SHL_CDM_EntityPropertyExtension.PII
1CC546C7-124B-4A64-9F69-6124D0C70F13,Product,PRDCT,MTED_EDaM_Design_Status,Approved,SHL_CDM_EntityPropertyExtension.MTED_EDaM_Design_Status
1CC546C7-124B-4A64-9F69-6124D0C70F13,Product,PRDCT,MTED_Version_No,2021.2,SHL_CDM_EntityPropertyExtension.MTED_Version_No
1CC546C7-124B-4A64-9F69-6124D0C70F13,Product,PRDCT,Generation,true,SHL_CDM_EntityPropertyExtension.Generation
1CC546C7-124B-4A64-9F69-6124D0C70F13,Product,PRDCT,CommerciallySensitiveInformation,Commercially Sensitive Information,BIM-core.CommerciallySensitiveInformation
1CC546C7-124B-4A64-9F69-6124D0C70F13,Product,PRDCT,Criticality,Critical Data,BIM-core.Criticality
1CC546C7-124B-4A64-9F69-6124D0C70F13,Product,PRDCT,DataCategory,Structured,BIM-core.DataCategory
1CC546C7-124B-4A64-9F69-6124D0C70F13,Product,PRDCT,DataConfidentiality,Most Confidential,BIM-core.DataConfidentiality
1CC546C7-124B-4A64-9F69-6124D0C70F13,Product,PRDCT,DesignStatus,Approved,BIM-core.DesignStatus
1CC546C7-124B-4A64-9F69-6124D0C70F13,Product,PRDCT,EntityCategory,Master,BIM-core.EntityCategory
1CC546C7-124B-4A64-9F69-6124D0C70F13,Product,PRDCT,EntityPersonalData,No Personal Data,BIM-core.EntityPersonalData
1CC546C7-124B-4A64-9F69-6124D0C70F13,Product,PRDCT,FinancialPersonalData,No Financial Personal Data,BIM-core.FinancialPersonalData
1CC546C7-124B-4A64-9F69-6124D0C70F13,Product,PRDCT,SensitivePersonalData,No Sensitive Personal Data,BIM-core.SensitivePersonalData
1CC546C7-124B-4A64-9F69-6124D0C70F13,Product,PRDCT,DataArea,Saleable Product & Service,BIM-core.DataArea
1CC546C7-124B-4A64-9F69-6124D0C70F13,Product,PRDCT,EnterpriseLevel,No,BIM-core.EnterpriseLevel
1CC546C7-124B-4A64-9F69-6124D0C70F13,Product,PRDCT,ExchangeId,{056B3F47-0BBA-4B10-94FA-F507FB4C60BC},BIM-core.ExchangeId
47B94798-2E64-455D-9A82-8A61552B1315,Pressure,PRSSR,PD_ObjectID,47B94798-2E64-455D-9A82-8A61552B1315,
47B94798-2E64-455D-9A82-8A61552B1315,Pressure,PRSSR,PD_SourceExtraction,46603045,
47B94798-2E64-455D-9A82-8A61552B1315,Pressure,PRSSR,PD_SourceModel,SUBSURFACE AND WELLS,
47B94798-2E64-455D-9A82-8A61552B1315,Pressure,PRSSR,CSI,false,SHL_CDM_EntityPropertyExtension.CSI
47B94798-2E64-455D-9A82-8A61552B1315,Pressure,PRSSR,EntityUpdateDate,19/08/2021 Pass 3,SHL_CDM_EntityPropertyExtension.EntityUpdateDate
47B94798-2E64-455D-9A82-8A61552B1315,Pressure,PRSSR,MTED_EDaM_Business_Critical_Data,false,SHL_CDM_EntityPropertyExtension.MTED_EDaM_Business_Critical_Data
47B94798-2E64-455D-9A82-8A61552B1315,Pressure,PRSSR,MTED_Encryption_Required,false,SHL_CDM_EntityPropertyExtension.MTED_Encryption_Required
47B94798-2E64-455D-9A82-8A61552B1315,Pressure,PRSSR,PII,false,SHL_CDM_EntityPropertyExtension.PII
47B94798-2E64-455D-9A82-8A61552B1315,Pressure,PRSSR,Generation,true,SHL_CDM_EntityPropertyExtension.Generation
47B94798-2E64-455D-9A82-8A61552B1315,Pressure,PRSSR,MTED_EDaM_Design_Status,Approved,SHL_CDM_EntityPropertyExtension.MTED_EDaM_Design_Status
47B94798-2E64-455D-9A82-8A61552B1315,Pressure,PRSSR,MTED_Version_No,2021.2,SHL_CDM_EntityPropertyExtension.MTED_Version_No
47B94798-2E64-455D-9A82-8A61552B1315,Pressure,PRSSR,CommerciallySensitiveInformation,No Commercially Sensitive Information,BIM-core.CommerciallySensitiveInformation
47B94798-2E64-455D-9A82-8A61552B1315,Pressure,PRSSR,Criticality,No Critical Data,BIM-core.Criticality
47B94798-2E64-455D-9A82-8A61552B1315,Pressure,PRSSR,DataCategory,Structured,BIM-core.DataCategory
47B94798-2E64-455D-9A82-8A61552B1315,Pressure,PRSSR,DataConfidentiality,Internal,BIM-core.DataConfidentiality
47B94798-2E64-455D-9A82-8A61552B1315,Pressure,PRSSR,DesignStatus,Approved,BIM-core.DesignStatus
47B94798-2E64-455D-9A82-8A61552B1315,Pressure,PRSSR,EntityCategory,Transaction,BIM-core.EntityCategory
47B94798-2E64-455D-9A82-8A61552B1315,Pressure,PRSSR,EntityPersonalData,No Personal Data,BIM-core.EntityPersonalData
47B94798-2E64-455D-9A82-8A61552B1315,Pressure,PRSSR,FinancialPersonalData,No Financial Personal Data,BIM-core.FinancialPersonalData
47B94798-2E64-455D-9A82-8A61552B1315,Pressure,PRSSR,SensitivePersonalData,No Sensitive Personal Data,BIM-core.SensitivePersonalData
47B94798-2E64-455D-9A82-8A61552B1315,Pressure,PRSSR,DataArea,Reservoir,BIM-core.DataArea
47B94798-2E64-455D-9A82-8A61552B1315,Pressure,PRSSR,EnterpriseLevel,Yes,BIM-core.EnterpriseLevel
47B94798-2E64-455D-9A82-8A61552B1315,Pressure,PRSSR,ExchangeId,{5B13949A-F24A-4622-967B-6F49B101A7E6},BIM-core.ExchangeId
149CF2BD-96B6-4141-8D26-D31D12892999,Preceding Timelapse Survey,PRECEDING_TIMELAPSE_SRVY,PD_ObjectID,149CF2BD-96B6-4141-8D26-D31D12892999,
149CF2BD-96B6-4141-8D26-D31D12892999,Preceding Timelapse Survey,PRECEDING_TIMELAPSE_SRVY,PD_SourceExtraction,46603045,
149CF2BD-96B6-4141-8D26-D31D12892999,Preceding Timelapse Survey,PRECEDING_TIMELAPSE_SRVY,PD_SourceModel,SUBSURFACE AND WELLS,
149CF2BD-96B6-4141-8D26-D31D12892999,Preceding Timelapse Survey,PRECEDING_TIMELAPSE_SRVY,CSI,false,SHL_CDM_EntityPropertyExtension.CSI
149CF2BD-96B6-4141-8D26-D31D12892999,Preceding Timelapse Survey,PRECEDING_TIMELAPSE_SRVY,EntityUpdateDate,19/08/2021 Pass 3,SHL_CDM_EntityPropertyExtension.EntityUpdateDate
149CF2BD-96B6-4141-8D26-D31D12892999,Preceding Timelapse Survey,PRECEDING_TIMELAPSE_SRVY,MTED_EDaM_Business_Critical_Data,false,SHL_CDM_EntityPropertyExtension.MTED_EDaM_Business_Critical_Data
149CF2BD-96B6-4141-8D26-D31D12892999,Preceding Timelapse Survey,PRECEDING_TIMELAPSE_SRVY,MTED_Encryption_Required,false,SHL_CDM_EntityPropertyExtension.MTED_Encryption_Required
149CF2BD-96B6-4141-8D26-D31D12892999,Preceding Timelapse Survey,PRECEDING_TIMELAPSE_SRVY,PII,false,SHL_CDM_EntityPropertyExtension.PII
149CF2BD-96B6-4141-8D26-D31D12892999,Preceding Timelapse Survey,PRECEDING_TIMELAPSE_SRVY,Generation,true,SHL_CDM_EntityPropertyExtension.Generation
149CF2BD-96B6-4141-8D26-D31D12892999,Preceding Timelapse Survey,PRECEDING_TIMELAPSE_SRVY,MTED_EDaM_Design_Status,Approved,SHL_CDM_EntityPropertyExtension.MTED_EDaM_Design_Status
149CF2BD-96B6-4141-8D26-D31D12892999,Preceding Timelapse Survey,PRECEDING_TIMELAPSE_SRVY,MTED_Version_No,2021.2,SHL_CDM_EntityPropertyExtension.MTED_Version_No
149CF2BD-96B6-4141-8D26-D31D12892999,Preceding Timelapse Survey,PRECEDING_TIMELAPSE_SRVY,CommerciallySensitiveInformation,No Commercially Sensitive Information,BIM-core.CommerciallySensitiveInformation
149CF2BD-96B6-4141-8D26-D31D12892999,Preceding Timelapse Survey,PRECEDING_TIMELAPSE_SRVY,Criticality,No Critical Data,BIM-core.Criticality
149CF2BD-96B6-4141-8D26-D31D12892999,Preceding Timelapse Survey,PRECEDING_TIMELAPSE_SRVY,DataCategory,Structured,BIM-core.DataCategory
149CF2BD-96B6-4141-8D26-D31D12892999,Preceding Timelapse Survey,PRECEDING_TIMELAPSE_SRVY,DataConfidentiality,Internal,BIM-core.DataConfidentiality
149CF2BD-96B6-4141-8D26-D31D12892999,Preceding Timelapse Survey,PRECEDING_TIMELAPSE_SRVY,DesignStatus,Approved,BIM-core.DesignStatus
149CF2BD-96B6-4141-8D26-D31D12892999,Preceding Timelapse Survey,PRECEDING_TIMELAPSE_SRVY,EntityCategory,Transaction,BIM-core.EntityCategory
149CF2BD-96B6-4141-8D26-D31D12892999,Preceding Timelapse Survey,PRECEDING_TIMELAPSE_SRVY,EntityPersonalData,No Personal Data,BIM-core.EntityPersonalData
149CF2BD-96B6-4141-8D26-D31D12892999,Preceding Timelapse Survey,PRECEDING_TIMELAPSE_SRVY,FinancialPersonalData,No Financial Personal Data,BIM-core.FinancialPersonalData
149CF2BD-96B6-4141-8D26-D31D12892999,Preceding Timelapse Survey,PRECEDING_TIMELAPSE_SRVY,SensitivePersonalData,No Sensitive Personal Data,BIM-core.SensitivePersonalData
149CF2BD-96B6-4141-8D26-D31D12892999,Preceding Timelapse Survey,PRECEDING_TIMELAPSE_SRVY,DataArea,Geophysics,BIM-core.DataArea
149CF2BD-96B6-4141-8D26-D31D12892999,Preceding Timelapse Survey,PRECEDING_TIMELAPSE_SRVY,EnterpriseLevel,Yes,BIM-core.EnterpriseLevel
149CF2BD-96B6-4141-8D26-D31D12892999,Preceding Timelapse Survey,PRECEDING_TIMELAPSE_SRVY,ExchangeId,{B8C21DAC-739E-42A2-A392-D8E51DD818DD},BIM-core.ExchangeId
1F6D1DDB-1E9D-42E7-87F8-8E99218030B2,Porosity,PRSTY,PD_ObjectID,1F6D1DDB-1E9D-42E7-87F8-8E99218030B2,
1F6D1DDB-1E9D-42E7-87F8-8E99218030B2,Porosity,PRSTY,PD_SourceExtraction,46603045,
1F6D1DDB-1E9D-42E7-87F8-8E99218030B2,Porosity,PRSTY,PD_SourceModel,SUBSURFACE AND WELLS,
1F6D1DDB-1E9D-42E7-87F8-8E99218030B2,Porosity,PRSTY,CSI,false,SHL_CDM_EntityPropertyExtension.CSI
1F6D1DDB-1E9D-42E7-87F8-8E99218030B2,Porosity,PRSTY,EntityUpdateDate,19/08/2021 Pass 3,SHL_CDM_EntityPropertyExtension.EntityUpdateDate
1F6D1DDB-1E9D-42E7-87F8-8E99218030B2,Porosity,PRSTY,MTED_EDaM_Business_Critical_Data,false,SHL_CDM_EntityPropertyExtension.MTED_EDaM_Business_Critical_Data
1F6D1DDB-1E9D-42E7-87F8-8E99218030B2,Porosity,PRSTY,MTED_Encryption_Required,false,SHL_CDM_EntityPropertyExtension.MTED_Encryption_Required
1F6D1DDB-1E9D-42E7-87F8-8E99218030B2,Porosity,PRSTY,PII,false,SHL_CDM_EntityPropertyExtension.PII
1F6D1DDB-1E9D-42E7-87F8-8E99218030B2,Porosity,PRSTY,Generation,true,SHL_CDM_EntityPropertyExtension.Generation
1F6D1DDB-1E9D-42E7-87F8-8E99218030B2,Porosity,PRSTY,MTED_EDaM_Design_Status,Approved,SHL_CDM_EntityPropertyExtension.MTED_EDaM_Design_Status
1F6D1DDB-1E9D-42E7-87F8-8E99218030B2,Porosity,PRSTY,MTED_Version_No,2021.2,SHL_CDM_EntityPropertyExtension.MTED_Version_No
1F6D1DDB-1E9D-42E7-87F8-8E99218030B2,Porosity,PRSTY,CommerciallySensitiveInformation,No Commercially Sensitive Information,BIM-core.CommerciallySensitiveInformation
1F6D1DDB-1E9D-42E7-87F8-8E99218030B2,Porosity,PRSTY,Criticality,No Critical Data,BIM-core.Criticality
1F6D1DDB-1E9D-42E7-87F8-8E99218030B2,Porosity,PRSTY,DataCategory,Structured,BIM-core.DataCategory
1F6D1DDB-1E9D-42E7-87F8-8E99218030B2,Porosity,PRSTY,DataConfidentiality,Internal,BIM-core.DataConfidentiality
1F6D1DDB-1E9D-42E7-87F8-8E99218030B2,Porosity,PRSTY,DesignStatus,Approved,BIM-core.DesignStatus
1F6D1DDB-1E9D-42E7-87F8-8E99218030B2,Porosity,PRSTY,EntityCategory,Transaction,BIM-core.EntityCategory
1F6D1DDB-1E9D-42E7-87F8-8E99218030B2,Porosity,PRSTY,EntityPersonalData,No Personal Data,BIM-core.EntityPersonalData
1F6D1DDB-1E9D-42E7-87F8-8E99218030B2,Porosity,PRSTY,FinancialPersonalData,No Financial Personal Data,BIM-core.FinancialPersonalData
1F6D1DDB-1E9D-42E7-87F8-8E99218030B2,Porosity,PRSTY,SensitivePersonalData,No Sensitive Personal Data,BIM-core.SensitivePersonalData
1F6D1DDB-1E9D-42E7-87F8-8E99218030B2,Porosity,PRSTY,DataArea,Reservoir,BIM-core.DataArea
1F6D1DDB-1E9D-42E7-87F8-8E99218030B2,Porosity,PRSTY,EnterpriseLevel,Yes,BIM-core.EnterpriseLevel
1F6D1DDB-1E9D-42E7-87F8-8E99218030B2,Porosity,PRSTY,ExchangeId,{286F12D5-B3A1-4CD9-9D23-EB6FFE1EE1A2},BIM-core.ExchangeId
6415FB45-636C-45C2-9D58-13574F83A70C,Pore Pressure Prediction,PR_PRSSR_PRDCTN,PD_ObjectID,6415FB45-636C-45C2-9D58-13574F83A70C,
6415FB45-636C-45C2-9D58-13574F83A70C,Pore Pressure Prediction,PR_PRSSR_PRDCTN,PD_SourceExtraction,46603045,
6415FB45-636C-45C2-9D58-13574F83A70C,Pore Pressure Prediction,PR_PRSSR_PRDCTN,PD_SourceModel,SUBSURFACE AND WELLS,
6415FB45-636C-45C2-9D58-13574F83A70C,Pore Pressure Prediction,PR_PRSSR_PRDCTN,CSI,false,SHL_CDM_EntityPropertyExtension.CSI
6415FB45-636C-45C2-9D58-13574F83A70C,Pore Pressure Prediction,PR_PRSSR_PRDCTN,EntityUpdateDate,19/08/2021 Pass 3,SHL_CDM_EntityPropertyExtension.EntityUpdateDate
6415FB45-636C-45C2-9D58-13574F83A70C,Pore Pressure Prediction,PR_PRSSR_PRDCTN,MTED_EDaM_Business_Critical_Data,false,SHL_CDM_EntityPropertyExtension.MTED_EDaM_Business_Critical_Data
6415FB45-636C-45C2-9D58-13574F83A70C,Pore Pressure Prediction,PR_PRSSR_PRDCTN,MTED_Encryption_Required,false,SHL_CDM_EntityPropertyExtension.MTED_Encryption_Required
6415FB45-636C-45C2-9D58-13574F83A70C,Pore Pressure Prediction,PR_PRSSR_PRDCTN,PII,false,SHL_CDM_EntityPropertyExtension.PII
6415FB45-636C-45C2-9D58-13574F83A70C,Pore Pressure Prediction,PR_PRSSR_PRDCTN,Generation,true,SHL_CDM_EntityPropertyExtension.Generation
6415FB45-636C-45C2-9D58-13574F83A70C,Pore Pressure Prediction,PR_PRSSR_PRDCTN,MTED_EDaM_Design_Status,Approved,SHL_CDM_EntityPropertyExtension.MTED_EDaM_Design_Status
6415FB45-636C-45C2-9D58-13574F83A70C,Pore Pressure Prediction,PR_PRSSR_PRDCTN,MTED_Version_No,2021.2,SHL_CDM_EntityPropertyExtension.MTED_Version_No
6415FB45-636C-45C2-9D58-13574F83A70C,Pore Pressure Prediction,PR_PRSSR_PRDCTN,CommerciallySensitiveInformation,No Commercially Sensitive Information,BIM-core.CommerciallySensitiveInformation
6415FB45-636C-45C2-9D58-13574F83A70C,Pore Pressure Prediction,PR_PRSSR_PRDCTN,Criticality,No Critical Data,BIM-core.Criticality
6415FB45-636C-45C2-9D58-13574F83A70C,Pore Pressure Prediction,PR_PRSSR_PRDCTN,DataCategory,Structured,BIM-core.DataCategory
6415FB45-636C-45C2-9D58-13574F83A70C,Pore Pressure Prediction,PR_PRSSR_PRDCTN,DataConfidentiality,Internal,BIM-core.DataConfidentiality
6415FB45-636C-45C2-9D58-13574F83A70C,Pore Pressure Prediction,PR_PRSSR_PRDCTN,DesignStatus,Approved,BIM-core.DesignStatus
6415FB45-636C-45C2-9D58-13574F83A70C,Pore Pressure Prediction,PR_PRSSR_PRDCTN,EntityCategory,Transaction,BIM-core.EntityCategory
6415FB45-636C-45C2-9D58-13574F83A70C,Pore Pressure Prediction,PR_PRSSR_PRDCTN,EntityPersonalData,No Personal Data,BIM-core.EntityPersonalData
6415FB45-636C-45C2-9D58-13574F83A70C,Pore Pressure Prediction,PR_PRSSR_PRDCTN,FinancialPersonalData,No Financial Personal Data,BIM-core.FinancialPersonalData
6415FB45-636C-45C2-9D58-13574F83A70C,Pore Pressure Prediction,PR_PRSSR_PRDCTN,SensitivePersonalData,No Sensitive Personal Data,BIM-core.SensitivePersonalData
6415FB45-636C-45C2-9D58-13574F83A70C,Pore Pressure Prediction,PR_PRSSR_PRDCTN,DataArea,Reservoir,BIM-core.DataArea
6415FB45-636C-45C2-9D58-13574F83A70C,Pore Pressure Prediction,PR_PRSSR_PRDCTN,EnterpriseLevel,Yes,BIM-core.EnterpriseLevel
6415FB45-636C-45C2-9D58-13574F83A70C,Pore Pressure Prediction,PR_PRSSR_PRDCTN,ExchangeId,{15E454B6-948F-4604-A6DA-5E0CC0394EC5},BIM-core.ExchangeId
A3328F1C-828C-4F5F-9342-820BF3B273CF,Pore Pressure Fracture Gradient Dataset,PR_PRSSR_FRCTR_GRDNT_DTST,PD_ObjectID,A3328F1C-828C-4F5F-9342-820BF3B273CF,
A3328F1C-828C-4F5F-9342-820BF3B273CF,Pore Pressure Fracture Gradient Dataset,PR_PRSSR_FRCTR_GRDNT_DTST,PD_SourceExtraction,46603045,
A3328F1C-828C-4F5F-9342-820BF3B273CF,Pore Pressure Fracture Gradient Dataset,PR_PRSSR_FRCTR_GRDNT_DTST,PD_SourceModel,SUBSURFACE AND WELLS,
A3328F1C-828C-4F5F-9342-820BF3B273CF,Pore Pressure Fracture Gradient Dataset,PR_PRSSR_FRCTR_GRDNT_DTST,EntityCategory,Transaction,BIM-core.EntityCategory
A3328F1C-828C-4F5F-9342-820BF3B273CF,Pore Pressure Fracture Gradient Dataset,PR_PRSSR_FRCTR_GRDNT_DTST,DataCategory,Structured,BIM-core.DataCategory
A3328F1C-828C-4F5F-9342-820BF3B273CF,Pore Pressure Fracture Gradient Dataset,PR_PRSSR_FRCTR_GRDNT_DTST,Criticality,No Critical Data,BIM-core.Criticality
A3328F1C-828C-4F5F-9342-820BF3B273CF,Pore Pressure Fracture Gradient Dataset,PR_PRSSR_FRCTR_GRDNT_DTST,CommerciallySensitiveInformation,No Commercially Sensitive Information,BIM-core.CommerciallySensitiveInformation
A3328F1C-828C-4F5F-9342-820BF3B273CF,Pore Pressure Fracture Gradient Dataset,PR_PRSSR_FRCTR_GRDNT_DTST,DataConfidentiality,Internal,BIM-core.DataConfidentiality
A3328F1C-828C-4F5F-9342-820BF3B273CF,Pore Pressure Fracture Gradient Dataset,PR_PRSSR_FRCTR_GRDNT_DTST,EntityPersonalData,No Personal Data,BIM-core.EntityPersonalData
A3328F1C-828C-4F5F-9342-820BF3B273CF,Pore Pressure Fracture Gradient Dataset,PR_PRSSR_FRCTR_GRDNT_DTST,FinancialPersonalData,No Financial Personal Data,BIM-core.FinancialPersonalData
A3328F1C-828C-4F5F-9342-820BF3B273CF,Pore Pressure Fracture Gradient Dataset,PR_PRSSR_FRCTR_GRDNT_DTST,SensitivePersonalData,No Sensitive Personal Data,BIM-core.SensitivePersonalData
A3328F1C-828C-4F5F-9342-820BF3B273CF,Pore Pressure Fracture Gradient Dataset,PR_PRSSR_FRCTR_GRDNT_DTST,DesignStatus,Approved,BIM-core.DesignStatus
A3328F1C-828C-4F5F-9342-820BF3B273CF,Pore Pressure Fracture Gradient Dataset,PR_PRSSR_FRCTR_GRDNT_DTST,DataArea,Well Activity,BIM-core.DataArea
A3328F1C-828C-4F5F-9342-820BF3B273CF,Pore Pressure Fracture Gradient Dataset,PR_PRSSR_FRCTR_GRDNT_DTST,EnterpriseLevel,Yes,BIM-core.EnterpriseLevel
A3328F1C-828C-4F5F-9342-820BF3B273CF,Pore Pressure Fracture Gradient Dataset,PR_PRSSR_FRCTR_GRDNT_DTST,ExchangeId,{4C9DB63C-3A88-48E7-98C8-35F69C4A0636},BIM-core.ExchangeId
8FC3CBCB-E835-41C9-A022-80CCB71F400B,Drilling Space Unit Extraction Point Completion,DRLLNG_SPC_UNT_EXTRCTN_PNT_CMPLTN,PD_ObjectID,8FC3CBCB-E835-41C9-A022-80CCB71F400B,
8FC3CBCB-E835-41C9-A022-80CCB71F400B,Drilling Space Unit Extraction Point Completion,DRLLNG_SPC_UNT_EXTRCTN_PNT_CMPLTN,PD_SourceExtraction,46603045,
8FC3CBCB-E835-41C9-A022-80CCB71F400B,Drilling Space Unit Extraction Point Completion,DRLLNG_SPC_UNT_EXTRCTN_PNT_CMPLTN,PD_SourceModel,SUBSURFACE AND WELLS,
8FC3CBCB-E835-41C9-A022-80CCB71F400B,Drilling Space Unit Extraction Point Completion,DRLLNG_SPC_UNT_EXTRCTN_PNT_CMPLTN,MTED_EDaM_Entity_Data_Category,<unspecified>,SHL_CDM_EntityPropertyExtension.MTED_EDaM_Entity_Data_Category
8FC3CBCB-E835-41C9-A022-80CCB71F400B,Drilling Space Unit Extraction Point Completion,DRLLNG_SPC_UNT_EXTRCTN_PNT_CMPLTN,MTED_EDaM_Entity_Critical_Data,<unspecified>,SHL_CDM_EntityPropertyExtension.MTED_EDaM_Entity_Critical_Data
8FC3CBCB-E835-41C9-A022-80CCB71F400B,Drilling Space Unit Extraction Point Completion,DRLLNG_SPC_UNT_EXTRCTN_PNT_CMPLTN,MTED_EDaM_Entity_Quality_Indication,<unspecified>,SHL_CDM_EntityPropertyExtension.MTED_EDaM_Entity_Quality_Indication
8FC3CBCB-E835-41C9-A022-80CCB71F400B,Drilling Space Unit Extraction Point Completion,DRLLNG_SPC_UNT_EXTRCTN_PNT_CMPLTN,MTED_EDaM_Entity_Availability_Indication,<unspecified>,SHL_CDM_EntityPropertyExtension.MTED_EDaM_Entity_Availability_Indication
8FC3CBCB-E835-41C9-A022-80CCB71F400B,Drilling Space Unit Extraction Point Completion,DRLLNG_SPC_UNT_EXTRCTN_PNT_CMPLTN,MTED_EDaM_Security_Classification,<unspecified>,SHL_CDM_EntityPropertyExtension.MTED_EDaM_Security_Classification
8FC3CBCB-E835-41C9-A022-80CCB71F400B,Drilling Space Unit Extraction Point Completion,DRLLNG_SPC_UNT_EXTRCTN_PNT_CMPLTN,MTED_EDaM_Design_Status,Approved,SHL_CDM_EntityPropertyExtension.MTED_EDaM_Design_Status
8FC3CBCB-E835-41C9-A022-80CCB71F400B,Drilling Space Unit Extraction Point Completion,DRLLNG_SPC_UNT_EXTRCTN_PNT_CMPLTN,CSI,false,SHL_CDM_EntityPropertyExtension.CSI
8FC3CBCB-E835-41C9-A022-80CCB71F400B,Drilling Space Unit Extraction Point Completion,DRLLNG_SPC_UNT_EXTRCTN_PNT_CMPLTN,MTED_EDaM_Business_Critical_Data,false,SHL_CDM_EntityPropertyExtension.MTED_EDaM_Business_Critical_Data
8FC3CBCB-E835-41C9-A022-80CCB71F400B,Drilling Space Unit Extraction Point Completion,DRLLNG_SPC_UNT_EXTRCTN_PNT_CMPLTN,MTED_Encryption_Required,false,SHL_CDM_EntityPropertyExtension.MTED_Encryption_Required
8FC3CBCB-E835-41C9-A022-80CCB71F400B,Drilling Space Unit Extraction Point Completion,DRLLNG_SPC_UNT_EXTRCTN_PNT_CMPLTN,PII,false,SHL_CDM_EntityPropertyExtension.PII
8FC3CBCB-E835-41C9-A022-80CCB71F400B,Drilling Space Unit Extraction Point Completion,DRLLNG_SPC_UNT_EXTRCTN_PNT_CMPLTN,EntityUpdateDate,19/08/2021 Pass 3,SHL_CDM_EntityPropertyExtension.EntityUpdateDate
8FC3CBCB-E835-41C9-A022-80CCB71F400B,Drilling Space Unit Extraction Point Completion,DRLLNG_SPC_UNT_EXTRCTN_PNT_CMPLTN,Generation,true,SHL_CDM_EntityPropertyExtension.Generation
8FC3CBCB-E835-41C9-A022-80CCB71F400B,Drilling Space Unit Extraction Point Completion,DRLLNG_SPC_UNT_EXTRCTN_PNT_CMPLTN,MTED_Version_No,2021.2,SHL_CDM_EntityPropertyExtension.MTED_Version_No
8FC3CBCB-E835-41C9-A022-80CCB71F400B,Drilling Space Unit Extraction Point Completion,DRLLNG_SPC_UNT_EXTRCTN_PNT_CMPLTN,CommerciallySensitiveInformation,No Commercially Sensitive Information,BIM-core.CommerciallySensitiveInformation
8FC3CBCB-E835-41C9-A022-80CCB71F400B,Drilling Space Unit Extraction Point Completion,DRLLNG_SPC_UNT_EXTRCTN_PNT_CMPLTN,Criticality,No Critical Data,BIM-core.Criticality
8FC3CBCB-E835-41C9-A022-80CCB71F400B,Drilling Space Unit Extraction Point Completion,DRLLNG_SPC_UNT_EXTRCTN_PNT_CMPLTN,DataCategory,Structured,BIM-core.DataCategory
8FC3CBCB-E835-41C9-A022-80CCB71F400B,Drilling Space Unit Extraction Point Completion,DRLLNG_SPC_UNT_EXTRCTN_PNT_CMPLTN,DataConfidentiality,Internal,BIM-core.DataConfidentiality
8FC3CBCB-E835-41C9-A022-80CCB71F400B,Drilling Space Unit Extraction Point Completion,DRLLNG_SPC_UNT_EXTRCTN_PNT_CMPLTN,DesignStatus,Approved,BIM-core.DesignStatus
8FC3CBCB-E835-41C9-A022-80CCB71F400B,Drilling Space Unit Extraction Point Completion,DRLLNG_SPC_UNT_EXTRCTN_PNT_CMPLTN,EntityCategory,Intersection,BIM-core.EntityCategory
8FC3CBCB-E835-41C9-A022-80CCB71F400B,Drilling Space Unit Extraction Point Completion,DRLLNG_SPC_UNT_EXTRCTN_PNT_CMPLTN,EntityPersonalData,No Personal Data,BIM-core.EntityPersonalData
8FC3CBCB-E835-41C9-A022-80CCB71F400B,Drilling Space Unit Extraction Point Completion,DRLLNG_SPC_UNT_EXTRCTN_PNT_CMPLTN,FinancialPersonalData,No Financial Personal Data,BIM-core.FinancialPersonalData
8FC3CBCB-E835-41C9-A022-80CCB71F400B,Drilling Space Unit Extraction Point Completion,DRLLNG_SPC_UNT_EXTRCTN_PNT_CMPLTN,SensitivePersonalData,No Sensitive Personal Data,BIM-core.SensitivePersonalData
8FC3CBCB-E835-41C9-A022-80CCB71F400B,Drilling Space Unit Extraction Point Completion,DRLLNG_SPC_UNT_EXTRCTN_PNT_CMPLTN,DataArea,Well,BIM-core.DataArea
8FC3CBCB-E835-41C9-A022-80CCB71F400B,Drilling Space Unit Extraction Point Completion,DRLLNG_SPC_UNT_EXTRCTN_PNT_CMPLTN,EnterpriseLevel,Yes,BIM-core.EnterpriseLevel
8FC3CBCB-E835-41C9-A022-80CCB71F400B,Drilling Space Unit Extraction Point Completion,DRLLNG_SPC_UNT_EXTRCTN_PNT_CMPLTN,ExchangeId,{9EAE9832-716C-43A9-A893-397DF803B281},BIM-core.ExchangeId
5CE763C8-EFE4-40DF-988B-0CFCB2C8DC86,Dynamic Model,DYNMC_MDL,PD_ObjectID,5CE763C8-EFE4-40DF-988B-0CFCB2C8DC86,
5CE763C8-EFE4-40DF-988B-0CFCB2C8DC86,Dynamic Model,DYNMC_MDL,PD_SourceExtraction,46603045,
5CE763C8-EFE4-40DF-988B-0CFCB2C8DC86,Dynamic Model,DYNMC_MDL,PD_SourceModel,SUBSURFACE AND WELLS,
5CE763C8-EFE4-40DF-988B-0CFCB2C8DC86,Dynamic Model,DYNMC_MDL,CSI,false,SHL_CDM_EntityPropertyExtension.CSI
5CE763C8-EFE4-40DF-988B-0CFCB2C8DC86,Dynamic Model,DYNMC_MDL,EntityUpdateDate,19/08/2021 Pass 3,SHL_CDM_EntityPropertyExtension.EntityUpdateDate
5CE763C8-EFE4-40DF-988B-0CFCB2C8DC86,Dynamic Model,DYNMC_MDL,MTED_EDaM_Business_Critical_Data,false,SHL_CDM_EntityPropertyExtension.MTED_EDaM_Business_Critical_Data
5CE763C8-EFE4-40DF-988B-0CFCB2C8DC86,Dynamic Model,DYNMC_MDL,MTED_Encryption_Required,false,SHL_CDM_EntityPropertyExtension.MTED_Encryption_Required
5CE763C8-EFE4-40DF-988B-0CFCB2C8DC86,Dynamic Model,DYNMC_MDL,PII,false,SHL_CDM_EntityPropertyExtension.PII
5CE763C8-EFE4-40DF-988B-0CFCB2C8DC86,Dynamic Model,DYNMC_MDL,Generation,true,SHL_CDM_EntityPropertyExtension.Generation
5CE763C8-EFE4-40DF-988B-0CFCB2C8DC86,Dynamic Model,DYNMC_MDL,MTED_EDaM_Design_Status,Approved,SHL_CDM_EntityPropertyExtension.MTED_EDaM_Design_Status
5CE763C8-EFE4-40DF-988B-0CFCB2C8DC86,Dynamic Model,DYNMC_MDL,MTED_Version_No,2021.2,SHL_CDM_EntityPropertyExtension.MTED_Version_No
5CE763C8-EFE4-40DF-988B-0CFCB2C8DC86,Dynamic Model,DYNMC_MDL,CommerciallySensitiveInformation,No Commercially Sensitive Information,BIM-core.CommerciallySensitiveInformation
5CE763C8-EFE4-40DF-988B-0CFCB2C8DC86,Dynamic Model,DYNMC_MDL,Criticality,No Critical Data,BIM-core.Criticality
5CE763C8-EFE4-40DF-988B-0CFCB2C8DC86,Dynamic Model,DYNMC_MDL,DataCategory,Structured,BIM-core.DataCategory
5CE763C8-EFE4-40DF-988B-0CFCB2C8DC86,Dynamic Model,DYNMC_MDL,DataConfidentiality,Internal,BIM-core.DataConfidentiality
5CE763C8-EFE4-40DF-988B-0CFCB2C8DC86,Dynamic Model,DYNMC_MDL,DesignStatus,Approved,BIM-core.DesignStatus
5CE763C8-EFE4-40DF-988B-0CFCB2C8DC86,Dynamic Model,DYNMC_MDL,EntityCategory,Transaction,BIM-core.EntityCategory
5CE763C8-EFE4-40DF-988B-0CFCB2C8DC86,Dynamic Model,DYNMC_MDL,EntityPersonalData,No Personal Data,BIM-core.EntityPersonalData
5CE763C8-EFE4-40DF-988B-0CFCB2C8DC86,Dynamic Model,DYNMC_MDL,FinancialPersonalData,No Financial Personal Data,BIM-core.FinancialPersonalData
5CE763C8-EFE4-40DF-988B-0CFCB2C8DC86,Dynamic Model,DYNMC_MDL,SensitivePersonalData,No Sensitive Personal Data,BIM-core.SensitivePersonalData
5CE763C8-EFE4-40DF-988B-0CFCB2C8DC86,Dynamic Model,DYNMC_MDL,DataArea,Reservoir,BIM-core.DataArea
5CE763C8-EFE4-40DF-988B-0CFCB2C8DC86,Dynamic Model,DYNMC_MDL,EnterpriseLevel,Yes,BIM-core.EnterpriseLevel
5CE763C8-EFE4-40DF-988B-0CFCB2C8DC86,Dynamic Model,DYNMC_MDL,ExchangeId,{3FF5C2D8-97DE-412B-8D2C-66D3999F43F3},BIM-core.ExchangeId
3760C88A-1778-4493-8F38-0B17200CC80D,Dynamic Rock Property,DYNMC_RCK_PRPRTY,PD_ObjectID,3760C88A-1778-4493-8F38-0B17200CC80D,
3760C88A-1778-4493-8F38-0B17200CC80D,Dynamic Rock Property,DYNMC_RCK_PRPRTY,PD_SourceExtraction,46603045,
3760C88A-1778-4493-8F38-0B17200CC80D,Dynamic Rock Property,DYNMC_RCK_PRPRTY,PD_SourceModel,SUBSURFACE AND WELLS,
3760C88A-1778-4493-8F38-0B17200CC80D,Dynamic Rock Property,DYNMC_RCK_PRPRTY,CSI,false,SHL_CDM_EntityPropertyExtension.CSI
3760C88A-1778-4493-8F38-0B17200CC80D,Dynamic Rock Property,DYNMC_RCK_PRPRTY,EntityUpdateDate,19/08/2021 Pass 3,SHL_CDM_EntityPropertyExtension.EntityUpdateDate
3760C88A-1778-4493-8F38-0B17200CC80D,Dynamic Rock Property,DYNMC_RCK_PRPRTY,MTED_EDaM_Business_Critical_Data,false,SHL_CDM_EntityPropertyExtension.MTED_EDaM_Business_Critical_Data
3760C88A-1778-4493-8F38-0B17200CC80D,Dynamic Rock Property,DYNMC_RCK_PRPRTY,MTED_Encryption_Required,false,SHL_CDM_EntityPropertyExtension.MTED_Encryption_Required
3760C88A-1778-4493-8F38-0B17200CC80D,Dynamic Rock Property,DYNMC_RCK_PRPRTY,PII,false,SHL_CDM_EntityPropertyExtension.PII
3760C88A-1778-4493-8F38-0B17200CC80D,Dynamic Rock Property,DYNMC_RCK_PRPRTY,Generation,true,SHL_CDM_EntityPropertyExtension.Generation
3760C88A-1778-4493-8F38-0B17200CC80D,Dynamic Rock Property,DYNMC_RCK_PRPRTY,MTED_EDaM_Design_Status,Approved,SHL_CDM_EntityPropertyExtension.MTED_EDaM_Design_Status
3760C88A-1778-4493-8F38-0B17200CC80D,Dynamic Rock Property,DYNMC_RCK_PRPRTY,MTED_Version_No,2021.2,SHL_CDM_EntityPropertyExtension.MTED_Version_No
3760C88A-1778-4493-8F38-0B17200CC80D,Dynamic Rock Property,DYNMC_RCK_PRPRTY,CommerciallySensitiveInformation,No Commercially Sensitive Information,BIM-core.CommerciallySensitiveInformation
3760C88A-1778-4493-8F38-0B17200CC80D,Dynamic Rock Property,DYNMC_RCK_PRPRTY,Criticality,No Critical Data,BIM-core.Criticality
3760C88A-1778-4493-8F38-0B17200CC80D,Dynamic Rock Property,DYNMC_RCK_PRPRTY,DataCategory,Structured,BIM-core.DataCategory
3760C88A-1778-4493-8F38-0B17200CC80D,Dynamic Rock Property,DYNMC_RCK_PRPRTY,DataConfidentiality,Internal,BIM-core.DataConfidentiality
3760C88A-1778-4493-8F38-0B17200CC80D,Dynamic Rock Property,DYNMC_RCK_PRPRTY,DesignStatus,Approved,BIM-core.DesignStatus
3760C88A-1778-4493-8F38-0B17200CC80D,Dynamic Rock Property,DYNMC_RCK_PRPRTY,EntityCategory,Transaction,BIM-core.EntityCategory
3760C88A-1778-4493-8F38-0B17200CC80D,Dynamic Rock Property,DYNMC_RCK_PRPRTY,EntityPersonalData,No Personal Data,BIM-core.EntityPersonalData
3760C88A-1778-4493-8F38-0B17200CC80D,Dynamic Rock Property,DYNMC_RCK_PRPRTY,FinancialPersonalData,No Financial Personal Data,BIM-core.FinancialPersonalData
3760C88A-1778-4493-8F38-0B17200CC80D,Dynamic Rock Property,DYNMC_RCK_PRPRTY,SensitivePersonalData,No Sensitive Personal Data,BIM-core.SensitivePersonalData
3760C88A-1778-4493-8F38-0B17200CC80D,Dynamic Rock Property,DYNMC_RCK_PRPRTY,DataArea,Reservoir,BIM-core.DataArea
3760C88A-1778-4493-8F38-0B17200CC80D,Dynamic Rock Property,DYNMC_RCK_PRPRTY,EnterpriseLevel,Yes,BIM-core.EnterpriseLevel
3760C88A-1778-4493-8F38-0B17200CC80D,Dynamic Rock Property,DYNMC_RCK_PRPRTY,ExchangeId,{677FC412-CB7B-426D-A97B-CEFB6B3CFAB8},BIM-core.ExchangeId
89076EA5-4B6B-4E20-AE31-0DBDDC18783E,Engineering Requirement,ENGNRNG_RQRMNT,PD_ObjectID,89076EA5-4B6B-4E20-AE31-0DBDDC18783E,
89076EA5-4B6B-4E20-AE31-0DBDDC18783E,Engineering Requirement,ENGNRNG_RQRMNT,PD_SourceExtraction,46603045,
89076EA5-4B6B-4E20-AE31-0DBDDC18783E,Engineering Requirement,ENGNRNG_RQRMNT,PD_SourceModel,SUBSURFACE AND WELLS,
89076EA5-4B6B-4E20-AE31-0DBDDC18783E,Engineering Requirement,ENGNRNG_RQRMNT,Business_Conceptual_Data_Model_CSI,false,Business Conceptual Data Model.CSI
89076EA5-4B6B-4E20-AE31-0DBDDC18783E,Engineering Requirement,ENGNRNG_RQRMNT,Business_Conceptual_Data_Model_MTED_Encryption_Required,false,Business Conceptual Data Model.MTED_Encryption_Required
89076EA5-4B6B-4E20-AE31-0DBDDC18783E,Engineering Requirement,ENGNRNG_RQRMNT,Business_Conceptual_Data_Model_PII,false,Business Conceptual Data Model.PII
89076EA5-4B6B-4E20-AE31-0DBDDC18783E,Engineering Requirement,ENGNRNG_RQRMNT,CommerciallySensitiveInformation,No Commercially Sensitive Information,BIM-core.CommerciallySensitiveInformation
89076EA5-4B6B-4E20-AE31-0DBDDC18783E,Engineering Requirement,ENGNRNG_RQRMNT,Criticality,No Critical Data,BIM-core.Criticality
89076EA5-4B6B-4E20-AE31-0DBDDC18783E,Engineering Requirement,ENGNRNG_RQRMNT,DataCategory,Structured,BIM-core.DataCategory
89076EA5-4B6B-4E20-AE31-0DBDDC18783E,Engineering Requirement,ENGNRNG_RQRMNT,DataConfidentiality,Internal,BIM-core.DataConfidentiality
89076EA5-4B6B-4E20-AE31-0DBDDC18783E,Engineering Requirement,ENGNRNG_RQRMNT,DesignStatus,Approved,BIM-core.DesignStatus
89076EA5-4B6B-4E20-AE31-0DBDDC18783E,Engineering Requirement,ENGNRNG_RQRMNT,EntityCategory,External Reference,BIM-core.EntityCategory
89076EA5-4B6B-4E20-AE31-0DBDDC18783E,Engineering Requirement,ENGNRNG_RQRMNT,EntityPersonalData,No Personal Data,BIM-core.EntityPersonalData
89076EA5-4B6B-4E20-AE31-0DBDDC18783E,Engineering Requirement,ENGNRNG_RQRMNT,FinancialPersonalData,No Financial Personal Data,BIM-core.FinancialPersonalData
89076EA5-4B6B-4E20-AE31-0DBDDC18783E,Engineering Requirement,ENGNRNG_RQRMNT,SensitivePersonalData,No Sensitive Personal Data,BIM-core.SensitivePersonalData
89076EA5-4B6B-4E20-AE31-0DBDDC18783E,Engineering Requirement,ENGNRNG_RQRMNT,DataArea,Engineering Standards,BIM-core.DataArea
89076EA5-4B6B-4E20-AE31-0DBDDC18783E,Engineering Requirement,ENGNRNG_RQRMNT,EnterpriseLevel,No,BIM-core.EnterpriseLevel
89076EA5-4B6B-4E20-AE31-0DBDDC18783E,Engineering Requirement,ENGNRNG_RQRMNT,ExchangeId,{AE5DED2C-8B90-449B-B736-0E5E547A9886},BIM-core.ExchangeId
1644469B-9EA5-4C71-972B-6B7625B0C258,Equipment,EQPMNT,PD_ObjectID,1644469B-9EA5-4C71-972B-6B7625B0C258,
1644469B-9EA5-4C71-972B-6B7625B0C258,Equipment,EQPMNT,PD_SourceExtraction,46603045,
1644469B-9EA5-4C71-972B-6B7625B0C258,Equipment,EQPMNT,PD_SourceModel,SUBSURFACE AND WELLS,
1644469B-9EA5-4C71-972B-6B7625B0C258,Equipment,EQPMNT,MTED_EDaM_Entity_Data_Category,<unspecified>,SHL_CDM_EntityPropertyExtension.MTED_EDaM_Entity_Data_Category
1644469B-9EA5-4C71-972B-6B7625B0C258,Equipment,EQPMNT,MTED_EDaM_Data_Owner,,SHL_CDM_EntityPropertyExtension.MTED_EDaM_Data_Owner
1644469B-9EA5-4C71-972B-6B7625B0C258,Equipment,EQPMNT,MTED_EDaM_Entity_Critical_Data,F,SHL_CDM_EntityPropertyExtension.MTED_EDaM_Entity_Critical_Data
1644469B-9EA5-4C71-972B-6B7625B0C258,Equipment,EQPMNT,MTED_EDaM_Entity_Quality_Indication,<unspecified>,SHL_CDM_EntityPropertyExtension.MTED_EDaM_Entity_Quality_Indication
1644469B-9EA5-4C71-972B-6B7625B0C258,Equipment,EQPMNT,MTED_EDaM_Entity_Availability_Indication,<unspecified>,SHL_CDM_EntityPropertyExtension.MTED_EDaM_Entity_Availability_Indication
1644469B-9EA5-4C71-972B-6B7625B0C258,Equipment,EQPMNT,MTED_EDaM_Security_Classification,Restricted,SHL_CDM_EntityPropertyExtension.MTED_EDaM_Security_Classification
1644469B-9EA5-4C71-972B-6B7625B0C258,Equipment,EQPMNT,MTED_EDaM_Design_Status,Approved,SHL_CDM_EntityPropertyExtension.MTED_EDaM_Design_Status
1644469B-9EA5-4C71-972B-6B7625B0C258,Equipment,EQPMNT,MTED_Version_No,2021.2,SHL_CDM_EntityPropertyExtension.MTED_Version_No
1644469B-9EA5-4C71-972B-6B7625B0C258,Equipment,EQPMNT,MTED_EDaM_Version_Date,,SHL_CDM_EntityPropertyExtension.MTED_EDaM_Version_Date
1644469B-9EA5-4C71-972B-6B7625B0C258,Equipment,EQPMNT,MTED_EDaM_Entity_Maps_To_Entity,,SHL_CDM_EntityPropertyExtension.MTED_EDaM_Entity_Maps_To_Entity
1644469B-9EA5-4C71-972B-6B7625B0C258,Equipment,EQPMNT,MTED_EDaM_Mapping_Note,"Mapping for 02 not clear, could also be done to 03 !",SHL_CDM_EntityPropertyExtension.MTED_EDaM_Mapping_Note
1644469B-9EA5-4C71-972B-6B7625B0C258,Equipment,EQPMNT,CSI,false,SHL_CDM_EntityPropertyExtension.CSI
1644469B-9EA5-4C71-972B-6B7625B0C258,Equipment,EQPMNT,MTED_EDaM_Business_Critical_Data,false,SHL_CDM_EntityPropertyExtension.MTED_EDaM_Business_Critical_Data
1644469B-9EA5-4C71-972B-6B7625B0C258,Equipment,EQPMNT,MTED_Encryption_Required,false,SHL_CDM_EntityPropertyExtension.MTED_Encryption_Required
1644469B-9EA5-4C71-972B-6B7625B0C258,Equipment,EQPMNT,PII,false,SHL_CDM_EntityPropertyExtension.PII
1644469B-9EA5-4C71-972B-6B7625B0C258,Equipment,EQPMNT,EntityUpdateDate,19/08/2021 Pass 3,SHL_CDM_EntityPropertyExtension.EntityUpdateDate
1644469B-9EA5-4C71-972B-6B7625B0C258,Equipment,EQPMNT,Generation,true,SHL_CDM_EntityPropertyExtension.Generation
1644469B-9EA5-4C71-972B-6B7625B0C258,Equipment,EQPMNT,CommerciallySensitiveInformation,No Commercially Sensitive Information,BIM-core.CommerciallySensitiveInformation
1644469B-9EA5-4C71-972B-6B7625B0C258,Equipment,EQPMNT,Criticality,Critical Data,BIM-core.Criticality
1644469B-9EA5-4C71-972B-6B7625B0C258,Equipment,EQPMNT,DataCategory,Structured,BIM-core.DataCategory
1644469B-9EA5-4C71-972B-6B7625B0C258,Equipment,EQPMNT,DataConfidentiality,Internal,BIM-core.DataConfidentiality
1644469B-9EA5-4C71-972B-6B7625B0C258,Equipment,EQPMNT,EntityCategory,Master,BIM-core.EntityCategory
1644469B-9EA5-4C71-972B-6B7625B0C258,Equipment,EQPMNT,EntityPersonalData,No Personal Data,BIM-core.EntityPersonalData
1644469B-9EA5-4C71-972B-6B7625B0C258,Equipment,EQPMNT,FinancialPersonalData,No Financial Personal Data,BIM-core.FinancialPersonalData
1644469B-9EA5-4C71-972B-6B7625B0C258,Equipment,EQPMNT,SensitivePersonalData,No Sensitive Personal Data,BIM-core.SensitivePersonalData
1644469B-9EA5-4C71-972B-6B7625B0C258,Equipment,EQPMNT,DesignStatus,Approved,BIM-core.DesignStatus
1644469B-9EA5-4C71-972B-6B7625B0C258,Equipment,EQPMNT,DataArea,Equipment,BIM-core.DataArea
1644469B-9EA5-4C71-972B-6B7625B0C258,Equipment,EQPMNT,EnterpriseLevel,No,BIM-core.EnterpriseLevel
1644469B-9EA5-4C71-972B-6B7625B0C258,Equipment,EQPMNT,ExchangeId,{1058DDC7-1DA1-4E76-A421-66411FDD6374},BIM-core.ExchangeId
F2F24C0E-703A-41C2-81CD-242BFBFC459B,Equipment Specification,EQPMNT_SPCFCTN,PD_ObjectID,F2F24C0E-703A-41C2-81CD-242BFBFC459B,
F2F24C0E-703A-41C2-81CD-242BFBFC459B,Equipment Specification,EQPMNT_SPCFCTN,PD_SourceExtraction,46603045,
F2F24C0E-703A-41C2-81CD-242BFBFC459B,Equipment Specification,EQPMNT_SPCFCTN,PD_SourceModel,SUBSURFACE AND WELLS,
F2F24C0E-703A-41C2-81CD-242BFBFC459B,Equipment Specification,EQPMNT_SPCFCTN,MTED_EDaM_Entity_Data_Category,<unspecified>,SHL_CDM_EntityPropertyExtension.MTED_EDaM_Entity_Data_Category
F2F24C0E-703A-41C2-81CD-242BFBFC459B,Equipment Specification,EQPMNT_SPCFCTN,MTED_EDaM_Data_Owner,,SHL_CDM_EntityPropertyExtension.MTED_EDaM_Data_Owner
F2F24C0E-703A-41C2-81CD-242BFBFC459B,Equipment Specification,EQPMNT_SPCFCTN,MTED_EDaM_Entity_Critical_Data,<unspecified>,SHL_CDM_EntityPropertyExtension.MTED_EDaM_Entity_Critical_Data
F2F24C0E-703A-41C2-81CD-242BFBFC459B,Equipment Specification,EQPMNT_SPCFCTN,MTED_EDaM_Entity_Quality_Indication,<unspecified>,SHL_CDM_EntityPropertyExtension.MTED_EDaM_Entity_Quality_Indication
F2F24C0E-703A-41C2-81CD-242BFBFC459B,Equipment Specification,EQPMNT_SPCFCTN,MTED_EDaM_Entity_Availability_Indication,<unspecified>,SHL_CDM_EntityPropertyExtension.MTED_EDaM_Entity_Availability_Indication
F2F24C0E-703A-41C2-81CD-242BFBFC459B,Equipment Specification,EQPMNT_SPCFCTN,MTED_EDaM_Security_Classification,<unspecified>,SHL_CDM_EntityPropertyExtension.MTED_EDaM_Security_Classification
F2F24C0E-703A-41C2-81CD-242BFBFC459B,Equipment Specification,EQPMNT_SPCFCTN,MTED_EDaM_Design_Status,Approved,SHL_CDM_EntityPropertyExtension.MTED_EDaM_Design_Status
F2F24C0E-703A-41C2-81CD-242BFBFC459B,Equipment Specification,EQPMNT_SPCFCTN,MTED_Version_No,2021.2,SHL_CDM_EntityPropertyExtension.MTED_Version_No
F2F24C0E-703A-41C2-81CD-242BFBFC459B,Equipment Specification,EQPMNT_SPCFCTN,MTED_EDaM_Version_Date,,SHL_CDM_EntityPropertyExtension.MTED_EDaM_Version_Date
F2F24C0E-703A-41C2-81CD-242BFBFC459B,Equipment Specification,EQPMNT_SPCFCTN,CSI,false,SHL_CDM_EntityPropertyExtension.CSI
F2F24C0E-703A-41C2-81CD-242BFBFC459B,Equipment Specification,EQPMNT_SPCFCTN,MTED_EDaM_Business_Critical_Data,false,SHL_CDM_EntityPropertyExtension.MTED_EDaM_Business_Critical_Data
F2F24C0E-703A-41C2-81CD-242BFBFC459B,Equipment Specification,EQPMNT_SPCFCTN,MTED_Encryption_Required,false,SHL_CDM_EntityPropertyExtension.MTED_Encryption_Required
F2F24C0E-703A-41C2-81CD-242BFBFC459B,Equipment Specification,EQPMNT_SPCFCTN,PII,false,SHL_CDM_EntityPropertyExtension.PII
F2F24C0E-703A-41C2-81CD-242BFBFC459B,Equipment Specification,EQPMNT_SPCFCTN,EntityUpdateDate,19/08/2021 Pass 3,SHL_CDM_EntityPropertyExtension.EntityUpdateDate
F2F24C0E-703A-41C2-81CD-242BFBFC459B,Equipment Specification,EQPMNT_SPCFCTN,Generation,true,SHL_CDM_EntityPropertyExtension.Generation
F2F24C0E-703A-41C2-81CD-242BFBFC459B,Equipment Specification,EQPMNT_SPCFCTN,CommerciallySensitiveInformation,No Commercially Sensitive Information,BIM-core.CommerciallySensitiveInformation
F2F24C0E-703A-41C2-81CD-242BFBFC459B,Equipment Specification,EQPMNT_SPCFCTN,Criticality,Critical Data,BIM-core.Criticality
F2F24C0E-703A-41C2-81CD-242BFBFC459B,Equipment Specification,EQPMNT_SPCFCTN,DataCategory,Structured,BIM-core.DataCategory
F2F24C0E-703A-41C2-81CD-242BFBFC459B,Equipment Specification,EQPMNT_SPCFCTN,DataConfidentiality,Internal,BIM-core.DataConfidentiality
F2F24C0E-703A-41C2-81CD-242BFBFC459B,Equipment Specification,EQPMNT_SPCFCTN,EntityCategory,Master,BIM-core.EntityCategory
F2F24C0E-703A-41C2-81CD-242BFBFC459B,Equipment Specification,EQPMNT_SPCFCTN,EntityPersonalData,No Personal Data,BIM-core.EntityPersonalData
F2F24C0E-703A-41C2-81CD-242BFBFC459B,Equipment Specification,EQPMNT_SPCFCTN,FinancialPersonalData,No Financial Personal Data,BIM-core.FinancialPersonalData
F2F24C0E-703A-41C2-81CD-242BFBFC459B,Equipment Specification,EQPMNT_SPCFCTN,SensitivePersonalData,No Sensitive Personal Data,BIM-core.SensitivePersonalData
F2F24C0E-703A-41C2-81CD-242BFBFC459B,Equipment Specification,EQPMNT_SPCFCTN,DesignStatus,Approved,BIM-core.DesignStatus
F2F24C0E-703A-41C2-81CD-242BFBFC459B,Equipment Specification,EQPMNT_SPCFCTN,DataArea,Equipment,BIM-core.DataArea
F2F24C0E-703A-41C2-81CD-242BFBFC459B,Equipment Specification,EQPMNT_SPCFCTN,EnterpriseLevel,No,BIM-core.EnterpriseLevel
F2F24C0E-703A-41C2-81CD-242BFBFC459B,Equipment Specification,EQPMNT_SPCFCTN,ExchangeId,{249DAD2C-A098-4CFD-AB9D-9D6E2C09A302},BIM-core.ExchangeId
29489D8C-02B1-4838-876F-E1FDBF9C7F93,Exploration Area,EXPLRTN_AR,PD_ObjectID,29489D8C-02B1-4838-876F-E1FDBF9C7F93,
29489D8C-02B1-4838-876F-E1FDBF9C7F93,Exploration Area,EXPLRTN_AR,PD_SourceExtraction,46603045,
29489D8C-02B1-4838-876F-E1FDBF9C7F93,Exploration Area,EXPLRTN_AR,PD_SourceModel,SUBSURFACE AND WELLS,
29489D8C-02B1-4838-876F-E1FDBF9C7F93,Exploration Area,EXPLRTN_AR,CSI,false,SHL_CDM_EntityPropertyExtension.CSI
29489D8C-02B1-4838-876F-E1FDBF9C7F93,Exploration Area,EXPLRTN_AR,EntityUpdateDate,19/08/2021 Pass 3,SHL_CDM_EntityPropertyExtension.EntityUpdateDate
29489D8C-02B1-4838-876F-E1FDBF9C7F93,Exploration Area,EXPLRTN_AR,MTED_EDaM_Business_Critical_Data,false,SHL_CDM_EntityPropertyExtension.MTED_EDaM_Business_Critical_Data
29489D8C-02B1-4838-876F-E1FDBF9C7F93,Exploration Area,EXPLRTN_AR,MTED_Encryption_Required,false,SHL_CDM_EntityPropertyExtension.MTED_Encryption_Required
29489D8C-02B1-4838-876F-E1FDBF9C7F93,Exploration Area,EXPLRTN_AR,PII,false,SHL_CDM_EntityPropertyExtension.PII
29489D8C-02B1-4838-876F-E1FDBF9C7F93,Exploration Area,EXPLRTN_AR,Generation,true,SHL_CDM_EntityPropertyExtension.Generation
29489D8C-02B1-4838-876F-E1FDBF9C7F93,Exploration Area,EXPLRTN_AR,MTED_EDaM_Design_Status,Approved,SHL_CDM_EntityPropertyExtension.MTED_EDaM_Design_Status
29489D8C-02B1-4838-876F-E1FDBF9C7F93,Exploration Area,EXPLRTN_AR,MTED_Version_No,2021.2,SHL_CDM_EntityPropertyExtension.MTED_Version_No
29489D8C-02B1-4838-876F-E1FDBF9C7F93,Exploration Area,EXPLRTN_AR,CommerciallySensitiveInformation,No Commercially Sensitive Information,BIM-core.CommerciallySensitiveInformation
29489D8C-02B1-4838-876F-E1FDBF9C7F93,Exploration Area,EXPLRTN_AR,Criticality,No Critical Data,BIM-core.Criticality
29489D8C-02B1-4838-876F-E1FDBF9C7F93,Exploration Area,EXPLRTN_AR,DataCategory,Structured,BIM-core.DataCategory
29489D8C-02B1-4838-876F-E1FDBF9C7F93,Exploration Area,EXPLRTN_AR,DataConfidentiality,Internal,BIM-core.DataConfidentiality
29489D8C-02B1-4838-876F-E1FDBF9C7F93,Exploration Area,EXPLRTN_AR,DesignStatus,Approved,BIM-core.DesignStatus
29489D8C-02B1-4838-876F-E1FDBF9C7F93,Exploration Area,EXPLRTN_AR,EntityCategory,Master,BIM-core.EntityCategory
29489D8C-02B1-4838-876F-E1FDBF9C7F93,Exploration Area,EXPLRTN_AR,EntityPersonalData,No Personal Data,BIM-core.EntityPersonalData
29489D8C-02B1-4838-876F-E1FDBF9C7F93,Exploration Area,EXPLRTN_AR,FinancialPersonalData,No Financial Personal Data,BIM-core.FinancialPersonalData
29489D8C-02B1-4838-876F-E1FDBF9C7F93,Exploration Area,EXPLRTN_AR,SensitivePersonalData,No Sensitive Personal Data,BIM-core.SensitivePersonalData
29489D8C-02B1-4838-876F-E1FDBF9C7F93,Exploration Area,EXPLRTN_AR,DataArea,Geology/Petrophysics,BIM-core.DataArea
29489D8C-02B1-4838-876F-E1FDBF9C7F93,Exploration Area,EXPLRTN_AR,EnterpriseLevel,Yes,BIM-core.EnterpriseLevel
29489D8C-02B1-4838-876F-E1FDBF9C7F93,Exploration Area,EXPLRTN_AR,ExchangeId,{843A2E02-D441-408F-ABE8-B0C70F4017AB},BIM-core.ExchangeId
C092E1D8-0921-4F5B-8D2C-5665B6D0BD6D,Exploration Rollup Case,EXPLRTN_ROLLUP_CS,PD_ObjectID,C092E1D8-0921-4F5B-8D2C-5665B6D0BD6D,
C092E1D8-0921-4F5B-8D2C-5665B6D0BD6D,Exploration Rollup Case,EXPLRTN_ROLLUP_CS,PD_SourceExtraction,46603045,
C092E1D8-0921-4F5B-8D2C-5665B6D0BD6D,Exploration Rollup Case,EXPLRTN_ROLLUP_CS,PD_SourceModel,SUBSURFACE AND WELLS,
C092E1D8-0921-4F5B-8D2C-5665B6D0BD6D,Exploration Rollup Case,EXPLRTN_ROLLUP_CS,EntityCategory,Master,BIM-core.EntityCategory
C092E1D8-0921-4F5B-8D2C-5665B6D0BD6D,Exploration Rollup Case,EXPLRTN_ROLLUP_CS,DataCategory,Structured,BIM-core.DataCategory
C092E1D8-0921-4F5B-8D2C-5665B6D0BD6D,Exploration Rollup Case,EXPLRTN_ROLLUP_CS,Criticality,No Critical Data,BIM-core.Criticality
C092E1D8-0921-4F5B-8D2C-5665B6D0BD6D,Exploration Rollup Case,EXPLRTN_ROLLUP_CS,CommerciallySensitiveInformation,No Commercially Sensitive Information,BIM-core.CommerciallySensitiveInformation
C092E1D8-0921-4F5B-8D2C-5665B6D0BD6D,Exploration Rollup Case,EXPLRTN_ROLLUP_CS,DataConfidentiality,Internal,BIM-core.DataConfidentiality
C092E1D8-0921-4F5B-8D2C-5665B6D0BD6D,Exploration Rollup Case,EXPLRTN_ROLLUP_CS,EntityPersonalData,No Personal Data,BIM-core.EntityPersonalData
C092E1D8-0921-4F5B-8D2C-5665B6D0BD6D,Exploration Rollup Case,EXPLRTN_ROLLUP_CS,FinancialPersonalData,No Financial Personal Data,BIM-core.FinancialPersonalData
C092E1D8-0921-4F5B-8D2C-5665B6D0BD6D,Exploration Rollup Case,EXPLRTN_ROLLUP_CS,SensitivePersonalData,No Sensitive Personal Data,BIM-core.SensitivePersonalData
C092E1D8-0921-4F5B-8D2C-5665B6D0BD6D,Exploration Rollup Case,EXPLRTN_ROLLUP_CS,DesignStatus,Approved,BIM-core.DesignStatus
C092E1D8-0921-4F5B-8D2C-5665B6D0BD6D,Exploration Rollup Case,EXPLRTN_ROLLUP_CS,DataArea,Geology/Petrophysics,BIM-core.DataArea
C092E1D8-0921-4F5B-8D2C-5665B6D0BD6D,Exploration Rollup Case,EXPLRTN_ROLLUP_CS,EnterpriseLevel,Yes,BIM-core.EnterpriseLevel
C092E1D8-0921-4F5B-8D2C-5665B6D0BD6D,Exploration Rollup Case,EXPLRTN_ROLLUP_CS,ExchangeId,{FB4E4D34-91D6-40AF-BAC9-2C4352E87553},BIM-core.ExchangeId
8DF46027-5448-497A-9353-3F1CC3F5B89E,External E And P Fields,EXTRNL_E_AND_P_FLDS,PD_ObjectID,8DF46027-5448-497A-9353-3F1CC3F5B89E,
8DF46027-5448-497A-9353-3F1CC3F5B89E,External E And P Fields,EXTRNL_E_AND_P_FLDS,PD_SourceExtraction,46603045,
8DF46027-5448-497A-9353-3F1CC3F5B89E,External E And P Fields,EXTRNL_E_AND_P_FLDS,PD_SourceModel,SUBSURFACE AND WELLS,
8DF46027-5448-497A-9353-3F1CC3F5B89E,External E And P Fields,EXTRNL_E_AND_P_FLDS,MTED_EDaM_Entity_Data_Category,<unspecified>,SHL_CDM_EntityPropertyExtension.MTED_EDaM_Entity_Data_Category
8DF46027-5448-497A-9353-3F1CC3F5B89E,External E And P Fields,EXTRNL_E_AND_P_FLDS,MTED_EDaM_Data_Owner,,SHL_CDM_EntityPropertyExtension.MTED_EDaM_Data_Owner
8DF46027-5448-497A-9353-3F1CC3F5B89E,External E And P Fields,EXTRNL_E_AND_P_FLDS,MTED_EDaM_Entity_Critical_Data,F,SHL_CDM_EntityPropertyExtension.MTED_EDaM_Entity_Critical_Data
8DF46027-5448-497A-9353-3F1CC3F5B89E,External E And P Fields,EXTRNL_E_AND_P_FLDS,MTED_EDaM_Entity_Quality_Indication,<unspecified>,SHL_CDM_EntityPropertyExtension.MTED_EDaM_Entity_Quality_Indication
8DF46027-5448-497A-9353-3F1CC3F5B89E,External E And P Fields,EXTRNL_E_AND_P_FLDS,MTED_EDaM_Entity_Availability_Indication,<unspecified>,SHL_CDM_EntityPropertyExtension.MTED_EDaM_Entity_Availability_Indication
8DF46027-5448-497A-9353-3F1CC3F5B89E,External E And P Fields,EXTRNL_E_AND_P_FLDS,MTED_EDaM_Security_Classification,Confidential,SHL_CDM_EntityPropertyExtension.MTED_EDaM_Security_Classification
8DF46027-5448-497A-9353-3F1CC3F5B89E,External E And P Fields,EXTRNL_E_AND_P_FLDS,MTED_EDaM_Design_Status,Approved,SHL_CDM_EntityPropertyExtension.MTED_EDaM_Design_Status
8DF46027-5448-497A-9353-3F1CC3F5B89E,External E And P Fields,EXTRNL_E_AND_P_FLDS,MTED_Version_No,2021.2,SHL_CDM_EntityPropertyExtension.MTED_Version_No
8DF46027-5448-497A-9353-3F1CC3F5B89E,External E And P Fields,EXTRNL_E_AND_P_FLDS,MTED_EDaM_Version_Date,1/3/2019,SHL_CDM_EntityPropertyExtension.MTED_EDaM_Version_Date
8DF46027-5448-497A-9353-3F1CC3F5B89E,External E And P Fields,EXTRNL_E_AND_P_FLDS,EntityUpdateDate,19/08/2021 Pass 3,SHL_CDM_EntityPropertyExtension.EntityUpdateDate
8DF46027-5448-497A-9353-3F1CC3F5B89E,External E And P Fields,EXTRNL_E_AND_P_FLDS,CSI,false,SHL_CDM_EntityPropertyExtension.CSI
8DF46027-5448-497A-9353-3F1CC3F5B89E,External E And P Fields,EXTRNL_E_AND_P_FLDS,Generation,true,SHL_CDM_EntityPropertyExtension.Generation
8DF46027-5448-497A-9353-3F1CC3F5B89E,External E And P Fields,EXTRNL_E_AND_P_FLDS,MTED_Encryption_Required,false,SHL_CDM_EntityPropertyExtension.MTED_Encryption_Required
8DF46027-5448-497A-9353-3F1CC3F5B89E,External E And P Fields,EXTRNL_E_AND_P_FLDS,PII,false,SHL_CDM_EntityPropertyExtension.PII
8DF46027-5448-497A-9353-3F1CC3F5B89E,External E And P Fields,EXTRNL_E_AND_P_FLDS,CommerciallySensitiveInformation,No Commercially Sensitive Information,BIM-core.CommerciallySensitiveInformation
8DF46027-5448-497A-9353-3F1CC3F5B89E,External E And P Fields,EXTRNL_E_AND_P_FLDS,Criticality,No Critical Data,BIM-core.Criticality
8DF46027-5448-497A-9353-3F1CC3F5B89E,External E And P Fields,EXTRNL_E_AND_P_FLDS,DataCategory,Structured,BIM-core.DataCategory
8DF46027-5448-497A-9353-3F1CC3F5B89E,External E And P Fields,EXTRNL_E_AND_P_FLDS,DataConfidentiality,Internal,BIM-core.DataConfidentiality
8DF46027-5448-497A-9353-3F1CC3F5B89E,External E And P Fields,EXTRNL_E_AND_P_FLDS,DesignStatus,Approved,BIM-core.DesignStatus
8DF46027-5448-497A-9353-3F1CC3F5B89E,External E And P Fields,EXTRNL_E_AND_P_FLDS,EntityCategory,Master,BIM-core.EntityCategory
8DF46027-5448-497A-9353-3F1CC3F5B89E,External E And P Fields,EXTRNL_E_AND_P_FLDS,EntityPersonalData,No Personal Data,BIM-core.EntityPersonalData
8DF46027-5448-497A-9353-3F1CC3F5B89E,External E And P Fields,EXTRNL_E_AND_P_FLDS,FinancialPersonalData,No Financial Personal Data,BIM-core.FinancialPersonalData
8DF46027-5448-497A-9353-3F1CC3F5B89E,External E And P Fields,EXTRNL_E_AND_P_FLDS,SensitivePersonalData,No Sensitive Personal Data,BIM-core.SensitivePersonalData
8DF46027-5448-497A-9353-3F1CC3F5B89E,External E And P Fields,EXTRNL_E_AND_P_FLDS,DataArea,Geology/Petrophysics,BIM-core.DataArea
8DF46027-5448-497A-9353-3F1CC3F5B89E,External E And P Fields,EXTRNL_E_AND_P_FLDS,EnterpriseLevel,Yes,BIM-core.EnterpriseLevel
8DF46027-5448-497A-9353-3F1CC3F5B89E,External E And P Fields,EXTRNL_E_AND_P_FLDS,ExchangeId,{E1D5E4EA-045C-478C-8754-CA61ADCF5F80},BIM-core.ExchangeId
C0B15E11-8E8F-4452-A3D7-095959F9AFE7,External Field,EXTRNL_FLD,PD_ObjectID,C0B15E11-8E8F-4452-A3D7-095959F9AFE7,
C0B15E11-8E8F-4452-A3D7-095959F9AFE7,External Field,EXTRNL_FLD,PD_SourceExtraction,46603045,
C0B15E11-8E8F-4452-A3D7-095959F9AFE7,External Field,EXTRNL_FLD,PD_SourceModel,SUBSURFACE AND WELLS,
C0B15E11-8E8F-4452-A3D7-095959F9AFE7,External Field,EXTRNL_FLD,MTED_EDaM_Entity_Data_Category,<unspecified>,SHL_CDM_EntityPropertyExtension.MTED_EDaM_Entity_Data_Category
C0B15E11-8E8F-4452-A3D7-095959F9AFE7,External Field,EXTRNL_FLD,MTED_EDaM_Data_Owner,,SHL_CDM_EntityPropertyExtension.MTED_EDaM_Data_Owner
C0B15E11-8E8F-4452-A3D7-095959F9AFE7,External Field,EXTRNL_FLD,MTED_EDaM_Entity_Critical_Data,F,SHL_CDM_EntityPropertyExtension.MTED_EDaM_Entity_Critical_Data
C0B15E11-8E8F-4452-A3D7-095959F9AFE7,External Field,EXTRNL_FLD,MTED_EDaM_Entity_Quality_Indication,<unspecified>,SHL_CDM_EntityPropertyExtension.MTED_EDaM_Entity_Quality_Indication
C0B15E11-8E8F-4452-A3D7-095959F9AFE7,External Field,EXTRNL_FLD,MTED_EDaM_Entity_Availability_Indication,<unspecified>,SHL_CDM_EntityPropertyExtension.MTED_EDaM_Entity_Availability_Indication
C0B15E11-8E8F-4452-A3D7-095959F9AFE7,External Field,EXTRNL_FLD,MTED_EDaM_Security_Classification,Confidential,SHL_CDM_EntityPropertyExtension.MTED_EDaM_Security_Classification
C0B15E11-8E8F-4452-A3D7-095959F9AFE7,External Field,EXTRNL_FLD,MTED_EDaM_Design_Status,Approved,SHL_CDM_EntityPropertyExtension.MTED_EDaM_Design_Status
C0B15E11-8E8F-4452-A3D7-095959F9AFE7,External Field,EXTRNL_FLD,MTED_Version_No,2021.2,SHL_CDM_EntityPropertyExtension.MTED_Version_No
C0B15E11-8E8F-4452-A3D7-095959F9AFE7,External Field,EXTRNL_FLD,MTED_EDaM_Version_Date,1/3/2019,SHL_CDM_EntityPropertyExtension.MTED_EDaM_Version_Date
C0B15E11-8E8F-4452-A3D7-095959F9AFE7,External Field,EXTRNL_FLD,CSI,false,SHL_CDM_EntityPropertyExtension.CSI
C0B15E11-8E8F-4452-A3D7-095959F9AFE7,External Field,EXTRNL_FLD,EntityUpdateDate,19/08/2021 Pass 3,SHL_CDM_EntityPropertyExtension.EntityUpdateDate
C0B15E11-8E8F-4452-A3D7-095959F9AFE7,External Field,EXTRNL_FLD,MTED_EDaM_Business_Critical_Data,false,SHL_CDM_EntityPropertyExtension.MTED_EDaM_Business_Critical_Data
C0B15E11-8E8F-4452-A3D7-095959F9AFE7,External Field,EXTRNL_FLD,MTED_Encryption_Required,false,SHL_CDM_EntityPropertyExtension.MTED_Encryption_Required
C0B15E11-8E8F-4452-A3D7-095959F9AFE7,External Field,EXTRNL_FLD,PII,false,SHL_CDM_EntityPropertyExtension.PII
C0B15E11-8E8F-4452-A3D7-095959F9AFE7,External Field,EXTRNL_FLD,Generation,true,SHL_CDM_EntityPropertyExtension.Generation
C0B15E11-8E8F-4452-A3D7-095959F9AFE7,External Field,EXTRNL_FLD,CommerciallySensitiveInformation,No Commercially Sensitive Information,BIM-core.CommerciallySensitiveInformation
C0B15E11-8E8F-4452-A3D7-095959F9AFE7,External Field,EXTRNL_FLD,Criticality,No Critical Data,BIM-core.Criticality
C0B15E11-8E8F-4452-A3D7-095959F9AFE7,External Field,EXTRNL_FLD,DataCategory,Structured,BIM-core.DataCategory
C0B15E11-8E8F-4452-A3D7-095959F9AFE7,External Field,EXTRNL_FLD,DataConfidentiality,Internal,BIM-core.DataConfidentiality
C0B15E11-8E8F-4452-A3D7-095959F9AFE7,External Field,EXTRNL_FLD,DesignStatus,Approved,BIM-core.DesignStatus
C0B15E11-8E8F-4452-A3D7-095959F9AFE7,External Field,EXTRNL_FLD,EntityCategory,Master,BIM-core.EntityCategory
C0B15E11-8E8F-4452-A3D7-095959F9AFE7,External Field,EXTRNL_FLD,EntityPersonalData,No Personal Data,BIM-core.EntityPersonalData
C0B15E11-8E8F-4452-A3D7-095959F9AFE7,External Field,EXTRNL_FLD,FinancialPersonalData,No Financial Personal Data,BIM-core.FinancialPersonalData
C0B15E11-8E8F-4452-A3D7-095959F9AFE7,External Field,EXTRNL_FLD,SensitivePersonalData,No Sensitive Personal Data,BIM-core.SensitivePersonalData
C0B15E11-8E8F-4452-A3D7-095959F9AFE7,External Field,EXTRNL_FLD,DataArea,Geology/Petrophysics,BIM-core.DataArea
C0B15E11-8E8F-4452-A3D7-095959F9AFE7,External Field,EXTRNL_FLD,EnterpriseLevel,Yes,BIM-core.EnterpriseLevel
C0B15E11-8E8F-4452-A3D7-095959F9AFE7,External Field,EXTRNL_FLD,ExchangeId,{0713D566-FC7F-47E5-9C63-F123321CCB6E},BIM-core.ExchangeId
E6AFA6E9-84B1-4889-8B21-1720E9588924,Work Activity,WRK_ACTVTY,PD_ObjectID,E6AFA6E9-84B1-4889-8B21-1720E9588924,
E6AFA6E9-84B1-4889-8B21-1720E9588924,Work Activity,WRK_ACTVTY,PD_SourceExtraction,46603045,
E6AFA6E9-84B1-4889-8B21-1720E9588924,Work Activity,WRK_ACTVTY,PD_SourceModel,SUBSURFACE AND WELLS,
E6AFA6E9-84B1-4889-8B21-1720E9588924,Work Activity,WRK_ACTVTY,MTED_EDaM_Entity_Data_Category,<unspecified>,SHL_CDM_EntityPropertyExtension.MTED_EDaM_Entity_Data_Category
E6AFA6E9-84B1-4889-8B21-1720E9588924,Work Activity,WRK_ACTVTY,MTED_EDaM_Data_Owner,,SHL_CDM_EntityPropertyExtension.MTED_EDaM_Data_Owner
E6AFA6E9-84B1-4889-8B21-1720E9588924,Work Activity,WRK_ACTVTY,MTED_EDaM_Entity_Critical_Data,F,SHL_CDM_EntityPropertyExtension.MTED_EDaM_Entity_Critical_Data
E6AFA6E9-84B1-4889-8B21-1720E9588924,Work Activity,WRK_ACTVTY,MTED_EDaM_Entity_Quality_Indication,<unspecified>,SHL_CDM_EntityPropertyExtension.MTED_EDaM_Entity_Quality_Indication
E6AFA6E9-84B1-4889-8B21-1720E9588924,Work Activity,WRK_ACTVTY,MTED_EDaM_Entity_Availability_Indication,<unspecified>,SHL_CDM_EntityPropertyExtension.MTED_EDaM_Entity_Availability_Indication
E6AFA6E9-84B1-4889-8B21-1720E9588924,Work Activity,WRK_ACTVTY,MTED_EDaM_Security_Classification,Restricted,SHL_CDM_EntityPropertyExtension.MTED_EDaM_Security_Classification
E6AFA6E9-84B1-4889-8B21-1720E9588924,Work Activity,WRK_ACTVTY,MTED_EDaM_Design_Status,Approved,SHL_CDM_EntityPropertyExtension.MTED_EDaM_Design_Status
E6AFA6E9-84B1-4889-8B21-1720E9588924,Work Activity,WRK_ACTVTY,MTED_Version_No,2021.2,SHL_CDM_EntityPropertyExtension.MTED_Version_No
E6AFA6E9-84B1-4889-8B21-1720E9588924,Work Activity,WRK_ACTVTY,MTED_EDaM_Version_Date,,SHL_CDM_EntityPropertyExtension.MTED_EDaM_Version_Date
E6AFA6E9-84B1-4889-8B21-1720E9588924,Work Activity,WRK_ACTVTY,CSI,false,SHL_CDM_EntityPropertyExtension.CSI
E6AFA6E9-84B1-4889-8B21-1720E9588924,Work Activity,WRK_ACTVTY,MTED_EDaM_Business_Critical_Data,false,SHL_CDM_EntityPropertyExtension.MTED_EDaM_Business_Critical_Data
E6AFA6E9-84B1-4889-8B21-1720E9588924,Work Activity,WRK_ACTVTY,MTED_Encryption_Required,false,SHL_CDM_EntityPropertyExtension.MTED_Encryption_Required
E6AFA6E9-84B1-4889-8B21-1720E9588924,Work Activity,WRK_ACTVTY,PII,false,SHL_CDM_EntityPropertyExtension.PII
E6AFA6E9-84B1-4889-8B21-1720E9588924,Work Activity,WRK_ACTVTY,EntityUpdateDate,19/08/2021 Pass 3,SHL_CDM_EntityPropertyExtension.EntityUpdateDate
E6AFA6E9-84B1-4889-8B21-1720E9588924,Work Activity,WRK_ACTVTY,Generation,true,SHL_CDM_EntityPropertyExtension.Generation
E6AFA6E9-84B1-4889-8B21-1720E9588924,Work Activity,WRK_ACTVTY,CommerciallySensitiveInformation,No Commercially Sensitive Information,BIM-core.CommerciallySensitiveInformation
E6AFA6E9-84B1-4889-8B21-1720E9588924,Work Activity,WRK_ACTVTY,Criticality,No Critical Data,BIM-core.Criticality
E6AFA6E9-84B1-4889-8B21-1720E9588924,Work Activity,WRK_ACTVTY,DataCategory,Structured,BIM-core.DataCategory
E6AFA6E9-84B1-4889-8B21-1720E9588924,Work Activity,WRK_ACTVTY,DataConfidentiality,Internal,BIM-core.DataConfidentiality
E6AFA6E9-84B1-4889-8B21-1720E9588924,Work Activity,WRK_ACTVTY,EntityCategory,Transaction,BIM-core.EntityCategory
E6AFA6E9-84B1-4889-8B21-1720E9588924,Work Activity,WRK_ACTVTY,EntityPersonalData,No Personal Data,BIM-core.EntityPersonalData
E6AFA6E9-84B1-4889-8B21-1720E9588924,Work Activity,WRK_ACTVTY,FinancialPersonalData,No Financial Personal Data,BIM-core.FinancialPersonalData
E6AFA6E9-84B1-4889-8B21-1720E9588924,Work Activity,WRK_ACTVTY,SensitivePersonalData,No Sensitive Personal Data,BIM-core.SensitivePersonalData
E6AFA6E9-84B1-4889-8B21-1720E9588924,Work Activity,WRK_ACTVTY,DesignStatus,Approved,BIM-core.DesignStatus
E6AFA6E9-84B1-4889-8B21-1720E9588924,Work Activity,WRK_ACTVTY,DataArea,"Work Order, Activity & Schedule",BIM-core.DataArea
E6AFA6E9-84B1-4889-8B21-1720E9588924,Work Activity,WRK_ACTVTY,EnterpriseLevel,No,BIM-core.EnterpriseLevel
E6AFA6E9-84B1-4889-8B21-1720E9588924,Work Activity,WRK_ACTVTY,ExchangeId,{440239BA-4165-49DE-A411-9166348C5FB6},BIM-core.ExchangeId
AA4330DE-5216-432C-B76E-01564329880E,Facility State Type,FCLTY_STT_TYP,PD_ObjectID,AA4330DE-5216-432C-B76E-01564329880E,
AA4330DE-5216-432C-B76E-01564329880E,Facility State Type,FCLTY_STT_TYP,PD_SourceExtraction,46603045,
AA4330DE-5216-432C-B76E-01564329880E,Facility State Type,FCLTY_STT_TYP,PD_SourceModel,SUBSURFACE AND WELLS,
AA4330DE-5216-432C-B76E-01564329880E,Facility State Type,FCLTY_STT_TYP,CSI,false,SHL_CDM_EntityPropertyExtension.CSI
AA4330DE-5216-432C-B76E-01564329880E,Facility State Type,FCLTY_STT_TYP,MTED_EDaM_Business_Critical_Data,false,SHL_CDM_EntityPropertyExtension.MTED_EDaM_Business_Critical_Data
AA4330DE-5216-432C-B76E-01564329880E,Facility State Type,FCLTY_STT_TYP,MTED_EDaM_Entity_Availability_Indication,<unspecified>,SHL_CDM_EntityPropertyExtension.MTED_EDaM_Entity_Availability_Indication
AA4330DE-5216-432C-B76E-01564329880E,Facility State Type,FCLTY_STT_TYP,MTED_EDaM_Entity_Critical_Data,<unspecified>,SHL_CDM_EntityPropertyExtension.MTED_EDaM_Entity_Critical_Data
AA4330DE-5216-432C-B76E-01564329880E,Facility State Type,FCLTY_STT_TYP,MTED_EDaM_Entity_Data_Category,<unspecified>,SHL_CDM_EntityPropertyExtension.MTED_EDaM_Entity_Data_Category
AA4330DE-5216-432C-B76E-01564329880E,Facility State Type,FCLTY_STT_TYP,MTED_EDaM_Entity_Quality_Indication,<unspecified>,SHL_CDM_EntityPropertyExtension.MTED_EDaM_Entity_Quality_Indication
AA4330DE-5216-432C-B76E-01564329880E,Facility State Type,FCLTY_STT_TYP,MTED_EDaM_Security_Classification,<unspecified>,SHL_CDM_EntityPropertyExtension.MTED_EDaM_Security_Classification
AA4330DE-5216-432C-B76E-01564329880E,Facility State Type,FCLTY_STT_TYP,MTED_Encryption_Required,false,SHL_CDM_EntityPropertyExtension.MTED_Encryption_Required
AA4330DE-5216-432C-B76E-01564329880E,Facility State Type,FCLTY_STT_TYP,PII,false,SHL_CDM_EntityPropertyExtension.PII
AA4330DE-5216-432C-B76E-01564329880E,Facility State Type,FCLTY_STT_TYP,EntityUpdateDate,19/08/2021 Pass 3,SHL_CDM_EntityPropertyExtension.EntityUpdateDate
AA4330DE-5216-432C-B76E-01564329880E,Facility State Type,FCLTY_STT_TYP,Generation,true,SHL_CDM_EntityPropertyExtension.Generation
AA4330DE-5216-432C-B76E-01564329880E,Facility State Type,FCLTY_STT_TYP,MTED_EDaM_Design_Status,Approved,SHL_CDM_EntityPropertyExtension.MTED_EDaM_Design_Status
AA4330DE-5216-432C-B76E-01564329880E,Facility State Type,FCLTY_STT_TYP,MTED_Version_No,2021.2,SHL_CDM_EntityPropertyExtension.MTED_Version_No
AA4330DE-5216-432C-B76E-01564329880E,Facility State Type,FCLTY_STT_TYP,CommerciallySensitiveInformation,No Commercially Sensitive Information,BIM-core.CommerciallySensitiveInformation
AA4330DE-5216-432C-B76E-01564329880E,Facility State Type,FCLTY_STT_TYP,Criticality,No Critical Data,BIM-core.Criticality
AA4330DE-5216-432C-B76E-01564329880E,Facility State Type,FCLTY_STT_TYP,DataCategory,Structured,BIM-core.DataCategory
AA4330DE-5216-432C-B76E-01564329880E,Facility State Type,FCLTY_STT_TYP,DataConfidentiality,Internal,BIM-core.DataConfidentiality
AA4330DE-5216-432C-B76E-01564329880E,Facility State Type,FCLTY_STT_TYP,EntityCategory,Internal Reference,BIM-core.EntityCategory
AA4330DE-5216-432C-B76E-01564329880E,Facility State Type,FCLTY_STT_TYP,EntityPersonalData,No Personal Data,BIM-core.EntityPersonalData
AA4330DE-5216-432C-B76E-01564329880E,Facility State Type,FCLTY_STT_TYP,FinancialPersonalData,No Financial Personal Data,BIM-core.FinancialPersonalData
AA4330DE-5216-432C-B76E-01564329880E,Facility State Type,FCLTY_STT_TYP,SensitivePersonalData,No Sensitive Personal Data,BIM-core.SensitivePersonalData
AA4330DE-5216-432C-B76E-01564329880E,Facility State Type,FCLTY_STT_TYP,DesignStatus,Approved,BIM-core.DesignStatus
AA4330DE-5216-432C-B76E-01564329880E,Facility State Type,FCLTY_STT_TYP,DataArea,Facility,BIM-core.DataArea
AA4330DE-5216-432C-B76E-01564329880E,Facility State Type,FCLTY_STT_TYP,EnterpriseLevel,No,BIM-core.EnterpriseLevel
AA4330DE-5216-432C-B76E-01564329880E,Facility State Type,FCLTY_STT_TYP,ExchangeId,{59196678-3871-4669-B7B6-D82F159E1EF1},BIM-core.ExchangeId
A72FC07B-8489-45B7-8AEE-0E1EEB72826E,Fault,FLT,PD_ObjectID,A72FC07B-8489-45B7-8AEE-0E1EEB72826E,
A72FC07B-8489-45B7-8AEE-0E1EEB72826E,Fault,FLT,PD_SourceExtraction,46603045,
A72FC07B-8489-45B7-8AEE-0E1EEB72826E,Fault,FLT,PD_SourceModel,SUBSURFACE AND WELLS,
A72FC07B-8489-45B7-8AEE-0E1EEB72826E,Fault,FLT,MTED_EDaM_Entity_Data_Category,<unspecified>,SHL_CDM_EntityPropertyExtension.MTED_EDaM_Entity_Data_Category
A72FC07B-8489-45B7-8AEE-0E1EEB72826E,Fault,FLT,MTED_EDaM_Data_Owner,,SHL_CDM_EntityPropertyExtension.MTED_EDaM_Data_Owner
A72FC07B-8489-45B7-8AEE-0E1EEB72826E,Fault,FLT,MTED_EDaM_Entity_Critical_Data,F,SHL_CDM_EntityPropertyExtension.MTED_EDaM_Entity_Critical_Data
A72FC07B-8489-45B7-8AEE-0E1EEB72826E,Fault,FLT,MTED_EDaM_Entity_Quality_Indication,<unspecified>,SHL_CDM_EntityPropertyExtension.MTED_EDaM_Entity_Quality_Indication
A72FC07B-8489-45B7-8AEE-0E1EEB72826E,Fault,FLT,MTED_EDaM_Entity_Availability_Indication,<unspecified>,SHL_CDM_EntityPropertyExtension.MTED_EDaM_Entity_Availability_Indication
A72FC07B-8489-45B7-8AEE-0E1EEB72826E,Fault,FLT,MTED_EDaM_Security_Classification,Most Confidential,SHL_CDM_EntityPropertyExtension.MTED_EDaM_Security_Classification
A72FC07B-8489-45B7-8AEE-0E1EEB72826E,Fault,FLT,MTED_EDaM_Design_Status,Approved,SHL_CDM_EntityPropertyExtension.MTED_EDaM_Design_Status
A72FC07B-8489-45B7-8AEE-0E1EEB72826E,Fault,FLT,MTED_Version_No,2021.2,SHL_CDM_EntityPropertyExtension.MTED_Version_No
A72FC07B-8489-45B7-8AEE-0E1EEB72826E,Fault,FLT,MTED_EDaM_Version_Date,,SHL_CDM_EntityPropertyExtension.MTED_EDaM_Version_Date
A72FC07B-8489-45B7-8AEE-0E1EEB72826E,Fault,FLT,MTED_EDaM_Entity_Maps_To_Entity,"""01_EDC_Area"".""Well Geological""",SHL_CDM_EntityPropertyExtension.MTED_EDaM_Entity_Maps_To_Entity
A72FC07B-8489-45B7-8AEE-0E1EEB72826E,Fault,FLT,CSI,false,SHL_CDM_EntityPropertyExtension.CSI
A72FC07B-8489-45B7-8AEE-0E1EEB72826E,Fault,FLT,EntityUpdateDate,19/08/2021 Pass 3,SHL_CDM_EntityPropertyExtension.EntityUpdateDate
A72FC07B-8489-45B7-8AEE-0E1EEB72826E,Fault,FLT,MTED_EDaM_Business_Critical_Data,false,SHL_CDM_EntityPropertyExtension.MTED_EDaM_Business_Critical_Data
A72FC07B-8489-45B7-8AEE-0E1EEB72826E,Fault,FLT,MTED_Encryption_Required,false,SHL_CDM_EntityPropertyExtension.MTED_Encryption_Required
A72FC07B-8489-45B7-8AEE-0E1EEB72826E,Fault,FLT,PII,false,SHL_CDM_EntityPropertyExtension.PII
A72FC07B-8489-45B7-8AEE-0E1EEB72826E,Fault,FLT,Generation,true,SHL_CDM_EntityPropertyExtension.Generation
A72FC07B-8489-45B7-8AEE-0E1EEB72826E,Fault,FLT,CommerciallySensitiveInformation,No Commercially Sensitive Information,BIM-core.CommerciallySensitiveInformation
A72FC07B-8489-45B7-8AEE-0E1EEB72826E,Fault,FLT,Criticality,No Critical Data,BIM-core.Criticality
A72FC07B-8489-45B7-8AEE-0E1EEB72826E,Fault,FLT,DataCategory,Structured,BIM-core.DataCategory
A72FC07B-8489-45B7-8AEE-0E1EEB72826E,Fault,FLT,DataConfidentiality,Internal,BIM-core.DataConfidentiality
A72FC07B-8489-45B7-8AEE-0E1EEB72826E,Fault,FLT,DesignStatus,Approved,BIM-core.DesignStatus
A72FC07B-8489-45B7-8AEE-0E1EEB72826E,Fault,FLT,EntityCategory,Master,BIM-core.EntityCategory
A72FC07B-8489-45B7-8AEE-0E1EEB72826E,Fault,FLT,EntityPersonalData,No Personal Data,BIM-core.EntityPersonalData
A72FC07B-8489-45B7-8AEE-0E1EEB72826E,Fault,FLT,FinancialPersonalData,No Financial Personal Data,BIM-core.FinancialPersonalData
A72FC07B-8489-45B7-8AEE-0E1EEB72826E,Fault,FLT,SensitivePersonalData,No Sensitive Personal Data,BIM-core.SensitivePersonalData
A72FC07B-8489-45B7-8AEE-0E1EEB72826E,Fault,FLT,DataArea,Reservoir,BIM-core.DataArea
A72FC07B-8489-45B7-8AEE-0E1EEB72826E,Fault,FLT,EnterpriseLevel,Yes,BIM-core.EnterpriseLevel
A72FC07B-8489-45B7-8AEE-0E1EEB72826E,Fault,FLT,ExchangeId,{81E71DC4-E64B-469E-AF36-4DD2F8E35D63},BIM-core.ExchangeId
BAC1A2B4-A951-4778-8863-A3CB3AD2B31F,Fault Interpretation,FLT_INTRPRTTN,PD_ObjectID,BAC1A2B4-A951-4778-8863-A3CB3AD2B31F,
BAC1A2B4-A951-4778-8863-A3CB3AD2B31F,Fault Interpretation,FLT_INTRPRTTN,PD_SourceExtraction,46603045,
BAC1A2B4-A951-4778-8863-A3CB3AD2B31F,Fault Interpretation,FLT_INTRPRTTN,PD_SourceModel,SUBSURFACE AND WELLS,
BAC1A2B4-A951-4778-8863-A3CB3AD2B31F,Fault Interpretation,FLT_INTRPRTTN,EntityCategory,Transaction,BIM-core.EntityCategory
BAC1A2B4-A951-4778-8863-A3CB3AD2B31F,Fault Interpretation,FLT_INTRPRTTN,DataCategory,Structured,BIM-core.DataCategory
BAC1A2B4-A951-4778-8863-A3CB3AD2B31F,Fault Interpretation,FLT_INTRPRTTN,Criticality,No Critical Data,BIM-core.Criticality
BAC1A2B4-A951-4778-8863-A3CB3AD2B31F,Fault Interpretation,FLT_INTRPRTTN,CommerciallySensitiveInformation,No Commercially Sensitive Information,BIM-core.CommerciallySensitiveInformation
BAC1A2B4-A951-4778-8863-A3CB3AD2B31F,Fault Interpretation,FLT_INTRPRTTN,DataConfidentiality,Internal,BIM-core.DataConfidentiality
BAC1A2B4-A951-4778-8863-A3CB3AD2B31F,Fault Interpretation,FLT_INTRPRTTN,EntityPersonalData,No Personal Data,BIM-core.EntityPersonalData
BAC1A2B4-A951-4778-8863-A3CB3AD2B31F,Fault Interpretation,FLT_INTRPRTTN,FinancialPersonalData,No Financial Personal Data,BIM-core.FinancialPersonalData
BAC1A2B4-A951-4778-8863-A3CB3AD2B31F,Fault Interpretation,FLT_INTRPRTTN,SensitivePersonalData,No Sensitive Personal Data,BIM-core.SensitivePersonalData
BAC1A2B4-A951-4778-8863-A3CB3AD2B31F,Fault Interpretation,FLT_INTRPRTTN,DesignStatus,Approved,BIM-core.DesignStatus
BAC1A2B4-A951-4778-8863-A3CB3AD2B31F,Fault Interpretation,FLT_INTRPRTTN,DataArea,Reservoir,BIM-core.DataArea
BAC1A2B4-A951-4778-8863-A3CB3AD2B31F,Fault Interpretation,FLT_INTRPRTTN,EnterpriseLevel,Yes,BIM-core.EnterpriseLevel
BAC1A2B4-A951-4778-8863-A3CB3AD2B31F,Fault Interpretation,FLT_INTRPRTTN,ExchangeId,{E898BBE4-E2A2-49DE-9E69-1B3AC47478FF},BIM-core.ExchangeId
A40A957F-C5D7-4981-AF5C-392958CE876D,Fault Marker,FLT_MRKR,PD_ObjectID,A40A957F-C5D7-4981-AF5C-392958CE876D,
A40A957F-C5D7-4981-AF5C-392958CE876D,Fault Marker,FLT_MRKR,PD_SourceExtraction,46603045,
A40A957F-C5D7-4981-AF5C-392958CE876D,Fault Marker,FLT_MRKR,PD_SourceModel,SUBSURFACE AND WELLS,
A40A957F-C5D7-4981-AF5C-392958CE876D,Fault Marker,FLT_MRKR,MTED_EDaM_Entity_Data_Category,<unspecified>,SHL_CDM_EntityPropertyExtension.MTED_EDaM_Entity_Data_Category
A40A957F-C5D7-4981-AF5C-392958CE876D,Fault Marker,FLT_MRKR,MTED_EDaM_Data_Owner,,SHL_CDM_EntityPropertyExtension.MTED_EDaM_Data_Owner
A40A957F-C5D7-4981-AF5C-392958CE876D,Fault Marker,FLT_MRKR,MTED_EDaM_Entity_Critical_Data,F,SHL_CDM_EntityPropertyExtension.MTED_EDaM_Entity_Critical_Data
A40A957F-C5D7-4981-AF5C-392958CE876D,Fault Marker,FLT_MRKR,MTED_EDaM_Entity_Quality_Indication,<unspecified>,SHL_CDM_EntityPropertyExtension.MTED_EDaM_Entity_Quality_Indication
A40A957F-C5D7-4981-AF5C-392958CE876D,Fault Marker,FLT_MRKR,MTED_EDaM_Entity_Availability_Indication,<unspecified>,SHL_CDM_EntityPropertyExtension.MTED_EDaM_Entity_Availability_Indication
A40A957F-C5D7-4981-AF5C-392958CE876D,Fault Marker,FLT_MRKR,MTED_EDaM_Security_Classification,Most Confidential,SHL_CDM_EntityPropertyExtension.MTED_EDaM_Security_Classification
A40A957F-C5D7-4981-AF5C-392958CE876D,Fault Marker,FLT_MRKR,MTED_EDaM_Design_Status,Approved,SHL_CDM_EntityPropertyExtension.MTED_EDaM_Design_Status
A40A957F-C5D7-4981-AF5C-392958CE876D,Fault Marker,FLT_MRKR,MTED_Version_No,2021.2,SHL_CDM_EntityPropertyExtension.MTED_Version_No
A40A957F-C5D7-4981-AF5C-392958CE876D,Fault Marker,FLT_MRKR,MTED_EDaM_Version_Date,,SHL_CDM_EntityPropertyExtension.MTED_EDaM_Version_Date
A40A957F-C5D7-4981-AF5C-392958CE876D,Fault Marker,FLT_MRKR,MTED_EDaM_Entity_Maps_To_Entity,"""01_EDC_Area"".""Well Geological""",SHL_CDM_EntityPropertyExtension.MTED_EDaM_Entity_Maps_To_Entity
A40A957F-C5D7-4981-AF5C-392958CE876D,Fault Marker,FLT_MRKR,CSI,false,SHL_CDM_EntityPropertyExtension.CSI
A40A957F-C5D7-4981-AF5C-392958CE876D,Fault Marker,FLT_MRKR,EntityUpdateDate,19/08/2021 Pass 3,SHL_CDM_EntityPropertyExtension.EntityUpdateDate
A40A957F-C5D7-4981-AF5C-392958CE876D,Fault Marker,FLT_MRKR,MTED_EDaM_Business_Critical_Data,false,SHL_CDM_EntityPropertyExtension.MTED_EDaM_Business_Critical_Data
A40A957F-C5D7-4981-AF5C-392958CE876D,Fault Marker,FLT_MRKR,MTED_Encryption_Required,false,SHL_CDM_EntityPropertyExtension.MTED_Encryption_Required
A40A957F-C5D7-4981-AF5C-392958CE876D,Fault Marker,FLT_MRKR,PII,false,SHL_CDM_EntityPropertyExtension.PII
A40A957F-C5D7-4981-AF5C-392958CE876D,Fault Marker,FLT_MRKR,Generation,true,SHL_CDM_EntityPropertyExtension.Generation
A40A957F-C5D7-4981-AF5C-392958CE876D,Fault Marker,FLT_MRKR,CommerciallySensitiveInformation,No Commercially Sensitive Information,BIM-core.CommerciallySensitiveInformation
A40A957F-C5D7-4981-AF5C-392958CE876D,Fault Marker,FLT_MRKR,Criticality,No Critical Data,BIM-core.Criticality
A40A957F-C5D7-4981-AF5C-392958CE876D,Fault Marker,FLT_MRKR,DataCategory,Structured,BIM-core.DataCategory
A40A957F-C5D7-4981-AF5C-392958CE876D,Fault Marker,FLT_MRKR,DataConfidentiality,Internal,BIM-core.DataConfidentiality
A40A957F-C5D7-4981-AF5C-392958CE876D,Fault Marker,FLT_MRKR,DesignStatus,Approved,BIM-core.DesignStatus
A40A957F-C5D7-4981-AF5C-392958CE876D,Fault Marker,FLT_MRKR,EntityCategory,Master,BIM-core.EntityCategory
A40A957F-C5D7-4981-AF5C-392958CE876D,Fault Marker,FLT_MRKR,EntityPersonalData,No Personal Data,BIM-core.EntityPersonalData
A40A957F-C5D7-4981-AF5C-392958CE876D,Fault Marker,FLT_MRKR,FinancialPersonalData,No Financial Personal Data,BIM-core.FinancialPersonalData
A40A957F-C5D7-4981-AF5C-392958CE876D,Fault Marker,FLT_MRKR,SensitivePersonalData,No Sensitive Personal Data,BIM-core.SensitivePersonalData
A40A957F-C5D7-4981-AF5C-392958CE876D,Fault Marker,FLT_MRKR,DataArea,Reservoir,BIM-core.DataArea
A40A957F-C5D7-4981-AF5C-392958CE876D,Fault Marker,FLT_MRKR,EnterpriseLevel,Yes,BIM-core.EnterpriseLevel
A40A957F-C5D7-4981-AF5C-392958CE876D,Fault Marker,FLT_MRKR,ExchangeId,{4FDC4B71-C6BE-45C0-97DF-276D5F7135C9},BIM-core.ExchangeId
998A2F2F-56F9-4F72-A7B8-35ED825BB422,Feasibility Report,FSBLTY_RPRT,PD_ObjectID,998A2F2F-56F9-4F72-A7B8-35ED825BB422,
998A2F2F-56F9-4F72-A7B8-35ED825BB422,Feasibility Report,FSBLTY_RPRT,PD_SourceExtraction,46603045,
998A2F2F-56F9-4F72-A7B8-35ED825BB422,Feasibility Report,FSBLTY_RPRT,PD_SourceModel,SUBSURFACE AND WELLS,
998A2F2F-56F9-4F72-A7B8-35ED825BB422,Feasibility Report,FSBLTY_RPRT,CSI,false,SHL_CDM_EntityPropertyExtension.CSI
998A2F2F-56F9-4F72-A7B8-35ED825BB422,Feasibility Report,FSBLTY_RPRT,EntityUpdateDate,19/08/2021 Pass 3,SHL_CDM_EntityPropertyExtension.EntityUpdateDate
998A2F2F-56F9-4F72-A7B8-35ED825BB422,Feasibility Report,FSBLTY_RPRT,MTED_EDaM_Business_Critical_Data,false,SHL_CDM_EntityPropertyExtension.MTED_EDaM_Business_Critical_Data
998A2F2F-56F9-4F72-A7B8-35ED825BB422,Feasibility Report,FSBLTY_RPRT,MTED_Encryption_Required,false,SHL_CDM_EntityPropertyExtension.MTED_Encryption_Required
998A2F2F-56F9-4F72-A7B8-35ED825BB422,Feasibility Report,FSBLTY_RPRT,PII,false,SHL_CDM_EntityPropertyExtension.PII
998A2F2F-56F9-4F72-A7B8-35ED825BB422,Feasibility Report,FSBLTY_RPRT,Generation,true,SHL_CDM_EntityPropertyExtension.Generation
998A2F2F-56F9-4F72-A7B8-35ED825BB422,Feasibility Report,FSBLTY_RPRT,MTED_EDaM_Design_Status,Approved,SHL_CDM_EntityPropertyExtension.MTED_EDaM_Design_Status
998A2F2F-56F9-4F72-A7B8-35ED825BB422,Feasibility Report,FSBLTY_RPRT,MTED_Version_No,2021.2,SHL_CDM_EntityPropertyExtension.MTED_Version_No
998A2F2F-56F9-4F72-A7B8-35ED825BB422,Feasibility Report,FSBLTY_RPRT,CommerciallySensitiveInformation,Commercially Sensitive Information,BIM-core.CommerciallySensitiveInformation
998A2F2F-56F9-4F72-A7B8-35ED825BB422,Feasibility Report,FSBLTY_RPRT,Criticality,No Critical Data,BIM-core.Criticality
998A2F2F-56F9-4F72-A7B8-35ED825BB422,Feasibility Report,FSBLTY_RPRT,DataCategory,Structured,BIM-core.DataCategory
998A2F2F-56F9-4F72-A7B8-35ED825BB422,Feasibility Report,FSBLTY_RPRT,DataConfidentiality,Internal,BIM-core.DataConfidentiality
998A2F2F-56F9-4F72-A7B8-35ED825BB422,Feasibility Report,FSBLTY_RPRT,DesignStatus,Approved,BIM-core.DesignStatus
998A2F2F-56F9-4F72-A7B8-35ED825BB422,Feasibility Report,FSBLTY_RPRT,EntityCategory,Transaction,BIM-core.EntityCategory
998A2F2F-56F9-4F72-A7B8-35ED825BB422,Feasibility Report,FSBLTY_RPRT,EntityPersonalData,No Personal Data,BIM-core.EntityPersonalData
998A2F2F-56F9-4F72-A7B8-35ED825BB422,Feasibility Report,FSBLTY_RPRT,FinancialPersonalData,No Financial Personal Data,BIM-core.FinancialPersonalData
998A2F2F-56F9-4F72-A7B8-35ED825BB422,Feasibility Report,FSBLTY_RPRT,SensitivePersonalData,No Sensitive Personal Data,BIM-core.SensitivePersonalData
998A2F2F-56F9-4F72-A7B8-35ED825BB422,Feasibility Report,FSBLTY_RPRT,DataArea,Project Activity Study Lifecycle,BIM-core.DataArea
998A2F2F-56F9-4F72-A7B8-35ED825BB422,Feasibility Report,FSBLTY_RPRT,EnterpriseLevel,Yes,BIM-core.EnterpriseLevel
998A2F2F-56F9-4F72-A7B8-35ED825BB422,Feasibility Report,FSBLTY_RPRT,ExchangeId,{19A98345-ED1D-426E-AC9A-E4BFE387E612},BIM-core.ExchangeId
C389AA38-C3BF-4F6E-A0FB-0E6E7CADCB63,Supervisory Organisation,SPRVSRY_ORGNSTN,PD_ObjectID,C389AA38-C3BF-4F6E-A0FB-0E6E7CADCB63,
C389AA38-C3BF-4F6E-A0FB-0E6E7CADCB63,Supervisory Organisation,SPRVSRY_ORGNSTN,PD_SourceExtraction,46603045,
C389AA38-C3BF-4F6E-A0FB-0E6E7CADCB63,Supervisory Organisation,SPRVSRY_ORGNSTN,PD_SourceModel,SUBSURFACE AND WELLS,
C389AA38-C3BF-4F6E-A0FB-0E6E7CADCB63,Supervisory Organisation,SPRVSRY_ORGNSTN,MTED_EDaM_Entity_Data_Category,<unspecified>,SHL_CDM_EntityPropertyExtension.MTED_EDaM_Entity_Data_Category
C389AA38-C3BF-4F6E-A0FB-0E6E7CADCB63,Supervisory Organisation,SPRVSRY_ORGNSTN,MTED_EDaM_Data_Owner,,SHL_CDM_EntityPropertyExtension.MTED_EDaM_Data_Owner
C389AA38-C3BF-4F6E-A0FB-0E6E7CADCB63,Supervisory Organisation,SPRVSRY_ORGNSTN,MTED_EDaM_Entity_Critical_Data,F,SHL_CDM_EntityPropertyExtension.MTED_EDaM_Entity_Critical_Data
C389AA38-C3BF-4F6E-A0FB-0E6E7CADCB63,Supervisory Organisation,SPRVSRY_ORGNSTN,MTED_EDaM_Entity_Quality_Indication,<unspecified>,SHL_CDM_EntityPropertyExtension.MTED_EDaM_Entity_Quality_Indication
C389AA38-C3BF-4F6E-A0FB-0E6E7CADCB63,Supervisory Organisation,SPRVSRY_ORGNSTN,MTED_EDaM_Entity_Availability_Indication,<unspecified>,SHL_CDM_EntityPropertyExtension.MTED_EDaM_Entity_Availability_Indication
C389AA38-C3BF-4F6E-A0FB-0E6E7CADCB63,Supervisory Organisation,SPRVSRY_ORGNSTN,MTED_EDaM_Security_Classification,Restricted,SHL_CDM_EntityPropertyExtension.MTED_EDaM_Security_Classification
C389AA38-C3BF-4F6E-A0FB-0E6E7CADCB63,Supervisory Organisation,SPRVSRY_ORGNSTN,MTED_EDaM_Design_Status,,SHL_CDM_EntityPropertyExtension.MTED_EDaM_Design_Status
C389AA38-C3BF-4F6E-A0FB-0E6E7CADCB63,Supervisory Organisation,SPRVSRY_ORGNSTN,MTED_Version_No,,SHL_CDM_EntityPropertyExtension.MTED_Version_No
C389AA38-C3BF-4F6E-A0FB-0E6E7CADCB63,Supervisory Organisation,SPRVSRY_ORGNSTN,MTED_EDaM_Version_Date,,SHL_CDM_EntityPropertyExtension.MTED_EDaM_Version_Date
C389AA38-C3BF-4F6E-A0FB-0E6E7CADCB63,Supervisory Organisation,SPRVSRY_ORGNSTN,EntityUpdateDate,19/08/2021 Pass 3,SHL_CDM_EntityPropertyExtension.EntityUpdateDate
C389AA38-C3BF-4F6E-A0FB-0E6E7CADCB63,Supervisory Organisation,SPRVSRY_ORGNSTN,CommerciallySensitiveInformation,No Commercially Sensitive Information,BIM-core.CommerciallySensitiveInformation
C389AA38-C3BF-4F6E-A0FB-0E6E7CADCB63,Supervisory Organisation,SPRVSRY_ORGNSTN,Criticality,Critical Data,BIM-core.Criticality
C389AA38-C3BF-4F6E-A0FB-0E6E7CADCB63,Supervisory Organisation,SPRVSRY_ORGNSTN,DataCategory,Structured,BIM-core.DataCategory
C389AA38-C3BF-4F6E-A0FB-0E6E7CADCB63,Supervisory Organisation,SPRVSRY_ORGNSTN,DataConfidentiality,Internal,BIM-core.DataConfidentiality
C389AA38-C3BF-4F6E-A0FB-0E6E7CADCB63,Supervisory Organisation,SPRVSRY_ORGNSTN,DesignStatus,Approved,BIM-core.DesignStatus
C389AA38-C3BF-4F6E-A0FB-0E6E7CADCB63,Supervisory Organisation,SPRVSRY_ORGNSTN,EntityCategory,Master,BIM-core.EntityCategory
C389AA38-C3BF-4F6E-A0FB-0E6E7CADCB63,Supervisory Organisation,SPRVSRY_ORGNSTN,EntityPersonalData,No Personal Data,BIM-core.EntityPersonalData
C389AA38-C3BF-4F6E-A0FB-0E6E7CADCB63,Supervisory Organisation,SPRVSRY_ORGNSTN,FinancialPersonalData,No Financial Personal Data,BIM-core.FinancialPersonalData
C389AA38-C3BF-4F6E-A0FB-0E6E7CADCB63,Supervisory Organisation,SPRVSRY_ORGNSTN,SensitivePersonalData,No Sensitive Personal Data,BIM-core.SensitivePersonalData
C389AA38-C3BF-4F6E-A0FB-0E6E7CADCB63,Supervisory Organisation,SPRVSRY_ORGNSTN,DataArea,Core HR,BIM-core.DataArea
C389AA38-C3BF-4F6E-A0FB-0E6E7CADCB63,Supervisory Organisation,SPRVSRY_ORGNSTN,EnterpriseLevel,No,BIM-core.EnterpriseLevel
C389AA38-C3BF-4F6E-A0FB-0E6E7CADCB63,Supervisory Organisation,SPRVSRY_ORGNSTN,ExchangeId,{82015D78-3196-47A1-8834-DEDD6AED08FF},BIM-core.ExchangeId
C389AA38-C3BF-4F6E-A0FB-0E6E7CADCB63,Supervisory Organisation,SPRVSRY_ORGNSTN,Business_Conceptual_Data_Model_Criticality,Critical Data,Business Conceptual Data Model.Criticality
C389AA38-C3BF-4F6E-A0FB-0E6E7CADCB63,Supervisory Organisation,SPRVSRY_ORGNSTN,Business_Conceptual_Data_Model_DataConfidentiality,Restricted,Business Conceptual Data Model.DataConfidentiality
C389AA38-C3BF-4F6E-A0FB-0E6E7CADCB63,Supervisory Organisation,SPRVSRY_ORGNSTN,Business_Conceptual_Data_Model_DesignStatus,Approved,Business Conceptual Data Model.DesignStatus
C389AA38-C3BF-4F6E-A0FB-0E6E7CADCB63,Supervisory Organisation,SPRVSRY_ORGNSTN,Business_Conceptual_Data_Model_SensitivePersonalData,No Sensitive Personal Data,Business Conceptual Data Model.SensitivePersonalData
0C981D9D-4259-4BAC-9632-66D659B16A76,Subsurface Realisation,SBSRFC_RLSTN,PD_ObjectID,0C981D9D-4259-4BAC-9632-66D659B16A76,
0C981D9D-4259-4BAC-9632-66D659B16A76,Subsurface Realisation,SBSRFC_RLSTN,PD_SourceExtraction,46603045,
0C981D9D-4259-4BAC-9632-66D659B16A76,Subsurface Realisation,SBSRFC_RLSTN,PD_SourceModel,SUBSURFACE AND WELLS,
0C981D9D-4259-4BAC-9632-66D659B16A76,Subsurface Realisation,SBSRFC_RLSTN,CSI,false,SHL_CDM_EntityPropertyExtension.CSI
0C981D9D-4259-4BAC-9632-66D659B16A76,Subsurface Realisation,SBSRFC_RLSTN,MTED_EDaM_Business_Critical_Data,false,SHL_CDM_EntityPropertyExtension.MTED_EDaM_Business_Critical_Data
0C981D9D-4259-4BAC-9632-66D659B16A76,Subsurface Realisation,SBSRFC_RLSTN,MTED_Encryption_Required,false,SHL_CDM_EntityPropertyExtension.MTED_Encryption_Required
0C981D9D-4259-4BAC-9632-66D659B16A76,Subsurface Realisation,SBSRFC_RLSTN,PII,false,SHL_CDM_EntityPropertyExtension.PII
0C981D9D-4259-4BAC-9632-66D659B16A76,Subsurface Realisation,SBSRFC_RLSTN,EntityUpdateDate,19/08/2021 Pass 3,SHL_CDM_EntityPropertyExtension.EntityUpdateDate
0C981D9D-4259-4BAC-9632-66D659B16A76,Subsurface Realisation,SBSRFC_RLSTN,MTED_EDaM_Design_Status,Approved,SHL_CDM_EntityPropertyExtension.MTED_EDaM_Design_Status
0C981D9D-4259-4BAC-9632-66D659B16A76,Subsurface Realisation,SBSRFC_RLSTN,MTED_Version_No,2021.2,SHL_CDM_EntityPropertyExtension.MTED_Version_No
0C981D9D-4259-4BAC-9632-66D659B16A76,Subsurface Realisation,SBSRFC_RLSTN,Generation,true,SHL_CDM_EntityPropertyExtension.Generation
0C981D9D-4259-4BAC-9632-66D659B16A76,Subsurface Realisation,SBSRFC_RLSTN,CommerciallySensitiveInformation,Commercially Sensitive Information,BIM-core.CommerciallySensitiveInformation
0C981D9D-4259-4BAC-9632-66D659B16A76,Subsurface Realisation,SBSRFC_RLSTN,Criticality,No Critical Data,BIM-core.Criticality
0C981D9D-4259-4BAC-9632-66D659B16A76,Subsurface Realisation,SBSRFC_RLSTN,DataCategory,Structured,BIM-core.DataCategory
0C981D9D-4259-4BAC-9632-66D659B16A76,Subsurface Realisation,SBSRFC_RLSTN,DataConfidentiality,Internal,BIM-core.DataConfidentiality
0C981D9D-4259-4BAC-9632-66D659B16A76,Subsurface Realisation,SBSRFC_RLSTN,DesignStatus,Approved,BIM-core.DesignStatus
0C981D9D-4259-4BAC-9632-66D659B16A76,Subsurface Realisation,SBSRFC_RLSTN,EntityCategory,Master,BIM-core.EntityCategory
0C981D9D-4259-4BAC-9632-66D659B16A76,Subsurface Realisation,SBSRFC_RLSTN,EntityPersonalData,No Personal Data,BIM-core.EntityPersonalData
0C981D9D-4259-4BAC-9632-66D659B16A76,Subsurface Realisation,SBSRFC_RLSTN,FinancialPersonalData,No Financial Personal Data,BIM-core.FinancialPersonalData
0C981D9D-4259-4BAC-9632-66D659B16A76,Subsurface Realisation,SBSRFC_RLSTN,SensitivePersonalData,No Sensitive Personal Data,BIM-core.SensitivePersonalData
0C981D9D-4259-4BAC-9632-66D659B16A76,Subsurface Realisation,SBSRFC_RLSTN,DataArea,Project Activity Study Lifecycle,BIM-core.DataArea
0C981D9D-4259-4BAC-9632-66D659B16A76,Subsurface Realisation,SBSRFC_RLSTN,EnterpriseLevel,Yes,BIM-core.EnterpriseLevel
0C981D9D-4259-4BAC-9632-66D659B16A76,Subsurface Realisation,SBSRFC_RLSTN,ExchangeId,{86396922-8109-4C7F-A567-DDBC0691F4FA},BIM-core.ExchangeId
A89C12B2-EA0A-4A61-8BCF-FBA03E4D2013,Structural Organization Interpretation,STRCTRL_ORGNZTN_INTRPRTTN,PD_ObjectID,A89C12B2-EA0A-4A61-8BCF-FBA03E4D2013,
A89C12B2-EA0A-4A61-8BCF-FBA03E4D2013,Structural Organization Interpretation,STRCTRL_ORGNZTN_INTRPRTTN,PD_SourceExtraction,46603045,
A89C12B2-EA0A-4A61-8BCF-FBA03E4D2013,Structural Organization Interpretation,STRCTRL_ORGNZTN_INTRPRTTN,PD_SourceModel,SUBSURFACE AND WELLS,
A89C12B2-EA0A-4A61-8BCF-FBA03E4D2013,Structural Organization Interpretation,STRCTRL_ORGNZTN_INTRPRTTN,EntityCategory,Transaction,BIM-core.EntityCategory
A89C12B2-EA0A-4A61-8BCF-FBA03E4D2013,Structural Organization Interpretation,STRCTRL_ORGNZTN_INTRPRTTN,DataCategory,Structured,BIM-core.DataCategory
A89C12B2-EA0A-4A61-8BCF-FBA03E4D2013,Structural Organization Interpretation,STRCTRL_ORGNZTN_INTRPRTTN,Criticality,No Critical Data,BIM-core.Criticality
A89C12B2-EA0A-4A61-8BCF-FBA03E4D2013,Structural Organization Interpretation,STRCTRL_ORGNZTN_INTRPRTTN,CommerciallySensitiveInformation,No Commercially Sensitive Information,BIM-core.CommerciallySensitiveInformation
A89C12B2-EA0A-4A61-8BCF-FBA03E4D2013,Structural Organization Interpretation,STRCTRL_ORGNZTN_INTRPRTTN,DataConfidentiality,Internal,BIM-core.DataConfidentiality
A89C12B2-EA0A-4A61-8BCF-FBA03E4D2013,Structural Organization Interpretation,STRCTRL_ORGNZTN_INTRPRTTN,EntityPersonalData,No Personal Data,BIM-core.EntityPersonalData
A89C12B2-EA0A-4A61-8BCF-FBA03E4D2013,Structural Organization Interpretation,STRCTRL_ORGNZTN_INTRPRTTN,FinancialPersonalData,No Financial Personal Data,BIM-core.FinancialPersonalData
A89C12B2-EA0A-4A61-8BCF-FBA03E4D2013,Structural Organization Interpretation,STRCTRL_ORGNZTN_INTRPRTTN,SensitivePersonalData,No Sensitive Personal Data,BIM-core.SensitivePersonalData
A89C12B2-EA0A-4A61-8BCF-FBA03E4D2013,Structural Organization Interpretation,STRCTRL_ORGNZTN_INTRPRTTN,DataArea,Reservoir,BIM-core.DataArea
A89C12B2-EA0A-4A61-8BCF-FBA03E4D2013,Structural Organization Interpretation,STRCTRL_ORGNZTN_INTRPRTTN,EnterpriseLevel,Yes,BIM-core.EnterpriseLevel
A89C12B2-EA0A-4A61-8BCF-FBA03E4D2013,Structural Organization Interpretation,STRCTRL_ORGNZTN_INTRPRTTN,ExchangeId,{1A7198AF-ADDD-4A5E-BAA8-CBBDD175E874},BIM-core.ExchangeId
92175E3C-CE10-439D-A70B-3E774BB26399,Structural Model,STRCTRL_MDL,PD_ObjectID,92175E3C-CE10-439D-A70B-3E774BB26399,
92175E3C-CE10-439D-A70B-3E774BB26399,Structural Model,STRCTRL_MDL,PD_SourceExtraction,46603045,
92175E3C-CE10-439D-A70B-3E774BB26399,Structural Model,STRCTRL_MDL,PD_SourceModel,SUBSURFACE AND WELLS,
92175E3C-CE10-439D-A70B-3E774BB26399,Structural Model,STRCTRL_MDL,CSI,false,SHL_CDM_EntityPropertyExtension.CSI
92175E3C-CE10-439D-A70B-3E774BB26399,Structural Model,STRCTRL_MDL,EntityUpdateDate,19/08/2021 Pass 3,SHL_CDM_EntityPropertyExtension.EntityUpdateDate
92175E3C-CE10-439D-A70B-3E774BB26399,Structural Model,STRCTRL_MDL,MTED_EDaM_Business_Critical_Data,false,SHL_CDM_EntityPropertyExtension.MTED_EDaM_Business_Critical_Data
92175E3C-CE10-439D-A70B-3E774BB26399,Structural Model,STRCTRL_MDL,MTED_Encryption_Required,false,SHL_CDM_EntityPropertyExtension.MTED_Encryption_Required
92175E3C-CE10-439D-A70B-3E774BB26399,Structural Model,STRCTRL_MDL,PII,false,SHL_CDM_EntityPropertyExtension.PII
92175E3C-CE10-439D-A70B-3E774BB26399,Structural Model,STRCTRL_MDL,Generation,true,SHL_CDM_EntityPropertyExtension.Generation
92175E3C-CE10-439D-A70B-3E774BB26399,Structural Model,STRCTRL_MDL,MTED_EDaM_Design_Status,Approved,SHL_CDM_EntityPropertyExtension.MTED_EDaM_Design_Status
92175E3C-CE10-439D-A70B-3E774BB26399,Structural Model,STRCTRL_MDL,MTED_Version_No,2021.2,SHL_CDM_EntityPropertyExtension.MTED_Version_No
92175E3C-CE10-439D-A70B-3E774BB26399,Structural Model,STRCTRL_MDL,CommerciallySensitiveInformation,No Commercially Sensitive Information,BIM-core.CommerciallySensitiveInformation
92175E3C-CE10-439D-A70B-3E774BB26399,Structural Model,STRCTRL_MDL,Criticality,No Critical Data,BIM-core.Criticality
92175E3C-CE10-439D-A70B-3E774BB26399,Structural Model,STRCTRL_MDL,DataCategory,Structured,BIM-core.DataCategory
92175E3C-CE10-439D-A70B-3E774BB26399,Structural Model,STRCTRL_MDL,DataConfidentiality,Internal,BIM-core.DataConfidentiality
92175E3C-CE10-439D-A70B-3E774BB26399,Structural Model,STRCTRL_MDL,DesignStatus,Approved,BIM-core.DesignStatus
92175E3C-CE10-439D-A70B-3E774BB26399,Structural Model,STRCTRL_MDL,EntityCategory,Transaction,BIM-core.EntityCategory
92175E3C-CE10-439D-A70B-3E774BB26399,Structural Model,STRCTRL_MDL,EntityPersonalData,No Personal Data,BIM-core.EntityPersonalData
92175E3C-CE10-439D-A70B-3E774BB26399,Structural Model,STRCTRL_MDL,FinancialPersonalData,No Financial Personal Data,BIM-core.FinancialPersonalData
92175E3C-CE10-439D-A70B-3E774BB26399,Structural Model,STRCTRL_MDL,SensitivePersonalData,No Sensitive Personal Data,BIM-core.SensitivePersonalData
92175E3C-CE10-439D-A70B-3E774BB26399,Structural Model,STRCTRL_MDL,DataArea,Reservoir,BIM-core.DataArea
92175E3C-CE10-439D-A70B-3E774BB26399,Structural Model,STRCTRL_MDL,EnterpriseLevel,Yes,BIM-core.EnterpriseLevel
92175E3C-CE10-439D-A70B-3E774BB26399,Structural Model,STRCTRL_MDL,ExchangeId,{E7866540-C140-42F4-9FAA-B40ADE58C119},BIM-core.ExchangeId
5BEDE95E-7F6F-4F7D-A70F-860654207AA3,Stratigraphic Unit Interpretation,STRATIGRAPHIC_UNT_INTRPRTTN,PD_ObjectID,5BEDE95E-7F6F-4F7D-A70F-860654207AA3,
5BEDE95E-7F6F-4F7D-A70F-860654207AA3,Stratigraphic Unit Interpretation,STRATIGRAPHIC_UNT_INTRPRTTN,PD_SourceExtraction,46603045,
5BEDE95E-7F6F-4F7D-A70F-860654207AA3,Stratigraphic Unit Interpretation,STRATIGRAPHIC_UNT_INTRPRTTN,PD_SourceModel,SUBSURFACE AND WELLS,
5BEDE95E-7F6F-4F7D-A70F-860654207AA3,Stratigraphic Unit Interpretation,STRATIGRAPHIC_UNT_INTRPRTTN,EntityCategory,Transaction,BIM-core.EntityCategory
5BEDE95E-7F6F-4F7D-A70F-860654207AA3,Stratigraphic Unit Interpretation,STRATIGRAPHIC_UNT_INTRPRTTN,DataCategory,Structured,BIM-core.DataCategory
5BEDE95E-7F6F-4F7D-A70F-860654207AA3,Stratigraphic Unit Interpretation,STRATIGRAPHIC_UNT_INTRPRTTN,Criticality,No Critical Data,BIM-core.Criticality
5BEDE95E-7F6F-4F7D-A70F-860654207AA3,Stratigraphic Unit Interpretation,STRATIGRAPHIC_UNT_INTRPRTTN,CommerciallySensitiveInformation,No Commercially Sensitive Information,BIM-core.CommerciallySensitiveInformation
5BEDE95E-7F6F-4F7D-A70F-860654207AA3,Stratigraphic Unit Interpretation,STRATIGRAPHIC_UNT_INTRPRTTN,DataConfidentiality,Internal,BIM-core.DataConfidentiality
5BEDE95E-7F6F-4F7D-A70F-860654207AA3,Stratigraphic Unit Interpretation,STRATIGRAPHIC_UNT_INTRPRTTN,EntityPersonalData,No Personal Data,BIM-core.EntityPersonalData
5BEDE95E-7F6F-4F7D-A70F-860654207AA3,Stratigraphic Unit Interpretation,STRATIGRAPHIC_UNT_INTRPRTTN,FinancialPersonalData,No Financial Personal Data,BIM-core.FinancialPersonalData
5BEDE95E-7F6F-4F7D-A70F-860654207AA3,Stratigraphic Unit Interpretation,STRATIGRAPHIC_UNT_INTRPRTTN,SensitivePersonalData,No Sensitive Personal Data,BIM-core.SensitivePersonalData
5BEDE95E-7F6F-4F7D-A70F-860654207AA3,Stratigraphic Unit Interpretation,STRATIGRAPHIC_UNT_INTRPRTTN,DataArea,Reservoir,BIM-core.DataArea
5BEDE95E-7F6F-4F7D-A70F-860654207AA3,Stratigraphic Unit Interpretation,STRATIGRAPHIC_UNT_INTRPRTTN,EnterpriseLevel,Yes,BIM-core.EnterpriseLevel
5BEDE95E-7F6F-4F7D-A70F-860654207AA3,Stratigraphic Unit Interpretation,STRATIGRAPHIC_UNT_INTRPRTTN,ExchangeId,{5237B1D6-54B8-46AA-81B1-5D60EBBBA0E8},BIM-core.ExchangeId
53B5AE9E-6DAF-498C-971F-22381939F827,Stratigraphic Column Rank Interpretation,STRATIGRAPHIC_CLMN_RANK_INTRPRTTN,PD_ObjectID,53B5AE9E-6DAF-498C-971F-22381939F827,
53B5AE9E-6DAF-498C-971F-22381939F827,Stratigraphic Column Rank Interpretation,STRATIGRAPHIC_CLMN_RANK_INTRPRTTN,PD_SourceExtraction,46603045,
53B5AE9E-6DAF-498C-971F-22381939F827,Stratigraphic Column Rank Interpretation,STRATIGRAPHIC_CLMN_RANK_INTRPRTTN,PD_SourceModel,SUBSURFACE AND WELLS,
53B5AE9E-6DAF-498C-971F-22381939F827,Stratigraphic Column Rank Interpretation,STRATIGRAPHIC_CLMN_RANK_INTRPRTTN,EntityCategory,Transaction,BIM-core.EntityCategory
53B5AE9E-6DAF-498C-971F-22381939F827,Stratigraphic Column Rank Interpretation,STRATIGRAPHIC_CLMN_RANK_INTRPRTTN,DataCategory,Structured,BIM-core.DataCategory
53B5AE9E-6DAF-498C-971F-22381939F827,Stratigraphic Column Rank Interpretation,STRATIGRAPHIC_CLMN_RANK_INTRPRTTN,Criticality,No Critical Data,BIM-core.Criticality
53B5AE9E-6DAF-498C-971F-22381939F827,Stratigraphic Column Rank Interpretation,STRATIGRAPHIC_CLMN_RANK_INTRPRTTN,CommerciallySensitiveInformation,No Commercially Sensitive Information,BIM-core.CommerciallySensitiveInformation
53B5AE9E-6DAF-498C-971F-22381939F827,Stratigraphic Column Rank Interpretation,STRATIGRAPHIC_CLMN_RANK_INTRPRTTN,DataConfidentiality,Internal,BIM-core.DataConfidentiality
53B5AE9E-6DAF-498C-971F-22381939F827,Stratigraphic Column Rank Interpretation,STRATIGRAPHIC_CLMN_RANK_INTRPRTTN,EntityPersonalData,No Personal Data,BIM-core.EntityPersonalData
53B5AE9E-6DAF-498C-971F-22381939F827,Stratigraphic Column Rank Interpretation,STRATIGRAPHIC_CLMN_RANK_INTRPRTTN,FinancialPersonalData,No Financial Personal Data,BIM-core.FinancialPersonalData
53B5AE9E-6DAF-498C-971F-22381939F827,Stratigraphic Column Rank Interpretation,STRATIGRAPHIC_CLMN_RANK_INTRPRTTN,SensitivePersonalData,No Sensitive Personal Data,BIM-core.SensitivePersonalData
53B5AE9E-6DAF-498C-971F-22381939F827,Stratigraphic Column Rank Interpretation,STRATIGRAPHIC_CLMN_RANK_INTRPRTTN,DesignStatus,Approved,BIM-core.DesignStatus
53B5AE9E-6DAF-498C-971F-22381939F827,Stratigraphic Column Rank Interpretation,STRATIGRAPHIC_CLMN_RANK_INTRPRTTN,DataArea,Geology/Petrophysics,BIM-core.DataArea
53B5AE9E-6DAF-498C-971F-22381939F827,Stratigraphic Column Rank Interpretation,STRATIGRAPHIC_CLMN_RANK_INTRPRTTN,EnterpriseLevel,Yes,BIM-core.EnterpriseLevel
53B5AE9E-6DAF-498C-971F-22381939F827,Stratigraphic Column Rank Interpretation,STRATIGRAPHIC_CLMN_RANK_INTRPRTTN,ExchangeId,{BDCB9684-30DD-443F-8EA4-3B54CC5452EA},BIM-core.ExchangeId
BB9729C1-311F-4A7D-B97B-FA7697CBD16F,Storage Facilty,STRG_FACILTY,PD_ObjectID,BB9729C1-311F-4A7D-B97B-FA7697CBD16F,
BB9729C1-311F-4A7D-B97B-FA7697CBD16F,Storage Facilty,STRG_FACILTY,PD_SourceExtraction,46603045,
BB9729C1-311F-4A7D-B97B-FA7697CBD16F,Storage Facilty,STRG_FACILTY,PD_SourceModel,SUBSURFACE AND WELLS,
BB9729C1-311F-4A7D-B97B-FA7697CBD16F,Storage Facilty,STRG_FACILTY,CSI,false,SHL_CDM_EntityPropertyExtension.CSI
BB9729C1-311F-4A7D-B97B-FA7697CBD16F,Storage Facilty,STRG_FACILTY,EntityUpdateDate,19/08/2021 Pass 3,SHL_CDM_EntityPropertyExtension.EntityUpdateDate
BB9729C1-311F-4A7D-B97B-FA7697CBD16F,Storage Facilty,STRG_FACILTY,MTED_EDaM_Business_Critical_Data,false,SHL_CDM_EntityPropertyExtension.MTED_EDaM_Business_Critical_Data
BB9729C1-311F-4A7D-B97B-FA7697CBD16F,Storage Facilty,STRG_FACILTY,MTED_Encryption_Required,false,SHL_CDM_EntityPropertyExtension.MTED_Encryption_Required
BB9729C1-311F-4A7D-B97B-FA7697CBD16F,Storage Facilty,STRG_FACILTY,PII,false,SHL_CDM_EntityPropertyExtension.PII
BB9729C1-311F-4A7D-B97B-FA7697CBD16F,Storage Facilty,STRG_FACILTY,MTED_EDaM_Design_Status,Approved,SHL_CDM_EntityPropertyExtension.MTED_EDaM_Design_Status
BB9729C1-311F-4A7D-B97B-FA7697CBD16F,Storage Facilty,STRG_FACILTY,MTED_Version_No,2021.2,SHL_CDM_EntityPropertyExtension.MTED_Version_No
BB9729C1-311F-4A7D-B97B-FA7697CBD16F,Storage Facilty,STRG_FACILTY,Generation,true,SHL_CDM_EntityPropertyExtension.Generation
BB9729C1-311F-4A7D-B97B-FA7697CBD16F,Storage Facilty,STRG_FACILTY,CommerciallySensitiveInformation,No Commercially Sensitive Information,BIM-core.CommerciallySensitiveInformation
BB9729C1-311F-4A7D-B97B-FA7697CBD16F,Storage Facilty,STRG_FACILTY,Criticality,No Critical Data,BIM-core.Criticality
BB9729C1-311F-4A7D-B97B-FA7697CBD16F,Storage Facilty,STRG_FACILTY,DataCategory,Structured,BIM-core.DataCategory
BB9729C1-311F-4A7D-B97B-FA7697CBD16F,Storage Facilty,STRG_FACILTY,DataConfidentiality,Internal,BIM-core.DataConfidentiality
BB9729C1-311F-4A7D-B97B-FA7697CBD16F,Storage Facilty,STRG_FACILTY,DesignStatus,Approved,BIM-core.DesignStatus
BB9729C1-311F-4A7D-B97B-FA7697CBD16F,Storage Facilty,STRG_FACILTY,EntityCategory,Master,BIM-core.EntityCategory
BB9729C1-311F-4A7D-B97B-FA7697CBD16F,Storage Facilty,STRG_FACILTY,EntityPersonalData,No Personal Data,BIM-core.EntityPersonalData
BB9729C1-311F-4A7D-B97B-FA7697CBD16F,Storage Facilty,STRG_FACILTY,FinancialPersonalData,No Financial Personal Data,BIM-core.FinancialPersonalData
BB9729C1-311F-4A7D-B97B-FA7697CBD16F,Storage Facilty,STRG_FACILTY,SensitivePersonalData,No Sensitive Personal Data,BIM-core.SensitivePersonalData
BB9729C1-311F-4A7D-B97B-FA7697CBD16F,Storage Facilty,STRG_FACILTY,DataArea,Geophysics,BIM-core.DataArea
BB9729C1-311F-4A7D-B97B-FA7697CBD16F,Storage Facilty,STRG_FACILTY,EnterpriseLevel,Yes,BIM-core.EnterpriseLevel
BB9729C1-311F-4A7D-B97B-FA7697CBD16F,Storage Facilty,STRG_FACILTY,ExchangeId,{AA9CD1B6-D7C0-43C0-B21B-1A06BFE09E2B},BIM-core.ExchangeId
3BB963BD-F896-4940-9352-EA217268EB04,Static Rock Property,STTC_RCK_PRPRTY,PD_ObjectID,3BB963BD-F896-4940-9352-EA217268EB04,
3BB963BD-F896-4940-9352-EA217268EB04,Static Rock Property,STTC_RCK_PRPRTY,PD_SourceExtraction,46603045,
3BB963BD-F896-4940-9352-EA217268EB04,Static Rock Property,STTC_RCK_PRPRTY,PD_SourceModel,SUBSURFACE AND WELLS,
3BB963BD-F896-4940-9352-EA217268EB04,Static Rock Property,STTC_RCK_PRPRTY,CSI,false,SHL_CDM_EntityPropertyExtension.CSI
3BB963BD-F896-4940-9352-EA217268EB04,Static Rock Property,STTC_RCK_PRPRTY,EntityUpdateDate,19/08/2021 Pass 3,SHL_CDM_EntityPropertyExtension.EntityUpdateDate
3BB963BD-F896-4940-9352-EA217268EB04,Static Rock Property,STTC_RCK_PRPRTY,MTED_EDaM_Business_Critical_Data,false,SHL_CDM_EntityPropertyExtension.MTED_EDaM_Business_Critical_Data
3BB963BD-F896-4940-9352-EA217268EB04,Static Rock Property,STTC_RCK_PRPRTY,MTED_Encryption_Required,false,SHL_CDM_EntityPropertyExtension.MTED_Encryption_Required
3BB963BD-F896-4940-9352-EA217268EB04,Static Rock Property,STTC_RCK_PRPRTY,PII,false,SHL_CDM_EntityPropertyExtension.PII
3BB963BD-F896-4940-9352-EA217268EB04,Static Rock Property,STTC_RCK_PRPRTY,Generation,true,SHL_CDM_EntityPropertyExtension.Generation
3BB963BD-F896-4940-9352-EA217268EB04,Static Rock Property,STTC_RCK_PRPRTY,MTED_EDaM_Design_Status,Approved,SHL_CDM_EntityPropertyExtension.MTED_EDaM_Design_Status
3BB963BD-F896-4940-9352-EA217268EB04,Static Rock Property,STTC_RCK_PRPRTY,MTED_Version_No,2021.2,SHL_CDM_EntityPropertyExtension.MTED_Version_No
3BB963BD-F896-4940-9352-EA217268EB04,Static Rock Property,STTC_RCK_PRPRTY,CommerciallySensitiveInformation,No Commercially Sensitive Information,BIM-core.CommerciallySensitiveInformation
3BB963BD-F896-4940-9352-EA217268EB04,Static Rock Property,STTC_RCK_PRPRTY,Criticality,No Critical Data,BIM-core.Criticality
3BB963BD-F896-4940-9352-EA217268EB04,Static Rock Property,STTC_RCK_PRPRTY,DataCategory,Structured,BIM-core.DataCategory
3BB963BD-F896-4940-9352-EA217268EB04,Static Rock Property,STTC_RCK_PRPRTY,DataConfidentiality,Internal,BIM-core.DataConfidentiality
3BB963BD-F896-4940-9352-EA217268EB04,Static Rock Property,STTC_RCK_PRPRTY,DesignStatus,Approved,BIM-core.DesignStatus
3BB963BD-F896-4940-9352-EA217268EB04,Static Rock Property,STTC_RCK_PRPRTY,EntityCategory,Transaction,BIM-core.EntityCategory
3BB963BD-F896-4940-9352-EA217268EB04,Static Rock Property,STTC_RCK_PRPRTY,EntityPersonalData,No Personal Data,BIM-core.EntityPersonalData
3BB963BD-F896-4940-9352-EA217268EB04,Static Rock Property,STTC_RCK_PRPRTY,FinancialPersonalData,No Financial Personal Data,BIM-core.FinancialPersonalData
3BB963BD-F896-4940-9352-EA217268EB04,Static Rock Property,STTC_RCK_PRPRTY,SensitivePersonalData,No Sensitive Personal Data,BIM-core.SensitivePersonalData
3BB963BD-F896-4940-9352-EA217268EB04,Static Rock Property,STTC_RCK_PRPRTY,DataArea,Reservoir,BIM-core.DataArea
3BB963BD-F896-4940-9352-EA217268EB04,Static Rock Property,STTC_RCK_PRPRTY,EnterpriseLevel,Yes,BIM-core.EnterpriseLevel
3BB963BD-F896-4940-9352-EA217268EB04,Static Rock Property,STTC_RCK_PRPRTY,ExchangeId,{0523E02E-3B19-4EA4-A6CE-1DED63D35C00},BIM-core.ExchangeId
E5FD74BD-5127-4DF1-9F08-09E4F4C12329,Static Model,STTC_MDL,PD_ObjectID,E5FD74BD-5127-4DF1-9F08-09E4F4C12329,
E5FD74BD-5127-4DF1-9F08-09E4F4C12329,Static Model,STTC_MDL,PD_SourceExtraction,46603045,
E5FD74BD-5127-4DF1-9F08-09E4F4C12329,Static Model,STTC_MDL,PD_SourceModel,SUBSURFACE AND WELLS,
E5FD74BD-5127-4DF1-9F08-09E4F4C12329,Static Model,STTC_MDL,CSI,false,SHL_CDM_EntityPropertyExtension.CSI
E5FD74BD-5127-4DF1-9F08-09E4F4C12329,Static Model,STTC_MDL,EntityUpdateDate,19/08/2021 Pass 3,SHL_CDM_EntityPropertyExtension.EntityUpdateDate
E5FD74BD-5127-4DF1-9F08-09E4F4C12329,Static Model,STTC_MDL,MTED_EDaM_Business_Critical_Data,false,SHL_CDM_EntityPropertyExtension.MTED_EDaM_Business_Critical_Data
E5FD74BD-5127-4DF1-9F08-09E4F4C12329,Static Model,STTC_MDL,MTED_Encryption_Required,false,SHL_CDM_EntityPropertyExtension.MTED_Encryption_Required
E5FD74BD-5127-4DF1-9F08-09E4F4C12329,Static Model,STTC_MDL,PII,false,SHL_CDM_EntityPropertyExtension.PII
E5FD74BD-5127-4DF1-9F08-09E4F4C12329,Static Model,STTC_MDL,Generation,true,SHL_CDM_EntityPropertyExtension.Generation
E5FD74BD-5127-4DF1-9F08-09E4F4C12329,Static Model,STTC_MDL,MTED_EDaM_Design_Status,Approved,SHL_CDM_EntityPropertyExtension.MTED_EDaM_Design_Status
E5FD74BD-5127-4DF1-9F08-09E4F4C12329,Static Model,STTC_MDL,MTED_Version_No,2021.2,SHL_CDM_EntityPropertyExtension.MTED_Version_No
E5FD74BD-5127-4DF1-9F08-09E4F4C12329,Static Model,STTC_MDL,CommerciallySensitiveInformation,No Commercially Sensitive Information,BIM-core.CommerciallySensitiveInformation
E5FD74BD-5127-4DF1-9F08-09E4F4C12329,Static Model,STTC_MDL,Criticality,No Critical Data,BIM-core.Criticality
E5FD74BD-5127-4DF1-9F08-09E4F4C12329,Static Model,STTC_MDL,DataCategory,Structured,BIM-core.DataCategory
E5FD74BD-5127-4DF1-9F08-09E4F4C12329,Static Model,STTC_MDL,DataConfidentiality,Internal,BIM-core.DataConfidentiality
E5FD74BD-5127-4DF1-9F08-09E4F4C12329,Static Model,STTC_MDL,DesignStatus,Approved,BIM-core.DesignStatus
E5FD74BD-5127-4DF1-9F08-09E4F4C12329,Static Model,STTC_MDL,EntityCategory,Transaction,BIM-core.EntityCategory
E5FD74BD-5127-4DF1-9F08-09E4F4C12329,Static Model,STTC_MDL,EntityPersonalData,No Personal Data,BIM-core.EntityPersonalData
E5FD74BD-5127-4DF1-9F08-09E4F4C12329,Static Model,STTC_MDL,FinancialPersonalData,No Financial Personal Data,BIM-core.FinancialPersonalData
E5FD74BD-5127-4DF1-9F08-09E4F4C12329,Static Model,STTC_MDL,SensitivePersonalData,No Sensitive Personal Data,BIM-core.SensitivePersonalData
E5FD74BD-5127-4DF1-9F08-09E4F4C12329,Static Model,STTC_MDL,DataArea,Reservoir,BIM-core.DataArea
E5FD74BD-5127-4DF1-9F08-09E4F4C12329,Static Model,STTC_MDL,EnterpriseLevel,Yes,BIM-core.EnterpriseLevel
E5FD74BD-5127-4DF1-9F08-09E4F4C12329,Static Model,STTC_MDL,ExchangeId,{2EE37928-1DA3-472A-923F-A0FD18D940A0},BIM-core.ExchangeId
39E7C1DB-F290-4A43-B72A-CE6284B7443C,Stakeholder Management Plan,STKHLDR_MNGMNT_PLN,PD_ObjectID,39E7C1DB-F290-4A43-B72A-CE6284B7443C,
39E7C1DB-F290-4A43-B72A-CE6284B7443C,Stakeholder Management Plan,STKHLDR_MNGMNT_PLN,PD_SourceExtraction,46603045,
39E7C1DB-F290-4A43-B72A-CE6284B7443C,Stakeholder Management Plan,STKHLDR_MNGMNT_PLN,PD_SourceModel,SUBSURFACE AND WELLS,
39E7C1DB-F290-4A43-B72A-CE6284B7443C,Stakeholder Management Plan,STKHLDR_MNGMNT_PLN,CSI,false,SHL_CDM_EntityPropertyExtension.CSI
39E7C1DB-F290-4A43-B72A-CE6284B7443C,Stakeholder Management Plan,STKHLDR_MNGMNT_PLN,EntityUpdateDate,19/08/2021 Pass 3,SHL_CDM_EntityPropertyExtension.EntityUpdateDate
39E7C1DB-F290-4A43-B72A-CE6284B7443C,Stakeholder Management Plan,STKHLDR_MNGMNT_PLN,MTED_EDaM_Business_Critical_Data,false,SHL_CDM_EntityPropertyExtension.MTED_EDaM_Business_Critical_Data
39E7C1DB-F290-4A43-B72A-CE6284B7443C,Stakeholder Management Plan,STKHLDR_MNGMNT_PLN,MTED_Encryption_Required,false,SHL_CDM_EntityPropertyExtension.MTED_Encryption_Required
39E7C1DB-F290-4A43-B72A-CE6284B7443C,Stakeholder Management Plan,STKHLDR_MNGMNT_PLN,PII,false,SHL_CDM_EntityPropertyExtension.PII
39E7C1DB-F290-4A43-B72A-CE6284B7443C,Stakeholder Management Plan,STKHLDR_MNGMNT_PLN,Generation,true,SHL_CDM_EntityPropertyExtension.Generation
39E7C1DB-F290-4A43-B72A-CE6284B7443C,Stakeholder Management Plan,STKHLDR_MNGMNT_PLN,MTED_EDaM_Design_Status,Approved,SHL_CDM_EntityPropertyExtension.MTED_EDaM_Design_Status
39E7C1DB-F290-4A43-B72A-CE6284B7443C,Stakeholder Management Plan,STKHLDR_MNGMNT_PLN,MTED_Version_No,2021.2,SHL_CDM_EntityPropertyExtension.MTED_Version_No
39E7C1DB-F290-4A43-B72A-CE6284B7443C,Stakeholder Management Plan,STKHLDR_MNGMNT_PLN,CommerciallySensitiveInformation,Commercially Sensitive Information,BIM-core.CommerciallySensitiveInformation
39E7C1DB-F290-4A43-B72A-CE6284B7443C,Stakeholder Management Plan,STKHLDR_MNGMNT_PLN,Criticality,No Critical Data,BIM-core.Criticality
39E7C1DB-F290-4A43-B72A-CE6284B7443C,Stakeholder Management Plan,STKHLDR_MNGMNT_PLN,DataCategory,Structured,BIM-core.DataCategory
39E7C1DB-F290-4A43-B72A-CE6284B7443C,Stakeholder Management Plan,STKHLDR_MNGMNT_PLN,DataConfidentiality,Internal,BIM-core.DataConfidentiality
39E7C1DB-F290-4A43-B72A-CE6284B7443C,Stakeholder Management Plan,STKHLDR_MNGMNT_PLN,DesignStatus,Approved,BIM-core.DesignStatus
39E7C1DB-F290-4A43-B72A-CE6284B7443C,Stakeholder Management Plan,STKHLDR_MNGMNT_PLN,EntityCategory,Transaction,BIM-core.EntityCategory
39E7C1DB-F290-4A43-B72A-CE6284B7443C,Stakeholder Management Plan,STKHLDR_MNGMNT_PLN,EntityPersonalData,No Personal Data,BIM-core.EntityPersonalData
39E7C1DB-F290-4A43-B72A-CE6284B7443C,Stakeholder Management Plan,STKHLDR_MNGMNT_PLN,FinancialPersonalData,No Financial Personal Data,BIM-core.FinancialPersonalData
39E7C1DB-F290-4A43-B72A-CE6284B7443C,Stakeholder Management Plan,STKHLDR_MNGMNT_PLN,SensitivePersonalData,No Sensitive Personal Data,BIM-core.SensitivePersonalData
39E7C1DB-F290-4A43-B72A-CE6284B7443C,Stakeholder Management Plan,STKHLDR_MNGMNT_PLN,DataArea,Project Activity Study Lifecycle,BIM-core.DataArea
39E7C1DB-F290-4A43-B72A-CE6284B7443C,Stakeholder Management Plan,STKHLDR_MNGMNT_PLN,EnterpriseLevel,Yes,BIM-core.EnterpriseLevel
39E7C1DB-F290-4A43-B72A-CE6284B7443C,Stakeholder Management Plan,STKHLDR_MNGMNT_PLN,ExchangeId,{B89E15BB-8805-4B6C-9122-C19ADA13E457},BIM-core.ExchangeId
0D58E828-ABBD-41E5-9810-FED50927990C,Spatial Location,SPTL_LCTN,PD_ObjectID,0D58E828-ABBD-41E5-9810-FED50927990C,
0D58E828-ABBD-41E5-9810-FED50927990C,Spatial Location,SPTL_LCTN,PD_SourceExtraction,46603045,
0D58E828-ABBD-41E5-9810-FED50927990C,Spatial Location,SPTL_LCTN,PD_SourceModel,SUBSURFACE AND WELLS,
0D58E828-ABBD-41E5-9810-FED50927990C,Spatial Location,SPTL_LCTN,MTED_EDaM_Entity_Data_Category,<unspecified>,SHL_CDM_EntityPropertyExtension.MTED_EDaM_Entity_Data_Category
0D58E828-ABBD-41E5-9810-FED50927990C,Spatial Location,SPTL_LCTN,MTED_EDaM_Data_Owner,,SHL_CDM_EntityPropertyExtension.MTED_EDaM_Data_Owner
0D58E828-ABBD-41E5-9810-FED50927990C,Spatial Location,SPTL_LCTN,MTED_EDaM_Entity_Critical_Data,F,SHL_CDM_EntityPropertyExtension.MTED_EDaM_Entity_Critical_Data
0D58E828-ABBD-41E5-9810-FED50927990C,Spatial Location,SPTL_LCTN,MTED_EDaM_Entity_Quality_Indication,<unspecified>,SHL_CDM_EntityPropertyExtension.MTED_EDaM_Entity_Quality_Indication
0D58E828-ABBD-41E5-9810-FED50927990C,Spatial Location,SPTL_LCTN,MTED_EDaM_Entity_Availability_Indication,<unspecified>,SHL_CDM_EntityPropertyExtension.MTED_EDaM_Entity_Availability_Indication
0D58E828-ABBD-41E5-9810-FED50927990C,Spatial Location,SPTL_LCTN,MTED_EDaM_Security_Classification,Restricted,SHL_CDM_EntityPropertyExtension.MTED_EDaM_Security_Classification
0D58E828-ABBD-41E5-9810-FED50927990C,Spatial Location,SPTL_LCTN,MTED_EDaM_Design_Status,Approved,SHL_CDM_EntityPropertyExtension.MTED_EDaM_Design_Status
0D58E828-ABBD-41E5-9810-FED50927990C,Spatial Location,SPTL_LCTN,MTED_Version_No,2021.2,SHL_CDM_EntityPropertyExtension.MTED_Version_No
0D58E828-ABBD-41E5-9810-FED50927990C,Spatial Location,SPTL_LCTN,MTED_EDaM_Version_Date,,SHL_CDM_EntityPropertyExtension.MTED_EDaM_Version_Date
0D58E828-ABBD-41E5-9810-FED50927990C,Spatial Location,SPTL_LCTN,CSI,false,SHL_CDM_EntityPropertyExtension.CSI
0D58E828-ABBD-41E5-9810-FED50927990C,Spatial Location,SPTL_LCTN,MTED_EDaM_Business_Critical_Data,false,SHL_CDM_EntityPropertyExtension.MTED_EDaM_Business_Critical_Data
0D58E828-ABBD-41E5-9810-FED50927990C,Spatial Location,SPTL_LCTN,MTED_Encryption_Required,false,SHL_CDM_EntityPropertyExtension.MTED_Encryption_Required
0D58E828-ABBD-41E5-9810-FED50927990C,Spatial Location,SPTL_LCTN,PII,false,SHL_CDM_EntityPropertyExtension.PII
0D58E828-ABBD-41E5-9810-FED50927990C,Spatial Location,SPTL_LCTN,EntityUpdateDate,19/08/2021 Pass 3,SHL_CDM_EntityPropertyExtension.EntityUpdateDate
0D58E828-ABBD-41E5-9810-FED50927990C,Spatial Location,SPTL_LCTN,Generation,true,SHL_CDM_EntityPropertyExtension.Generation
0D58E828-ABBD-41E5-9810-FED50927990C,Spatial Location,SPTL_LCTN,CommerciallySensitiveInformation,No Commercially Sensitive Information,BIM-core.CommerciallySensitiveInformation
0D58E828-ABBD-41E5-9810-FED50927990C,Spatial Location,SPTL_LCTN,Criticality,No Critical Data,BIM-core.Criticality
0D58E828-ABBD-41E5-9810-FED50927990C,Spatial Location,SPTL_LCTN,DataCategory,Structured,BIM-core.DataCategory
0D58E828-ABBD-41E5-9810-FED50927990C,Spatial Location,SPTL_LCTN,DataConfidentiality,Internal,BIM-core.DataConfidentiality
0D58E828-ABBD-41E5-9810-FED50927990C,Spatial Location,SPTL_LCTN,DesignStatus,Approved,BIM-core.DesignStatus
0D58E828-ABBD-41E5-9810-FED50927990C,Spatial Location,SPTL_LCTN,EntityCategory,Master,BIM-core.EntityCategory
0D58E828-ABBD-41E5-9810-FED50927990C,Spatial Location,SPTL_LCTN,EntityPersonalData,No Personal Data,BIM-core.EntityPersonalData
0D58E828-ABBD-41E5-9810-FED50927990C,Spatial Location,SPTL_LCTN,FinancialPersonalData,No Financial Personal Data,BIM-core.FinancialPersonalData
0D58E828-ABBD-41E5-9810-FED50927990C,Spatial Location,SPTL_LCTN,SensitivePersonalData,No Sensitive Personal Data,BIM-core.SensitivePersonalData
0D58E828-ABBD-41E5-9810-FED50927990C,Spatial Location,SPTL_LCTN,DataArea,Location,BIM-core.DataArea
0D58E828-ABBD-41E5-9810-FED50927990C,Spatial Location,SPTL_LCTN,EnterpriseLevel,Yes,BIM-core.EnterpriseLevel
0D58E828-ABBD-41E5-9810-FED50927990C,Spatial Location,SPTL_LCTN,ExchangeId,{23180B37-43F8-45CC-9104-9A86080EEC25},BIM-core.ExchangeId
C0421EFE-CA27-4730-84D1-2EDA75210312,Site Collection,ST_COLLECTION,PD_ObjectID,C0421EFE-CA27-4730-84D1-2EDA75210312,
C0421EFE-CA27-4730-84D1-2EDA75210312,Site Collection,ST_COLLECTION,PD_SourceExtraction,46603045,
C0421EFE-CA27-4730-84D1-2EDA75210312,Site Collection,ST_COLLECTION,PD_SourceModel,SUBSURFACE AND WELLS,
C0421EFE-CA27-4730-84D1-2EDA75210312,Site Collection,ST_COLLECTION,DataArea,Entitlements,BIM-core.DataArea
C0421EFE-CA27-4730-84D1-2EDA75210312,Site Collection,ST_COLLECTION,EnterpriseLevel,Yes,BIM-core.EnterpriseLevel
C0421EFE-CA27-4730-84D1-2EDA75210312,Site Collection,ST_COLLECTION,ExchangeId,{27198EFE-8441-4B3A-B42A-E029264BCC83},BIM-core.ExchangeId
E23D37C9-9F3F-4DAF-9485-E303EE1B67F3,Sidewall Coring,SIDEWALL_CRNG,PD_ObjectID,E23D37C9-9F3F-4DAF-9485-E303EE1B67F3,
E23D37C9-9F3F-4DAF-9485-E303EE1B67F3,Sidewall Coring,SIDEWALL_CRNG,PD_SourceExtraction,46603045,
E23D37C9-9F3F-4DAF-9485-E303EE1B67F3,Sidewall Coring,SIDEWALL_CRNG,PD_SourceModel,SUBSURFACE AND WELLS,
E23D37C9-9F3F-4DAF-9485-E303EE1B67F3,Sidewall Coring,SIDEWALL_CRNG,DesignStatus,Approved,BIM-core.DesignStatus
E23D37C9-9F3F-4DAF-9485-E303EE1B67F3,Sidewall Coring,SIDEWALL_CRNG,EntityCategory,Transaction,BIM-core.EntityCategory
E23D37C9-9F3F-4DAF-9485-E303EE1B67F3,Sidewall Coring,SIDEWALL_CRNG,DataCategory,Structured,BIM-core.DataCategory
E23D37C9-9F3F-4DAF-9485-E303EE1B67F3,Sidewall Coring,SIDEWALL_CRNG,Criticality,No Critical Data,BIM-core.Criticality
E23D37C9-9F3F-4DAF-9485-E303EE1B67F3,Sidewall Coring,SIDEWALL_CRNG,CommerciallySensitiveInformation,No Commercially Sensitive Information,BIM-core.CommerciallySensitiveInformation
E23D37C9-9F3F-4DAF-9485-E303EE1B67F3,Sidewall Coring,SIDEWALL_CRNG,DataConfidentiality,Internal,BIM-core.DataConfidentiality
E23D37C9-9F3F-4DAF-9485-E303EE1B67F3,Sidewall Coring,SIDEWALL_CRNG,EntityPersonalData,No Personal Data,BIM-core.EntityPersonalData
E23D37C9-9F3F-4DAF-9485-E303EE1B67F3,Sidewall Coring,SIDEWALL_CRNG,FinancialPersonalData,No Financial Personal Data,BIM-core.FinancialPersonalData
E23D37C9-9F3F-4DAF-9485-E303EE1B67F3,Sidewall Coring,SIDEWALL_CRNG,SensitivePersonalData,No Sensitive Personal Data,BIM-core.SensitivePersonalData
E23D37C9-9F3F-4DAF-9485-E303EE1B67F3,Sidewall Coring,SIDEWALL_CRNG,DataArea,Wellbore,BIM-core.DataArea
E23D37C9-9F3F-4DAF-9485-E303EE1B67F3,Sidewall Coring,SIDEWALL_CRNG,EnterpriseLevel,Yes,BIM-core.EnterpriseLevel
E23D37C9-9F3F-4DAF-9485-E303EE1B67F3,Sidewall Coring,SIDEWALL_CRNG,ExchangeId,{B07900D9-4872-4A26-B1EB-7DBAC4BEA5F3},BIM-core.ExchangeId
392561A8-A7BB-4F84-A93C-6ADD846CB2C2,Sidewall Core Sample,SIDEWALL_CORE_SMPL,PD_ObjectID,392561A8-A7BB-4F84-A93C-6ADD846CB2C2,
392561A8-A7BB-4F84-A93C-6ADD846CB2C2,Sidewall Core Sample,SIDEWALL_CORE_SMPL,PD_SourceExtraction,46603045,
392561A8-A7BB-4F84-A93C-6ADD846CB2C2,Sidewall Core Sample,SIDEWALL_CORE_SMPL,PD_SourceModel,SUBSURFACE AND WELLS,
392561A8-A7BB-4F84-A93C-6ADD846CB2C2,Sidewall Core Sample,SIDEWALL_CORE_SMPL,DesignStatus,Approved,BIM-core.DesignStatus
392561A8-A7BB-4F84-A93C-6ADD846CB2C2,Sidewall Core Sample,SIDEWALL_CORE_SMPL,EntityCategory,Transaction,BIM-core.EntityCategory
392561A8-A7BB-4F84-A93C-6ADD846CB2C2,Sidewall Core Sample,SIDEWALL_CORE_SMPL,DataCategory,Structured,BIM-core.DataCategory
392561A8-A7BB-4F84-A93C-6ADD846CB2C2,Sidewall Core Sample,SIDEWALL_CORE_SMPL,Criticality,No Critical Data,BIM-core.Criticality
392561A8-A7BB-4F84-A93C-6ADD846CB2C2,Sidewall Core Sample,SIDEWALL_CORE_SMPL,CommerciallySensitiveInformation,No Commercially Sensitive Information,BIM-core.CommerciallySensitiveInformation
392561A8-A7BB-4F84-A93C-6ADD846CB2C2,Sidewall Core Sample,SIDEWALL_CORE_SMPL,DataConfidentiality,Internal,BIM-core.DataConfidentiality
392561A8-A7BB-4F84-A93C-6ADD846CB2C2,Sidewall Core Sample,SIDEWALL_CORE_SMPL,EntityPersonalData,No Personal Data,BIM-core.EntityPersonalData
392561A8-A7BB-4F84-A93C-6ADD846CB2C2,Sidewall Core Sample,SIDEWALL_CORE_SMPL,FinancialPersonalData,No Financial Personal Data,BIM-core.FinancialPersonalData
392561A8-A7BB-4F84-A93C-6ADD846CB2C2,Sidewall Core Sample,SIDEWALL_CORE_SMPL,SensitivePersonalData,No Sensitive Personal Data,BIM-core.SensitivePersonalData
392561A8-A7BB-4F84-A93C-6ADD846CB2C2,Sidewall Core Sample,SIDEWALL_CORE_SMPL,DataArea,Wellbore,BIM-core.DataArea
392561A8-A7BB-4F84-A93C-6ADD846CB2C2,Sidewall Core Sample,SIDEWALL_CORE_SMPL,EnterpriseLevel,Yes,BIM-core.EnterpriseLevel
392561A8-A7BB-4F84-A93C-6ADD846CB2C2,Sidewall Core Sample,SIDEWALL_CORE_SMPL,ExchangeId,{0E11A4D6-5780-40BF-9C9D-96635CA93657},BIM-core.ExchangeId
B47D5C8C-5414-4F9D-AAC2-22290644FC78,Shell Operated Well,SHLL_OPRTD_WLL,PD_ObjectID,B47D5C8C-5414-4F9D-AAC2-22290644FC78,
B47D5C8C-5414-4F9D-AAC2-22290644FC78,Shell Operated Well,SHLL_OPRTD_WLL,PD_SourceExtraction,46603045,
B47D5C8C-5414-4F9D-AAC2-22290644FC78,Shell Operated Well,SHLL_OPRTD_WLL,PD_SourceModel,SUBSURFACE AND WELLS,
B47D5C8C-5414-4F9D-AAC2-22290644FC78,Shell Operated Well,SHLL_OPRTD_WLL,EntityUpdateDate,19/08/2021 Pass 3,SHL_CDM_EntityPropertyExtension.EntityUpdateDate
B47D5C8C-5414-4F9D-AAC2-22290644FC78,Shell Operated Well,SHLL_OPRTD_WLL,CommerciallySensitiveInformation,Commercially Sensitive Information,BIM-core.CommerciallySensitiveInformation
B47D5C8C-5414-4F9D-AAC2-22290644FC78,Shell Operated Well,SHLL_OPRTD_WLL,Criticality,No Critical Data,BIM-core.Criticality
B47D5C8C-5414-4F9D-AAC2-22290644FC78,Shell Operated Well,SHLL_OPRTD_WLL,DataCategory,Structured,BIM-core.DataCategory
B47D5C8C-5414-4F9D-AAC2-22290644FC78,Shell Operated Well,SHLL_OPRTD_WLL,DataConfidentiality,Internal,BIM-core.DataConfidentiality
B47D5C8C-5414-4F9D-AAC2-22290644FC78,Shell Operated Well,SHLL_OPRTD_WLL,DesignStatus,Approved,BIM-core.DesignStatus
B47D5C8C-5414-4F9D-AAC2-22290644FC78,Shell Operated Well,SHLL_OPRTD_WLL,EntityCategory,Master,BIM-core.EntityCategory
B47D5C8C-5414-4F9D-AAC2-22290644FC78,Shell Operated Well,SHLL_OPRTD_WLL,EntityPersonalData,No Personal Data,BIM-core.EntityPersonalData
B47D5C8C-5414-4F9D-AAC2-22290644FC78,Shell Operated Well,SHLL_OPRTD_WLL,FinancialPersonalData,No Financial Personal Data,BIM-core.FinancialPersonalData
B47D5C8C-5414-4F9D-AAC2-22290644FC78,Shell Operated Well,SHLL_OPRTD_WLL,SensitivePersonalData,No Sensitive Personal Data,BIM-core.SensitivePersonalData
B47D5C8C-5414-4F9D-AAC2-22290644FC78,Shell Operated Well,SHLL_OPRTD_WLL,DataArea,Well,BIM-core.DataArea
B47D5C8C-5414-4F9D-AAC2-22290644FC78,Shell Operated Well,SHLL_OPRTD_WLL,EnterpriseLevel,Yes,BIM-core.EnterpriseLevel
B47D5C8C-5414-4F9D-AAC2-22290644FC78,Shell Operated Well,SHLL_OPRTD_WLL,ExchangeId,{21133FAE-3E78-4977-9092-63166D4837A1},BIM-core.ExchangeId
8BD5A35B-4D5F-4519-815B-537C4F134937,Shell Non Operated Well,SHLL_NN_OPRTD_WLL,PD_ObjectID,8BD5A35B-4D5F-4519-815B-537C4F134937,
8BD5A35B-4D5F-4519-815B-537C4F134937,Shell Non Operated Well,SHLL_NN_OPRTD_WLL,PD_SourceExtraction,46603045,
8BD5A35B-4D5F-4519-815B-537C4F134937,Shell Non Operated Well,SHLL_NN_OPRTD_WLL,PD_SourceModel,SUBSURFACE AND WELLS,
8BD5A35B-4D5F-4519-815B-537C4F134937,Shell Non Operated Well,SHLL_NN_OPRTD_WLL,EntityUpdateDate,19/08/2021 Pass 3,SHL_CDM_EntityPropertyExtension.EntityUpdateDate
8BD5A35B-4D5F-4519-815B-537C4F134937,Shell Non Operated Well,SHLL_NN_OPRTD_WLL,CommerciallySensitiveInformation,Commercially Sensitive Information,BIM-core.CommerciallySensitiveInformation
8BD5A35B-4D5F-4519-815B-537C4F134937,Shell Non Operated Well,SHLL_NN_OPRTD_WLL,Criticality,No Critical Data,BIM-core.Criticality
8BD5A35B-4D5F-4519-815B-537C4F134937,Shell Non Operated Well,SHLL_NN_OPRTD_WLL,DataCategory,Structured,BIM-core.DataCategory
8BD5A35B-4D5F-4519-815B-537C4F134937,Shell Non Operated Well,SHLL_NN_OPRTD_WLL,DataConfidentiality,Internal,BIM-core.DataConfidentiality
8BD5A35B-4D5F-4519-815B-537C4F134937,Shell Non Operated Well,SHLL_NN_OPRTD_WLL,DesignStatus,Approved,BIM-core.DesignStatus
8BD5A35B-4D5F-4519-815B-537C4F134937,Shell Non Operated Well,SHLL_NN_OPRTD_WLL,EntityCategory,Master,BIM-core.EntityCategory
8BD5A35B-4D5F-4519-815B-537C4F134937,Shell Non Operated Well,SHLL_NN_OPRTD_WLL,EntityPersonalData,No Personal Data,BIM-core.EntityPersonalData
8BD5A35B-4D5F-4519-815B-537C4F134937,Shell Non Operated Well,SHLL_NN_OPRTD_WLL,FinancialPersonalData,No Financial Personal Data,BIM-core.FinancialPersonalData
8BD5A35B-4D5F-4519-815B-537C4F134937,Shell Non Operated Well,SHLL_NN_OPRTD_WLL,SensitivePersonalData,No Sensitive Personal Data,BIM-core.SensitivePersonalData
8BD5A35B-4D5F-4519-815B-537C4F134937,Shell Non Operated Well,SHLL_NN_OPRTD_WLL,DataArea,Well,BIM-core.DataArea
8BD5A35B-4D5F-4519-815B-537C4F134937,Shell Non Operated Well,SHLL_NN_OPRTD_WLL,EnterpriseLevel,Yes,BIM-core.EnterpriseLevel
8BD5A35B-4D5F-4519-815B-537C4F134937,Shell Non Operated Well,SHLL_NN_OPRTD_WLL,ExchangeId,{155511DF-8F16-45DA-90AD-9AC7949B7F75},BIM-core.ExchangeId
821E1956-F51B-4CAD-9CA7-4A8FC7F3DA18,Shell Digital Account,SHLL_DGTL_ACCNT,PD_ObjectID,821E1956-F51B-4CAD-9CA7-4A8FC7F3DA18,
821E1956-F51B-4CAD-9CA7-4A8FC7F3DA18,Shell Digital Account,SHLL_DGTL_ACCNT,PD_SourceExtraction,46603045,
821E1956-F51B-4CAD-9CA7-4A8FC7F3DA18,Shell Digital Account,SHLL_DGTL_ACCNT,PD_SourceModel,SUBSURFACE AND WELLS,
821E1956-F51B-4CAD-9CA7-4A8FC7F3DA18,Shell Digital Account,SHLL_DGTL_ACCNT,MTED_EDaM_Entity_Data_Category,<unspecified>,SHL_CDM_EntityPropertyExtension.MTED_EDaM_Entity_Data_Category
821E1956-F51B-4CAD-9CA7-4A8FC7F3DA18,Shell Digital Account,SHLL_DGTL_ACCNT,MTED_EDaM_Data_Owner,,SHL_CDM_EntityPropertyExtension.MTED_EDaM_Data_Owner
821E1956-F51B-4CAD-9CA7-4A8FC7F3DA18,Shell Digital Account,SHLL_DGTL_ACCNT,MTED_EDaM_Entity_Critical_Data,<unspecified>,SHL_CDM_EntityPropertyExtension.MTED_EDaM_Entity_Critical_Data
821E1956-F51B-4CAD-9CA7-4A8FC7F3DA18,Shell Digital Account,SHLL_DGTL_ACCNT,MTED_EDaM_Entity_Quality_Indication,<unspecified>,SHL_CDM_EntityPropertyExtension.MTED_EDaM_Entity_Quality_Indication
821E1956-F51B-4CAD-9CA7-4A8FC7F3DA18,Shell Digital Account,SHLL_DGTL_ACCNT,MTED_EDaM_Entity_Availability_Indication,<unspecified>,SHL_CDM_EntityPropertyExtension.MTED_EDaM_Entity_Availability_Indication
821E1956-F51B-4CAD-9CA7-4A8FC7F3DA18,Shell Digital Account,SHLL_DGTL_ACCNT,MTED_EDaM_Security_Classification,<unspecified>,SHL_CDM_EntityPropertyExtension.MTED_EDaM_Security_Classification
821E1956-F51B-4CAD-9CA7-4A8FC7F3DA18,Shell Digital Account,SHLL_DGTL_ACCNT,MTED_EDaM_Design_Status,Approved,SHL_CDM_EntityPropertyExtension.MTED_EDaM_Design_Status
821E1956-F51B-4CAD-9CA7-4A8FC7F3DA18,Shell Digital Account,SHLL_DGTL_ACCNT,MTED_Version_No,2021.2,SHL_CDM_EntityPropertyExtension.MTED_Version_No
821E1956-F51B-4CAD-9CA7-4A8FC7F3DA18,Shell Digital Account,SHLL_DGTL_ACCNT,MTED_EDaM_Version_Date,,SHL_CDM_EntityPropertyExtension.MTED_EDaM_Version_Date
821E1956-F51B-4CAD-9CA7-4A8FC7F3DA18,Shell Digital Account,SHLL_DGTL_ACCNT,CSI,false,SHL_CDM_EntityPropertyExtension.CSI
821E1956-F51B-4CAD-9CA7-4A8FC7F3DA18,Shell Digital Account,SHLL_DGTL_ACCNT,EntityUpdateDate,19/08/2021 Pass 3,SHL_CDM_EntityPropertyExtension.EntityUpdateDate
821E1956-F51B-4CAD-9CA7-4A8FC7F3DA18,Shell Digital Account,SHLL_DGTL_ACCNT,MTED_EDaM_Business_Critical_Data,false,SHL_CDM_EntityPropertyExtension.MTED_EDaM_Business_Critical_Data
821E1956-F51B-4CAD-9CA7-4A8FC7F3DA18,Shell Digital Account,SHLL_DGTL_ACCNT,MTED_Encryption_Required,false,SHL_CDM_EntityPropertyExtension.MTED_Encryption_Required
821E1956-F51B-4CAD-9CA7-4A8FC7F3DA18,Shell Digital Account,SHLL_DGTL_ACCNT,PII,false,SHL_CDM_EntityPropertyExtension.PII
821E1956-F51B-4CAD-9CA7-4A8FC7F3DA18,Shell Digital Account,SHLL_DGTL_ACCNT,Generation,true,SHL_CDM_EntityPropertyExtension.Generation
821E1956-F51B-4CAD-9CA7-4A8FC7F3DA18,Shell Digital Account,SHLL_DGTL_ACCNT,DataArea,Consumer,BIM-core.DataArea
821E1956-F51B-4CAD-9CA7-4A8FC7F3DA18,Shell Digital Account,SHLL_DGTL_ACCNT,EnterpriseLevel,No,BIM-core.EnterpriseLevel
821E1956-F51B-4CAD-9CA7-4A8FC7F3DA18,Shell Digital Account,SHLL_DGTL_ACCNT,ExchangeId,{901BA61B-2668-4A30-88E5-EB624B84431B},BIM-core.ExchangeId
FD886E11-9752-413D-91C5-063BBCFE783E,Selected Field Development Concept,SLCTD_FLD_DVLPMNT_CNCPT,PD_ObjectID,FD886E11-9752-413D-91C5-063BBCFE783E,
FD886E11-9752-413D-91C5-063BBCFE783E,Selected Field Development Concept,SLCTD_FLD_DVLPMNT_CNCPT,PD_SourceExtraction,46603045,
FD886E11-9752-413D-91C5-063BBCFE783E,Selected Field Development Concept,SLCTD_FLD_DVLPMNT_CNCPT,PD_SourceModel,SUBSURFACE AND WELLS,
FD886E11-9752-413D-91C5-063BBCFE783E,Selected Field Development Concept,SLCTD_FLD_DVLPMNT_CNCPT,CSI,false,SHL_CDM_EntityPropertyExtension.CSI
FD886E11-9752-413D-91C5-063BBCFE783E,Selected Field Development Concept,SLCTD_FLD_DVLPMNT_CNCPT,EntityUpdateDate,19/08/2021 Pass 3,SHL_CDM_EntityPropertyExtension.EntityUpdateDate
FD886E11-9752-413D-91C5-063BBCFE783E,Selected Field Development Concept,SLCTD_FLD_DVLPMNT_CNCPT,MTED_EDaM_Business_Critical_Data,false,SHL_CDM_EntityPropertyExtension.MTED_EDaM_Business_Critical_Data
FD886E11-9752-413D-91C5-063BBCFE783E,Selected Field Development Concept,SLCTD_FLD_DVLPMNT_CNCPT,MTED_Encryption_Required,false,SHL_CDM_EntityPropertyExtension.MTED_Encryption_Required
FD886E11-9752-413D-91C5-063BBCFE783E,Selected Field Development Concept,SLCTD_FLD_DVLPMNT_CNCPT,PII,false,SHL_CDM_EntityPropertyExtension.PII
FD886E11-9752-413D-91C5-063BBCFE783E,Selected Field Development Concept,SLCTD_FLD_DVLPMNT_CNCPT,Generation,true,SHL_CDM_EntityPropertyExtension.Generation
FD886E11-9752-413D-91C5-063BBCFE783E,Selected Field Development Concept,SLCTD_FLD_DVLPMNT_CNCPT,MTED_EDaM_Design_Status,Approved,SHL_CDM_EntityPropertyExtension.MTED_EDaM_Design_Status
FD886E11-9752-413D-91C5-063BBCFE783E,Selected Field Development Concept,SLCTD_FLD_DVLPMNT_CNCPT,MTED_Version_No,2021.2,SHL_CDM_EntityPropertyExtension.MTED_Version_No
FD886E11-9752-413D-91C5-063BBCFE783E,Selected Field Development Concept,SLCTD_FLD_DVLPMNT_CNCPT,CommerciallySensitiveInformation,Commercially Sensitive Information,BIM-core.CommerciallySensitiveInformation
FD886E11-9752-413D-91C5-063BBCFE783E,Selected Field Development Concept,SLCTD_FLD_DVLPMNT_CNCPT,Criticality,No Critical Data,BIM-core.Criticality
FD886E11-9752-413D-91C5-063BBCFE783E,Selected Field Development Concept,SLCTD_FLD_DVLPMNT_CNCPT,DataCategory,Structured,BIM-core.DataCategory
FD886E11-9752-413D-91C5-063BBCFE783E,Selected Field Development Concept,SLCTD_FLD_DVLPMNT_CNCPT,DataConfidentiality,Internal,BIM-core.DataConfidentiality
FD886E11-9752-413D-91C5-063BBCFE783E,Selected Field Development Concept,SLCTD_FLD_DVLPMNT_CNCPT,DesignStatus,Approved,BIM-core.DesignStatus
FD886E11-9752-413D-91C5-063BBCFE783E,Selected Field Development Concept,SLCTD_FLD_DVLPMNT_CNCPT,EntityCategory,Transaction,BIM-core.EntityCategory
FD886E11-9752-413D-91C5-063BBCFE783E,Selected Field Development Concept,SLCTD_FLD_DVLPMNT_CNCPT,EntityPersonalData,No Personal Data,BIM-core.EntityPersonalData
FD886E11-9752-413D-91C5-063BBCFE783E,Selected Field Development Concept,SLCTD_FLD_DVLPMNT_CNCPT,FinancialPersonalData,No Financial Personal Data,BIM-core.FinancialPersonalData
FD886E11-9752-413D-91C5-063BBCFE783E,Selected Field Development Concept,SLCTD_FLD_DVLPMNT_CNCPT,SensitivePersonalData,No Sensitive Personal Data,BIM-core.SensitivePersonalData
FD886E11-9752-413D-91C5-063BBCFE783E,Selected Field Development Concept,SLCTD_FLD_DVLPMNT_CNCPT,DataArea,Project Activity Study Lifecycle,BIM-core.DataArea
FD886E11-9752-413D-91C5-063BBCFE783E,Selected Field Development Concept,SLCTD_FLD_DVLPMNT_CNCPT,EnterpriseLevel,Yes,BIM-core.EnterpriseLevel
FD886E11-9752-413D-91C5-063BBCFE783E,Selected Field Development Concept,SLCTD_FLD_DVLPMNT_CNCPT,ExchangeId,{4D1BEA2D-237B-4BBB-9B50-B8D135FED717},BIM-core.ExchangeId
A28C7179-4FE2-406A-ABDF-DD56D16021A3,Seismic Trace Data,SSMC_TRACE_DT,PD_ObjectID,A28C7179-4FE2-406A-ABDF-DD56D16021A3,
A28C7179-4FE2-406A-ABDF-DD56D16021A3,Seismic Trace Data,SSMC_TRACE_DT,PD_SourceExtraction,46603045,
A28C7179-4FE2-406A-ABDF-DD56D16021A3,Seismic Trace Data,SSMC_TRACE_DT,PD_SourceModel,SUBSURFACE AND WELLS,
A28C7179-4FE2-406A-ABDF-DD56D16021A3,Seismic Trace Data,SSMC_TRACE_DT,CommerciallySensitiveInformation,No Commercially Sensitive Information,BIM-core.CommerciallySensitiveInformation
A28C7179-4FE2-406A-ABDF-DD56D16021A3,Seismic Trace Data,SSMC_TRACE_DT,Criticality,No Critical Data,BIM-core.Criticality
A28C7179-4FE2-406A-ABDF-DD56D16021A3,Seismic Trace Data,SSMC_TRACE_DT,DataCategory,Structured,BIM-core.DataCategory
A28C7179-4FE2-406A-ABDF-DD56D16021A3,Seismic Trace Data,SSMC_TRACE_DT,DataConfidentiality,Internal,BIM-core.DataConfidentiality
A28C7179-4FE2-406A-ABDF-DD56D16021A3,Seismic Trace Data,SSMC_TRACE_DT,DesignStatus,Approved,BIM-core.DesignStatus
A28C7179-4FE2-406A-ABDF-DD56D16021A3,Seismic Trace Data,SSMC_TRACE_DT,EntityCategory,Transaction,BIM-core.EntityCategory
A28C7179-4FE2-406A-ABDF-DD56D16021A3,Seismic Trace Data,SSMC_TRACE_DT,EntityPersonalData,No Personal Data,BIM-core.EntityPersonalData
A28C7179-4FE2-406A-ABDF-DD56D16021A3,Seismic Trace Data,SSMC_TRACE_DT,FinancialPersonalData,No Financial Personal Data,BIM-core.FinancialPersonalData
A28C7179-4FE2-406A-ABDF-DD56D16021A3,Seismic Trace Data,SSMC_TRACE_DT,SensitivePersonalData,No Sensitive Personal Data,BIM-core.SensitivePersonalData
A28C7179-4FE2-406A-ABDF-DD56D16021A3,Seismic Trace Data,SSMC_TRACE_DT,DataArea,Geophysics,BIM-core.DataArea
A28C7179-4FE2-406A-ABDF-DD56D16021A3,Seismic Trace Data,SSMC_TRACE_DT,EnterpriseLevel,Yes,BIM-core.EnterpriseLevel
A28C7179-4FE2-406A-ABDF-DD56D16021A3,Seismic Trace Data,SSMC_TRACE_DT,ExchangeId,{554B3B9E-F0C3-4F2A-BBEB-8A3F16B9B51A},BIM-core.ExchangeId
1EFF96A8-8D63-4171-928A-1FA500F5F5D6,Seismic Stacking Type,SSMC_STACKING_TYP,PD_ObjectID,1EFF96A8-8D63-4171-928A-1FA500F5F5D6,
1EFF96A8-8D63-4171-928A-1FA500F5F5D6,Seismic Stacking Type,SSMC_STACKING_TYP,PD_SourceExtraction,46603045,
1EFF96A8-8D63-4171-928A-1FA500F5F5D6,Seismic Stacking Type,SSMC_STACKING_TYP,PD_SourceModel,SUBSURFACE AND WELLS,
1EFF96A8-8D63-4171-928A-1FA500F5F5D6,Seismic Stacking Type,SSMC_STACKING_TYP,CommerciallySensitiveInformation,No Commercially Sensitive Information,BIM-core.CommerciallySensitiveInformation
1EFF96A8-8D63-4171-928A-1FA500F5F5D6,Seismic Stacking Type,SSMC_STACKING_TYP,Criticality,No Critical Data,BIM-core.Criticality
1EFF96A8-8D63-4171-928A-1FA500F5F5D6,Seismic Stacking Type,SSMC_STACKING_TYP,DataCategory,Structured,BIM-core.DataCategory
1EFF96A8-8D63-4171-928A-1FA500F5F5D6,Seismic Stacking Type,SSMC_STACKING_TYP,DataConfidentiality,Internal,BIM-core.DataConfidentiality
1EFF96A8-8D63-4171-928A-1FA500F5F5D6,Seismic Stacking Type,SSMC_STACKING_TYP,DesignStatus,Approved,BIM-core.DesignStatus
1EFF96A8-8D63-4171-928A-1FA500F5F5D6,Seismic Stacking Type,SSMC_STACKING_TYP,EntityCategory,Internal Reference,BIM-core.EntityCategory
1EFF96A8-8D63-4171-928A-1FA500F5F5D6,Seismic Stacking Type,SSMC_STACKING_TYP,EntityPersonalData,No Personal Data,BIM-core.EntityPersonalData
1EFF96A8-8D63-4171-928A-1FA500F5F5D6,Seismic Stacking Type,SSMC_STACKING_TYP,FinancialPersonalData,No Financial Personal Data,BIM-core.FinancialPersonalData
1EFF96A8-8D63-4171-928A-1FA500F5F5D6,Seismic Stacking Type,SSMC_STACKING_TYP,SensitivePersonalData,No Sensitive Personal Data,BIM-core.SensitivePersonalData
1EFF96A8-8D63-4171-928A-1FA500F5F5D6,Seismic Stacking Type,SSMC_STACKING_TYP,DataArea,Geophysics,BIM-core.DataArea
1EFF96A8-8D63-4171-928A-1FA500F5F5D6,Seismic Stacking Type,SSMC_STACKING_TYP,EnterpriseLevel,Yes,BIM-core.EnterpriseLevel
1EFF96A8-8D63-4171-928A-1FA500F5F5D6,Seismic Stacking Type,SSMC_STACKING_TYP,ExchangeId,{3763A6B2-522B-4143-BA9A-D59FEA65BC51},BIM-core.ExchangeId
201747CD-C3E2-46A3-81B5-5865825A89DB,Seismic Processing Project,SSMC_PRCSSNG_PRJCT,PD_ObjectID,201747CD-C3E2-46A3-81B5-5865825A89DB,
201747CD-C3E2-46A3-81B5-5865825A89DB,Seismic Processing Project,SSMC_PRCSSNG_PRJCT,PD_SourceExtraction,46603045,
201747CD-C3E2-46A3-81B5-5865825A89DB,Seismic Processing Project,SSMC_PRCSSNG_PRJCT,PD_SourceModel,SUBSURFACE AND WELLS,
201747CD-C3E2-46A3-81B5-5865825A89DB,Seismic Processing Project,SSMC_PRCSSNG_PRJCT,CommerciallySensitiveInformation,No Commercially Sensitive Information,BIM-core.CommerciallySensitiveInformation
201747CD-C3E2-46A3-81B5-5865825A89DB,Seismic Processing Project,SSMC_PRCSSNG_PRJCT,Criticality,No Critical Data,BIM-core.Criticality
201747CD-C3E2-46A3-81B5-5865825A89DB,Seismic Processing Project,SSMC_PRCSSNG_PRJCT,DataCategory,Structured,BIM-core.DataCategory
201747CD-C3E2-46A3-81B5-5865825A89DB,Seismic Processing Project,SSMC_PRCSSNG_PRJCT,DataConfidentiality,Internal,BIM-core.DataConfidentiality
201747CD-C3E2-46A3-81B5-5865825A89DB,Seismic Processing Project,SSMC_PRCSSNG_PRJCT,DesignStatus,Approved,BIM-core.DesignStatus
201747CD-C3E2-46A3-81B5-5865825A89DB,Seismic Processing Project,SSMC_PRCSSNG_PRJCT,EntityCategory,Transaction,BIM-core.EntityCategory
201747CD-C3E2-46A3-81B5-5865825A89DB,Seismic Processing Project,SSMC_PRCSSNG_PRJCT,EntityPersonalData,No Personal Data,BIM-core.EntityPersonalData
201747CD-C3E2-46A3-81B5-5865825A89DB,Seismic Processing Project,SSMC_PRCSSNG_PRJCT,FinancialPersonalData,No Financial Personal Data,BIM-core.FinancialPersonalData
201747CD-C3E2-46A3-81B5-5865825A89DB,Seismic Processing Project,SSMC_PRCSSNG_PRJCT,SensitivePersonalData,No Sensitive Personal Data,BIM-core.SensitivePersonalData
201747CD-C3E2-46A3-81B5-5865825A89DB,Seismic Processing Project,SSMC_PRCSSNG_PRJCT,DataArea,Geophysics,BIM-core.DataArea
201747CD-C3E2-46A3-81B5-5865825A89DB,Seismic Processing Project,SSMC_PRCSSNG_PRJCT,EnterpriseLevel,Yes,BIM-core.EnterpriseLevel
201747CD-C3E2-46A3-81B5-5865825A89DB,Seismic Processing Project,SSMC_PRCSSNG_PRJCT,ExchangeId,{F68B76CF-8DAC-4237-B8AF-A82AE6D8A0C8},BIM-core.ExchangeId
9AECB551-ADC0-4ED9-829E-CD29FF4C0BD7,Seismic Migration Type,SSMC_MIGRATION_TYP,PD_ObjectID,9AECB551-ADC0-4ED9-829E-CD29FF4C0BD7,
9AECB551-ADC0-4ED9-829E-CD29FF4C0BD7,Seismic Migration Type,SSMC_MIGRATION_TYP,PD_SourceExtraction,46603045,
9AECB551-ADC0-4ED9-829E-CD29FF4C0BD7,Seismic Migration Type,SSMC_MIGRATION_TYP,PD_SourceModel,SUBSURFACE AND WELLS,
9AECB551-ADC0-4ED9-829E-CD29FF4C0BD7,Seismic Migration Type,SSMC_MIGRATION_TYP,CommerciallySensitiveInformation,No Commercially Sensitive Information,BIM-core.CommerciallySensitiveInformation
9AECB551-ADC0-4ED9-829E-CD29FF4C0BD7,Seismic Migration Type,SSMC_MIGRATION_TYP,Criticality,No Critical Data,BIM-core.Criticality
9AECB551-ADC0-4ED9-829E-CD29FF4C0BD7,Seismic Migration Type,SSMC_MIGRATION_TYP,DataCategory,Structured,BIM-core.DataCategory
9AECB551-ADC0-4ED9-829E-CD29FF4C0BD7,Seismic Migration Type,SSMC_MIGRATION_TYP,DataConfidentiality,Internal,BIM-core.DataConfidentiality
9AECB551-ADC0-4ED9-829E-CD29FF4C0BD7,Seismic Migration Type,SSMC_MIGRATION_TYP,DesignStatus,Approved,BIM-core.DesignStatus
9AECB551-ADC0-4ED9-829E-CD29FF4C0BD7,Seismic Migration Type,SSMC_MIGRATION_TYP,EntityCategory,Internal Reference,BIM-core.EntityCategory
9AECB551-ADC0-4ED9-829E-CD29FF4C0BD7,Seismic Migration Type,SSMC_MIGRATION_TYP,EntityPersonalData,No Personal Data,BIM-core.EntityPersonalData
9AECB551-ADC0-4ED9-829E-CD29FF4C0BD7,Seismic Migration Type,SSMC_MIGRATION_TYP,FinancialPersonalData,No Financial Personal Data,BIM-core.FinancialPersonalData
9AECB551-ADC0-4ED9-829E-CD29FF4C0BD7,Seismic Migration Type,SSMC_MIGRATION_TYP,SensitivePersonalData,No Sensitive Personal Data,BIM-core.SensitivePersonalData
9AECB551-ADC0-4ED9-829E-CD29FF4C0BD7,Seismic Migration Type,SSMC_MIGRATION_TYP,DataArea,Geophysics,BIM-core.DataArea
9AECB551-ADC0-4ED9-829E-CD29FF4C0BD7,Seismic Migration Type,SSMC_MIGRATION_TYP,EnterpriseLevel,Yes,BIM-core.EnterpriseLevel
9AECB551-ADC0-4ED9-829E-CD29FF4C0BD7,Seismic Migration Type,SSMC_MIGRATION_TYP,ExchangeId,{89B46534-7737-435A-B5BA-BFE8DAAC4A4C},BIM-core.ExchangeId
C1D7F561-ACD8-4E7F-8D38-9516C0A020E2,Seismic Inversion,SSMC_INVERSION,PD_ObjectID,C1D7F561-ACD8-4E7F-8D38-9516C0A020E2,
C1D7F561-ACD8-4E7F-8D38-9516C0A020E2,Seismic Inversion,SSMC_INVERSION,PD_SourceExtraction,46603045,
C1D7F561-ACD8-4E7F-8D38-9516C0A020E2,Seismic Inversion,SSMC_INVERSION,PD_SourceModel,SUBSURFACE AND WELLS,
C1D7F561-ACD8-4E7F-8D38-9516C0A020E2,Seismic Inversion,SSMC_INVERSION,CommerciallySensitiveInformation,No Commercially Sensitive Information,BIM-core.CommerciallySensitiveInformation
C1D7F561-ACD8-4E7F-8D38-9516C0A020E2,Seismic Inversion,SSMC_INVERSION,Criticality,No Critical Data,BIM-core.Criticality
C1D7F561-ACD8-4E7F-8D38-9516C0A020E2,Seismic Inversion,SSMC_INVERSION,DataCategory,Structured,BIM-core.DataCategory
C1D7F561-ACD8-4E7F-8D38-9516C0A020E2,Seismic Inversion,SSMC_INVERSION,DataConfidentiality,Internal,BIM-core.DataConfidentiality
C1D7F561-ACD8-4E7F-8D38-9516C0A020E2,Seismic Inversion,SSMC_INVERSION,DesignStatus,Approved,BIM-core.DesignStatus
C1D7F561-ACD8-4E7F-8D38-9516C0A020E2,Seismic Inversion,SSMC_INVERSION,EntityCategory,Transaction,BIM-core.EntityCategory
C1D7F561-ACD8-4E7F-8D38-9516C0A020E2,Seismic Inversion,SSMC_INVERSION,EntityPersonalData,No Personal Data,BIM-core.EntityPersonalData
C1D7F561-ACD8-4E7F-8D38-9516C0A020E2,Seismic Inversion,SSMC_INVERSION,FinancialPersonalData,No Financial Personal Data,BIM-core.FinancialPersonalData
C1D7F561-ACD8-4E7F-8D38-9516C0A020E2,Seismic Inversion,SSMC_INVERSION,SensitivePersonalData,No Sensitive Personal Data,BIM-core.SensitivePersonalData
C1D7F561-ACD8-4E7F-8D38-9516C0A020E2,Seismic Inversion,SSMC_INVERSION,DataArea,Geophysics,BIM-core.DataArea
C1D7F561-ACD8-4E7F-8D38-9516C0A020E2,Seismic Inversion,SSMC_INVERSION,EnterpriseLevel,Yes,BIM-core.EnterpriseLevel
C1D7F561-ACD8-4E7F-8D38-9516C0A020E2,Seismic Inversion,SSMC_INVERSION,ExchangeId,{ACD16245-1B55-4202-AEDC-7F06FEB70766},BIM-core.ExchangeId
465BEA3D-322B-425E-9AB3-42C750499A0B,Seismic Interpretation2,SSMC_INTRPRTTN2,PD_ObjectID,465BEA3D-322B-425E-9AB3-42C750499A0B,
465BEA3D-322B-425E-9AB3-42C750499A0B,Seismic Interpretation2,SSMC_INTRPRTTN2,PD_SourceExtraction,46603045,
465BEA3D-322B-425E-9AB3-42C750499A0B,Seismic Interpretation2,SSMC_INTRPRTTN2,PD_SourceModel,SUBSURFACE AND WELLS,
465BEA3D-322B-425E-9AB3-42C750499A0B,Seismic Interpretation2,SSMC_INTRPRTTN2,CSI,false,SHL_CDM_EntityPropertyExtension.CSI
465BEA3D-322B-425E-9AB3-42C750499A0B,Seismic Interpretation2,SSMC_INTRPRTTN2,EntityUpdateDate,19/08/2021 Pass 3,SHL_CDM_EntityPropertyExtension.EntityUpdateDate
465BEA3D-322B-425E-9AB3-42C750499A0B,Seismic Interpretation2,SSMC_INTRPRTTN2,MTED_EDaM_Business_Critical_Data,false,SHL_CDM_EntityPropertyExtension.MTED_EDaM_Business_Critical_Data
465BEA3D-322B-425E-9AB3-42C750499A0B,Seismic Interpretation2,SSMC_INTRPRTTN2,MTED_Encryption_Required,false,SHL_CDM_EntityPropertyExtension.MTED_Encryption_Required
465BEA3D-322B-425E-9AB3-42C750499A0B,Seismic Interpretation2,SSMC_INTRPRTTN2,PII,false,SHL_CDM_EntityPropertyExtension.PII
465BEA3D-322B-425E-9AB3-42C750499A0B,Seismic Interpretation2,SSMC_INTRPRTTN2,MTED_EDaM_Design_Status,Approved,SHL_CDM_EntityPropertyExtension.MTED_EDaM_Design_Status
465BEA3D-322B-425E-9AB3-42C750499A0B,Seismic Interpretation2,SSMC_INTRPRTTN2,MTED_Version_No,2021.2,SHL_CDM_EntityPropertyExtension.MTED_Version_No
465BEA3D-322B-425E-9AB3-42C750499A0B,Seismic Interpretation2,SSMC_INTRPRTTN2,Generation,true,SHL_CDM_EntityPropertyExtension.Generation
465BEA3D-322B-425E-9AB3-42C750499A0B,Seismic Interpretation2,SSMC_INTRPRTTN2,CommerciallySensitiveInformation,No Commercially Sensitive Information,BIM-core.CommerciallySensitiveInformation
465BEA3D-322B-425E-9AB3-42C750499A0B,Seismic Interpretation2,SSMC_INTRPRTTN2,Criticality,No Critical Data,BIM-core.Criticality
465BEA3D-322B-425E-9AB3-42C750499A0B,Seismic Interpretation2,SSMC_INTRPRTTN2,DataCategory,Structured,BIM-core.DataCategory
465BEA3D-322B-425E-9AB3-42C750499A0B,Seismic Interpretation2,SSMC_INTRPRTTN2,DataConfidentiality,Internal,BIM-core.DataConfidentiality
465BEA3D-322B-425E-9AB3-42C750499A0B,Seismic Interpretation2,SSMC_INTRPRTTN2,DesignStatus,Approved,BIM-core.DesignStatus
465BEA3D-322B-425E-9AB3-42C750499A0B,Seismic Interpretation2,SSMC_INTRPRTTN2,EntityCategory,Transaction,BIM-core.EntityCategory
465BEA3D-322B-425E-9AB3-42C750499A0B,Seismic Interpretation2,SSMC_INTRPRTTN2,EntityPersonalData,No Personal Data,BIM-core.EntityPersonalData
465BEA3D-322B-425E-9AB3-42C750499A0B,Seismic Interpretation2,SSMC_INTRPRTTN2,FinancialPersonalData,No Financial Personal Data,BIM-core.FinancialPersonalData
465BEA3D-322B-425E-9AB3-42C750499A0B,Seismic Interpretation2,SSMC_INTRPRTTN2,SensitivePersonalData,No Sensitive Personal Data,BIM-core.SensitivePersonalData
465BEA3D-322B-425E-9AB3-42C750499A0B,Seismic Interpretation2,SSMC_INTRPRTTN2,DataArea,Geophysics,BIM-core.DataArea
465BEA3D-322B-425E-9AB3-42C750499A0B,Seismic Interpretation2,SSMC_INTRPRTTN2,EnterpriseLevel,Yes,BIM-core.EnterpriseLevel
465BEA3D-322B-425E-9AB3-42C750499A0B,Seismic Interpretation2,SSMC_INTRPRTTN2,ExchangeId,{4F59051E-2DC8-4764-9B9D-91A7AA49A5FE},BIM-core.ExchangeId
A76A0452-CDBA-4A74-B218-D8C23E1BC1FC,Seismic Interpretation,SSMC_INTRPRTTN,PD_ObjectID,A76A0452-CDBA-4A74-B218-D8C23E1BC1FC,
A76A0452-CDBA-4A74-B218-D8C23E1BC1FC,Seismic Interpretation,SSMC_INTRPRTTN,PD_SourceExtraction,46603045,
A76A0452-CDBA-4A74-B218-D8C23E1BC1FC,Seismic Interpretation,SSMC_INTRPRTTN,PD_SourceModel,SUBSURFACE AND WELLS,
A76A0452-CDBA-4A74-B218-D8C23E1BC1FC,Seismic Interpretation,SSMC_INTRPRTTN,CSI,false,SHL_CDM_EntityPropertyExtension.CSI
A76A0452-CDBA-4A74-B218-D8C23E1BC1FC,Seismic Interpretation,SSMC_INTRPRTTN,EntityUpdateDate,19/08/2021 Pass 3,SHL_CDM_EntityPropertyExtension.EntityUpdateDate
A76A0452-CDBA-4A74-B218-D8C23E1BC1FC,Seismic Interpretation,SSMC_INTRPRTTN,MTED_EDaM_Business_Critical_Data,false,SHL_CDM_EntityPropertyExtension.MTED_EDaM_Business_Critical_Data
A76A0452-CDBA-4A74-B218-D8C23E1BC1FC,Seismic Interpretation,SSMC_INTRPRTTN,MTED_Encryption_Required,false,SHL_CDM_EntityPropertyExtension.MTED_Encryption_Required
A76A0452-CDBA-4A74-B218-D8C23E1BC1FC,Seismic Interpretation,SSMC_INTRPRTTN,PII,false,SHL_CDM_EntityPropertyExtension.PII
A76A0452-CDBA-4A74-B218-D8C23E1BC1FC,Seismic Interpretation,SSMC_INTRPRTTN,MTED_EDaM_Design_Status,Approved,SHL_CDM_EntityPropertyExtension.MTED_EDaM_Design_Status
A76A0452-CDBA-4A74-B218-D8C23E1BC1FC,Seismic Interpretation,SSMC_INTRPRTTN,MTED_Version_No,2021.2,SHL_CDM_EntityPropertyExtension.MTED_Version_No
A76A0452-CDBA-4A74-B218-D8C23E1BC1FC,Seismic Interpretation,SSMC_INTRPRTTN,Generation,true,SHL_CDM_EntityPropertyExtension.Generation
A76A0452-CDBA-4A74-B218-D8C23E1BC1FC,Seismic Interpretation,SSMC_INTRPRTTN,CommerciallySensitiveInformation,No Commercially Sensitive Information,BIM-core.CommerciallySensitiveInformation
A76A0452-CDBA-4A74-B218-D8C23E1BC1FC,Seismic Interpretation,SSMC_INTRPRTTN,Criticality,No Critical Data,BIM-core.Criticality
A76A0452-CDBA-4A74-B218-D8C23E1BC1FC,Seismic Interpretation,SSMC_INTRPRTTN,DataCategory,Structured,BIM-core.DataCategory
A76A0452-CDBA-4A74-B218-D8C23E1BC1FC,Seismic Interpretation,SSMC_INTRPRTTN,DataConfidentiality,Internal,BIM-core.DataConfidentiality
A76A0452-CDBA-4A74-B218-D8C23E1BC1FC,Seismic Interpretation,SSMC_INTRPRTTN,DesignStatus,Approved,BIM-core.DesignStatus
A76A0452-CDBA-4A74-B218-D8C23E1BC1FC,Seismic Interpretation,SSMC_INTRPRTTN,EntityCategory,Transaction,BIM-core.EntityCategory
A76A0452-CDBA-4A74-B218-D8C23E1BC1FC,Seismic Interpretation,SSMC_INTRPRTTN,EntityPersonalData,No Personal Data,BIM-core.EntityPersonalData
A76A0452-CDBA-4A74-B218-D8C23E1BC1FC,Seismic Interpretation,SSMC_INTRPRTTN,FinancialPersonalData,No Financial Personal Data,BIM-core.FinancialPersonalData
A76A0452-CDBA-4A74-B218-D8C23E1BC1FC,Seismic Interpretation,SSMC_INTRPRTTN,SensitivePersonalData,No Sensitive Personal Data,BIM-core.SensitivePersonalData
A76A0452-CDBA-4A74-B218-D8C23E1BC1FC,Seismic Interpretation,SSMC_INTRPRTTN,DataArea,Geophysics,BIM-core.DataArea
A76A0452-CDBA-4A74-B218-D8C23E1BC1FC,Seismic Interpretation,SSMC_INTRPRTTN,EnterpriseLevel,Yes,BIM-core.EnterpriseLevel
A76A0452-CDBA-4A74-B218-D8C23E1BC1FC,Seismic Interpretation,SSMC_INTRPRTTN,ExchangeId,{6701617C-8764-4FC8-88FA-3C5C0677B89E},BIM-core.ExchangeId
03436B9F-19FB-419E-92FB-0C4780BBAECA,Seismic Geometry,SSMC_GEOMETRY,PD_ObjectID,03436B9F-19FB-419E-92FB-0C4780BBAECA,
03436B9F-19FB-419E-92FB-0C4780BBAECA,Seismic Geometry,SSMC_GEOMETRY,PD_SourceExtraction,46603045,
03436B9F-19FB-419E-92FB-0C4780BBAECA,Seismic Geometry,SSMC_GEOMETRY,PD_SourceModel,SUBSURFACE AND WELLS,
03436B9F-19FB-419E-92FB-0C4780BBAECA,Seismic Geometry,SSMC_GEOMETRY,CommerciallySensitiveInformation,No Commercially Sensitive Information,BIM-core.CommerciallySensitiveInformation
03436B9F-19FB-419E-92FB-0C4780BBAECA,Seismic Geometry,SSMC_GEOMETRY,Criticality,No Critical Data,BIM-core.Criticality
03436B9F-19FB-419E-92FB-0C4780BBAECA,Seismic Geometry,SSMC_GEOMETRY,DataCategory,Structured,BIM-core.DataCategory
03436B9F-19FB-419E-92FB-0C4780BBAECA,Seismic Geometry,SSMC_GEOMETRY,DataConfidentiality,Internal,BIM-core.DataConfidentiality
03436B9F-19FB-419E-92FB-0C4780BBAECA,Seismic Geometry,SSMC_GEOMETRY,DesignStatus,Approved,BIM-core.DesignStatus
03436B9F-19FB-419E-92FB-0C4780BBAECA,Seismic Geometry,SSMC_GEOMETRY,EntityCategory,Transaction,BIM-core.EntityCategory
03436B9F-19FB-419E-92FB-0C4780BBAECA,Seismic Geometry,SSMC_GEOMETRY,EntityPersonalData,No Personal Data,BIM-core.EntityPersonalData
03436B9F-19FB-419E-92FB-0C4780BBAECA,Seismic Geometry,SSMC_GEOMETRY,FinancialPersonalData,No Financial Personal Data,BIM-core.FinancialPersonalData
03436B9F-19FB-419E-92FB-0C4780BBAECA,Seismic Geometry,SSMC_GEOMETRY,SensitivePersonalData,No Sensitive Personal Data,BIM-core.SensitivePersonalData
03436B9F-19FB-419E-92FB-0C4780BBAECA,Seismic Geometry,SSMC_GEOMETRY,DataArea,Geophysics,BIM-core.DataArea
03436B9F-19FB-419E-92FB-0C4780BBAECA,Seismic Geometry,SSMC_GEOMETRY,EnterpriseLevel,Yes,BIM-core.EnterpriseLevel
03436B9F-19FB-419E-92FB-0C4780BBAECA,Seismic Geometry,SSMC_GEOMETRY,ExchangeId,{50545F48-DDA6-4A1B-ABD4-FC39E69226BC},BIM-core.ExchangeId
004F65C6-FCBE-4820-96A5-0C937F12D1F6,Seismic Field Trace Data,SSMC_FLD_TRACE_DT,PD_ObjectID,004F65C6-FCBE-4820-96A5-0C937F12D1F6,
004F65C6-FCBE-4820-96A5-0C937F12D1F6,Seismic Field Trace Data,SSMC_FLD_TRACE_DT,PD_SourceExtraction,46603045,
004F65C6-FCBE-4820-96A5-0C937F12D1F6,Seismic Field Trace Data,SSMC_FLD_TRACE_DT,PD_SourceModel,SUBSURFACE AND WELLS,
004F65C6-FCBE-4820-96A5-0C937F12D1F6,Seismic Field Trace Data,SSMC_FLD_TRACE_DT,CommerciallySensitiveInformation,No Commercially Sensitive Information,BIM-core.CommerciallySensitiveInformation
004F65C6-FCBE-4820-96A5-0C937F12D1F6,Seismic Field Trace Data,SSMC_FLD_TRACE_DT,Criticality,No Critical Data,BIM-core.Criticality
004F65C6-FCBE-4820-96A5-0C937F12D1F6,Seismic Field Trace Data,SSMC_FLD_TRACE_DT,DataCategory,Structured,BIM-core.DataCategory
004F65C6-FCBE-4820-96A5-0C937F12D1F6,Seismic Field Trace Data,SSMC_FLD_TRACE_DT,DataConfidentiality,Internal,BIM-core.DataConfidentiality
004F65C6-FCBE-4820-96A5-0C937F12D1F6,Seismic Field Trace Data,SSMC_FLD_TRACE_DT,DesignStatus,Approved,BIM-core.DesignStatus
004F65C6-FCBE-4820-96A5-0C937F12D1F6,Seismic Field Trace Data,SSMC_FLD_TRACE_DT,EntityCategory,Transaction,BIM-core.EntityCategory
004F65C6-FCBE-4820-96A5-0C937F12D1F6,Seismic Field Trace Data,SSMC_FLD_TRACE_DT,EntityPersonalData,No Personal Data,BIM-core.EntityPersonalData
004F65C6-FCBE-4820-96A5-0C937F12D1F6,Seismic Field Trace Data,SSMC_FLD_TRACE_DT,FinancialPersonalData,No Financial Personal Data,BIM-core.FinancialPersonalData
004F65C6-FCBE-4820-96A5-0C937F12D1F6,Seismic Field Trace Data,SSMC_FLD_TRACE_DT,SensitivePersonalData,No Sensitive Personal Data,BIM-core.SensitivePersonalData
004F65C6-FCBE-4820-96A5-0C937F12D1F6,Seismic Field Trace Data,SSMC_FLD_TRACE_DT,DataArea,Geophysics,BIM-core.DataArea
004F65C6-FCBE-4820-96A5-0C937F12D1F6,Seismic Field Trace Data,SSMC_FLD_TRACE_DT,EnterpriseLevel,Yes,BIM-core.EnterpriseLevel
004F65C6-FCBE-4820-96A5-0C937F12D1F6,Seismic Field Trace Data,SSMC_FLD_TRACE_DT,ExchangeId,{6238F1DE-C495-428A-88B6-08BE4B6DA0AC},BIM-core.ExchangeId
842A99CF-EE91-4A39-A724-1415452D3CCD,Seismic Attribute Type,SSMC_ATTRBT_TYP,PD_ObjectID,842A99CF-EE91-4A39-A724-1415452D3CCD,
842A99CF-EE91-4A39-A724-1415452D3CCD,Seismic Attribute Type,SSMC_ATTRBT_TYP,PD_SourceExtraction,46603045,
842A99CF-EE91-4A39-A724-1415452D3CCD,Seismic Attribute Type,SSMC_ATTRBT_TYP,PD_SourceModel,SUBSURFACE AND WELLS,
842A99CF-EE91-4A39-A724-1415452D3CCD,Seismic Attribute Type,SSMC_ATTRBT_TYP,CommerciallySensitiveInformation,No Commercially Sensitive Information,BIM-core.CommerciallySensitiveInformation
842A99CF-EE91-4A39-A724-1415452D3CCD,Seismic Attribute Type,SSMC_ATTRBT_TYP,Criticality,No Critical Data,BIM-core.Criticality
842A99CF-EE91-4A39-A724-1415452D3CCD,Seismic Attribute Type,SSMC_ATTRBT_TYP,DataCategory,Structured,BIM-core.DataCategory
842A99CF-EE91-4A39-A724-1415452D3CCD,Seismic Attribute Type,SSMC_ATTRBT_TYP,DataConfidentiality,Internal,BIM-core.DataConfidentiality
842A99CF-EE91-4A39-A724-1415452D3CCD,Seismic Attribute Type,SSMC_ATTRBT_TYP,DesignStatus,Approved,BIM-core.DesignStatus
842A99CF-EE91-4A39-A724-1415452D3CCD,Seismic Attribute Type,SSMC_ATTRBT_TYP,EntityCategory,Internal Reference,BIM-core.EntityCategory
842A99CF-EE91-4A39-A724-1415452D3CCD,Seismic Attribute Type,SSMC_ATTRBT_TYP,EntityPersonalData,No Personal Data,BIM-core.EntityPersonalData
842A99CF-EE91-4A39-A724-1415452D3CCD,Seismic Attribute Type,SSMC_ATTRBT_TYP,FinancialPersonalData,No Financial Personal Data,BIM-core.FinancialPersonalData
842A99CF-EE91-4A39-A724-1415452D3CCD,Seismic Attribute Type,SSMC_ATTRBT_TYP,SensitivePersonalData,No Sensitive Personal Data,BIM-core.SensitivePersonalData
842A99CF-EE91-4A39-A724-1415452D3CCD,Seismic Attribute Type,SSMC_ATTRBT_TYP,DataArea,Geophysics,BIM-core.DataArea
842A99CF-EE91-4A39-A724-1415452D3CCD,Seismic Attribute Type,SSMC_ATTRBT_TYP,EnterpriseLevel,Yes,BIM-core.EnterpriseLevel
842A99CF-EE91-4A39-A724-1415452D3CCD,Seismic Attribute Type,SSMC_ATTRBT_TYP,ExchangeId,{821614C2-01F9-44F4-9C69-773FEFA926EE},BIM-core.ExchangeId
2FBA1C52-B6DF-40FF-B36C-B752B42C7621,Seismic Acquisition Survey,SSMC_ACQSTN_SRVY,PD_ObjectID,2FBA1C52-B6DF-40FF-B36C-B752B42C7621,
2FBA1C52-B6DF-40FF-B36C-B752B42C7621,Seismic Acquisition Survey,SSMC_ACQSTN_SRVY,PD_SourceExtraction,46603045,
2FBA1C52-B6DF-40FF-B36C-B752B42C7621,Seismic Acquisition Survey,SSMC_ACQSTN_SRVY,PD_SourceModel,SUBSURFACE AND WELLS,
2FBA1C52-B6DF-40FF-B36C-B752B42C7621,Seismic Acquisition Survey,SSMC_ACQSTN_SRVY,CommerciallySensitiveInformation,No Commercially Sensitive Information,BIM-core.CommerciallySensitiveInformation
2FBA1C52-B6DF-40FF-B36C-B752B42C7621,Seismic Acquisition Survey,SSMC_ACQSTN_SRVY,Criticality,No Critical Data,BIM-core.Criticality
2FBA1C52-B6DF-40FF-B36C-B752B42C7621,Seismic Acquisition Survey,SSMC_ACQSTN_SRVY,DataCategory,Structured,BIM-core.DataCategory
2FBA1C52-B6DF-40FF-B36C-B752B42C7621,Seismic Acquisition Survey,SSMC_ACQSTN_SRVY,DataConfidentiality,Internal,BIM-core.DataConfidentiality
2FBA1C52-B6DF-40FF-B36C-B752B42C7621,Seismic Acquisition Survey,SSMC_ACQSTN_SRVY,DesignStatus,Approved,BIM-core.DesignStatus
2FBA1C52-B6DF-40FF-B36C-B752B42C7621,Seismic Acquisition Survey,SSMC_ACQSTN_SRVY,EntityCategory,Transaction,BIM-core.EntityCategory
2FBA1C52-B6DF-40FF-B36C-B752B42C7621,Seismic Acquisition Survey,SSMC_ACQSTN_SRVY,EntityPersonalData,No Personal Data,BIM-core.EntityPersonalData
2FBA1C52-B6DF-40FF-B36C-B752B42C7621,Seismic Acquisition Survey,SSMC_ACQSTN_SRVY,FinancialPersonalData,No Financial Personal Data,BIM-core.FinancialPersonalData
2FBA1C52-B6DF-40FF-B36C-B752B42C7621,Seismic Acquisition Survey,SSMC_ACQSTN_SRVY,SensitivePersonalData,No Sensitive Personal Data,BIM-core.SensitivePersonalData
2FBA1C52-B6DF-40FF-B36C-B752B42C7621,Seismic Acquisition Survey,SSMC_ACQSTN_SRVY,DataArea,Geophysics,BIM-core.DataArea
2FBA1C52-B6DF-40FF-B36C-B752B42C7621,Seismic Acquisition Survey,SSMC_ACQSTN_SRVY,EnterpriseLevel,Yes,BIM-core.EnterpriseLevel
2FBA1C52-B6DF-40FF-B36C-B752B42C7621,Seismic Acquisition Survey,SSMC_ACQSTN_SRVY,ExchangeId,{B0C2BEE6-E167-4DE4-9E00-6778E75BD16F},BIM-core.ExchangeId
ECF5D348-6E70-47E0-9161-53FFF0355C79,Seismic,SSMC,PD_ObjectID,ECF5D348-6E70-47E0-9161-53FFF0355C79,
ECF5D348-6E70-47E0-9161-53FFF0355C79,Seismic,SSMC,PD_SourceExtraction,46603045,
ECF5D348-6E70-47E0-9161-53FFF0355C79,Seismic,SSMC,PD_SourceModel,SUBSURFACE AND WELLS,
ECF5D348-6E70-47E0-9161-53FFF0355C79,Seismic,SSMC,CSI,false,SHL_CDM_EntityPropertyExtension.CSI
ECF5D348-6E70-47E0-9161-53FFF0355C79,Seismic,SSMC,EntityUpdateDate,19/08/2021 Pass 3,SHL_CDM_EntityPropertyExtension.EntityUpdateDate
ECF5D348-6E70-47E0-9161-53FFF0355C79,Seismic,SSMC,MTED_EDaM_Business_Critical_Data,false,SHL_CDM_EntityPropertyExtension.MTED_EDaM_Business_Critical_Data
ECF5D348-6E70-47E0-9161-53FFF0355C79,Seismic,SSMC,MTED_Encryption_Required,false,SHL_CDM_EntityPropertyExtension.MTED_Encryption_Required
ECF5D348-6E70-47E0-9161-53FFF0355C79,Seismic,SSMC,PII,false,SHL_CDM_EntityPropertyExtension.PII
ECF5D348-6E70-47E0-9161-53FFF0355C79,Seismic,SSMC,MTED_EDaM_Design_Status,Approved,SHL_CDM_EntityPropertyExtension.MTED_EDaM_Design_Status
ECF5D348-6E70-47E0-9161-53FFF0355C79,Seismic,SSMC,MTED_Version_No,2021.2,SHL_CDM_EntityPropertyExtension.MTED_Version_No
ECF5D348-6E70-47E0-9161-53FFF0355C79,Seismic,SSMC,Generation,true,SHL_CDM_EntityPropertyExtension.Generation
ECF5D348-6E70-47E0-9161-53FFF0355C79,Seismic,SSMC,CommerciallySensitiveInformation,No Commercially Sensitive Information,BIM-core.CommerciallySensitiveInformation
ECF5D348-6E70-47E0-9161-53FFF0355C79,Seismic,SSMC,Criticality,No Critical Data,BIM-core.Criticality
ECF5D348-6E70-47E0-9161-53FFF0355C79,Seismic,SSMC,DataCategory,Structured,BIM-core.DataCategory
ECF5D348-6E70-47E0-9161-53FFF0355C79,Seismic,SSMC,DataConfidentiality,Internal,BIM-core.DataConfidentiality
ECF5D348-6E70-47E0-9161-53FFF0355C79,Seismic,SSMC,DesignStatus,Approved,BIM-core.DesignStatus
ECF5D348-6E70-47E0-9161-53FFF0355C79,Seismic,SSMC,EntityCategory,Transaction,BIM-core.EntityCategory
ECF5D348-6E70-47E0-9161-53FFF0355C79,Seismic,SSMC,EntityPersonalData,No Personal Data,BIM-core.EntityPersonalData
ECF5D348-6E70-47E0-9161-53FFF0355C79,Seismic,SSMC,FinancialPersonalData,No Financial Personal Data,BIM-core.FinancialPersonalData
ECF5D348-6E70-47E0-9161-53FFF0355C79,Seismic,SSMC,SensitivePersonalData,No Sensitive Personal Data,BIM-core.SensitivePersonalData
ECF5D348-6E70-47E0-9161-53FFF0355C79,Seismic,SSMC,DataArea,Geophysics,BIM-core.DataArea
ECF5D348-6E70-47E0-9161-53FFF0355C79,Seismic,SSMC,EnterpriseLevel,Yes,BIM-core.EnterpriseLevel
ECF5D348-6E70-47E0-9161-53FFF0355C79,Seismic,SSMC,ExchangeId,{175A23BC-5158-42D8-BF22-FBD1F23AEC1E},BIM-core.ExchangeId
CF223BD2-AC12-4784-BCF8-745DFD177016,Scal,SCL,PD_ObjectID,CF223BD2-AC12-4784-BCF8-745DFD177016,
CF223BD2-AC12-4784-BCF8-745DFD177016,Scal,SCL,PD_SourceExtraction,46603045,
CF223BD2-AC12-4784-BCF8-745DFD177016,Scal,SCL,PD_SourceModel,SUBSURFACE AND WELLS,
CF223BD2-AC12-4784-BCF8-745DFD177016,Scal,SCL,CSI,false,SHL_CDM_EntityPropertyExtension.CSI
CF223BD2-AC12-4784-BCF8-745DFD177016,Scal,SCL,EntityUpdateDate,19/08/2021 Pass 3,SHL_CDM_EntityPropertyExtension.EntityUpdateDate
CF223BD2-AC12-4784-BCF8-745DFD177016,Scal,SCL,MTED_EDaM_Business_Critical_Data,false,SHL_CDM_EntityPropertyExtension.MTED_EDaM_Business_Critical_Data
CF223BD2-AC12-4784-BCF8-745DFD177016,Scal,SCL,MTED_Encryption_Required,false,SHL_CDM_EntityPropertyExtension.MTED_Encryption_Required
CF223BD2-AC12-4784-BCF8-745DFD177016,Scal,SCL,PII,false,SHL_CDM_EntityPropertyExtension.PII
CF223BD2-AC12-4784-BCF8-745DFD177016,Scal,SCL,Generation,true,SHL_CDM_EntityPropertyExtension.Generation
CF223BD2-AC12-4784-BCF8-745DFD177016,Scal,SCL,MTED_EDaM_Design_Status,Approved,SHL_CDM_EntityPropertyExtension.MTED_EDaM_Design_Status
CF223BD2-AC12-4784-BCF8-745DFD177016,Scal,SCL,MTED_Version_No,2021.2,SHL_CDM_EntityPropertyExtension.MTED_Version_No
CF223BD2-AC12-4784-BCF8-745DFD177016,Scal,SCL,CommerciallySensitiveInformation,No Commercially Sensitive Information,BIM-core.CommerciallySensitiveInformation
CF223BD2-AC12-4784-BCF8-745DFD177016,Scal,SCL,Criticality,No Critical Data,BIM-core.Criticality
CF223BD2-AC12-4784-BCF8-745DFD177016,Scal,SCL,DataCategory,Structured,BIM-core.DataCategory
CF223BD2-AC12-4784-BCF8-745DFD177016,Scal,SCL,DataConfidentiality,Internal,BIM-core.DataConfidentiality
CF223BD2-AC12-4784-BCF8-745DFD177016,Scal,SCL,DesignStatus,Approved,BIM-core.DesignStatus
CF223BD2-AC12-4784-BCF8-745DFD177016,Scal,SCL,EntityCategory,Transaction,BIM-core.EntityCategory
CF223BD2-AC12-4784-BCF8-745DFD177016,Scal,SCL,EntityPersonalData,No Personal Data,BIM-core.EntityPersonalData
CF223BD2-AC12-4784-BCF8-745DFD177016,Scal,SCL,FinancialPersonalData,No Financial Personal Data,BIM-core.FinancialPersonalData
CF223BD2-AC12-4784-BCF8-745DFD177016,Scal,SCL,SensitivePersonalData,No Sensitive Personal Data,BIM-core.SensitivePersonalData
CF223BD2-AC12-4784-BCF8-745DFD177016,Scal,SCL,DataArea,Reservoir,BIM-core.DataArea
CF223BD2-AC12-4784-BCF8-745DFD177016,Scal,SCL,EnterpriseLevel,Yes,BIM-core.EnterpriseLevel
CF223BD2-AC12-4784-BCF8-745DFD177016,Scal,SCL,ExchangeId,{F3722783-2987-4DB5-AB35-4DAE5271446D},BIM-core.ExchangeId
D3B5D936-589B-4910-A165-541ABC6473FD,Saturation,STRTN,PD_ObjectID,D3B5D936-589B-4910-A165-541ABC6473FD,
D3B5D936-589B-4910-A165-541ABC6473FD,Saturation,STRTN,PD_SourceExtraction,46603045,
D3B5D936-589B-4910-A165-541ABC6473FD,Saturation,STRTN,PD_SourceModel,SUBSURFACE AND WELLS,
D3B5D936-589B-4910-A165-541ABC6473FD,Saturation,STRTN,CSI,false,SHL_CDM_EntityPropertyExtension.CSI
D3B5D936-589B-4910-A165-541ABC6473FD,Saturation,STRTN,EntityUpdateDate,19/08/2021 Pass 3,SHL_CDM_EntityPropertyExtension.EntityUpdateDate
D3B5D936-589B-4910-A165-541ABC6473FD,Saturation,STRTN,MTED_EDaM_Business_Critical_Data,false,SHL_CDM_EntityPropertyExtension.MTED_EDaM_Business_Critical_Data
D3B5D936-589B-4910-A165-541ABC6473FD,Saturation,STRTN,MTED_Encryption_Required,false,SHL_CDM_EntityPropertyExtension.MTED_Encryption_Required
D3B5D936-589B-4910-A165-541ABC6473FD,Saturation,STRTN,PII,false,SHL_CDM_EntityPropertyExtension.PII
D3B5D936-589B-4910-A165-541ABC6473FD,Saturation,STRTN,Generation,true,SHL_CDM_EntityPropertyExtension.Generation
D3B5D936-589B-4910-A165-541ABC6473FD,Saturation,STRTN,MTED_EDaM_Design_Status,Approved,SHL_CDM_EntityPropertyExtension.MTED_EDaM_Design_Status
D3B5D936-589B-4910-A165-541ABC6473FD,Saturation,STRTN,MTED_Version_No,2021.2,SHL_CDM_EntityPropertyExtension.MTED_Version_No
D3B5D936-589B-4910-A165-541ABC6473FD,Saturation,STRTN,CommerciallySensitiveInformation,No Commercially Sensitive Information,BIM-core.CommerciallySensitiveInformation
D3B5D936-589B-4910-A165-541ABC6473FD,Saturation,STRTN,Criticality,No Critical Data,BIM-core.Criticality
D3B5D936-589B-4910-A165-541ABC6473FD,Saturation,STRTN,DataCategory,Structured,BIM-core.DataCategory
D3B5D936-589B-4910-A165-541ABC6473FD,Saturation,STRTN,DataConfidentiality,Internal,BIM-core.DataConfidentiality
D3B5D936-589B-4910-A165-541ABC6473FD,Saturation,STRTN,DesignStatus,Approved,BIM-core.DesignStatus
D3B5D936-589B-4910-A165-541ABC6473FD,Saturation,STRTN,EntityCategory,Transaction,BIM-core.EntityCategory
D3B5D936-589B-4910-A165-541ABC6473FD,Saturation,STRTN,EntityPersonalData,No Personal Data,BIM-core.EntityPersonalData
D3B5D936-589B-4910-A165-541ABC6473FD,Saturation,STRTN,FinancialPersonalData,No Financial Personal Data,BIM-core.FinancialPersonalData
D3B5D936-589B-4910-A165-541ABC6473FD,Saturation,STRTN,SensitivePersonalData,No Sensitive Personal Data,BIM-core.SensitivePersonalData
D3B5D936-589B-4910-A165-541ABC6473FD,Saturation,STRTN,DataArea,Reservoir,BIM-core.DataArea
D3B5D936-589B-4910-A165-541ABC6473FD,Saturation,STRTN,EnterpriseLevel,Yes,BIM-core.EnterpriseLevel
D3B5D936-589B-4910-A165-541ABC6473FD,Saturation,STRTN,ExchangeId,{95782813-0C0D-4A65-A897-911F93D6C577},BIM-core.ExchangeId
B6B814B2-F4A3-42A0-BF73-C04922FF96EC,Sample Preparation,SMPL_PREPARATION,PD_ObjectID,B6B814B2-F4A3-42A0-BF73-C04922FF96EC,
B6B814B2-F4A3-42A0-BF73-C04922FF96EC,Sample Preparation,SMPL_PREPARATION,PD_SourceExtraction,46603045,
B6B814B2-F4A3-42A0-BF73-C04922FF96EC,Sample Preparation,SMPL_PREPARATION,PD_SourceModel,SUBSURFACE AND WELLS,
B6B814B2-F4A3-42A0-BF73-C04922FF96EC,Sample Preparation,SMPL_PREPARATION,EntityCategory,Master,BIM-core.EntityCategory
B6B814B2-F4A3-42A0-BF73-C04922FF96EC,Sample Preparation,SMPL_PREPARATION,DataCategory,Structured,BIM-core.DataCategory
B6B814B2-F4A3-42A0-BF73-C04922FF96EC,Sample Preparation,SMPL_PREPARATION,Criticality,No Critical Data,BIM-core.Criticality
B6B814B2-F4A3-42A0-BF73-C04922FF96EC,Sample Preparation,SMPL_PREPARATION,CommerciallySensitiveInformation,No Commercially Sensitive Information,BIM-core.CommerciallySensitiveInformation
B6B814B2-F4A3-42A0-BF73-C04922FF96EC,Sample Preparation,SMPL_PREPARATION,DataConfidentiality,Internal,BIM-core.DataConfidentiality
B6B814B2-F4A3-42A0-BF73-C04922FF96EC,Sample Preparation,SMPL_PREPARATION,EntityPersonalData,No Personal Data,BIM-core.EntityPersonalData
B6B814B2-F4A3-42A0-BF73-C04922FF96EC,Sample Preparation,SMPL_PREPARATION,FinancialPersonalData,No Financial Personal Data,BIM-core.FinancialPersonalData
B6B814B2-F4A3-42A0-BF73-C04922FF96EC,Sample Preparation,SMPL_PREPARATION,SensitivePersonalData,No Sensitive Personal Data,BIM-core.SensitivePersonalData
B6B814B2-F4A3-42A0-BF73-C04922FF96EC,Sample Preparation,SMPL_PREPARATION,DesignStatus,Approved,BIM-core.DesignStatus
B6B814B2-F4A3-42A0-BF73-C04922FF96EC,Sample Preparation,SMPL_PREPARATION,DataArea,Geology/Petrophysics,BIM-core.DataArea
B6B814B2-F4A3-42A0-BF73-C04922FF96EC,Sample Preparation,SMPL_PREPARATION,EnterpriseLevel,Yes,BIM-core.EnterpriseLevel
B6B814B2-F4A3-42A0-BF73-C04922FF96EC,Sample Preparation,SMPL_PREPARATION,ExchangeId,{5AFD17FE-57BC-4AE8-A67C-9C83CE9C8363},BIM-core.ExchangeId
6B38A205-45F0-45BF-9D16-D5C55F52B6B6,Sample Container,SMPL_CNTNR,PD_ObjectID,6B38A205-45F0-45BF-9D16-D5C55F52B6B6,
6B38A205-45F0-45BF-9D16-D5C55F52B6B6,Sample Container,SMPL_CNTNR,PD_SourceExtraction,46603045,
6B38A205-45F0-45BF-9D16-D5C55F52B6B6,Sample Container,SMPL_CNTNR,PD_SourceModel,SUBSURFACE AND WELLS,
6B38A205-45F0-45BF-9D16-D5C55F52B6B6,Sample Container,SMPL_CNTNR,EntityCategory,Master,BIM-core.EntityCategory
6B38A205-45F0-45BF-9D16-D5C55F52B6B6,Sample Container,SMPL_CNTNR,DataCategory,Structured,BIM-core.DataCategory
6B38A205-45F0-45BF-9D16-D5C55F52B6B6,Sample Container,SMPL_CNTNR,Criticality,No Critical Data,BIM-core.Criticality
6B38A205-45F0-45BF-9D16-D5C55F52B6B6,Sample Container,SMPL_CNTNR,CommerciallySensitiveInformation,No Commercially Sensitive Information,BIM-core.CommerciallySensitiveInformation
6B38A205-45F0-45BF-9D16-D5C55F52B6B6,Sample Container,SMPL_CNTNR,DataConfidentiality,Internal,BIM-core.DataConfidentiality
6B38A205-45F0-45BF-9D16-D5C55F52B6B6,Sample Container,SMPL_CNTNR,EntityPersonalData,No Personal Data,BIM-core.EntityPersonalData
6B38A205-45F0-45BF-9D16-D5C55F52B6B6,Sample Container,SMPL_CNTNR,FinancialPersonalData,No Financial Personal Data,BIM-core.FinancialPersonalData
6B38A205-45F0-45BF-9D16-D5C55F52B6B6,Sample Container,SMPL_CNTNR,SensitivePersonalData,No Sensitive Personal Data,BIM-core.SensitivePersonalData
6B38A205-45F0-45BF-9D16-D5C55F52B6B6,Sample Container,SMPL_CNTNR,DesignStatus,Approved,BIM-core.DesignStatus
6B38A205-45F0-45BF-9D16-D5C55F52B6B6,Sample Container,SMPL_CNTNR,DataArea,Geology/Petrophysics,BIM-core.DataArea
6B38A205-45F0-45BF-9D16-D5C55F52B6B6,Sample Container,SMPL_CNTNR,EnterpriseLevel,Yes,BIM-core.EnterpriseLevel
6B38A205-45F0-45BF-9D16-D5C55F52B6B6,Sample Container,SMPL_CNTNR,ExchangeId,{C5633772-571B-4430-9BEB-B83608EC2688},BIM-core.ExchangeId
7E031ECE-4ACE-40CB-848A-264E3E5C8514,Flow Rates,FLW_RTS,PD_ObjectID,7E031ECE-4ACE-40CB-848A-264E3E5C8514,
7E031ECE-4ACE-40CB-848A-264E3E5C8514,Flow Rates,FLW_RTS,PD_SourceExtraction,46603045,
7E031ECE-4ACE-40CB-848A-264E3E5C8514,Flow Rates,FLW_RTS,PD_SourceModel,SUBSURFACE AND WELLS,
7E031ECE-4ACE-40CB-848A-264E3E5C8514,Flow Rates,FLW_RTS,CSI,false,SHL_CDM_EntityPropertyExtension.CSI
7E031ECE-4ACE-40CB-848A-264E3E5C8514,Flow Rates,FLW_RTS,EntityUpdateDate,19/08/2021 Pass 3,SHL_CDM_EntityPropertyExtension.EntityUpdateDate
7E031ECE-4ACE-40CB-848A-264E3E5C8514,Flow Rates,FLW_RTS,MTED_EDaM_Business_Critical_Data,false,SHL_CDM_EntityPropertyExtension.MTED_EDaM_Business_Critical_Data
7E031ECE-4ACE-40CB-848A-264E3E5C8514,Flow Rates,FLW_RTS,MTED_Encryption_Required,false,SHL_CDM_EntityPropertyExtension.MTED_Encryption_Required
7E031ECE-4ACE-40CB-848A-264E3E5C8514,Flow Rates,FLW_RTS,PII,false,SHL_CDM_EntityPropertyExtension.PII
7E031ECE-4ACE-40CB-848A-264E3E5C8514,Flow Rates,FLW_RTS,Generation,true,SHL_CDM_EntityPropertyExtension.Generation
7E031ECE-4ACE-40CB-848A-264E3E5C8514,Flow Rates,FLW_RTS,MTED_EDaM_Design_Status,Approved,SHL_CDM_EntityPropertyExtension.MTED_EDaM_Design_Status
7E031ECE-4ACE-40CB-848A-264E3E5C8514,Flow Rates,FLW_RTS,MTED_Version_No,2021.2,SHL_CDM_EntityPropertyExtension.MTED_Version_No
7E031ECE-4ACE-40CB-848A-264E3E5C8514,Flow Rates,FLW_RTS,CommerciallySensitiveInformation,No Commercially Sensitive Information,BIM-core.CommerciallySensitiveInformation
7E031ECE-4ACE-40CB-848A-264E3E5C8514,Flow Rates,FLW_RTS,Criticality,No Critical Data,BIM-core.Criticality
7E031ECE-4ACE-40CB-848A-264E3E5C8514,Flow Rates,FLW_RTS,DataCategory,Structured,BIM-core.DataCategory
7E031ECE-4ACE-40CB-848A-264E3E5C8514,Flow Rates,FLW_RTS,DataConfidentiality,Internal,BIM-core.DataConfidentiality
7E031ECE-4ACE-40CB-848A-264E3E5C8514,Flow Rates,FLW_RTS,DesignStatus,Approved,BIM-core.DesignStatus
7E031ECE-4ACE-40CB-848A-264E3E5C8514,Flow Rates,FLW_RTS,EntityCategory,Transaction,BIM-core.EntityCategory
7E031ECE-4ACE-40CB-848A-264E3E5C8514,Flow Rates,FLW_RTS,EntityPersonalData,No Personal Data,BIM-core.EntityPersonalData
7E031ECE-4ACE-40CB-848A-264E3E5C8514,Flow Rates,FLW_RTS,FinancialPersonalData,No Financial Personal Data,BIM-core.FinancialPersonalData
7E031ECE-4ACE-40CB-848A-264E3E5C8514,Flow Rates,FLW_RTS,SensitivePersonalData,No Sensitive Personal Data,BIM-core.SensitivePersonalData
7E031ECE-4ACE-40CB-848A-264E3E5C8514,Flow Rates,FLW_RTS,DataArea,Reservoir,BIM-core.DataArea
7E031ECE-4ACE-40CB-848A-264E3E5C8514,Flow Rates,FLW_RTS,EnterpriseLevel,Yes,BIM-core.EnterpriseLevel
7E031ECE-4ACE-40CB-848A-264E3E5C8514,Flow Rates,FLW_RTS,ExchangeId,{489E7B76-E970-4A23-83C6-4AEAF14E631E},BIM-core.ExchangeId
2AACF14C-6EA9-4926-AD49-3C9BD6A36262,Fluid Contact,FLD_CNTCT,PD_ObjectID,2AACF14C-6EA9-4926-AD49-3C9BD6A36262,
2AACF14C-6EA9-4926-AD49-3C9BD6A36262,Fluid Contact,FLD_CNTCT,PD_SourceExtraction,46603045,
2AACF14C-6EA9-4926-AD49-3C9BD6A36262,Fluid Contact,FLD_CNTCT,PD_SourceModel,SUBSURFACE AND WELLS,
2AACF14C-6EA9-4926-AD49-3C9BD6A36262,Fluid Contact,FLD_CNTCT,MTED_EDaM_Entity_Data_Category,<unspecified>,SHL_CDM_EntityPropertyExtension.MTED_EDaM_Entity_Data_Category
2AACF14C-6EA9-4926-AD49-3C9BD6A36262,Fluid Contact,FLD_CNTCT,MTED_EDaM_Data_Owner,,SHL_CDM_EntityPropertyExtension.MTED_EDaM_Data_Owner
2AACF14C-6EA9-4926-AD49-3C9BD6A36262,Fluid Contact,FLD_CNTCT,MTED_EDaM_Entity_Critical_Data,F,SHL_CDM_EntityPropertyExtension.MTED_EDaM_Entity_Critical_Data
2AACF14C-6EA9-4926-AD49-3C9BD6A36262,Fluid Contact,FLD_CNTCT,MTED_EDaM_Entity_Quality_Indication,<unspecified>,SHL_CDM_EntityPropertyExtension.MTED_EDaM_Entity_Quality_Indication
2AACF14C-6EA9-4926-AD49-3C9BD6A36262,Fluid Contact,FLD_CNTCT,MTED_EDaM_Entity_Availability_Indication,<unspecified>,SHL_CDM_EntityPropertyExtension.MTED_EDaM_Entity_Availability_Indication
2AACF14C-6EA9-4926-AD49-3C9BD6A36262,Fluid Contact,FLD_CNTCT,MTED_EDaM_Security_Classification,Most Confidential,SHL_CDM_EntityPropertyExtension.MTED_EDaM_Security_Classification
2AACF14C-6EA9-4926-AD49-3C9BD6A36262,Fluid Contact,FLD_CNTCT,MTED_EDaM_Design_Status,,SHL_CDM_EntityPropertyExtension.MTED_EDaM_Design_Status
2AACF14C-6EA9-4926-AD49-3C9BD6A36262,Fluid Contact,FLD_CNTCT,MTED_Version_No,,SHL_CDM_EntityPropertyExtension.MTED_Version_No
2AACF14C-6EA9-4926-AD49-3C9BD6A36262,Fluid Contact,FLD_CNTCT,MTED_EDaM_Version_Date,,SHL_CDM_EntityPropertyExtension.MTED_EDaM_Version_Date
2AACF14C-6EA9-4926-AD49-3C9BD6A36262,Fluid Contact,FLD_CNTCT,MTED_EDaM_Entity_Maps_To_Entity,,SHL_CDM_EntityPropertyExtension.MTED_EDaM_Entity_Maps_To_Entity
2AACF14C-6EA9-4926-AD49-3C9BD6A36262,Fluid Contact,FLD_CNTCT,CSI,false,SHL_CDM_EntityPropertyExtension.CSI
2AACF14C-6EA9-4926-AD49-3C9BD6A36262,Fluid Contact,FLD_CNTCT,EntityUpdateDate,19/08/2021 Pass 3,SHL_CDM_EntityPropertyExtension.EntityUpdateDate
2AACF14C-6EA9-4926-AD49-3C9BD6A36262,Fluid Contact,FLD_CNTCT,MTED_EDaM_Business_Critical_Data,false,SHL_CDM_EntityPropertyExtension.MTED_EDaM_Business_Critical_Data
2AACF14C-6EA9-4926-AD49-3C9BD6A36262,Fluid Contact,FLD_CNTCT,MTED_Encryption_Required,false,SHL_CDM_EntityPropertyExtension.MTED_Encryption_Required
2AACF14C-6EA9-4926-AD49-3C9BD6A36262,Fluid Contact,FLD_CNTCT,PII,false,SHL_CDM_EntityPropertyExtension.PII
2AACF14C-6EA9-4926-AD49-3C9BD6A36262,Fluid Contact,FLD_CNTCT,CommerciallySensitiveInformation,No Commercially Sensitive Information,BIM-core.CommerciallySensitiveInformation
2AACF14C-6EA9-4926-AD49-3C9BD6A36262,Fluid Contact,FLD_CNTCT,Criticality,No Critical Data,BIM-core.Criticality
2AACF14C-6EA9-4926-AD49-3C9BD6A36262,Fluid Contact,FLD_CNTCT,DataCategory,Structured,BIM-core.DataCategory
2AACF14C-6EA9-4926-AD49-3C9BD6A36262,Fluid Contact,FLD_CNTCT,DataConfidentiality,Internal,BIM-core.DataConfidentiality
2AACF14C-6EA9-4926-AD49-3C9BD6A36262,Fluid Contact,FLD_CNTCT,DesignStatus,Approved,BIM-core.DesignStatus
2AACF14C-6EA9-4926-AD49-3C9BD6A36262,Fluid Contact,FLD_CNTCT,EntityCategory,Master,BIM-core.EntityCategory
2AACF14C-6EA9-4926-AD49-3C9BD6A36262,Fluid Contact,FLD_CNTCT,EntityPersonalData,No Personal Data,BIM-core.EntityPersonalData
2AACF14C-6EA9-4926-AD49-3C9BD6A36262,Fluid Contact,FLD_CNTCT,FinancialPersonalData,No Financial Personal Data,BIM-core.FinancialPersonalData
2AACF14C-6EA9-4926-AD49-3C9BD6A36262,Fluid Contact,FLD_CNTCT,SensitivePersonalData,No Sensitive Personal Data,BIM-core.SensitivePersonalData
2AACF14C-6EA9-4926-AD49-3C9BD6A36262,Fluid Contact,FLD_CNTCT,DataArea,Reservoir,BIM-core.DataArea
2AACF14C-6EA9-4926-AD49-3C9BD6A36262,Fluid Contact,FLD_CNTCT,EnterpriseLevel,Yes,BIM-core.EnterpriseLevel
2AACF14C-6EA9-4926-AD49-3C9BD6A36262,Fluid Contact,FLD_CNTCT,ExchangeId,{FAB767CB-6FFA-4BFF-B670-6BF961A22615},BIM-core.ExchangeId
D859FFD3-88D1-4431-B1F3-E4F6C354DE22,Forecast Activity,FRCST_ACTVTY,PD_ObjectID,D859FFD3-88D1-4431-B1F3-E4F6C354DE22,
D859FFD3-88D1-4431-B1F3-E4F6C354DE22,Forecast Activity,FRCST_ACTVTY,PD_SourceExtraction,46603045,
D859FFD3-88D1-4431-B1F3-E4F6C354DE22,Forecast Activity,FRCST_ACTVTY,PD_SourceModel,SUBSURFACE AND WELLS,
D859FFD3-88D1-4431-B1F3-E4F6C354DE22,Forecast Activity,FRCST_ACTVTY,MTED_EDaM_Entity_Data_Category,<unspecified>,SHL_CDM_EntityPropertyExtension.MTED_EDaM_Entity_Data_Category
D859FFD3-88D1-4431-B1F3-E4F6C354DE22,Forecast Activity,FRCST_ACTVTY,MTED_EDaM_Data_Owner,,SHL_CDM_EntityPropertyExtension.MTED_EDaM_Data_Owner
D859FFD3-88D1-4431-B1F3-E4F6C354DE22,Forecast Activity,FRCST_ACTVTY,MTED_EDaM_Entity_Critical_Data,F,SHL_CDM_EntityPropertyExtension.MTED_EDaM_Entity_Critical_Data
D859FFD3-88D1-4431-B1F3-E4F6C354DE22,Forecast Activity,FRCST_ACTVTY,MTED_EDaM_Entity_Quality_Indication,<unspecified>,SHL_CDM_EntityPropertyExtension.MTED_EDaM_Entity_Quality_Indication
D859FFD3-88D1-4431-B1F3-E4F6C354DE22,Forecast Activity,FRCST_ACTVTY,MTED_EDaM_Entity_Availability_Indication,<unspecified>,SHL_CDM_EntityPropertyExtension.MTED_EDaM_Entity_Availability_Indication
D859FFD3-88D1-4431-B1F3-E4F6C354DE22,Forecast Activity,FRCST_ACTVTY,MTED_EDaM_Security_Classification,Most Confidential,SHL_CDM_EntityPropertyExtension.MTED_EDaM_Security_Classification
D859FFD3-88D1-4431-B1F3-E4F6C354DE22,Forecast Activity,FRCST_ACTVTY,MTED_EDaM_Design_Status,,SHL_CDM_EntityPropertyExtension.MTED_EDaM_Design_Status
D859FFD3-88D1-4431-B1F3-E4F6C354DE22,Forecast Activity,FRCST_ACTVTY,MTED_Version_No,,SHL_CDM_EntityPropertyExtension.MTED_Version_No
D859FFD3-88D1-4431-B1F3-E4F6C354DE22,Forecast Activity,FRCST_ACTVTY,MTED_EDaM_Version_Date,,SHL_CDM_EntityPropertyExtension.MTED_EDaM_Version_Date
D859FFD3-88D1-4431-B1F3-E4F6C354DE22,Forecast Activity,FRCST_ACTVTY,MTED_EDaM_Entity_Maps_To_Entity,,SHL_CDM_EntityPropertyExtension.MTED_EDaM_Entity_Maps_To_Entity
D859FFD3-88D1-4431-B1F3-E4F6C354DE22,Forecast Activity,FRCST_ACTVTY,CSI,false,SHL_CDM_EntityPropertyExtension.CSI
D859FFD3-88D1-4431-B1F3-E4F6C354DE22,Forecast Activity,FRCST_ACTVTY,EntityUpdateDate,19/08/2021 Pass 3,SHL_CDM_EntityPropertyExtension.EntityUpdateDate
D859FFD3-88D1-4431-B1F3-E4F6C354DE22,Forecast Activity,FRCST_ACTVTY,MTED_EDaM_Business_Critical_Data,false,SHL_CDM_EntityPropertyExtension.MTED_EDaM_Business_Critical_Data
D859FFD3-88D1-4431-B1F3-E4F6C354DE22,Forecast Activity,FRCST_ACTVTY,MTED_Encryption_Required,false,SHL_CDM_EntityPropertyExtension.MTED_Encryption_Required
D859FFD3-88D1-4431-B1F3-E4F6C354DE22,Forecast Activity,FRCST_ACTVTY,PII,false,SHL_CDM_EntityPropertyExtension.PII
D859FFD3-88D1-4431-B1F3-E4F6C354DE22,Forecast Activity,FRCST_ACTVTY,CommerciallySensitiveInformation,No Commercially Sensitive Information,BIM-core.CommerciallySensitiveInformation
D859FFD3-88D1-4431-B1F3-E4F6C354DE22,Forecast Activity,FRCST_ACTVTY,Criticality,No Critical Data,BIM-core.Criticality
D859FFD3-88D1-4431-B1F3-E4F6C354DE22,Forecast Activity,FRCST_ACTVTY,DataCategory,Structured,BIM-core.DataCategory
D859FFD3-88D1-4431-B1F3-E4F6C354DE22,Forecast Activity,FRCST_ACTVTY,DataConfidentiality,Internal,BIM-core.DataConfidentiality
D859FFD3-88D1-4431-B1F3-E4F6C354DE22,Forecast Activity,FRCST_ACTVTY,DesignStatus,Approved,BIM-core.DesignStatus
D859FFD3-88D1-4431-B1F3-E4F6C354DE22,Forecast Activity,FRCST_ACTVTY,EntityCategory,Transaction,BIM-core.EntityCategory
D859FFD3-88D1-4431-B1F3-E4F6C354DE22,Forecast Activity,FRCST_ACTVTY,EntityPersonalData,No Personal Data,BIM-core.EntityPersonalData
D859FFD3-88D1-4431-B1F3-E4F6C354DE22,Forecast Activity,FRCST_ACTVTY,FinancialPersonalData,No Financial Personal Data,BIM-core.FinancialPersonalData
D859FFD3-88D1-4431-B1F3-E4F6C354DE22,Forecast Activity,FRCST_ACTVTY,SensitivePersonalData,No Sensitive Personal Data,BIM-core.SensitivePersonalData
D859FFD3-88D1-4431-B1F3-E4F6C354DE22,Forecast Activity,FRCST_ACTVTY,DataArea,Production Forecast,BIM-core.DataArea
D859FFD3-88D1-4431-B1F3-E4F6C354DE22,Forecast Activity,FRCST_ACTVTY,EnterpriseLevel,Yes,BIM-core.EnterpriseLevel
D859FFD3-88D1-4431-B1F3-E4F6C354DE22,Forecast Activity,FRCST_ACTVTY,ExchangeId,{07AB80D1-BC84-4914-A3C8-5202B9AE284B},BIM-core.ExchangeId
338FE9A4-3271-4E29-9EFD-BED8578D329C,Forecast Activity Value,FRCST_ACTVTY_VL,PD_ObjectID,338FE9A4-3271-4E29-9EFD-BED8578D329C,
338FE9A4-3271-4E29-9EFD-BED8578D329C,Forecast Activity Value,FRCST_ACTVTY_VL,PD_SourceExtraction,46603045,
338FE9A4-3271-4E29-9EFD-BED8578D329C,Forecast Activity Value,FRCST_ACTVTY_VL,PD_SourceModel,SUBSURFACE AND WELLS,
338FE9A4-3271-4E29-9EFD-BED8578D329C,Forecast Activity Value,FRCST_ACTVTY_VL,MTED_EDaM_Entity_Data_Category,<unspecified>,SHL_CDM_EntityPropertyExtension.MTED_EDaM_Entity_Data_Category
338FE9A4-3271-4E29-9EFD-BED8578D329C,Forecast Activity Value,FRCST_ACTVTY_VL,MTED_EDaM_Data_Owner,,SHL_CDM_EntityPropertyExtension.MTED_EDaM_Data_Owner
338FE9A4-3271-4E29-9EFD-BED8578D329C,Forecast Activity Value,FRCST_ACTVTY_VL,MTED_EDaM_Entity_Critical_Data,F,SHL_CDM_EntityPropertyExtension.MTED_EDaM_Entity_Critical_Data
338FE9A4-3271-4E29-9EFD-BED8578D329C,Forecast Activity Value,FRCST_ACTVTY_VL,MTED_EDaM_Entity_Quality_Indication,<unspecified>,SHL_CDM_EntityPropertyExtension.MTED_EDaM_Entity_Quality_Indication
338FE9A4-3271-4E29-9EFD-BED8578D329C,Forecast Activity Value,FRCST_ACTVTY_VL,MTED_EDaM_Entity_Availability_Indication,<unspecified>,SHL_CDM_EntityPropertyExtension.MTED_EDaM_Entity_Availability_Indication
338FE9A4-3271-4E29-9EFD-BED8578D329C,Forecast Activity Value,FRCST_ACTVTY_VL,MTED_EDaM_Security_Classification,Most Confidential,SHL_CDM_EntityPropertyExtension.MTED_EDaM_Security_Classification
338FE9A4-3271-4E29-9EFD-BED8578D329C,Forecast Activity Value,FRCST_ACTVTY_VL,MTED_EDaM_Design_Status,,SHL_CDM_EntityPropertyExtension.MTED_EDaM_Design_Status
338FE9A4-3271-4E29-9EFD-BED8578D329C,Forecast Activity Value,FRCST_ACTVTY_VL,MTED_Version_No,,SHL_CDM_EntityPropertyExtension.MTED_Version_No
338FE9A4-3271-4E29-9EFD-BED8578D329C,Forecast Activity Value,FRCST_ACTVTY_VL,MTED_EDaM_Version_Date,,SHL_CDM_EntityPropertyExtension.MTED_EDaM_Version_Date
338FE9A4-3271-4E29-9EFD-BED8578D329C,Forecast Activity Value,FRCST_ACTVTY_VL,MTED_EDaM_Entity_Maps_To_Entity,,SHL_CDM_EntityPropertyExtension.MTED_EDaM_Entity_Maps_To_Entity
338FE9A4-3271-4E29-9EFD-BED8578D329C,Forecast Activity Value,FRCST_ACTVTY_VL,CSI,false,SHL_CDM_EntityPropertyExtension.CSI
338FE9A4-3271-4E29-9EFD-BED8578D329C,Forecast Activity Value,FRCST_ACTVTY_VL,EntityUpdateDate,19/08/2021 Pass 3,SHL_CDM_EntityPropertyExtension.EntityUpdateDate
338FE9A4-3271-4E29-9EFD-BED8578D329C,Forecast Activity Value,FRCST_ACTVTY_VL,MTED_EDaM_Business_Critical_Data,false,SHL_CDM_EntityPropertyExtension.MTED_EDaM_Business_Critical_Data
338FE9A4-3271-4E29-9EFD-BED8578D329C,Forecast Activity Value,FRCST_ACTVTY_VL,MTED_Encryption_Required,false,SHL_CDM_EntityPropertyExtension.MTED_Encryption_Required
338FE9A4-3271-4E29-9EFD-BED8578D329C,Forecast Activity Value,FRCST_ACTVTY_VL,PII,false,SHL_CDM_EntityPropertyExtension.PII
338FE9A4-3271-4E29-9EFD-BED8578D329C,Forecast Activity Value,FRCST_ACTVTY_VL,CommerciallySensitiveInformation,No Commercially Sensitive Information,BIM-core.CommerciallySensitiveInformation
338FE9A4-3271-4E29-9EFD-BED8578D329C,Forecast Activity Value,FRCST_ACTVTY_VL,Criticality,No Critical Data,BIM-core.Criticality
338FE9A4-3271-4E29-9EFD-BED8578D329C,Forecast Activity Value,FRCST_ACTVTY_VL,DataCategory,Structured,BIM-core.DataCategory
338FE9A4-3271-4E29-9EFD-BED8578D329C,Forecast Activity Value,FRCST_ACTVTY_VL,DataConfidentiality,Internal,BIM-core.DataConfidentiality
338FE9A4-3271-4E29-9EFD-BED8578D329C,Forecast Activity Value,FRCST_ACTVTY_VL,DesignStatus,Approved,BIM-core.DesignStatus
338FE9A4-3271-4E29-9EFD-BED8578D329C,Forecast Activity Value,FRCST_ACTVTY_VL,EntityCategory,Transaction,BIM-core.EntityCategory
338FE9A4-3271-4E29-9EFD-BED8578D329C,Forecast Activity Value,FRCST_ACTVTY_VL,EntityPersonalData,No Personal Data,BIM-core.EntityPersonalData
338FE9A4-3271-4E29-9EFD-BED8578D329C,Forecast Activity Value,FRCST_ACTVTY_VL,FinancialPersonalData,No Financial Personal Data,BIM-core.FinancialPersonalData
338FE9A4-3271-4E29-9EFD-BED8578D329C,Forecast Activity Value,FRCST_ACTVTY_VL,SensitivePersonalData,No Sensitive Personal Data,BIM-core.SensitivePersonalData
338FE9A4-3271-4E29-9EFD-BED8578D329C,Forecast Activity Value,FRCST_ACTVTY_VL,DataArea,Production Forecast,BIM-core.DataArea
338FE9A4-3271-4E29-9EFD-BED8578D329C,Forecast Activity Value,FRCST_ACTVTY_VL,EnterpriseLevel,Yes,BIM-core.EnterpriseLevel
338FE9A4-3271-4E29-9EFD-BED8578D329C,Forecast Activity Value,FRCST_ACTVTY_VL,ExchangeId,{660503E4-24A3-4FE0-A4AB-90F0F1DEBA5E},BIM-core.ExchangeId
29083C9A-2EE6-44AE-B957-F0F8096B3A86,Forecast Case,FRCST_CS,PD_ObjectID,29083C9A-2EE6-44AE-B957-F0F8096B3A86,
29083C9A-2EE6-44AE-B957-F0F8096B3A86,Forecast Case,FRCST_CS,PD_SourceExtraction,46603045,
29083C9A-2EE6-44AE-B957-F0F8096B3A86,Forecast Case,FRCST_CS,PD_SourceModel,SUBSURFACE AND WELLS,
29083C9A-2EE6-44AE-B957-F0F8096B3A86,Forecast Case,FRCST_CS,MTED_EDaM_Entity_Data_Category,<unspecified>,SHL_CDM_EntityPropertyExtension.MTED_EDaM_Entity_Data_Category
29083C9A-2EE6-44AE-B957-F0F8096B3A86,Forecast Case,FRCST_CS,MTED_EDaM_Data_Owner,,SHL_CDM_EntityPropertyExtension.MTED_EDaM_Data_Owner
29083C9A-2EE6-44AE-B957-F0F8096B3A86,Forecast Case,FRCST_CS,MTED_EDaM_Entity_Critical_Data,F,SHL_CDM_EntityPropertyExtension.MTED_EDaM_Entity_Critical_Data
29083C9A-2EE6-44AE-B957-F0F8096B3A86,Forecast Case,FRCST_CS,MTED_EDaM_Entity_Quality_Indication,<unspecified>,SHL_CDM_EntityPropertyExtension.MTED_EDaM_Entity_Quality_Indication
29083C9A-2EE6-44AE-B957-F0F8096B3A86,Forecast Case,FRCST_CS,MTED_EDaM_Entity_Availability_Indication,<unspecified>,SHL_CDM_EntityPropertyExtension.MTED_EDaM_Entity_Availability_Indication
29083C9A-2EE6-44AE-B957-F0F8096B3A86,Forecast Case,FRCST_CS,MTED_EDaM_Security_Classification,Most Confidential,SHL_CDM_EntityPropertyExtension.MTED_EDaM_Security_Classification
29083C9A-2EE6-44AE-B957-F0F8096B3A86,Forecast Case,FRCST_CS,MTED_EDaM_Design_Status,,SHL_CDM_EntityPropertyExtension.MTED_EDaM_Design_Status
29083C9A-2EE6-44AE-B957-F0F8096B3A86,Forecast Case,FRCST_CS,MTED_Version_No,,SHL_CDM_EntityPropertyExtension.MTED_Version_No
29083C9A-2EE6-44AE-B957-F0F8096B3A86,Forecast Case,FRCST_CS,MTED_EDaM_Version_Date,,SHL_CDM_EntityPropertyExtension.MTED_EDaM_Version_Date
29083C9A-2EE6-44AE-B957-F0F8096B3A86,Forecast Case,FRCST_CS,MTED_EDaM_Entity_Maps_To_Entity,,SHL_CDM_EntityPropertyExtension.MTED_EDaM_Entity_Maps_To_Entity
29083C9A-2EE6-44AE-B957-F0F8096B3A86,Forecast Case,FRCST_CS,CSI,false,SHL_CDM_EntityPropertyExtension.CSI
29083C9A-2EE6-44AE-B957-F0F8096B3A86,Forecast Case,FRCST_CS,EntityUpdateDate,19/08/2021 Pass 3,SHL_CDM_EntityPropertyExtension.EntityUpdateDate
29083C9A-2EE6-44AE-B957-F0F8096B3A86,Forecast Case,FRCST_CS,MTED_EDaM_Business_Critical_Data,false,SHL_CDM_EntityPropertyExtension.MTED_EDaM_Business_Critical_Data
29083C9A-2EE6-44AE-B957-F0F8096B3A86,Forecast Case,FRCST_CS,MTED_Encryption_Required,false,SHL_CDM_EntityPropertyExtension.MTED_Encryption_Required
29083C9A-2EE6-44AE-B957-F0F8096B3A86,Forecast Case,FRCST_CS,PII,false,SHL_CDM_EntityPropertyExtension.PII
29083C9A-2EE6-44AE-B957-F0F8096B3A86,Forecast Case,FRCST_CS,CommerciallySensitiveInformation,No Commercially Sensitive Information,BIM-core.CommerciallySensitiveInformation
29083C9A-2EE6-44AE-B957-F0F8096B3A86,Forecast Case,FRCST_CS,Criticality,No Critical Data,BIM-core.Criticality
29083C9A-2EE6-44AE-B957-F0F8096B3A86,Forecast Case,FRCST_CS,DataCategory,Structured,BIM-core.DataCategory
29083C9A-2EE6-44AE-B957-F0F8096B3A86,Forecast Case,FRCST_CS,DataConfidentiality,Internal,BIM-core.DataConfidentiality
29083C9A-2EE6-44AE-B957-F0F8096B3A86,Forecast Case,FRCST_CS,DesignStatus,Approved,BIM-core.DesignStatus
29083C9A-2EE6-44AE-B957-F0F8096B3A86,Forecast Case,FRCST_CS,EntityCategory,Transaction,BIM-core.EntityCategory
29083C9A-2EE6-44AE-B957-F0F8096B3A86,Forecast Case,FRCST_CS,EntityPersonalData,No Personal Data,BIM-core.EntityPersonalData
29083C9A-2EE6-44AE-B957-F0F8096B3A86,Forecast Case,FRCST_CS,FinancialPersonalData,No Financial Personal Data,BIM-core.FinancialPersonalData
29083C9A-2EE6-44AE-B957-F0F8096B3A86,Forecast Case,FRCST_CS,SensitivePersonalData,No Sensitive Personal Data,BIM-core.SensitivePersonalData
29083C9A-2EE6-44AE-B957-F0F8096B3A86,Forecast Case,FRCST_CS,DataArea,Production Forecast,BIM-core.DataArea
29083C9A-2EE6-44AE-B957-F0F8096B3A86,Forecast Case,FRCST_CS,EnterpriseLevel,Yes,BIM-core.EnterpriseLevel
29083C9A-2EE6-44AE-B957-F0F8096B3A86,Forecast Case,FRCST_CS,ExchangeId,{40305B92-F17A-4B6F-B785-5854A18311D7},BIM-core.ExchangeId
439A6C41-9F40-49DA-97B3-77690479FFA1,Forecast Case Extraction Point Opportunity,FRCST_CS_EXTRCTN_PNT_OPPRTNTY,PD_ObjectID,439A6C41-9F40-49DA-97B3-77690479FFA1,
439A6C41-9F40-49DA-97B3-77690479FFA1,Forecast Case Extraction Point Opportunity,FRCST_CS_EXTRCTN_PNT_OPPRTNTY,PD_SourceExtraction,46603045,
439A6C41-9F40-49DA-97B3-77690479FFA1,Forecast Case Extraction Point Opportunity,FRCST_CS_EXTRCTN_PNT_OPPRTNTY,PD_SourceModel,SUBSURFACE AND WELLS,
439A6C41-9F40-49DA-97B3-77690479FFA1,Forecast Case Extraction Point Opportunity,FRCST_CS_EXTRCTN_PNT_OPPRTNTY,MTED_EDaM_Entity_Data_Category,<unspecified>,SHL_CDM_EntityPropertyExtension.MTED_EDaM_Entity_Data_Category
439A6C41-9F40-49DA-97B3-77690479FFA1,Forecast Case Extraction Point Opportunity,FRCST_CS_EXTRCTN_PNT_OPPRTNTY,MTED_EDaM_Data_Owner,,SHL_CDM_EntityPropertyExtension.MTED_EDaM_Data_Owner
439A6C41-9F40-49DA-97B3-77690479FFA1,Forecast Case Extraction Point Opportunity,FRCST_CS_EXTRCTN_PNT_OPPRTNTY,MTED_EDaM_Entity_Critical_Data,F,SHL_CDM_EntityPropertyExtension.MTED_EDaM_Entity_Critical_Data
439A6C41-9F40-49DA-97B3-77690479FFA1,Forecast Case Extraction Point Opportunity,FRCST_CS_EXTRCTN_PNT_OPPRTNTY,MTED_EDaM_Entity_Quality_Indication,<unspecified>,SHL_CDM_EntityPropertyExtension.MTED_EDaM_Entity_Quality_Indication
439A6C41-9F40-49DA-97B3-77690479FFA1,Forecast Case Extraction Point Opportunity,FRCST_CS_EXTRCTN_PNT_OPPRTNTY,MTED_EDaM_Entity_Availability_Indication,<unspecified>,SHL_CDM_EntityPropertyExtension.MTED_EDaM_Entity_Availability_Indication
439A6C41-9F40-49DA-97B3-77690479FFA1,Forecast Case Extraction Point Opportunity,FRCST_CS_EXTRCTN_PNT_OPPRTNTY,MTED_EDaM_Security_Classification,Most Confidential,SHL_CDM_EntityPropertyExtension.MTED_EDaM_Security_Classification
439A6C41-9F40-49DA-97B3-77690479FFA1,Forecast Case Extraction Point Opportunity,FRCST_CS_EXTRCTN_PNT_OPPRTNTY,MTED_EDaM_Design_Status,,SHL_CDM_EntityPropertyExtension.MTED_EDaM_Design_Status
439A6C41-9F40-49DA-97B3-77690479FFA1,Forecast Case Extraction Point Opportunity,FRCST_CS_EXTRCTN_PNT_OPPRTNTY,MTED_Version_No,,SHL_CDM_EntityPropertyExtension.MTED_Version_No
439A6C41-9F40-49DA-97B3-77690479FFA1,Forecast Case Extraction Point Opportunity,FRCST_CS_EXTRCTN_PNT_OPPRTNTY,MTED_EDaM_Version_Date,,SHL_CDM_EntityPropertyExtension.MTED_EDaM_Version_Date
439A6C41-9F40-49DA-97B3-77690479FFA1,Forecast Case Extraction Point Opportunity,FRCST_CS_EXTRCTN_PNT_OPPRTNTY,MTED_EDaM_Entity_Maps_To_Entity,,SHL_CDM_EntityPropertyExtension.MTED_EDaM_Entity_Maps_To_Entity
439A6C41-9F40-49DA-97B3-77690479FFA1,Forecast Case Extraction Point Opportunity,FRCST_CS_EXTRCTN_PNT_OPPRTNTY,CSI,false,SHL_CDM_EntityPropertyExtension.CSI
439A6C41-9F40-49DA-97B3-77690479FFA1,Forecast Case Extraction Point Opportunity,FRCST_CS_EXTRCTN_PNT_OPPRTNTY,EntityUpdateDate,19/08/2021 Pass 3,SHL_CDM_EntityPropertyExtension.EntityUpdateDate
439A6C41-9F40-49DA-97B3-77690479FFA1,Forecast Case Extraction Point Opportunity,FRCST_CS_EXTRCTN_PNT_OPPRTNTY,MTED_EDaM_Business_Critical_Data,false,SHL_CDM_EntityPropertyExtension.MTED_EDaM_Business_Critical_Data
439A6C41-9F40-49DA-97B3-77690479FFA1,Forecast Case Extraction Point Opportunity,FRCST_CS_EXTRCTN_PNT_OPPRTNTY,MTED_Encryption_Required,false,SHL_CDM_EntityPropertyExtension.MTED_Encryption_Required
439A6C41-9F40-49DA-97B3-77690479FFA1,Forecast Case Extraction Point Opportunity,FRCST_CS_EXTRCTN_PNT_OPPRTNTY,PII,false,SHL_CDM_EntityPropertyExtension.PII
439A6C41-9F40-49DA-97B3-77690479FFA1,Forecast Case Extraction Point Opportunity,FRCST_CS_EXTRCTN_PNT_OPPRTNTY,CommerciallySensitiveInformation,No Commercially Sensitive Information,BIM-core.CommerciallySensitiveInformation
439A6C41-9F40-49DA-97B3-77690479FFA1,Forecast Case Extraction Point Opportunity,FRCST_CS_EXTRCTN_PNT_OPPRTNTY,Criticality,No Critical Data,BIM-core.Criticality
439A6C41-9F40-49DA-97B3-77690479FFA1,Forecast Case Extraction Point Opportunity,FRCST_CS_EXTRCTN_PNT_OPPRTNTY,DataCategory,Structured,BIM-core.DataCategory
439A6C41-9F40-49DA-97B3-77690479FFA1,Forecast Case Extraction Point Opportunity,FRCST_CS_EXTRCTN_PNT_OPPRTNTY,DataConfidentiality,Internal,BIM-core.DataConfidentiality
439A6C41-9F40-49DA-97B3-77690479FFA1,Forecast Case Extraction Point Opportunity,FRCST_CS_EXTRCTN_PNT_OPPRTNTY,DesignStatus,Approved,BIM-core.DesignStatus
439A6C41-9F40-49DA-97B3-77690479FFA1,Forecast Case Extraction Point Opportunity,FRCST_CS_EXTRCTN_PNT_OPPRTNTY,EntityCategory,Intersection,BIM-core.EntityCategory
439A6C41-9F40-49DA-97B3-77690479FFA1,Forecast Case Extraction Point Opportunity,FRCST_CS_EXTRCTN_PNT_OPPRTNTY,EntityPersonalData,No Personal Data,BIM-core.EntityPersonalData
439A6C41-9F40-49DA-97B3-77690479FFA1,Forecast Case Extraction Point Opportunity,FRCST_CS_EXTRCTN_PNT_OPPRTNTY,FinancialPersonalData,No Financial Personal Data,BIM-core.FinancialPersonalData
439A6C41-9F40-49DA-97B3-77690479FFA1,Forecast Case Extraction Point Opportunity,FRCST_CS_EXTRCTN_PNT_OPPRTNTY,SensitivePersonalData,No Sensitive Personal Data,BIM-core.SensitivePersonalData
439A6C41-9F40-49DA-97B3-77690479FFA1,Forecast Case Extraction Point Opportunity,FRCST_CS_EXTRCTN_PNT_OPPRTNTY,DataArea,Production Forecast,BIM-core.DataArea
439A6C41-9F40-49DA-97B3-77690479FFA1,Forecast Case Extraction Point Opportunity,FRCST_CS_EXTRCTN_PNT_OPPRTNTY,EnterpriseLevel,Yes,BIM-core.EnterpriseLevel
439A6C41-9F40-49DA-97B3-77690479FFA1,Forecast Case Extraction Point Opportunity,FRCST_CS_EXTRCTN_PNT_OPPRTNTY,ExchangeId,{B4CFA271-9F0D-460D-9BCB-81F63B24D1B1},BIM-core.ExchangeId
2E5ADE54-AFD6-434B-B5E1-25EFC0547548,Forecast Case Extraction Point Opportunity Forecast Activity Assignment,FRCST_CS_EXTRCTN_PNT_OPPRTNTY_FRCST_ACTVTY_ASSGNMNT,PD_ObjectID,2E5ADE54-AFD6-434B-B5E1-25EFC0547548,
2E5ADE54-AFD6-434B-B5E1-25EFC0547548,Forecast Case Extraction Point Opportunity Forecast Activity Assignment,FRCST_CS_EXTRCTN_PNT_OPPRTNTY_FRCST_ACTVTY_ASSGNMNT,PD_SourceExtraction,46603045,
2E5ADE54-AFD6-434B-B5E1-25EFC0547548,Forecast Case Extraction Point Opportunity Forecast Activity Assignment,FRCST_CS_EXTRCTN_PNT_OPPRTNTY_FRCST_ACTVTY_ASSGNMNT,PD_SourceModel,SUBSURFACE AND WELLS,
2E5ADE54-AFD6-434B-B5E1-25EFC0547548,Forecast Case Extraction Point Opportunity Forecast Activity Assignment,FRCST_CS_EXTRCTN_PNT_OPPRTNTY_FRCST_ACTVTY_ASSGNMNT,MTED_EDaM_Entity_Data_Category,<unspecified>,SHL_CDM_EntityPropertyExtension.MTED_EDaM_Entity_Data_Category
2E5ADE54-AFD6-434B-B5E1-25EFC0547548,Forecast Case Extraction Point Opportunity Forecast Activity Assignment,FRCST_CS_EXTRCTN_PNT_OPPRTNTY_FRCST_ACTVTY_ASSGNMNT,MTED_EDaM_Data_Owner,,SHL_CDM_EntityPropertyExtension.MTED_EDaM_Data_Owner
2E5ADE54-AFD6-434B-B5E1-25EFC0547548,Forecast Case Extraction Point Opportunity Forecast Activity Assignment,FRCST_CS_EXTRCTN_PNT_OPPRTNTY_FRCST_ACTVTY_ASSGNMNT,MTED_EDaM_Entity_Critical_Data,F,SHL_CDM_EntityPropertyExtension.MTED_EDaM_Entity_Critical_Data
2E5ADE54-AFD6-434B-B5E1-25EFC0547548,Forecast Case Extraction Point Opportunity Forecast Activity Assignment,FRCST_CS_EXTRCTN_PNT_OPPRTNTY_FRCST_ACTVTY_ASSGNMNT,MTED_EDaM_Entity_Quality_Indication,<unspecified>,SHL_CDM_EntityPropertyExtension.MTED_EDaM_Entity_Quality_Indication
2E5ADE54-AFD6-434B-B5E1-25EFC0547548,Forecast Case Extraction Point Opportunity Forecast Activity Assignment,FRCST_CS_EXTRCTN_PNT_OPPRTNTY_FRCST_ACTVTY_ASSGNMNT,MTED_EDaM_Entity_Availability_Indication,<unspecified>,SHL_CDM_EntityPropertyExtension.MTED_EDaM_Entity_Availability_Indication
2E5ADE54-AFD6-434B-B5E1-25EFC0547548,Forecast Case Extraction Point Opportunity Forecast Activity Assignment,FRCST_CS_EXTRCTN_PNT_OPPRTNTY_FRCST_ACTVTY_ASSGNMNT,MTED_EDaM_Security_Classification,Most Confidential,SHL_CDM_EntityPropertyExtension.MTED_EDaM_Security_Classification
2E5ADE54-AFD6-434B-B5E1-25EFC0547548,Forecast Case Extraction Point Opportunity Forecast Activity Assignment,FRCST_CS_EXTRCTN_PNT_OPPRTNTY_FRCST_ACTVTY_ASSGNMNT,MTED_EDaM_Design_Status,,SHL_CDM_EntityPropertyExtension.MTED_EDaM_Design_Status
2E5ADE54-AFD6-434B-B5E1-25EFC0547548,Forecast Case Extraction Point Opportunity Forecast Activity Assignment,FRCST_CS_EXTRCTN_PNT_OPPRTNTY_FRCST_ACTVTY_ASSGNMNT,MTED_Version_No,,SHL_CDM_EntityPropertyExtension.MTED_Version_No
2E5ADE54-AFD6-434B-B5E1-25EFC0547548,Forecast Case Extraction Point Opportunity Forecast Activity Assignment,FRCST_CS_EXTRCTN_PNT_OPPRTNTY_FRCST_ACTVTY_ASSGNMNT,MTED_EDaM_Version_Date,,SHL_CDM_EntityPropertyExtension.MTED_EDaM_Version_Date
2E5ADE54-AFD6-434B-B5E1-25EFC0547548,Forecast Case Extraction Point Opportunity Forecast Activity Assignment,FRCST_CS_EXTRCTN_PNT_OPPRTNTY_FRCST_ACTVTY_ASSGNMNT,MTED_EDaM_Entity_Maps_To_Entity,,SHL_CDM_EntityPropertyExtension.MTED_EDaM_Entity_Maps_To_Entity
2E5ADE54-AFD6-434B-B5E1-25EFC0547548,Forecast Case Extraction Point Opportunity Forecast Activity Assignment,FRCST_CS_EXTRCTN_PNT_OPPRTNTY_FRCST_ACTVTY_ASSGNMNT,CSI,false,SHL_CDM_EntityPropertyExtension.CSI
2E5ADE54-AFD6-434B-B5E1-25EFC0547548,Forecast Case Extraction Point Opportunity Forecast Activity Assignment,FRCST_CS_EXTRCTN_PNT_OPPRTNTY_FRCST_ACTVTY_ASSGNMNT,EntityUpdateDate,19/08/2021 Pass 3,SHL_CDM_EntityPropertyExtension.EntityUpdateDate
2E5ADE54-AFD6-434B-B5E1-25EFC0547548,Forecast Case Extraction Point Opportunity Forecast Activity Assignment,FRCST_CS_EXTRCTN_PNT_OPPRTNTY_FRCST_ACTVTY_ASSGNMNT,MTED_EDaM_Business_Critical_Data,false,SHL_CDM_EntityPropertyExtension.MTED_EDaM_Business_Critical_Data
2E5ADE54-AFD6-434B-B5E1-25EFC0547548,Forecast Case Extraction Point Opportunity Forecast Activity Assignment,FRCST_CS_EXTRCTN_PNT_OPPRTNTY_FRCST_ACTVTY_ASSGNMNT,MTED_Encryption_Required,false,SHL_CDM_EntityPropertyExtension.MTED_Encryption_Required
2E5ADE54-AFD6-434B-B5E1-25EFC0547548,Forecast Case Extraction Point Opportunity Forecast Activity Assignment,FRCST_CS_EXTRCTN_PNT_OPPRTNTY_FRCST_ACTVTY_ASSGNMNT,PII,false,SHL_CDM_EntityPropertyExtension.PII
2E5ADE54-AFD6-434B-B5E1-25EFC0547548,Forecast Case Extraction Point Opportunity Forecast Activity Assignment,FRCST_CS_EXTRCTN_PNT_OPPRTNTY_FRCST_ACTVTY_ASSGNMNT,CommerciallySensitiveInformation,No Commercially Sensitive Information,BIM-core.CommerciallySensitiveInformation
2E5ADE54-AFD6-434B-B5E1-25EFC0547548,Forecast Case Extraction Point Opportunity Forecast Activity Assignment,FRCST_CS_EXTRCTN_PNT_OPPRTNTY_FRCST_ACTVTY_ASSGNMNT,Criticality,No Critical Data,BIM-core.Criticality
2E5ADE54-AFD6-434B-B5E1-25EFC0547548,Forecast Case Extraction Point Opportunity Forecast Activity Assignment,FRCST_CS_EXTRCTN_PNT_OPPRTNTY_FRCST_ACTVTY_ASSGNMNT,DataCategory,Structured,BIM-core.DataCategory
2E5ADE54-AFD6-434B-B5E1-25EFC0547548,Forecast Case Extraction Point Opportunity Forecast Activity Assignment,FRCST_CS_EXTRCTN_PNT_OPPRTNTY_FRCST_ACTVTY_ASSGNMNT,DataConfidentiality,Internal,BIM-core.DataConfidentiality
2E5ADE54-AFD6-434B-B5E1-25EFC0547548,Forecast Case Extraction Point Opportunity Forecast Activity Assignment,FRCST_CS_EXTRCTN_PNT_OPPRTNTY_FRCST_ACTVTY_ASSGNMNT,DesignStatus,Approved,BIM-core.DesignStatus
2E5ADE54-AFD6-434B-B5E1-25EFC0547548,Forecast Case Extraction Point Opportunity Forecast Activity Assignment,FRCST_CS_EXTRCTN_PNT_OPPRTNTY_FRCST_ACTVTY_ASSGNMNT,EntityCategory,Intersection,BIM-core.EntityCategory
2E5ADE54-AFD6-434B-B5E1-25EFC0547548,Forecast Case Extraction Point Opportunity Forecast Activity Assignment,FRCST_CS_EXTRCTN_PNT_OPPRTNTY_FRCST_ACTVTY_ASSGNMNT,EntityPersonalData,No Personal Data,BIM-core.EntityPersonalData
2E5ADE54-AFD6-434B-B5E1-25EFC0547548,Forecast Case Extraction Point Opportunity Forecast Activity Assignment,FRCST_CS_EXTRCTN_PNT_OPPRTNTY_FRCST_ACTVTY_ASSGNMNT,FinancialPersonalData,No Financial Personal Data,BIM-core.FinancialPersonalData
2E5ADE54-AFD6-434B-B5E1-25EFC0547548,Forecast Case Extraction Point Opportunity Forecast Activity Assignment,FRCST_CS_EXTRCTN_PNT_OPPRTNTY_FRCST_ACTVTY_ASSGNMNT,SensitivePersonalData,No Sensitive Personal Data,BIM-core.SensitivePersonalData
2E5ADE54-AFD6-434B-B5E1-25EFC0547548,Forecast Case Extraction Point Opportunity Forecast Activity Assignment,FRCST_CS_EXTRCTN_PNT_OPPRTNTY_FRCST_ACTVTY_ASSGNMNT,DataArea,Production Forecast,BIM-core.DataArea
2E5ADE54-AFD6-434B-B5E1-25EFC0547548,Forecast Case Extraction Point Opportunity Forecast Activity Assignment,FRCST_CS_EXTRCTN_PNT_OPPRTNTY_FRCST_ACTVTY_ASSGNMNT,EnterpriseLevel,Yes,BIM-core.EnterpriseLevel
2E5ADE54-AFD6-434B-B5E1-25EFC0547548,Forecast Case Extraction Point Opportunity Forecast Activity Assignment,FRCST_CS_EXTRCTN_PNT_OPPRTNTY_FRCST_ACTVTY_ASSGNMNT,ExchangeId,{8EB15613-896C-4213-81CF-80D9A6C0342D},BIM-core.ExchangeId
AFE1A2A4-6AB0-4EB8-9754-EB21095F691B,Forecast Scenario,FRCST_SCNR,PD_ObjectID,AFE1A2A4-6AB0-4EB8-9754-EB21095F691B,
AFE1A2A4-6AB0-4EB8-9754-EB21095F691B,Forecast Scenario,FRCST_SCNR,PD_SourceExtraction,46603045,
AFE1A2A4-6AB0-4EB8-9754-EB21095F691B,Forecast Scenario,FRCST_SCNR,PD_SourceModel,SUBSURFACE AND WELLS,
AFE1A2A4-6AB0-4EB8-9754-EB21095F691B,Forecast Scenario,FRCST_SCNR,MTED_EDaM_Entity_Data_Category,<unspecified>,SHL_CDM_EntityPropertyExtension.MTED_EDaM_Entity_Data_Category
AFE1A2A4-6AB0-4EB8-9754-EB21095F691B,Forecast Scenario,FRCST_SCNR,MTED_EDaM_Data_Owner,,SHL_CDM_EntityPropertyExtension.MTED_EDaM_Data_Owner
AFE1A2A4-6AB0-4EB8-9754-EB21095F691B,Forecast Scenario,FRCST_SCNR,MTED_EDaM_Entity_Critical_Data,F,SHL_CDM_EntityPropertyExtension.MTED_EDaM_Entity_Critical_Data
AFE1A2A4-6AB0-4EB8-9754-EB21095F691B,Forecast Scenario,FRCST_SCNR,MTED_EDaM_Entity_Quality_Indication,<unspecified>,SHL_CDM_EntityPropertyExtension.MTED_EDaM_Entity_Quality_Indication
AFE1A2A4-6AB0-4EB8-9754-EB21095F691B,Forecast Scenario,FRCST_SCNR,MTED_EDaM_Entity_Availability_Indication,<unspecified>,SHL_CDM_EntityPropertyExtension.MTED_EDaM_Entity_Availability_Indication
AFE1A2A4-6AB0-4EB8-9754-EB21095F691B,Forecast Scenario,FRCST_SCNR,MTED_EDaM_Security_Classification,Most Confidential,SHL_CDM_EntityPropertyExtension.MTED_EDaM_Security_Classification
AFE1A2A4-6AB0-4EB8-9754-EB21095F691B,Forecast Scenario,FRCST_SCNR,MTED_EDaM_Design_Status,,SHL_CDM_EntityPropertyExtension.MTED_EDaM_Design_Status
AFE1A2A4-6AB0-4EB8-9754-EB21095F691B,Forecast Scenario,FRCST_SCNR,MTED_Version_No,,SHL_CDM_EntityPropertyExtension.MTED_Version_No
AFE1A2A4-6AB0-4EB8-9754-EB21095F691B,Forecast Scenario,FRCST_SCNR,MTED_EDaM_Version_Date,,SHL_CDM_EntityPropertyExtension.MTED_EDaM_Version_Date
AFE1A2A4-6AB0-4EB8-9754-EB21095F691B,Forecast Scenario,FRCST_SCNR,MTED_EDaM_Entity_Maps_To_Entity,,SHL_CDM_EntityPropertyExtension.MTED_EDaM_Entity_Maps_To_Entity
AFE1A2A4-6AB0-4EB8-9754-EB21095F691B,Forecast Scenario,FRCST_SCNR,CSI,false,SHL_CDM_EntityPropertyExtension.CSI
AFE1A2A4-6AB0-4EB8-9754-EB21095F691B,Forecast Scenario,FRCST_SCNR,EntityUpdateDate,19/08/2021 Pass 3,SHL_CDM_EntityPropertyExtension.EntityUpdateDate
AFE1A2A4-6AB0-4EB8-9754-EB21095F691B,Forecast Scenario,FRCST_SCNR,MTED_EDaM_Business_Critical_Data,false,SHL_CDM_EntityPropertyExtension.MTED_EDaM_Business_Critical_Data
AFE1A2A4-6AB0-4EB8-9754-EB21095F691B,Forecast Scenario,FRCST_SCNR,MTED_Encryption_Required,false,SHL_CDM_EntityPropertyExtension.MTED_Encryption_Required
AFE1A2A4-6AB0-4EB8-9754-EB21095F691B,Forecast Scenario,FRCST_SCNR,PII,false,SHL_CDM_EntityPropertyExtension.PII
AFE1A2A4-6AB0-4EB8-9754-EB21095F691B,Forecast Scenario,FRCST_SCNR,CommerciallySensitiveInformation,No Commercially Sensitive Information,BIM-core.CommerciallySensitiveInformation
AFE1A2A4-6AB0-4EB8-9754-EB21095F691B,Forecast Scenario,FRCST_SCNR,Criticality,No Critical Data,BIM-core.Criticality
AFE1A2A4-6AB0-4EB8-9754-EB21095F691B,Forecast Scenario,FRCST_SCNR,DataCategory,Structured,BIM-core.DataCategory
AFE1A2A4-6AB0-4EB8-9754-EB21095F691B,Forecast Scenario,FRCST_SCNR,DataConfidentiality,Internal,BIM-core.DataConfidentiality
AFE1A2A4-6AB0-4EB8-9754-EB21095F691B,Forecast Scenario,FRCST_SCNR,DesignStatus,Approved,BIM-core.DesignStatus
AFE1A2A4-6AB0-4EB8-9754-EB21095F691B,Forecast Scenario,FRCST_SCNR,EntityCategory,Transaction,BIM-core.EntityCategory
AFE1A2A4-6AB0-4EB8-9754-EB21095F691B,Forecast Scenario,FRCST_SCNR,EntityPersonalData,No Personal Data,BIM-core.EntityPersonalData
AFE1A2A4-6AB0-4EB8-9754-EB21095F691B,Forecast Scenario,FRCST_SCNR,FinancialPersonalData,No Financial Personal Data,BIM-core.FinancialPersonalData
AFE1A2A4-6AB0-4EB8-9754-EB21095F691B,Forecast Scenario,FRCST_SCNR,SensitivePersonalData,No Sensitive Personal Data,BIM-core.SensitivePersonalData
AFE1A2A4-6AB0-4EB8-9754-EB21095F691B,Forecast Scenario,FRCST_SCNR,DataArea,Production Forecast,BIM-core.DataArea
AFE1A2A4-6AB0-4EB8-9754-EB21095F691B,Forecast Scenario,FRCST_SCNR,EnterpriseLevel,Yes,BIM-core.EnterpriseLevel
AFE1A2A4-6AB0-4EB8-9754-EB21095F691B,Forecast Scenario,FRCST_SCNR,ExchangeId,{E841957C-D64D-4EB2-B2A7-C97679701DAA},BIM-core.ExchangeId
8366F959-730A-46D2-99B8-F9213D68B26A,Forecast Threshold,FRCST_THRSHLD,PD_ObjectID,8366F959-730A-46D2-99B8-F9213D68B26A,
8366F959-730A-46D2-99B8-F9213D68B26A,Forecast Threshold,FRCST_THRSHLD,PD_SourceExtraction,46603045,
8366F959-730A-46D2-99B8-F9213D68B26A,Forecast Threshold,FRCST_THRSHLD,PD_SourceModel,SUBSURFACE AND WELLS,
8366F959-730A-46D2-99B8-F9213D68B26A,Forecast Threshold,FRCST_THRSHLD,MTED_EDaM_Entity_Data_Category,<unspecified>,SHL_CDM_EntityPropertyExtension.MTED_EDaM_Entity_Data_Category
8366F959-730A-46D2-99B8-F9213D68B26A,Forecast Threshold,FRCST_THRSHLD,MTED_EDaM_Data_Owner,,SHL_CDM_EntityPropertyExtension.MTED_EDaM_Data_Owner
8366F959-730A-46D2-99B8-F9213D68B26A,Forecast Threshold,FRCST_THRSHLD,MTED_EDaM_Entity_Critical_Data,F,SHL_CDM_EntityPropertyExtension.MTED_EDaM_Entity_Critical_Data
8366F959-730A-46D2-99B8-F9213D68B26A,Forecast Threshold,FRCST_THRSHLD,MTED_EDaM_Entity_Quality_Indication,<unspecified>,SHL_CDM_EntityPropertyExtension.MTED_EDaM_Entity_Quality_Indication
8366F959-730A-46D2-99B8-F9213D68B26A,Forecast Threshold,FRCST_THRSHLD,MTED_EDaM_Entity_Availability_Indication,<unspecified>,SHL_CDM_EntityPropertyExtension.MTED_EDaM_Entity_Availability_Indication
8366F959-730A-46D2-99B8-F9213D68B26A,Forecast Threshold,FRCST_THRSHLD,MTED_EDaM_Security_Classification,Most Confidential,SHL_CDM_EntityPropertyExtension.MTED_EDaM_Security_Classification
8366F959-730A-46D2-99B8-F9213D68B26A,Forecast Threshold,FRCST_THRSHLD,MTED_EDaM_Design_Status,,SHL_CDM_EntityPropertyExtension.MTED_EDaM_Design_Status
8366F959-730A-46D2-99B8-F9213D68B26A,Forecast Threshold,FRCST_THRSHLD,MTED_Version_No,,SHL_CDM_EntityPropertyExtension.MTED_Version_No
8366F959-730A-46D2-99B8-F9213D68B26A,Forecast Threshold,FRCST_THRSHLD,MTED_EDaM_Version_Date,,SHL_CDM_EntityPropertyExtension.MTED_EDaM_Version_Date
8366F959-730A-46D2-99B8-F9213D68B26A,Forecast Threshold,FRCST_THRSHLD,MTED_EDaM_Entity_Maps_To_Entity,,SHL_CDM_EntityPropertyExtension.MTED_EDaM_Entity_Maps_To_Entity
8366F959-730A-46D2-99B8-F9213D68B26A,Forecast Threshold,FRCST_THRSHLD,CSI,false,SHL_CDM_EntityPropertyExtension.CSI
8366F959-730A-46D2-99B8-F9213D68B26A,Forecast Threshold,FRCST_THRSHLD,EntityUpdateDate,19/08/2021 Pass 3,SHL_CDM_EntityPropertyExtension.EntityUpdateDate
8366F959-730A-46D2-99B8-F9213D68B26A,Forecast Threshold,FRCST_THRSHLD,MTED_EDaM_Business_Critical_Data,false,SHL_CDM_EntityPropertyExtension.MTED_EDaM_Business_Critical_Data
8366F959-730A-46D2-99B8-F9213D68B26A,Forecast Threshold,FRCST_THRSHLD,MTED_Encryption_Required,false,SHL_CDM_EntityPropertyExtension.MTED_Encryption_Required
8366F959-730A-46D2-99B8-F9213D68B26A,Forecast Threshold,FRCST_THRSHLD,PII,false,SHL_CDM_EntityPropertyExtension.PII
8366F959-730A-46D2-99B8-F9213D68B26A,Forecast Threshold,FRCST_THRSHLD,CommerciallySensitiveInformation,No Commercially Sensitive Information,BIM-core.CommerciallySensitiveInformation
8366F959-730A-46D2-99B8-F9213D68B26A,Forecast Threshold,FRCST_THRSHLD,Criticality,No Critical Data,BIM-core.Criticality
8366F959-730A-46D2-99B8-F9213D68B26A,Forecast Threshold,FRCST_THRSHLD,DataCategory,Structured,BIM-core.DataCategory
8366F959-730A-46D2-99B8-F9213D68B26A,Forecast Threshold,FRCST_THRSHLD,DataConfidentiality,Internal,BIM-core.DataConfidentiality
8366F959-730A-46D2-99B8-F9213D68B26A,Forecast Threshold,FRCST_THRSHLD,DesignStatus,Approved,BIM-core.DesignStatus
8366F959-730A-46D2-99B8-F9213D68B26A,Forecast Threshold,FRCST_THRSHLD,EntityCategory,Transaction,BIM-core.EntityCategory
8366F959-730A-46D2-99B8-F9213D68B26A,Forecast Threshold,FRCST_THRSHLD,EntityPersonalData,No Personal Data,BIM-core.EntityPersonalData
8366F959-730A-46D2-99B8-F9213D68B26A,Forecast Threshold,FRCST_THRSHLD,FinancialPersonalData,No Financial Personal Data,BIM-core.FinancialPersonalData
8366F959-730A-46D2-99B8-F9213D68B26A,Forecast Threshold,FRCST_THRSHLD,SensitivePersonalData,No Sensitive Personal Data,BIM-core.SensitivePersonalData
8366F959-730A-46D2-99B8-F9213D68B26A,Forecast Threshold,FRCST_THRSHLD,DataArea,Production Forecast,BIM-core.DataArea
8366F959-730A-46D2-99B8-F9213D68B26A,Forecast Threshold,FRCST_THRSHLD,EnterpriseLevel,Yes,BIM-core.EnterpriseLevel
8366F959-730A-46D2-99B8-F9213D68B26A,Forecast Threshold,FRCST_THRSHLD,ExchangeId,{4A80F09E-9CDD-462A-A0F5-9F2C8BB96158},BIM-core.ExchangeId
0B49FDCF-4B79-4A56-9CDA-D0F5DB7CBEF4,Fracture Gradient Prediction,FRCTR_GRDNT_PRDCTN,PD_ObjectID,0B49FDCF-4B79-4A56-9CDA-D0F5DB7CBEF4,
0B49FDCF-4B79-4A56-9CDA-D0F5DB7CBEF4,Fracture Gradient Prediction,FRCTR_GRDNT_PRDCTN,PD_SourceExtraction,46603045,
0B49FDCF-4B79-4A56-9CDA-D0F5DB7CBEF4,Fracture Gradient Prediction,FRCTR_GRDNT_PRDCTN,PD_SourceModel,SUBSURFACE AND WELLS,
0B49FDCF-4B79-4A56-9CDA-D0F5DB7CBEF4,Fracture Gradient Prediction,FRCTR_GRDNT_PRDCTN,CSI,false,SHL_CDM_EntityPropertyExtension.CSI
0B49FDCF-4B79-4A56-9CDA-D0F5DB7CBEF4,Fracture Gradient Prediction,FRCTR_GRDNT_PRDCTN,EntityUpdateDate,19/08/2021 Pass 3,SHL_CDM_EntityPropertyExtension.EntityUpdateDate
0B49FDCF-4B79-4A56-9CDA-D0F5DB7CBEF4,Fracture Gradient Prediction,FRCTR_GRDNT_PRDCTN,MTED_EDaM_Business_Critical_Data,false,SHL_CDM_EntityPropertyExtension.MTED_EDaM_Business_Critical_Data
0B49FDCF-4B79-4A56-9CDA-D0F5DB7CBEF4,Fracture Gradient Prediction,FRCTR_GRDNT_PRDCTN,MTED_Encryption_Required,false,SHL_CDM_EntityPropertyExtension.MTED_Encryption_Required
0B49FDCF-4B79-4A56-9CDA-D0F5DB7CBEF4,Fracture Gradient Prediction,FRCTR_GRDNT_PRDCTN,PII,false,SHL_CDM_EntityPropertyExtension.PII
0B49FDCF-4B79-4A56-9CDA-D0F5DB7CBEF4,Fracture Gradient Prediction,FRCTR_GRDNT_PRDCTN,Generation,true,SHL_CDM_EntityPropertyExtension.Generation
0B49FDCF-4B79-4A56-9CDA-D0F5DB7CBEF4,Fracture Gradient Prediction,FRCTR_GRDNT_PRDCTN,MTED_EDaM_Design_Status,Approved,SHL_CDM_EntityPropertyExtension.MTED_EDaM_Design_Status
0B49FDCF-4B79-4A56-9CDA-D0F5DB7CBEF4,Fracture Gradient Prediction,FRCTR_GRDNT_PRDCTN,MTED_Version_No,2021.2,SHL_CDM_EntityPropertyExtension.MTED_Version_No
0B49FDCF-4B79-4A56-9CDA-D0F5DB7CBEF4,Fracture Gradient Prediction,FRCTR_GRDNT_PRDCTN,CommerciallySensitiveInformation,No Commercially Sensitive Information,BIM-core.CommerciallySensitiveInformation
0B49FDCF-4B79-4A56-9CDA-D0F5DB7CBEF4,Fracture Gradient Prediction,FRCTR_GRDNT_PRDCTN,Criticality,No Critical Data,BIM-core.Criticality
0B49FDCF-4B79-4A56-9CDA-D0F5DB7CBEF4,Fracture Gradient Prediction,FRCTR_GRDNT_PRDCTN,DataCategory,Structured,BIM-core.DataCategory
0B49FDCF-4B79-4A56-9CDA-D0F5DB7CBEF4,Fracture Gradient Prediction,FRCTR_GRDNT_PRDCTN,DataConfidentiality,Internal,BIM-core.DataConfidentiality
0B49FDCF-4B79-4A56-9CDA-D0F5DB7CBEF4,Fracture Gradient Prediction,FRCTR_GRDNT_PRDCTN,DesignStatus,Approved,BIM-core.DesignStatus
0B49FDCF-4B79-4A56-9CDA-D0F5DB7CBEF4,Fracture Gradient Prediction,FRCTR_GRDNT_PRDCTN,EntityCategory,Transaction,BIM-core.EntityCategory
0B49FDCF-4B79-4A56-9CDA-D0F5DB7CBEF4,Fracture Gradient Prediction,FRCTR_GRDNT_PRDCTN,EntityPersonalData,No Personal Data,BIM-core.EntityPersonalData
0B49FDCF-4B79-4A56-9CDA-D0F5DB7CBEF4,Fracture Gradient Prediction,FRCTR_GRDNT_PRDCTN,FinancialPersonalData,No Financial Personal Data,BIM-core.FinancialPersonalData
0B49FDCF-4B79-4A56-9CDA-D0F5DB7CBEF4,Fracture Gradient Prediction,FRCTR_GRDNT_PRDCTN,SensitivePersonalData,No Sensitive Personal Data,BIM-core.SensitivePersonalData
0B49FDCF-4B79-4A56-9CDA-D0F5DB7CBEF4,Fracture Gradient Prediction,FRCTR_GRDNT_PRDCTN,DataArea,Reservoir,BIM-core.DataArea
0B49FDCF-4B79-4A56-9CDA-D0F5DB7CBEF4,Fracture Gradient Prediction,FRCTR_GRDNT_PRDCTN,EnterpriseLevel,Yes,BIM-core.EnterpriseLevel
0B49FDCF-4B79-4A56-9CDA-D0F5DB7CBEF4,Fracture Gradient Prediction,FRCTR_GRDNT_PRDCTN,ExchangeId,{63EAB604-39D5-46AC-82E7-1A722D031102},BIM-core.ExchangeId
0EE09FC4-73FA-4B3D-836D-0A917C79B60F,Full Waveform Inversion,FLL_WAVEFORM_INVERSION,PD_ObjectID,0EE09FC4-73FA-4B3D-836D-0A917C79B60F,
0EE09FC4-73FA-4B3D-836D-0A917C79B60F,Full Waveform Inversion,FLL_WAVEFORM_INVERSION,PD_SourceExtraction,46603045,
0EE09FC4-73FA-4B3D-836D-0A917C79B60F,Full Waveform Inversion,FLL_WAVEFORM_INVERSION,PD_SourceModel,SUBSURFACE AND WELLS,
0EE09FC4-73FA-4B3D-836D-0A917C79B60F,Full Waveform Inversion,FLL_WAVEFORM_INVERSION,CSI,false,SHL_CDM_EntityPropertyExtension.CSI
0EE09FC4-73FA-4B3D-836D-0A917C79B60F,Full Waveform Inversion,FLL_WAVEFORM_INVERSION,EntityUpdateDate,19/08/2021 Pass 3,SHL_CDM_EntityPropertyExtension.EntityUpdateDate
0EE09FC4-73FA-4B3D-836D-0A917C79B60F,Full Waveform Inversion,FLL_WAVEFORM_INVERSION,MTED_EDaM_Business_Critical_Data,false,SHL_CDM_EntityPropertyExtension.MTED_EDaM_Business_Critical_Data
0EE09FC4-73FA-4B3D-836D-0A917C79B60F,Full Waveform Inversion,FLL_WAVEFORM_INVERSION,MTED_Encryption_Required,false,SHL_CDM_EntityPropertyExtension.MTED_Encryption_Required
0EE09FC4-73FA-4B3D-836D-0A917C79B60F,Full Waveform Inversion,FLL_WAVEFORM_INVERSION,PII,false,SHL_CDM_EntityPropertyExtension.PII
0EE09FC4-73FA-4B3D-836D-0A917C79B60F,Full Waveform Inversion,FLL_WAVEFORM_INVERSION,MTED_EDaM_Design_Status,Approved,SHL_CDM_EntityPropertyExtension.MTED_EDaM_Design_Status
0EE09FC4-73FA-4B3D-836D-0A917C79B60F,Full Waveform Inversion,FLL_WAVEFORM_INVERSION,MTED_Version_No,2021.2,SHL_CDM_EntityPropertyExtension.MTED_Version_No
0EE09FC4-73FA-4B3D-836D-0A917C79B60F,Full Waveform Inversion,FLL_WAVEFORM_INVERSION,Generation,true,SHL_CDM_EntityPropertyExtension.Generation
0EE09FC4-73FA-4B3D-836D-0A917C79B60F,Full Waveform Inversion,FLL_WAVEFORM_INVERSION,CommerciallySensitiveInformation,No Commercially Sensitive Information,BIM-core.CommerciallySensitiveInformation
0EE09FC4-73FA-4B3D-836D-0A917C79B60F,Full Waveform Inversion,FLL_WAVEFORM_INVERSION,Criticality,No Critical Data,BIM-core.Criticality
0EE09FC4-73FA-4B3D-836D-0A917C79B60F,Full Waveform Inversion,FLL_WAVEFORM_INVERSION,DataCategory,Structured,BIM-core.DataCategory
0EE09FC4-73FA-4B3D-836D-0A917C79B60F,Full Waveform Inversion,FLL_WAVEFORM_INVERSION,DataConfidentiality,Internal,BIM-core.DataConfidentiality
0EE09FC4-73FA-4B3D-836D-0A917C79B60F,Full Waveform Inversion,FLL_WAVEFORM_INVERSION,DesignStatus,Approved,BIM-core.DesignStatus
0EE09FC4-73FA-4B3D-836D-0A917C79B60F,Full Waveform Inversion,FLL_WAVEFORM_INVERSION,EntityCategory,Transaction,BIM-core.EntityCategory
0EE09FC4-73FA-4B3D-836D-0A917C79B60F,Full Waveform Inversion,FLL_WAVEFORM_INVERSION,EntityPersonalData,No Personal Data,BIM-core.EntityPersonalData
0EE09FC4-73FA-4B3D-836D-0A917C79B60F,Full Waveform Inversion,FLL_WAVEFORM_INVERSION,FinancialPersonalData,No Financial Personal Data,BIM-core.FinancialPersonalData
0EE09FC4-73FA-4B3D-836D-0A917C79B60F,Full Waveform Inversion,FLL_WAVEFORM_INVERSION,SensitivePersonalData,No Sensitive Personal Data,BIM-core.SensitivePersonalData
0EE09FC4-73FA-4B3D-836D-0A917C79B60F,Full Waveform Inversion,FLL_WAVEFORM_INVERSION,DataArea,Geophysics,BIM-core.DataArea
0EE09FC4-73FA-4B3D-836D-0A917C79B60F,Full Waveform Inversion,FLL_WAVEFORM_INVERSION,EnterpriseLevel,Yes,BIM-core.EnterpriseLevel
0EE09FC4-73FA-4B3D-836D-0A917C79B60F,Full Waveform Inversion,FLL_WAVEFORM_INVERSION,ExchangeId,{B34C6D7A-1FDA-4946-80A4-C00080DB01D7},BIM-core.ExchangeId
BB00E539-BB5C-4EF0-9BEA-3A6950CA4A27,Gas Reading,GS_RDNG,PD_ObjectID,BB00E539-BB5C-4EF0-9BEA-3A6950CA4A27,
BB00E539-BB5C-4EF0-9BEA-3A6950CA4A27,Gas Reading,GS_RDNG,PD_SourceExtraction,46603045,
BB00E539-BB5C-4EF0-9BEA-3A6950CA4A27,Gas Reading,GS_RDNG,PD_SourceModel,SUBSURFACE AND WELLS,
BB00E539-BB5C-4EF0-9BEA-3A6950CA4A27,Gas Reading,GS_RDNG,EntityCategory,Transaction,BIM-core.EntityCategory
BB00E539-BB5C-4EF0-9BEA-3A6950CA4A27,Gas Reading,GS_RDNG,DataCategory,Structured,BIM-core.DataCategory
BB00E539-BB5C-4EF0-9BEA-3A6950CA4A27,Gas Reading,GS_RDNG,Criticality,No Critical Data,BIM-core.Criticality
BB00E539-BB5C-4EF0-9BEA-3A6950CA4A27,Gas Reading,GS_RDNG,CommerciallySensitiveInformation,No Commercially Sensitive Information,BIM-core.CommerciallySensitiveInformation
BB00E539-BB5C-4EF0-9BEA-3A6950CA4A27,Gas Reading,GS_RDNG,DataConfidentiality,Internal,BIM-core.DataConfidentiality
BB00E539-BB5C-4EF0-9BEA-3A6950CA4A27,Gas Reading,GS_RDNG,EntityPersonalData,No Personal Data,BIM-core.EntityPersonalData
BB00E539-BB5C-4EF0-9BEA-3A6950CA4A27,Gas Reading,GS_RDNG,FinancialPersonalData,No Financial Personal Data,BIM-core.FinancialPersonalData
BB00E539-BB5C-4EF0-9BEA-3A6950CA4A27,Gas Reading,GS_RDNG,SensitivePersonalData,No Sensitive Personal Data,BIM-core.SensitivePersonalData
BB00E539-BB5C-4EF0-9BEA-3A6950CA4A27,Gas Reading,GS_RDNG,DesignStatus,Approved,BIM-core.DesignStatus
BB00E539-BB5C-4EF0-9BEA-3A6950CA4A27,Gas Reading,GS_RDNG,DataArea,Well Activity,BIM-core.DataArea
BB00E539-BB5C-4EF0-9BEA-3A6950CA4A27,Gas Reading,GS_RDNG,EnterpriseLevel,Yes,BIM-core.EnterpriseLevel
BB00E539-BB5C-4EF0-9BEA-3A6950CA4A27,Gas Reading,GS_RDNG,ExchangeId,{E77E9975-E591-46CC-BD8B-428429955FE5},BIM-core.ExchangeId
4AAA05EE-B878-432C-9C53-2BF126DBE9B4,Geo Context,GEO_CNTXT,PD_ObjectID,4AAA05EE-B878-432C-9C53-2BF126DBE9B4,
4AAA05EE-B878-432C-9C53-2BF126DBE9B4,Geo Context,GEO_CNTXT,PD_SourceExtraction,46603045,
4AAA05EE-B878-432C-9C53-2BF126DBE9B4,Geo Context,GEO_CNTXT,PD_SourceModel,SUBSURFACE AND WELLS,
4AAA05EE-B878-432C-9C53-2BF126DBE9B4,Geo Context,GEO_CNTXT,EntityCategory,Master,BIM-core.EntityCategory
4AAA05EE-B878-432C-9C53-2BF126DBE9B4,Geo Context,GEO_CNTXT,DataCategory,Structured,BIM-core.DataCategory
4AAA05EE-B878-432C-9C53-2BF126DBE9B4,Geo Context,GEO_CNTXT,Criticality,No Critical Data,BIM-core.Criticality
4AAA05EE-B878-432C-9C53-2BF126DBE9B4,Geo Context,GEO_CNTXT,CommerciallySensitiveInformation,No Commercially Sensitive Information,BIM-core.CommerciallySensitiveInformation
4AAA05EE-B878-432C-9C53-2BF126DBE9B4,Geo Context,GEO_CNTXT,DataConfidentiality,Internal,BIM-core.DataConfidentiality
4AAA05EE-B878-432C-9C53-2BF126DBE9B4,Geo Context,GEO_CNTXT,EntityPersonalData,No Personal Data,BIM-core.EntityPersonalData
4AAA05EE-B878-432C-9C53-2BF126DBE9B4,Geo Context,GEO_CNTXT,FinancialPersonalData,No Financial Personal Data,BIM-core.FinancialPersonalData
4AAA05EE-B878-432C-9C53-2BF126DBE9B4,Geo Context,GEO_CNTXT,SensitivePersonalData,No Sensitive Personal Data,BIM-core.SensitivePersonalData
4AAA05EE-B878-432C-9C53-2BF126DBE9B4,Geo Context,GEO_CNTXT,DesignStatus,Approved,BIM-core.DesignStatus
4AAA05EE-B878-432C-9C53-2BF126DBE9B4,Geo Context,GEO_CNTXT,DataArea,Geology/Petrophysics,BIM-core.DataArea
4AAA05EE-B878-432C-9C53-2BF126DBE9B4,Geo Context,GEO_CNTXT,EnterpriseLevel,Yes,BIM-core.EnterpriseLevel
4AAA05EE-B878-432C-9C53-2BF126DBE9B4,Geo Context,GEO_CNTXT,ExchangeId,{4AF1EC73-6BB3-4C90-89CA-A37802364E05},BIM-core.ExchangeId
90DD9A10-3516-480B-B0E3-3228A5A96061,Geobody Boundary Interpretation,GEOBODY_BNDRY_INTRPRTTN,PD_ObjectID,90DD9A10-3516-480B-B0E3-3228A5A96061,
90DD9A10-3516-480B-B0E3-3228A5A96061,Geobody Boundary Interpretation,GEOBODY_BNDRY_INTRPRTTN,PD_SourceExtraction,46603045,
90DD9A10-3516-480B-B0E3-3228A5A96061,Geobody Boundary Interpretation,GEOBODY_BNDRY_INTRPRTTN,PD_SourceModel,SUBSURFACE AND WELLS,
90DD9A10-3516-480B-B0E3-3228A5A96061,Geobody Boundary Interpretation,GEOBODY_BNDRY_INTRPRTTN,EntityCategory,Transaction,BIM-core.EntityCategory
90DD9A10-3516-480B-B0E3-3228A5A96061,Geobody Boundary Interpretation,GEOBODY_BNDRY_INTRPRTTN,DataCategory,Structured,BIM-core.DataCategory
90DD9A10-3516-480B-B0E3-3228A5A96061,Geobody Boundary Interpretation,GEOBODY_BNDRY_INTRPRTTN,Criticality,No Critical Data,BIM-core.Criticality
90DD9A10-3516-480B-B0E3-3228A5A96061,Geobody Boundary Interpretation,GEOBODY_BNDRY_INTRPRTTN,CommerciallySensitiveInformation,No Commercially Sensitive Information,BIM-core.CommerciallySensitiveInformation
90DD9A10-3516-480B-B0E3-3228A5A96061,Geobody Boundary Interpretation,GEOBODY_BNDRY_INTRPRTTN,DataConfidentiality,Internal,BIM-core.DataConfidentiality
90DD9A10-3516-480B-B0E3-3228A5A96061,Geobody Boundary Interpretation,GEOBODY_BNDRY_INTRPRTTN,EntityPersonalData,No Personal Data,BIM-core.EntityPersonalData
90DD9A10-3516-480B-B0E3-3228A5A96061,Geobody Boundary Interpretation,GEOBODY_BNDRY_INTRPRTTN,FinancialPersonalData,No Financial Personal Data,BIM-core.FinancialPersonalData
90DD9A10-3516-480B-B0E3-3228A5A96061,Geobody Boundary Interpretation,GEOBODY_BNDRY_INTRPRTTN,SensitivePersonalData,No Sensitive Personal Data,BIM-core.SensitivePersonalData
90DD9A10-3516-480B-B0E3-3228A5A96061,Geobody Boundary Interpretation,GEOBODY_BNDRY_INTRPRTTN,DesignStatus,Approved,BIM-core.DesignStatus
90DD9A10-3516-480B-B0E3-3228A5A96061,Geobody Boundary Interpretation,GEOBODY_BNDRY_INTRPRTTN,DataArea,Reservoir,BIM-core.DataArea
90DD9A10-3516-480B-B0E3-3228A5A96061,Geobody Boundary Interpretation,GEOBODY_BNDRY_INTRPRTTN,EnterpriseLevel,Yes,BIM-core.EnterpriseLevel
90DD9A10-3516-480B-B0E3-3228A5A96061,Geobody Boundary Interpretation,GEOBODY_BNDRY_INTRPRTTN,ExchangeId,{DB5313E1-FEF4-4D27-B4FC-AA796D44017F},BIM-core.ExchangeId
2BDC4FDC-835C-4AC4-B93F-18D389233FEF,Geologic Basin,GLGC_BSN,PD_ObjectID,2BDC4FDC-835C-4AC4-B93F-18D389233FEF,
2BDC4FDC-835C-4AC4-B93F-18D389233FEF,Geologic Basin,GLGC_BSN,PD_SourceExtraction,46603045,
2BDC4FDC-835C-4AC4-B93F-18D389233FEF,Geologic Basin,GLGC_BSN,PD_SourceModel,SUBSURFACE AND WELLS,
2BDC4FDC-835C-4AC4-B93F-18D389233FEF,Geologic Basin,GLGC_BSN,MTED_EDaM_Entity_Availability_Indication,<unspecified>,SHL_CDM_EntityPropertyExtension.MTED_EDaM_Entity_Availability_Indication
2BDC4FDC-835C-4AC4-B93F-18D389233FEF,Geologic Basin,GLGC_BSN,MTED_EDaM_Entity_Critical_Data,F,SHL_CDM_EntityPropertyExtension.MTED_EDaM_Entity_Critical_Data
2BDC4FDC-835C-4AC4-B93F-18D389233FEF,Geologic Basin,GLGC_BSN,MTED_EDaM_Entity_Data_Category,<unspecified>,SHL_CDM_EntityPropertyExtension.MTED_EDaM_Entity_Data_Category
2BDC4FDC-835C-4AC4-B93F-18D389233FEF,Geologic Basin,GLGC_BSN,MTED_EDaM_Entity_Quality_Indication,<unspecified>,SHL_CDM_EntityPropertyExtension.MTED_EDaM_Entity_Quality_Indication
2BDC4FDC-835C-4AC4-B93F-18D389233FEF,Geologic Basin,GLGC_BSN,MTED_EDaM_Security_Classification,Confidential,SHL_CDM_EntityPropertyExtension.MTED_EDaM_Security_Classification
2BDC4FDC-835C-4AC4-B93F-18D389233FEF,Geologic Basin,GLGC_BSN,MTED_EDaM_Version_Date,,SHL_CDM_EntityPropertyExtension.MTED_EDaM_Version_Date
2BDC4FDC-835C-4AC4-B93F-18D389233FEF,Geologic Basin,GLGC_BSN,CSI,false,SHL_CDM_EntityPropertyExtension.CSI
2BDC4FDC-835C-4AC4-B93F-18D389233FEF,Geologic Basin,GLGC_BSN,EntityUpdateDate,19/08/2021 Pass 3,SHL_CDM_EntityPropertyExtension.EntityUpdateDate
2BDC4FDC-835C-4AC4-B93F-18D389233FEF,Geologic Basin,GLGC_BSN,MTED_EDaM_Business_Critical_Data,false,SHL_CDM_EntityPropertyExtension.MTED_EDaM_Business_Critical_Data
2BDC4FDC-835C-4AC4-B93F-18D389233FEF,Geologic Basin,GLGC_BSN,MTED_Encryption_Required,false,SHL_CDM_EntityPropertyExtension.MTED_Encryption_Required
2BDC4FDC-835C-4AC4-B93F-18D389233FEF,Geologic Basin,GLGC_BSN,PII,false,SHL_CDM_EntityPropertyExtension.PII
2BDC4FDC-835C-4AC4-B93F-18D389233FEF,Geologic Basin,GLGC_BSN,MTED_EDaM_Design_Status,Approved,SHL_CDM_EntityPropertyExtension.MTED_EDaM_Design_Status
2BDC4FDC-835C-4AC4-B93F-18D389233FEF,Geologic Basin,GLGC_BSN,MTED_Version_No,2021.2,SHL_CDM_EntityPropertyExtension.MTED_Version_No
2BDC4FDC-835C-4AC4-B93F-18D389233FEF,Geologic Basin,GLGC_BSN,Generation,true,SHL_CDM_EntityPropertyExtension.Generation
2BDC4FDC-835C-4AC4-B93F-18D389233FEF,Geologic Basin,GLGC_BSN,CommerciallySensitiveInformation,No Commercially Sensitive Information,BIM-core.CommerciallySensitiveInformation
2BDC4FDC-835C-4AC4-B93F-18D389233FEF,Geologic Basin,GLGC_BSN,Criticality,No Critical Data,BIM-core.Criticality
2BDC4FDC-835C-4AC4-B93F-18D389233FEF,Geologic Basin,GLGC_BSN,DataCategory,Structured,BIM-core.DataCategory
2BDC4FDC-835C-4AC4-B93F-18D389233FEF,Geologic Basin,GLGC_BSN,DataConfidentiality,Internal,BIM-core.DataConfidentiality
2BDC4FDC-835C-4AC4-B93F-18D389233FEF,Geologic Basin,GLGC_BSN,DesignStatus,Approved,BIM-core.DesignStatus
2BDC4FDC-835C-4AC4-B93F-18D389233FEF,Geologic Basin,GLGC_BSN,EntityCategory,Master,BIM-core.EntityCategory
2BDC4FDC-835C-4AC4-B93F-18D389233FEF,Geologic Basin,GLGC_BSN,EntityPersonalData,No Personal Data,BIM-core.EntityPersonalData
2BDC4FDC-835C-4AC4-B93F-18D389233FEF,Geologic Basin,GLGC_BSN,FinancialPersonalData,No Financial Personal Data,BIM-core.FinancialPersonalData
2BDC4FDC-835C-4AC4-B93F-18D389233FEF,Geologic Basin,GLGC_BSN,SensitivePersonalData,No Sensitive Personal Data,BIM-core.SensitivePersonalData
2BDC4FDC-835C-4AC4-B93F-18D389233FEF,Geologic Basin,GLGC_BSN,DataArea,Geology/Petrophysics,BIM-core.DataArea
2BDC4FDC-835C-4AC4-B93F-18D389233FEF,Geologic Basin,GLGC_BSN,EnterpriseLevel,Yes,BIM-core.EnterpriseLevel
2BDC4FDC-835C-4AC4-B93F-18D389233FEF,Geologic Basin,GLGC_BSN,ExchangeId,{4431362B-1E86-4EC2-A601-68CDB1D940AB},BIM-core.ExchangeId
515013F1-20C6-4B5F-9BE4-FAE31FFD647F,Geologic Interval,GLGC_INTRVL,PD_ObjectID,515013F1-20C6-4B5F-9BE4-FAE31FFD647F,
515013F1-20C6-4B5F-9BE4-FAE31FFD647F,Geologic Interval,GLGC_INTRVL,PD_SourceExtraction,46603045,
515013F1-20C6-4B5F-9BE4-FAE31FFD647F,Geologic Interval,GLGC_INTRVL,PD_SourceModel,SUBSURFACE AND WELLS,
515013F1-20C6-4B5F-9BE4-FAE31FFD647F,Geologic Interval,GLGC_INTRVL,MTED_EDaM_Entity_Data_Category,<unspecified>,SHL_CDM_EntityPropertyExtension.MTED_EDaM_Entity_Data_Category
515013F1-20C6-4B5F-9BE4-FAE31FFD647F,Geologic Interval,GLGC_INTRVL,MTED_EDaM_Data_Owner,,SHL_CDM_EntityPropertyExtension.MTED_EDaM_Data_Owner
515013F1-20C6-4B5F-9BE4-FAE31FFD647F,Geologic Interval,GLGC_INTRVL,MTED_EDaM_Entity_Critical_Data,F,SHL_CDM_EntityPropertyExtension.MTED_EDaM_Entity_Critical_Data
515013F1-20C6-4B5F-9BE4-FAE31FFD647F,Geologic Interval,GLGC_INTRVL,MTED_EDaM_Entity_Quality_Indication,<unspecified>,SHL_CDM_EntityPropertyExtension.MTED_EDaM_Entity_Quality_Indication
515013F1-20C6-4B5F-9BE4-FAE31FFD647F,Geologic Interval,GLGC_INTRVL,MTED_EDaM_Entity_Availability_Indication,<unspecified>,SHL_CDM_EntityPropertyExtension.MTED_EDaM_Entity_Availability_Indication
515013F1-20C6-4B5F-9BE4-FAE31FFD647F,Geologic Interval,GLGC_INTRVL,MTED_EDaM_Security_Classification,Most Confidential,SHL_CDM_EntityPropertyExtension.MTED_EDaM_Security_Classification
515013F1-20C6-4B5F-9BE4-FAE31FFD647F,Geologic Interval,GLGC_INTRVL,MTED_EDaM_Design_Status,Approved,SHL_CDM_EntityPropertyExtension.MTED_EDaM_Design_Status
515013F1-20C6-4B5F-9BE4-FAE31FFD647F,Geologic Interval,GLGC_INTRVL,MTED_Version_No,2021.2,SHL_CDM_EntityPropertyExtension.MTED_Version_No
515013F1-20C6-4B5F-9BE4-FAE31FFD647F,Geologic Interval,GLGC_INTRVL,MTED_EDaM_Version_Date,,SHL_CDM_EntityPropertyExtension.MTED_EDaM_Version_Date
515013F1-20C6-4B5F-9BE4-FAE31FFD647F,Geologic Interval,GLGC_INTRVL,MTED_EDaM_Entity_Maps_To_Entity,"""01_EDC_Area"".""Well Geological""",SHL_CDM_EntityPropertyExtension.MTED_EDaM_Entity_Maps_To_Entity
515013F1-20C6-4B5F-9BE4-FAE31FFD647F,Geologic Interval,GLGC_INTRVL,CSI,false,SHL_CDM_EntityPropertyExtension.CSI
515013F1-20C6-4B5F-9BE4-FAE31FFD647F,Geologic Interval,GLGC_INTRVL,MTED_EDaM_Business_Critical_Data,false,SHL_CDM_EntityPropertyExtension.MTED_EDaM_Business_Critical_Data
515013F1-20C6-4B5F-9BE4-FAE31FFD647F,Geologic Interval,GLGC_INTRVL,MTED_Encryption_Required,false,SHL_CDM_EntityPropertyExtension.MTED_Encryption_Required
515013F1-20C6-4B5F-9BE4-FAE31FFD647F,Geologic Interval,GLGC_INTRVL,PII,false,SHL_CDM_EntityPropertyExtension.PII
515013F1-20C6-4B5F-9BE4-FAE31FFD647F,Geologic Interval,GLGC_INTRVL,EntityUpdateDate,19/08/2021 Pass 3,SHL_CDM_EntityPropertyExtension.EntityUpdateDate
515013F1-20C6-4B5F-9BE4-FAE31FFD647F,Geologic Interval,GLGC_INTRVL,Generation,true,SHL_CDM_EntityPropertyExtension.Generation
515013F1-20C6-4B5F-9BE4-FAE31FFD647F,Geologic Interval,GLGC_INTRVL,CommerciallySensitiveInformation,No Commercially Sensitive Information,BIM-core.CommerciallySensitiveInformation
515013F1-20C6-4B5F-9BE4-FAE31FFD647F,Geologic Interval,GLGC_INTRVL,Criticality,No Critical Data,BIM-core.Criticality
515013F1-20C6-4B5F-9BE4-FAE31FFD647F,Geologic Interval,GLGC_INTRVL,DataCategory,Structured,BIM-core.DataCategory
515013F1-20C6-4B5F-9BE4-FAE31FFD647F,Geologic Interval,GLGC_INTRVL,DataConfidentiality,Internal,BIM-core.DataConfidentiality
515013F1-20C6-4B5F-9BE4-FAE31FFD647F,Geologic Interval,GLGC_INTRVL,DesignStatus,Approved,BIM-core.DesignStatus
515013F1-20C6-4B5F-9BE4-FAE31FFD647F,Geologic Interval,GLGC_INTRVL,EntityCategory,Master,BIM-core.EntityCategory
515013F1-20C6-4B5F-9BE4-FAE31FFD647F,Geologic Interval,GLGC_INTRVL,EntityPersonalData,No Personal Data,BIM-core.EntityPersonalData
515013F1-20C6-4B5F-9BE4-FAE31FFD647F,Geologic Interval,GLGC_INTRVL,FinancialPersonalData,No Financial Personal Data,BIM-core.FinancialPersonalData
515013F1-20C6-4B5F-9BE4-FAE31FFD647F,Geologic Interval,GLGC_INTRVL,SensitivePersonalData,No Sensitive Personal Data,BIM-core.SensitivePersonalData
515013F1-20C6-4B5F-9BE4-FAE31FFD647F,Geologic Interval,GLGC_INTRVL,DataArea,Geology/Petrophysics,BIM-core.DataArea
515013F1-20C6-4B5F-9BE4-FAE31FFD647F,Geologic Interval,GLGC_INTRVL,EnterpriseLevel,Yes,BIM-core.EnterpriseLevel
515013F1-20C6-4B5F-9BE4-FAE31FFD647F,Geologic Interval,GLGC_INTRVL,ExchangeId,{0A84F10C-B054-4721-ABC1-A156793F99D6},BIM-core.ExchangeId
B65E295D-47F4-476F-9D90-973467995F25,Geologic Interval Horizon,GLGC_INTRVL_HORIZON,PD_ObjectID,B65E295D-47F4-476F-9D90-973467995F25,
B65E295D-47F4-476F-9D90-973467995F25,Geologic Interval Horizon,GLGC_INTRVL_HORIZON,PD_SourceExtraction,46603045,
B65E295D-47F4-476F-9D90-973467995F25,Geologic Interval Horizon,GLGC_INTRVL_HORIZON,PD_SourceModel,SUBSURFACE AND WELLS,
B65E295D-47F4-476F-9D90-973467995F25,Geologic Interval Horizon,GLGC_INTRVL_HORIZON,EntityCategory,Master,BIM-core.EntityCategory
B65E295D-47F4-476F-9D90-973467995F25,Geologic Interval Horizon,GLGC_INTRVL_HORIZON,DataCategory,Structured,BIM-core.DataCategory
B65E295D-47F4-476F-9D90-973467995F25,Geologic Interval Horizon,GLGC_INTRVL_HORIZON,Criticality,No Critical Data,BIM-core.Criticality
B65E295D-47F4-476F-9D90-973467995F25,Geologic Interval Horizon,GLGC_INTRVL_HORIZON,CommerciallySensitiveInformation,No Commercially Sensitive Information,BIM-core.CommerciallySensitiveInformation
B65E295D-47F4-476F-9D90-973467995F25,Geologic Interval Horizon,GLGC_INTRVL_HORIZON,DataConfidentiality,Internal,BIM-core.DataConfidentiality
B65E295D-47F4-476F-9D90-973467995F25,Geologic Interval Horizon,GLGC_INTRVL_HORIZON,EntityPersonalData,No Personal Data,BIM-core.EntityPersonalData
B65E295D-47F4-476F-9D90-973467995F25,Geologic Interval Horizon,GLGC_INTRVL_HORIZON,FinancialPersonalData,No Financial Personal Data,BIM-core.FinancialPersonalData
B65E295D-47F4-476F-9D90-973467995F25,Geologic Interval Horizon,GLGC_INTRVL_HORIZON,SensitivePersonalData,No Sensitive Personal Data,BIM-core.SensitivePersonalData
B65E295D-47F4-476F-9D90-973467995F25,Geologic Interval Horizon,GLGC_INTRVL_HORIZON,DesignStatus,Approved,BIM-core.DesignStatus
B65E295D-47F4-476F-9D90-973467995F25,Geologic Interval Horizon,GLGC_INTRVL_HORIZON,DataArea,Geology/Petrophysics,BIM-core.DataArea
B65E295D-47F4-476F-9D90-973467995F25,Geologic Interval Horizon,GLGC_INTRVL_HORIZON,EnterpriseLevel,Yes,BIM-core.EnterpriseLevel
B65E295D-47F4-476F-9D90-973467995F25,Geologic Interval Horizon,GLGC_INTRVL_HORIZON,ExchangeId,{019835E1-EB40-4FA0-AD15-FB68227EDA8F},BIM-core.ExchangeId
CC100B37-1C7B-4758-907C-A08D2243BA51,Geologic Interval Summation Calculation Run,GLGC_INTRVL_SUMMATION_CLCLTN_RN,PD_ObjectID,CC100B37-1C7B-4758-907C-A08D2243BA51,
CC100B37-1C7B-4758-907C-A08D2243BA51,Geologic Interval Summation Calculation Run,GLGC_INTRVL_SUMMATION_CLCLTN_RN,PD_SourceExtraction,46603045,
CC100B37-1C7B-4758-907C-A08D2243BA51,Geologic Interval Summation Calculation Run,GLGC_INTRVL_SUMMATION_CLCLTN_RN,PD_SourceModel,SUBSURFACE AND WELLS,
CC100B37-1C7B-4758-907C-A08D2243BA51,Geologic Interval Summation Calculation Run,GLGC_INTRVL_SUMMATION_CLCLTN_RN,DesignStatus,Approved,BIM-core.DesignStatus
CC100B37-1C7B-4758-907C-A08D2243BA51,Geologic Interval Summation Calculation Run,GLGC_INTRVL_SUMMATION_CLCLTN_RN,EntityCategory,Transaction,BIM-core.EntityCategory
CC100B37-1C7B-4758-907C-A08D2243BA51,Geologic Interval Summation Calculation Run,GLGC_INTRVL_SUMMATION_CLCLTN_RN,DataCategory,Structured,BIM-core.DataCategory
CC100B37-1C7B-4758-907C-A08D2243BA51,Geologic Interval Summation Calculation Run,GLGC_INTRVL_SUMMATION_CLCLTN_RN,Criticality,No Critical Data,BIM-core.Criticality
CC100B37-1C7B-4758-907C-A08D2243BA51,Geologic Interval Summation Calculation Run,GLGC_INTRVL_SUMMATION_CLCLTN_RN,CommerciallySensitiveInformation,No Commercially Sensitive Information,BIM-core.CommerciallySensitiveInformation
CC100B37-1C7B-4758-907C-A08D2243BA51,Geologic Interval Summation Calculation Run,GLGC_INTRVL_SUMMATION_CLCLTN_RN,DataConfidentiality,Internal,BIM-core.DataConfidentiality
CC100B37-1C7B-4758-907C-A08D2243BA51,Geologic Interval Summation Calculation Run,GLGC_INTRVL_SUMMATION_CLCLTN_RN,EntityPersonalData,No Personal Data,BIM-core.EntityPersonalData
CC100B37-1C7B-4758-907C-A08D2243BA51,Geologic Interval Summation Calculation Run,GLGC_INTRVL_SUMMATION_CLCLTN_RN,FinancialPersonalData,No Financial Personal Data,BIM-core.FinancialPersonalData
CC100B37-1C7B-4758-907C-A08D2243BA51,Geologic Interval Summation Calculation Run,GLGC_INTRVL_SUMMATION_CLCLTN_RN,SensitivePersonalData,No Sensitive Personal Data,BIM-core.SensitivePersonalData
CC100B37-1C7B-4758-907C-A08D2243BA51,Geologic Interval Summation Calculation Run,GLGC_INTRVL_SUMMATION_CLCLTN_RN,DataArea,Wellbore,BIM-core.DataArea
CC100B37-1C7B-4758-907C-A08D2243BA51,Geologic Interval Summation Calculation Run,GLGC_INTRVL_SUMMATION_CLCLTN_RN,EnterpriseLevel,Yes,BIM-core.EnterpriseLevel
CC100B37-1C7B-4758-907C-A08D2243BA51,Geologic Interval Summation Calculation Run,GLGC_INTRVL_SUMMATION_CLCLTN_RN,ExchangeId,{EB03E882-252F-4EEF-BFF4-82706CA17791},BIM-core.ExchangeId
914EE766-C7E8-4797-A2A4-02138ED9510B,Geologic Marker,GLGC_MRKR,PD_ObjectID,914EE766-C7E8-4797-A2A4-02138ED9510B,
914EE766-C7E8-4797-A2A4-02138ED9510B,Geologic Marker,GLGC_MRKR,PD_SourceExtraction,46603045,
914EE766-C7E8-4797-A2A4-02138ED9510B,Geologic Marker,GLGC_MRKR,PD_SourceModel,SUBSURFACE AND WELLS,
914EE766-C7E8-4797-A2A4-02138ED9510B,Geologic Marker,GLGC_MRKR,MTED_EDaM_Entity_Data_Category,<unspecified>,SHL_CDM_EntityPropertyExtension.MTED_EDaM_Entity_Data_Category
914EE766-C7E8-4797-A2A4-02138ED9510B,Geologic Marker,GLGC_MRKR,MTED_EDaM_Data_Owner,,SHL_CDM_EntityPropertyExtension.MTED_EDaM_Data_Owner
914EE766-C7E8-4797-A2A4-02138ED9510B,Geologic Marker,GLGC_MRKR,MTED_EDaM_Entity_Critical_Data,F,SHL_CDM_EntityPropertyExtension.MTED_EDaM_Entity_Critical_Data
914EE766-C7E8-4797-A2A4-02138ED9510B,Geologic Marker,GLGC_MRKR,MTED_EDaM_Entity_Quality_Indication,<unspecified>,SHL_CDM_EntityPropertyExtension.MTED_EDaM_Entity_Quality_Indication
914EE766-C7E8-4797-A2A4-02138ED9510B,Geologic Marker,GLGC_MRKR,MTED_EDaM_Entity_Availability_Indication,<unspecified>,SHL_CDM_EntityPropertyExtension.MTED_EDaM_Entity_Availability_Indication
914EE766-C7E8-4797-A2A4-02138ED9510B,Geologic Marker,GLGC_MRKR,MTED_EDaM_Security_Classification,Most Confidential,SHL_CDM_EntityPropertyExtension.MTED_EDaM_Security_Classification
914EE766-C7E8-4797-A2A4-02138ED9510B,Geologic Marker,GLGC_MRKR,MTED_EDaM_Design_Status,Approved,SHL_CDM_EntityPropertyExtension.MTED_EDaM_Design_Status
914EE766-C7E8-4797-A2A4-02138ED9510B,Geologic Marker,GLGC_MRKR,MTED_Version_No,2021.2,SHL_CDM_EntityPropertyExtension.MTED_Version_No
914EE766-C7E8-4797-A2A4-02138ED9510B,Geologic Marker,GLGC_MRKR,MTED_EDaM_Version_Date,,SHL_CDM_EntityPropertyExtension.MTED_EDaM_Version_Date
914EE766-C7E8-4797-A2A4-02138ED9510B,Geologic Marker,GLGC_MRKR,MTED_EDaM_Entity_Maps_To_Entity,"""01_EDC_Area"".""Static Earth Model""",SHL_CDM_EntityPropertyExtension.MTED_EDaM_Entity_Maps_To_Entity
914EE766-C7E8-4797-A2A4-02138ED9510B,Geologic Marker,GLGC_MRKR,CSI,false,SHL_CDM_EntityPropertyExtension.CSI
914EE766-C7E8-4797-A2A4-02138ED9510B,Geologic Marker,GLGC_MRKR,EntityUpdateDate,19/08/2021 Pass 3,SHL_CDM_EntityPropertyExtension.EntityUpdateDate
914EE766-C7E8-4797-A2A4-02138ED9510B,Geologic Marker,GLGC_MRKR,MTED_EDaM_Business_Critical_Data,false,SHL_CDM_EntityPropertyExtension.MTED_EDaM_Business_Critical_Data
914EE766-C7E8-4797-A2A4-02138ED9510B,Geologic Marker,GLGC_MRKR,MTED_Encryption_Required,false,SHL_CDM_EntityPropertyExtension.MTED_Encryption_Required
914EE766-C7E8-4797-A2A4-02138ED9510B,Geologic Marker,GLGC_MRKR,PII,false,SHL_CDM_EntityPropertyExtension.PII
914EE766-C7E8-4797-A2A4-02138ED9510B,Geologic Marker,GLGC_MRKR,Generation,true,SHL_CDM_EntityPropertyExtension.Generation
914EE766-C7E8-4797-A2A4-02138ED9510B,Geologic Marker,GLGC_MRKR,CommerciallySensitiveInformation,No Commercially Sensitive Information,BIM-core.CommerciallySensitiveInformation
914EE766-C7E8-4797-A2A4-02138ED9510B,Geologic Marker,GLGC_MRKR,Criticality,No Critical Data,BIM-core.Criticality
914EE766-C7E8-4797-A2A4-02138ED9510B,Geologic Marker,GLGC_MRKR,DataCategory,Structured,BIM-core.DataCategory
914EE766-C7E8-4797-A2A4-02138ED9510B,Geologic Marker,GLGC_MRKR,DataConfidentiality,Internal,BIM-core.DataConfidentiality
914EE766-C7E8-4797-A2A4-02138ED9510B,Geologic Marker,GLGC_MRKR,DesignStatus,Approved,BIM-core.DesignStatus
914EE766-C7E8-4797-A2A4-02138ED9510B,Geologic Marker,GLGC_MRKR,EntityCategory,Master,BIM-core.EntityCategory
914EE766-C7E8-4797-A2A4-02138ED9510B,Geologic Marker,GLGC_MRKR,EntityPersonalData,No Personal Data,BIM-core.EntityPersonalData
914EE766-C7E8-4797-A2A4-02138ED9510B,Geologic Marker,GLGC_MRKR,FinancialPersonalData,No Financial Personal Data,BIM-core.FinancialPersonalData
914EE766-C7E8-4797-A2A4-02138ED9510B,Geologic Marker,GLGC_MRKR,SensitivePersonalData,No Sensitive Personal Data,BIM-core.SensitivePersonalData
914EE766-C7E8-4797-A2A4-02138ED9510B,Geologic Marker,GLGC_MRKR,DataArea,Geology/Petrophysics,BIM-core.DataArea
914EE766-C7E8-4797-A2A4-02138ED9510B,Geologic Marker,GLGC_MRKR,EnterpriseLevel,Yes,BIM-core.EnterpriseLevel
914EE766-C7E8-4797-A2A4-02138ED9510B,Geologic Marker,GLGC_MRKR,ExchangeId,{5E9783CF-6509-4C5C-B6AC-7FB7AD617CD6},BIM-core.ExchangeId
C6CDB97B-A917-4EE1-8C9F-657C6AB62F00,Geologic Marker Sequence,GLGC_MRKR_SQNC,PD_ObjectID,C6CDB97B-A917-4EE1-8C9F-657C6AB62F00,
C6CDB97B-A917-4EE1-8C9F-657C6AB62F00,Geologic Marker Sequence,GLGC_MRKR_SQNC,PD_SourceExtraction,46603045,
C6CDB97B-A917-4EE1-8C9F-657C6AB62F00,Geologic Marker Sequence,GLGC_MRKR_SQNC,PD_SourceModel,SUBSURFACE AND WELLS,
C6CDB97B-A917-4EE1-8C9F-657C6AB62F00,Geologic Marker Sequence,GLGC_MRKR_SQNC,MTED_EDaM_Entity_Data_Category,<unspecified>,SHL_CDM_EntityPropertyExtension.MTED_EDaM_Entity_Data_Category
C6CDB97B-A917-4EE1-8C9F-657C6AB62F00,Geologic Marker Sequence,GLGC_MRKR_SQNC,MTED_EDaM_Entity_Critical_Data,F,SHL_CDM_EntityPropertyExtension.MTED_EDaM_Entity_Critical_Data
C6CDB97B-A917-4EE1-8C9F-657C6AB62F00,Geologic Marker Sequence,GLGC_MRKR_SQNC,MTED_EDaM_Entity_Quality_Indication,<unspecified>,SHL_CDM_EntityPropertyExtension.MTED_EDaM_Entity_Quality_Indication
C6CDB97B-A917-4EE1-8C9F-657C6AB62F00,Geologic Marker Sequence,GLGC_MRKR_SQNC,MTED_EDaM_Entity_Availability_Indication,<unspecified>,SHL_CDM_EntityPropertyExtension.MTED_EDaM_Entity_Availability_Indication
C6CDB97B-A917-4EE1-8C9F-657C6AB62F00,Geologic Marker Sequence,GLGC_MRKR_SQNC,MTED_EDaM_Security_Classification,Most Confidential,SHL_CDM_EntityPropertyExtension.MTED_EDaM_Security_Classification
C6CDB97B-A917-4EE1-8C9F-657C6AB62F00,Geologic Marker Sequence,GLGC_MRKR_SQNC,MTED_EDaM_Design_Status,Approved,SHL_CDM_EntityPropertyExtension.MTED_EDaM_Design_Status
C6CDB97B-A917-4EE1-8C9F-657C6AB62F00,Geologic Marker Sequence,GLGC_MRKR_SQNC,CSI,false,SHL_CDM_EntityPropertyExtension.CSI
C6CDB97B-A917-4EE1-8C9F-657C6AB62F00,Geologic Marker Sequence,GLGC_MRKR_SQNC,MTED_EDaM_Business_Critical_Data,false,SHL_CDM_EntityPropertyExtension.MTED_EDaM_Business_Critical_Data
C6CDB97B-A917-4EE1-8C9F-657C6AB62F00,Geologic Marker Sequence,GLGC_MRKR_SQNC,MTED_Encryption_Required,false,SHL_CDM_EntityPropertyExtension.MTED_Encryption_Required
C6CDB97B-A917-4EE1-8C9F-657C6AB62F00,Geologic Marker Sequence,GLGC_MRKR_SQNC,PII,false,SHL_CDM_EntityPropertyExtension.PII
C6CDB97B-A917-4EE1-8C9F-657C6AB62F00,Geologic Marker Sequence,GLGC_MRKR_SQNC,EntityUpdateDate,19/08/2021 Pass 3,SHL_CDM_EntityPropertyExtension.EntityUpdateDate
C6CDB97B-A917-4EE1-8C9F-657C6AB62F00,Geologic Marker Sequence,GLGC_MRKR_SQNC,Generation,true,SHL_CDM_EntityPropertyExtension.Generation
C6CDB97B-A917-4EE1-8C9F-657C6AB62F00,Geologic Marker Sequence,GLGC_MRKR_SQNC,MTED_Version_No,2021.2,SHL_CDM_EntityPropertyExtension.MTED_Version_No
C6CDB97B-A917-4EE1-8C9F-657C6AB62F00,Geologic Marker Sequence,GLGC_MRKR_SQNC,CommerciallySensitiveInformation,No Commercially Sensitive Information,BIM-core.CommerciallySensitiveInformation
C6CDB97B-A917-4EE1-8C9F-657C6AB62F00,Geologic Marker Sequence,GLGC_MRKR_SQNC,Criticality,No Critical Data,BIM-core.Criticality
C6CDB97B-A917-4EE1-8C9F-657C6AB62F00,Geologic Marker Sequence,GLGC_MRKR_SQNC,DataCategory,Structured,BIM-core.DataCategory
C6CDB97B-A917-4EE1-8C9F-657C6AB62F00,Geologic Marker Sequence,GLGC_MRKR_SQNC,DataConfidentiality,Internal,BIM-core.DataConfidentiality
C6CDB97B-A917-4EE1-8C9F-657C6AB62F00,Geologic Marker Sequence,GLGC_MRKR_SQNC,DesignStatus,Approved,BIM-core.DesignStatus
C6CDB97B-A917-4EE1-8C9F-657C6AB62F00,Geologic Marker Sequence,GLGC_MRKR_SQNC,EntityCategory,Master,BIM-core.EntityCategory
C6CDB97B-A917-4EE1-8C9F-657C6AB62F00,Geologic Marker Sequence,GLGC_MRKR_SQNC,EntityPersonalData,No Personal Data,BIM-core.EntityPersonalData
C6CDB97B-A917-4EE1-8C9F-657C6AB62F00,Geologic Marker Sequence,GLGC_MRKR_SQNC,FinancialPersonalData,No Financial Personal Data,BIM-core.FinancialPersonalData
C6CDB97B-A917-4EE1-8C9F-657C6AB62F00,Geologic Marker Sequence,GLGC_MRKR_SQNC,SensitivePersonalData,No Sensitive Personal Data,BIM-core.SensitivePersonalData
C6CDB97B-A917-4EE1-8C9F-657C6AB62F00,Geologic Marker Sequence,GLGC_MRKR_SQNC,DataArea,Reservoir,BIM-core.DataArea
C6CDB97B-A917-4EE1-8C9F-657C6AB62F00,Geologic Marker Sequence,GLGC_MRKR_SQNC,EnterpriseLevel,Yes,BIM-core.EnterpriseLevel
C6CDB97B-A917-4EE1-8C9F-657C6AB62F00,Geologic Marker Sequence,GLGC_MRKR_SQNC,ExchangeId,{919C0396-DB4A-451B-8B2E-B64BAE4CC662},BIM-core.ExchangeId
D7DF9A6C-E5DC-461D-9F60-5B52A75872A2,Geologic Model,GLGC_MDL,PD_ObjectID,D7DF9A6C-E5DC-461D-9F60-5B52A75872A2,
D7DF9A6C-E5DC-461D-9F60-5B52A75872A2,Geologic Model,GLGC_MDL,PD_SourceExtraction,46603045,
D7DF9A6C-E5DC-461D-9F60-5B52A75872A2,Geologic Model,GLGC_MDL,PD_SourceModel,SUBSURFACE AND WELLS,
D7DF9A6C-E5DC-461D-9F60-5B52A75872A2,Geologic Model,GLGC_MDL,CSI,false,SHL_CDM_EntityPropertyExtension.CSI
D7DF9A6C-E5DC-461D-9F60-5B52A75872A2,Geologic Model,GLGC_MDL,EntityUpdateDate,19/08/2021 Pass 3,SHL_CDM_EntityPropertyExtension.EntityUpdateDate
D7DF9A6C-E5DC-461D-9F60-5B52A75872A2,Geologic Model,GLGC_MDL,MTED_EDaM_Business_Critical_Data,false,SHL_CDM_EntityPropertyExtension.MTED_EDaM_Business_Critical_Data
D7DF9A6C-E5DC-461D-9F60-5B52A75872A2,Geologic Model,GLGC_MDL,MTED_Encryption_Required,false,SHL_CDM_EntityPropertyExtension.MTED_Encryption_Required
D7DF9A6C-E5DC-461D-9F60-5B52A75872A2,Geologic Model,GLGC_MDL,PII,false,SHL_CDM_EntityPropertyExtension.PII
D7DF9A6C-E5DC-461D-9F60-5B52A75872A2,Geologic Model,GLGC_MDL,Generation,true,SHL_CDM_EntityPropertyExtension.Generation
D7DF9A6C-E5DC-461D-9F60-5B52A75872A2,Geologic Model,GLGC_MDL,MTED_EDaM_Design_Status,Approved,SHL_CDM_EntityPropertyExtension.MTED_EDaM_Design_Status
D7DF9A6C-E5DC-461D-9F60-5B52A75872A2,Geologic Model,GLGC_MDL,MTED_Version_No,2021.2,SHL_CDM_EntityPropertyExtension.MTED_Version_No
D7DF9A6C-E5DC-461D-9F60-5B52A75872A2,Geologic Model,GLGC_MDL,CommerciallySensitiveInformation,No Commercially Sensitive Information,BIM-core.CommerciallySensitiveInformation
D7DF9A6C-E5DC-461D-9F60-5B52A75872A2,Geologic Model,GLGC_MDL,Criticality,No Critical Data,BIM-core.Criticality
D7DF9A6C-E5DC-461D-9F60-5B52A75872A2,Geologic Model,GLGC_MDL,DataCategory,Structured,BIM-core.DataCategory
D7DF9A6C-E5DC-461D-9F60-5B52A75872A2,Geologic Model,GLGC_MDL,DataConfidentiality,Internal,BIM-core.DataConfidentiality
D7DF9A6C-E5DC-461D-9F60-5B52A75872A2,Geologic Model,GLGC_MDL,DesignStatus,Approved,BIM-core.DesignStatus
D7DF9A6C-E5DC-461D-9F60-5B52A75872A2,Geologic Model,GLGC_MDL,EntityCategory,Master,BIM-core.EntityCategory
D7DF9A6C-E5DC-461D-9F60-5B52A75872A2,Geologic Model,GLGC_MDL,EntityPersonalData,No Personal Data,BIM-core.EntityPersonalData
D7DF9A6C-E5DC-461D-9F60-5B52A75872A2,Geologic Model,GLGC_MDL,FinancialPersonalData,No Financial Personal Data,BIM-core.FinancialPersonalData
D7DF9A6C-E5DC-461D-9F60-5B52A75872A2,Geologic Model,GLGC_MDL,SensitivePersonalData,No Sensitive Personal Data,BIM-core.SensitivePersonalData
D7DF9A6C-E5DC-461D-9F60-5B52A75872A2,Geologic Model,GLGC_MDL,DataArea,Reservoir,BIM-core.DataArea
D7DF9A6C-E5DC-461D-9F60-5B52A75872A2,Geologic Model,GLGC_MDL,EnterpriseLevel,Yes,BIM-core.EnterpriseLevel
D7DF9A6C-E5DC-461D-9F60-5B52A75872A2,Geologic Model,GLGC_MDL,ExchangeId,{FF9990EC-697A-40EB-9DE2-51C2CD4EC325},BIM-core.ExchangeId
B5F26E0B-C34F-4CA4-BD64-677079152828,Geologic Sample,GLGC_SMPL,PD_ObjectID,B5F26E0B-C34F-4CA4-BD64-677079152828,
B5F26E0B-C34F-4CA4-BD64-677079152828,Geologic Sample,GLGC_SMPL,PD_SourceExtraction,46603045,
B5F26E0B-C34F-4CA4-BD64-677079152828,Geologic Sample,GLGC_SMPL,PD_SourceModel,SUBSURFACE AND WELLS,
B5F26E0B-C34F-4CA4-BD64-677079152828,Geologic Sample,GLGC_SMPL,EntityCategory,Master,BIM-core.EntityCategory
B5F26E0B-C34F-4CA4-BD64-677079152828,Geologic Sample,GLGC_SMPL,DataCategory,Structured,BIM-core.DataCategory
B5F26E0B-C34F-4CA4-BD64-677079152828,Geologic Sample,GLGC_SMPL,Criticality,No Critical Data,BIM-core.Criticality
B5F26E0B-C34F-4CA4-BD64-677079152828,Geologic Sample,GLGC_SMPL,CommerciallySensitiveInformation,No Commercially Sensitive Information,BIM-core.CommerciallySensitiveInformation
B5F26E0B-C34F-4CA4-BD64-677079152828,Geologic Sample,GLGC_SMPL,DataConfidentiality,Internal,BIM-core.DataConfidentiality
B5F26E0B-C34F-4CA4-BD64-677079152828,Geologic Sample,GLGC_SMPL,EntityPersonalData,No Personal Data,BIM-core.EntityPersonalData
B5F26E0B-C34F-4CA4-BD64-677079152828,Geologic Sample,GLGC_SMPL,FinancialPersonalData,No Financial Personal Data,BIM-core.FinancialPersonalData
B5F26E0B-C34F-4CA4-BD64-677079152828,Geologic Sample,GLGC_SMPL,SensitivePersonalData,No Sensitive Personal Data,BIM-core.SensitivePersonalData
B5F26E0B-C34F-4CA4-BD64-677079152828,Geologic Sample,GLGC_SMPL,DesignStatus,Approved,BIM-core.DesignStatus
B5F26E0B-C34F-4CA4-BD64-677079152828,Geologic Sample,GLGC_SMPL,DataArea,Geology/Petrophysics,BIM-core.DataArea
B5F26E0B-C34F-4CA4-BD64-677079152828,Geologic Sample,GLGC_SMPL,EnterpriseLevel,Yes,BIM-core.EnterpriseLevel
B5F26E0B-C34F-4CA4-BD64-677079152828,Geologic Sample,GLGC_SMPL,ExchangeId,{BA402CEF-FA93-4742-AAAB-9BB6FA80E62A},BIM-core.ExchangeId
4A3C9A1F-F904-4C29-A284-C85941B5D5C6,Geological Formation,GLGCL_FRMTN,PD_ObjectID,4A3C9A1F-F904-4C29-A284-C85941B5D5C6,
4A3C9A1F-F904-4C29-A284-C85941B5D5C6,Geological Formation,GLGCL_FRMTN,PD_SourceExtraction,46603045,
4A3C9A1F-F904-4C29-A284-C85941B5D5C6,Geological Formation,GLGCL_FRMTN,PD_SourceModel,SUBSURFACE AND WELLS,
4A3C9A1F-F904-4C29-A284-C85941B5D5C6,Geological Formation,GLGCL_FRMTN,DataArea,Geology/Petrophysics,BIM-core.DataArea
4A3C9A1F-F904-4C29-A284-C85941B5D5C6,Geological Formation,GLGCL_FRMTN,EnterpriseLevel,Yes,BIM-core.EnterpriseLevel
4A3C9A1F-F904-4C29-A284-C85941B5D5C6,Geological Formation,GLGCL_FRMTN,ExchangeId,{2955906C-43BF-4218-A783-042FA91548F9},BIM-core.ExchangeId
F9ED3174-6A4E-4388-AA7E-0B16F0D7815F,Geopolitical Area,GPLTCL_AR,PD_ObjectID,F9ED3174-6A4E-4388-AA7E-0B16F0D7815F,
F9ED3174-6A4E-4388-AA7E-0B16F0D7815F,Geopolitical Area,GPLTCL_AR,PD_SourceExtraction,46603045,
F9ED3174-6A4E-4388-AA7E-0B16F0D7815F,Geopolitical Area,GPLTCL_AR,PD_SourceModel,SUBSURFACE AND WELLS,
F9ED3174-6A4E-4388-AA7E-0B16F0D7815F,Geopolitical Area,GPLTCL_AR,MTED_EDaM_Entity_Data_Category,<unspecified>,SHL_CDM_EntityPropertyExtension.MTED_EDaM_Entity_Data_Category
F9ED3174-6A4E-4388-AA7E-0B16F0D7815F,Geopolitical Area,GPLTCL_AR,MTED_EDaM_Entity_Critical_Data,<unspecified>,SHL_CDM_EntityPropertyExtension.MTED_EDaM_Entity_Critical_Data
F9ED3174-6A4E-4388-AA7E-0B16F0D7815F,Geopolitical Area,GPLTCL_AR,MTED_EDaM_Entity_Quality_Indication,<unspecified>,SHL_CDM_EntityPropertyExtension.MTED_EDaM_Entity_Quality_Indication
F9ED3174-6A4E-4388-AA7E-0B16F0D7815F,Geopolitical Area,GPLTCL_AR,MTED_EDaM_Entity_Availability_Indication,<unspecified>,SHL_CDM_EntityPropertyExtension.MTED_EDaM_Entity_Availability_Indication
F9ED3174-6A4E-4388-AA7E-0B16F0D7815F,Geopolitical Area,GPLTCL_AR,MTED_EDaM_Security_Classification,<unspecified>,SHL_CDM_EntityPropertyExtension.MTED_EDaM_Security_Classification
F9ED3174-6A4E-4388-AA7E-0B16F0D7815F,Geopolitical Area,GPLTCL_AR,MTED_EDaM_Design_Status,Approved,SHL_CDM_EntityPropertyExtension.MTED_EDaM_Design_Status
F9ED3174-6A4E-4388-AA7E-0B16F0D7815F,Geopolitical Area,GPLTCL_AR,CSI,false,SHL_CDM_EntityPropertyExtension.CSI
F9ED3174-6A4E-4388-AA7E-0B16F0D7815F,Geopolitical Area,GPLTCL_AR,MTED_EDaM_Business_Critical_Data,false,SHL_CDM_EntityPropertyExtension.MTED_EDaM_Business_Critical_Data
F9ED3174-6A4E-4388-AA7E-0B16F0D7815F,Geopolitical Area,GPLTCL_AR,MTED_Encryption_Required,false,SHL_CDM_EntityPropertyExtension.MTED_Encryption_Required
F9ED3174-6A4E-4388-AA7E-0B16F0D7815F,Geopolitical Area,GPLTCL_AR,PII,false,SHL_CDM_EntityPropertyExtension.PII
F9ED3174-6A4E-4388-AA7E-0B16F0D7815F,Geopolitical Area,GPLTCL_AR,EntityUpdateDate,19/08/2021 Pass 3,SHL_CDM_EntityPropertyExtension.EntityUpdateDate
F9ED3174-6A4E-4388-AA7E-0B16F0D7815F,Geopolitical Area,GPLTCL_AR,Generation,true,SHL_CDM_EntityPropertyExtension.Generation
F9ED3174-6A4E-4388-AA7E-0B16F0D7815F,Geopolitical Area,GPLTCL_AR,MTED_Version_No,2021.2,SHL_CDM_EntityPropertyExtension.MTED_Version_No
F9ED3174-6A4E-4388-AA7E-0B16F0D7815F,Geopolitical Area,GPLTCL_AR,CommerciallySensitiveInformation,No Commercially Sensitive Information,BIM-core.CommerciallySensitiveInformation
F9ED3174-6A4E-4388-AA7E-0B16F0D7815F,Geopolitical Area,GPLTCL_AR,Criticality,No Critical Data,BIM-core.Criticality
F9ED3174-6A4E-4388-AA7E-0B16F0D7815F,Geopolitical Area,GPLTCL_AR,DataCategory,Structured,BIM-core.DataCategory
F9ED3174-6A4E-4388-AA7E-0B16F0D7815F,Geopolitical Area,GPLTCL_AR,DataConfidentiality,Internal,BIM-core.DataConfidentiality
F9ED3174-6A4E-4388-AA7E-0B16F0D7815F,Geopolitical Area,GPLTCL_AR,DesignStatus,Approved,BIM-core.DesignStatus
F9ED3174-6A4E-4388-AA7E-0B16F0D7815F,Geopolitical Area,GPLTCL_AR,EntityCategory,External Reference,BIM-core.EntityCategory
F9ED3174-6A4E-4388-AA7E-0B16F0D7815F,Geopolitical Area,GPLTCL_AR,EntityPersonalData,No Personal Data,BIM-core.EntityPersonalData
F9ED3174-6A4E-4388-AA7E-0B16F0D7815F,Geopolitical Area,GPLTCL_AR,FinancialPersonalData,No Financial Personal Data,BIM-core.FinancialPersonalData
F9ED3174-6A4E-4388-AA7E-0B16F0D7815F,Geopolitical Area,GPLTCL_AR,SensitivePersonalData,No Sensitive Personal Data,BIM-core.SensitivePersonalData
F9ED3174-6A4E-4388-AA7E-0B16F0D7815F,Geopolitical Area,GPLTCL_AR,DataArea,Location,BIM-core.DataArea
F9ED3174-6A4E-4388-AA7E-0B16F0D7815F,Geopolitical Area,GPLTCL_AR,EnterpriseLevel,Yes,BIM-core.EnterpriseLevel
F9ED3174-6A4E-4388-AA7E-0B16F0D7815F,Geopolitical Area,GPLTCL_AR,ExchangeId,{73EA545E-6B0A-4BA1-8760-93643EEEBA2F},BIM-core.ExchangeId
6B3A7B98-CF29-4466-8B23-55FFAF6F0A1D,Geopolitical Entity,GPLTCL_ENTTY,PD_ObjectID,6B3A7B98-CF29-4466-8B23-55FFAF6F0A1D,
6B3A7B98-CF29-4466-8B23-55FFAF6F0A1D,Geopolitical Entity,GPLTCL_ENTTY,PD_SourceExtraction,46603045,
6B3A7B98-CF29-4466-8B23-55FFAF6F0A1D,Geopolitical Entity,GPLTCL_ENTTY,PD_SourceModel,SUBSURFACE AND WELLS,
6B3A7B98-CF29-4466-8B23-55FFAF6F0A1D,Geopolitical Entity,GPLTCL_ENTTY,MTED_EDaM_Entity_Availability_Indication,<unspecified>,SHL_CDM_EntityPropertyExtension.MTED_EDaM_Entity_Availability_Indication
6B3A7B98-CF29-4466-8B23-55FFAF6F0A1D,Geopolitical Entity,GPLTCL_ENTTY,MTED_EDaM_Entity_Critical_Data,F,SHL_CDM_EntityPropertyExtension.MTED_EDaM_Entity_Critical_Data
6B3A7B98-CF29-4466-8B23-55FFAF6F0A1D,Geopolitical Entity,GPLTCL_ENTTY,MTED_EDaM_Entity_Data_Category,Standard Reference,SHL_CDM_EntityPropertyExtension.MTED_EDaM_Entity_Data_Category
6B3A7B98-CF29-4466-8B23-55FFAF6F0A1D,Geopolitical Entity,GPLTCL_ENTTY,MTED_EDaM_Entity_Quality_Indication,<unspecified>,SHL_CDM_EntityPropertyExtension.MTED_EDaM_Entity_Quality_Indication
6B3A7B98-CF29-4466-8B23-55FFAF6F0A1D,Geopolitical Entity,GPLTCL_ENTTY,MTED_EDaM_Security_Classification,Unrestricted,SHL_CDM_EntityPropertyExtension.MTED_EDaM_Security_Classification
6B3A7B98-CF29-4466-8B23-55FFAF6F0A1D,Geopolitical Entity,GPLTCL_ENTTY,MTED_EDaM_Version_Date,,SHL_CDM_EntityPropertyExtension.MTED_EDaM_Version_Date
6B3A7B98-CF29-4466-8B23-55FFAF6F0A1D,Geopolitical Entity,GPLTCL_ENTTY,CSI,false,SHL_CDM_EntityPropertyExtension.CSI
6B3A7B98-CF29-4466-8B23-55FFAF6F0A1D,Geopolitical Entity,GPLTCL_ENTTY,EntityUpdateDate,19/08/2021 Pass 3,SHL_CDM_EntityPropertyExtension.EntityUpdateDate
6B3A7B98-CF29-4466-8B23-55FFAF6F0A1D,Geopolitical Entity,GPLTCL_ENTTY,MTED_EDaM_Business_Critical_Data,false,SHL_CDM_EntityPropertyExtension.MTED_EDaM_Business_Critical_Data
6B3A7B98-CF29-4466-8B23-55FFAF6F0A1D,Geopolitical Entity,GPLTCL_ENTTY,MTED_Encryption_Required,false,SHL_CDM_EntityPropertyExtension.MTED_Encryption_Required
6B3A7B98-CF29-4466-8B23-55FFAF6F0A1D,Geopolitical Entity,GPLTCL_ENTTY,PII,false,SHL_CDM_EntityPropertyExtension.PII
6B3A7B98-CF29-4466-8B23-55FFAF6F0A1D,Geopolitical Entity,GPLTCL_ENTTY,Generation,true,SHL_CDM_EntityPropertyExtension.Generation
6B3A7B98-CF29-4466-8B23-55FFAF6F0A1D,Geopolitical Entity,GPLTCL_ENTTY,MTED_EDaM_Design_Status,Approved,SHL_CDM_EntityPropertyExtension.MTED_EDaM_Design_Status
6B3A7B98-CF29-4466-8B23-55FFAF6F0A1D,Geopolitical Entity,GPLTCL_ENTTY,MTED_Version_No,2021.2,SHL_CDM_EntityPropertyExtension.MTED_Version_No
6B3A7B98-CF29-4466-8B23-55FFAF6F0A1D,Geopolitical Entity,GPLTCL_ENTTY,CommerciallySensitiveInformation,No Commercially Sensitive Information,BIM-core.CommerciallySensitiveInformation
6B3A7B98-CF29-4466-8B23-55FFAF6F0A1D,Geopolitical Entity,GPLTCL_ENTTY,Criticality,No Critical Data,BIM-core.Criticality
6B3A7B98-CF29-4466-8B23-55FFAF6F0A1D,Geopolitical Entity,GPLTCL_ENTTY,DataCategory,Structured,BIM-core.DataCategory
6B3A7B98-CF29-4466-8B23-55FFAF6F0A1D,Geopolitical Entity,GPLTCL_ENTTY,DataConfidentiality,Internal,BIM-core.DataConfidentiality
6B3A7B98-CF29-4466-8B23-55FFAF6F0A1D,Geopolitical Entity,GPLTCL_ENTTY,DesignStatus,Approved,BIM-core.DesignStatus
6B3A7B98-CF29-4466-8B23-55FFAF6F0A1D,Geopolitical Entity,GPLTCL_ENTTY,EntityCategory,Internal Reference,BIM-core.EntityCategory
6B3A7B98-CF29-4466-8B23-55FFAF6F0A1D,Geopolitical Entity,GPLTCL_ENTTY,EntityPersonalData,No Personal Data,BIM-core.EntityPersonalData
6B3A7B98-CF29-4466-8B23-55FFAF6F0A1D,Geopolitical Entity,GPLTCL_ENTTY,FinancialPersonalData,No Financial Personal Data,BIM-core.FinancialPersonalData
6B3A7B98-CF29-4466-8B23-55FFAF6F0A1D,Geopolitical Entity,GPLTCL_ENTTY,SensitivePersonalData,No Sensitive Personal Data,BIM-core.SensitivePersonalData
6B3A7B98-CF29-4466-8B23-55FFAF6F0A1D,Geopolitical Entity,GPLTCL_ENTTY,DataArea,Location,BIM-core.DataArea
6B3A7B98-CF29-4466-8B23-55FFAF6F0A1D,Geopolitical Entity,GPLTCL_ENTTY,EnterpriseLevel,Yes,BIM-core.EnterpriseLevel
6B3A7B98-CF29-4466-8B23-55FFAF6F0A1D,Geopolitical Entity,GPLTCL_ENTTY,ExchangeId,{F71C6752-A294-45CB-B2E0-99B22BD97BF8},BIM-core.ExchangeId
2859ECE0-408D-4175-AF7C-E29D63550870,Geopolitical Entity Alias,GPLTCL_ENTTY_ALS,PD_ObjectID,2859ECE0-408D-4175-AF7C-E29D63550870,
2859ECE0-408D-4175-AF7C-E29D63550870,Geopolitical Entity Alias,GPLTCL_ENTTY_ALS,PD_SourceExtraction,46603045,
2859ECE0-408D-4175-AF7C-E29D63550870,Geopolitical Entity Alias,GPLTCL_ENTTY_ALS,PD_SourceModel,SUBSURFACE AND WELLS,
2859ECE0-408D-4175-AF7C-E29D63550870,Geopolitical Entity Alias,GPLTCL_ENTTY_ALS,MTED_Version_No,2021.2,SHL_CDM_EntityPropertyExtension.MTED_Version_No
2859ECE0-408D-4175-AF7C-E29D63550870,Geopolitical Entity Alias,GPLTCL_ENTTY_ALS,MTED_EDaM_Version_Date,,SHL_CDM_EntityPropertyExtension.MTED_EDaM_Version_Date
2859ECE0-408D-4175-AF7C-E29D63550870,Geopolitical Entity Alias,GPLTCL_ENTTY_ALS,MTED_EDaM_Data_Owner,,SHL_CDM_EntityPropertyExtension.MTED_EDaM_Data_Owner
2859ECE0-408D-4175-AF7C-E29D63550870,Geopolitical Entity Alias,GPLTCL_ENTTY_ALS,MTED_EDaM_Design_Status,Approved,SHL_CDM_EntityPropertyExtension.MTED_EDaM_Design_Status
2859ECE0-408D-4175-AF7C-E29D63550870,Geopolitical Entity Alias,GPLTCL_ENTTY_ALS,CSI,false,SHL_CDM_EntityPropertyExtension.CSI
2859ECE0-408D-4175-AF7C-E29D63550870,Geopolitical Entity Alias,GPLTCL_ENTTY_ALS,MTED_EDaM_Entity_Data_Category,<unspecified>,SHL_CDM_EntityPropertyExtension.MTED_EDaM_Entity_Data_Category
2859ECE0-408D-4175-AF7C-E29D63550870,Geopolitical Entity Alias,GPLTCL_ENTTY_ALS,MTED_EDaM_Security_Classification,<unspecified>,SHL_CDM_EntityPropertyExtension.MTED_EDaM_Security_Classification
2859ECE0-408D-4175-AF7C-E29D63550870,Geopolitical Entity Alias,GPLTCL_ENTTY_ALS,MTED_Encryption_Required,false,SHL_CDM_EntityPropertyExtension.MTED_Encryption_Required
2859ECE0-408D-4175-AF7C-E29D63550870,Geopolitical Entity Alias,GPLTCL_ENTTY_ALS,PII,false,SHL_CDM_EntityPropertyExtension.PII
2859ECE0-408D-4175-AF7C-E29D63550870,Geopolitical Entity Alias,GPLTCL_ENTTY_ALS,EntityUpdateDate,19/08/2021 Pass 3,SHL_CDM_EntityPropertyExtension.EntityUpdateDate
2859ECE0-408D-4175-AF7C-E29D63550870,Geopolitical Entity Alias,GPLTCL_ENTTY_ALS,MTED_EDaM_Business_Critical_Data,false,SHL_CDM_EntityPropertyExtension.MTED_EDaM_Business_Critical_Data
2859ECE0-408D-4175-AF7C-E29D63550870,Geopolitical Entity Alias,GPLTCL_ENTTY_ALS,MTED_EDaM_Entity_Availability_Indication,<unspecified>,SHL_CDM_EntityPropertyExtension.MTED_EDaM_Entity_Availability_Indication
2859ECE0-408D-4175-AF7C-E29D63550870,Geopolitical Entity Alias,GPLTCL_ENTTY_ALS,MTED_EDaM_Entity_Critical_Data,<unspecified>,SHL_CDM_EntityPropertyExtension.MTED_EDaM_Entity_Critical_Data
2859ECE0-408D-4175-AF7C-E29D63550870,Geopolitical Entity Alias,GPLTCL_ENTTY_ALS,MTED_EDaM_Entity_Quality_Indication,<unspecified>,SHL_CDM_EntityPropertyExtension.MTED_EDaM_Entity_Quality_Indication
2859ECE0-408D-4175-AF7C-E29D63550870,Geopolitical Entity Alias,GPLTCL_ENTTY_ALS,Generation,true,SHL_CDM_EntityPropertyExtension.Generation
2859ECE0-408D-4175-AF7C-E29D63550870,Geopolitical Entity Alias,GPLTCL_ENTTY_ALS,CommerciallySensitiveInformation,No Commercially Sensitive Information,BIM-core.CommerciallySensitiveInformation
2859ECE0-408D-4175-AF7C-E29D63550870,Geopolitical Entity Alias,GPLTCL_ENTTY_ALS,Criticality,No Critical Data,BIM-core.Criticality
2859ECE0-408D-4175-AF7C-E29D63550870,Geopolitical Entity Alias,GPLTCL_ENTTY_ALS,DataCategory,Structured,BIM-core.DataCategory
2859ECE0-408D-4175-AF7C-E29D63550870,Geopolitical Entity Alias,GPLTCL_ENTTY_ALS,DataConfidentiality,Internal,BIM-core.DataConfidentiality
2859ECE0-408D-4175-AF7C-E29D63550870,Geopolitical Entity Alias,GPLTCL_ENTTY_ALS,DesignStatus,Approved,BIM-core.DesignStatus
2859ECE0-408D-4175-AF7C-E29D63550870,Geopolitical Entity Alias,GPLTCL_ENTTY_ALS,EntityCategory,Internal Reference,BIM-core.EntityCategory
2859ECE0-408D-4175-AF7C-E29D63550870,Geopolitical Entity Alias,GPLTCL_ENTTY_ALS,EntityPersonalData,No Personal Data,BIM-core.EntityPersonalData
2859ECE0-408D-4175-AF7C-E29D63550870,Geopolitical Entity Alias,GPLTCL_ENTTY_ALS,FinancialPersonalData,No Financial Personal Data,BIM-core.FinancialPersonalData
2859ECE0-408D-4175-AF7C-E29D63550870,Geopolitical Entity Alias,GPLTCL_ENTTY_ALS,SensitivePersonalData,No Sensitive Personal Data,BIM-core.SensitivePersonalData
2859ECE0-408D-4175-AF7C-E29D63550870,Geopolitical Entity Alias,GPLTCL_ENTTY_ALS,DataArea,Location,BIM-core.DataArea
2859ECE0-408D-4175-AF7C-E29D63550870,Geopolitical Entity Alias,GPLTCL_ENTTY_ALS,EnterpriseLevel,Yes,BIM-core.EnterpriseLevel
2859ECE0-408D-4175-AF7C-E29D63550870,Geopolitical Entity Alias,GPLTCL_ENTTY_ALS,ExchangeId,{A165A943-FEA9-429F-8967-5E1D26F7F474},BIM-core.ExchangeId
35CD4BCA-C50E-4B6D-8D3B-1C23F52350A7,Geopolitical Entity Alias Type,GPLTCL_ENTTY_ALS_TYP,PD_ObjectID,35CD4BCA-C50E-4B6D-8D3B-1C23F52350A7,
35CD4BCA-C50E-4B6D-8D3B-1C23F52350A7,Geopolitical Entity Alias Type,GPLTCL_ENTTY_ALS_TYP,PD_SourceExtraction,46603045,
35CD4BCA-C50E-4B6D-8D3B-1C23F52350A7,Geopolitical Entity Alias Type,GPLTCL_ENTTY_ALS_TYP,PD_SourceModel,SUBSURFACE AND WELLS,
35CD4BCA-C50E-4B6D-8D3B-1C23F52350A7,Geopolitical Entity Alias Type,GPLTCL_ENTTY_ALS_TYP,MTED_Version_No,2021.2,SHL_CDM_EntityPropertyExtension.MTED_Version_No
35CD4BCA-C50E-4B6D-8D3B-1C23F52350A7,Geopolitical Entity Alias Type,GPLTCL_ENTTY_ALS_TYP,MTED_EDaM_Version_Date,,SHL_CDM_EntityPropertyExtension.MTED_EDaM_Version_Date
35CD4BCA-C50E-4B6D-8D3B-1C23F52350A7,Geopolitical Entity Alias Type,GPLTCL_ENTTY_ALS_TYP,MTED_EDaM_Data_Owner,,SHL_CDM_EntityPropertyExtension.MTED_EDaM_Data_Owner
35CD4BCA-C50E-4B6D-8D3B-1C23F52350A7,Geopolitical Entity Alias Type,GPLTCL_ENTTY_ALS_TYP,MTED_EDaM_Design_Status,Approved,SHL_CDM_EntityPropertyExtension.MTED_EDaM_Design_Status
35CD4BCA-C50E-4B6D-8D3B-1C23F52350A7,Geopolitical Entity Alias Type,GPLTCL_ENTTY_ALS_TYP,CSI,false,SHL_CDM_EntityPropertyExtension.CSI
35CD4BCA-C50E-4B6D-8D3B-1C23F52350A7,Geopolitical Entity Alias Type,GPLTCL_ENTTY_ALS_TYP,MTED_EDaM_Entity_Data_Category,<unspecified>,SHL_CDM_EntityPropertyExtension.MTED_EDaM_Entity_Data_Category
35CD4BCA-C50E-4B6D-8D3B-1C23F52350A7,Geopolitical Entity Alias Type,GPLTCL_ENTTY_ALS_TYP,MTED_EDaM_Security_Classification,<unspecified>,SHL_CDM_EntityPropertyExtension.MTED_EDaM_Security_Classification
35CD4BCA-C50E-4B6D-8D3B-1C23F52350A7,Geopolitical Entity Alias Type,GPLTCL_ENTTY_ALS_TYP,MTED_Encryption_Required,false,SHL_CDM_EntityPropertyExtension.MTED_Encryption_Required
35CD4BCA-C50E-4B6D-8D3B-1C23F52350A7,Geopolitical Entity Alias Type,GPLTCL_ENTTY_ALS_TYP,PII,false,SHL_CDM_EntityPropertyExtension.PII
35CD4BCA-C50E-4B6D-8D3B-1C23F52350A7,Geopolitical Entity Alias Type,GPLTCL_ENTTY_ALS_TYP,EntityUpdateDate,19/08/2021 Pass 3,SHL_CDM_EntityPropertyExtension.EntityUpdateDate
35CD4BCA-C50E-4B6D-8D3B-1C23F52350A7,Geopolitical Entity Alias Type,GPLTCL_ENTTY_ALS_TYP,MTED_EDaM_Business_Critical_Data,false,SHL_CDM_EntityPropertyExtension.MTED_EDaM_Business_Critical_Data
35CD4BCA-C50E-4B6D-8D3B-1C23F52350A7,Geopolitical Entity Alias Type,GPLTCL_ENTTY_ALS_TYP,MTED_EDaM_Entity_Availability_Indication,<unspecified>,SHL_CDM_EntityPropertyExtension.MTED_EDaM_Entity_Availability_Indication
35CD4BCA-C50E-4B6D-8D3B-1C23F52350A7,Geopolitical Entity Alias Type,GPLTCL_ENTTY_ALS_TYP,MTED_EDaM_Entity_Critical_Data,<unspecified>,SHL_CDM_EntityPropertyExtension.MTED_EDaM_Entity_Critical_Data
35CD4BCA-C50E-4B6D-8D3B-1C23F52350A7,Geopolitical Entity Alias Type,GPLTCL_ENTTY_ALS_TYP,MTED_EDaM_Entity_Quality_Indication,<unspecified>,SHL_CDM_EntityPropertyExtension.MTED_EDaM_Entity_Quality_Indication
35CD4BCA-C50E-4B6D-8D3B-1C23F52350A7,Geopolitical Entity Alias Type,GPLTCL_ENTTY_ALS_TYP,Generation,true,SHL_CDM_EntityPropertyExtension.Generation
35CD4BCA-C50E-4B6D-8D3B-1C23F52350A7,Geopolitical Entity Alias Type,GPLTCL_ENTTY_ALS_TYP,CommerciallySensitiveInformation,No Commercially Sensitive Information,BIM-core.CommerciallySensitiveInformation
35CD4BCA-C50E-4B6D-8D3B-1C23F52350A7,Geopolitical Entity Alias Type,GPLTCL_ENTTY_ALS_TYP,Criticality,No Critical Data,BIM-core.Criticality
35CD4BCA-C50E-4B6D-8D3B-1C23F52350A7,Geopolitical Entity Alias Type,GPLTCL_ENTTY_ALS_TYP,DataCategory,Structured,BIM-core.DataCategory
35CD4BCA-C50E-4B6D-8D3B-1C23F52350A7,Geopolitical Entity Alias Type,GPLTCL_ENTTY_ALS_TYP,DataConfidentiality,Internal,BIM-core.DataConfidentiality
35CD4BCA-C50E-4B6D-8D3B-1C23F52350A7,Geopolitical Entity Alias Type,GPLTCL_ENTTY_ALS_TYP,DesignStatus,Approved,BIM-core.DesignStatus
35CD4BCA-C50E-4B6D-8D3B-1C23F52350A7,Geopolitical Entity Alias Type,GPLTCL_ENTTY_ALS_TYP,EntityCategory,Internal Reference,BIM-core.EntityCategory
35CD4BCA-C50E-4B6D-8D3B-1C23F52350A7,Geopolitical Entity Alias Type,GPLTCL_ENTTY_ALS_TYP,EntityPersonalData,No Personal Data,BIM-core.EntityPersonalData
35CD4BCA-C50E-4B6D-8D3B-1C23F52350A7,Geopolitical Entity Alias Type,GPLTCL_ENTTY_ALS_TYP,FinancialPersonalData,No Financial Personal Data,BIM-core.FinancialPersonalData
35CD4BCA-C50E-4B6D-8D3B-1C23F52350A7,Geopolitical Entity Alias Type,GPLTCL_ENTTY_ALS_TYP,SensitivePersonalData,No Sensitive Personal Data,BIM-core.SensitivePersonalData
35CD4BCA-C50E-4B6D-8D3B-1C23F52350A7,Geopolitical Entity Alias Type,GPLTCL_ENTTY_ALS_TYP,DataArea,Location,BIM-core.DataArea
35CD4BCA-C50E-4B6D-8D3B-1C23F52350A7,Geopolitical Entity Alias Type,GPLTCL_ENTTY_ALS_TYP,EnterpriseLevel,Yes,BIM-core.EnterpriseLevel
35CD4BCA-C50E-4B6D-8D3B-1C23F52350A7,Geopolitical Entity Alias Type,GPLTCL_ENTTY_ALS_TYP,ExchangeId,{2D862447-954B-4031-8045-15F74E5ED71A},BIM-core.ExchangeId
FBC007C3-0492-46C5-A2B3-AB31B3A9B90A,Geopolitical Entity Association,GPLTCL_ENTTY_ASSCTN,PD_ObjectID,FBC007C3-0492-46C5-A2B3-AB31B3A9B90A,
FBC007C3-0492-46C5-A2B3-AB31B3A9B90A,Geopolitical Entity Association,GPLTCL_ENTTY_ASSCTN,PD_SourceExtraction,46603045,
FBC007C3-0492-46C5-A2B3-AB31B3A9B90A,Geopolitical Entity Association,GPLTCL_ENTTY_ASSCTN,PD_SourceModel,SUBSURFACE AND WELLS,
FBC007C3-0492-46C5-A2B3-AB31B3A9B90A,Geopolitical Entity Association,GPLTCL_ENTTY_ASSCTN,MTED_Version_No,,SHL_CDM_EntityPropertyExtension.MTED_Version_No
FBC007C3-0492-46C5-A2B3-AB31B3A9B90A,Geopolitical Entity Association,GPLTCL_ENTTY_ASSCTN,MTED_EDaM_Version_Date,,SHL_CDM_EntityPropertyExtension.MTED_EDaM_Version_Date
FBC007C3-0492-46C5-A2B3-AB31B3A9B90A,Geopolitical Entity Association,GPLTCL_ENTTY_ASSCTN,MTED_EDaM_Data_Owner,,SHL_CDM_EntityPropertyExtension.MTED_EDaM_Data_Owner
FBC007C3-0492-46C5-A2B3-AB31B3A9B90A,Geopolitical Entity Association,GPLTCL_ENTTY_ASSCTN,MTED_EDaM_Design_Status,,SHL_CDM_EntityPropertyExtension.MTED_EDaM_Design_Status
FBC007C3-0492-46C5-A2B3-AB31B3A9B90A,Geopolitical Entity Association,GPLTCL_ENTTY_ASSCTN,CSI,false,SHL_CDM_EntityPropertyExtension.CSI
FBC007C3-0492-46C5-A2B3-AB31B3A9B90A,Geopolitical Entity Association,GPLTCL_ENTTY_ASSCTN,MTED_EDaM_Entity_Data_Category,,SHL_CDM_EntityPropertyExtension.MTED_EDaM_Entity_Data_Category
FBC007C3-0492-46C5-A2B3-AB31B3A9B90A,Geopolitical Entity Association,GPLTCL_ENTTY_ASSCTN,MTED_EDaM_Security_Classification,,SHL_CDM_EntityPropertyExtension.MTED_EDaM_Security_Classification
FBC007C3-0492-46C5-A2B3-AB31B3A9B90A,Geopolitical Entity Association,GPLTCL_ENTTY_ASSCTN,MTED_Encryption_Required,false,SHL_CDM_EntityPropertyExtension.MTED_Encryption_Required
FBC007C3-0492-46C5-A2B3-AB31B3A9B90A,Geopolitical Entity Association,GPLTCL_ENTTY_ASSCTN,PII,false,SHL_CDM_EntityPropertyExtension.PII
FBC007C3-0492-46C5-A2B3-AB31B3A9B90A,Geopolitical Entity Association,GPLTCL_ENTTY_ASSCTN,EntityUpdateDate,,SHL_CDM_EntityPropertyExtension.EntityUpdateDate
FBC007C3-0492-46C5-A2B3-AB31B3A9B90A,Geopolitical Entity Association,GPLTCL_ENTTY_ASSCTN,MTED_EDaM_Business_Critical_Data,false,SHL_CDM_EntityPropertyExtension.MTED_EDaM_Business_Critical_Data
FBC007C3-0492-46C5-A2B3-AB31B3A9B90A,Geopolitical Entity Association,GPLTCL_ENTTY_ASSCTN,MTED_EDaM_Entity_Availability_Indication,,SHL_CDM_EntityPropertyExtension.MTED_EDaM_Entity_Availability_Indication
FBC007C3-0492-46C5-A2B3-AB31B3A9B90A,Geopolitical Entity Association,GPLTCL_ENTTY_ASSCTN,MTED_EDaM_Entity_Critical_Data,,SHL_CDM_EntityPropertyExtension.MTED_EDaM_Entity_Critical_Data
FBC007C3-0492-46C5-A2B3-AB31B3A9B90A,Geopolitical Entity Association,GPLTCL_ENTTY_ASSCTN,MTED_EDaM_Entity_Quality_Indication,,SHL_CDM_EntityPropertyExtension.MTED_EDaM_Entity_Quality_Indication
FBC007C3-0492-46C5-A2B3-AB31B3A9B90A,Geopolitical Entity Association,GPLTCL_ENTTY_ASSCTN,CommerciallySensitiveInformation,No Commercially Sensitive Information,BIM-core.CommerciallySensitiveInformation
FBC007C3-0492-46C5-A2B3-AB31B3A9B90A,Geopolitical Entity Association,GPLTCL_ENTTY_ASSCTN,Criticality,No Critical Data,BIM-core.Criticality
FBC007C3-0492-46C5-A2B3-AB31B3A9B90A,Geopolitical Entity Association,GPLTCL_ENTTY_ASSCTN,DataCategory,Structured,BIM-core.DataCategory
FBC007C3-0492-46C5-A2B3-AB31B3A9B90A,Geopolitical Entity Association,GPLTCL_ENTTY_ASSCTN,DataConfidentiality,Internal,BIM-core.DataConfidentiality
FBC007C3-0492-46C5-A2B3-AB31B3A9B90A,Geopolitical Entity Association,GPLTCL_ENTTY_ASSCTN,DesignStatus,Approved,BIM-core.DesignStatus
FBC007C3-0492-46C5-A2B3-AB31B3A9B90A,Geopolitical Entity Association,GPLTCL_ENTTY_ASSCTN,EntityCategory,Intersection,BIM-core.EntityCategory
FBC007C3-0492-46C5-A2B3-AB31B3A9B90A,Geopolitical Entity Association,GPLTCL_ENTTY_ASSCTN,EntityPersonalData,No Personal Data,BIM-core.EntityPersonalData
FBC007C3-0492-46C5-A2B3-AB31B3A9B90A,Geopolitical Entity Association,GPLTCL_ENTTY_ASSCTN,FinancialPersonalData,No Financial Personal Data,BIM-core.FinancialPersonalData
FBC007C3-0492-46C5-A2B3-AB31B3A9B90A,Geopolitical Entity Association,GPLTCL_ENTTY_ASSCTN,SensitivePersonalData,No Sensitive Personal Data,BIM-core.SensitivePersonalData
FBC007C3-0492-46C5-A2B3-AB31B3A9B90A,Geopolitical Entity Association,GPLTCL_ENTTY_ASSCTN,DataArea,Location,BIM-core.DataArea
FBC007C3-0492-46C5-A2B3-AB31B3A9B90A,Geopolitical Entity Association,GPLTCL_ENTTY_ASSCTN,EnterpriseLevel,Yes,BIM-core.EnterpriseLevel
FBC007C3-0492-46C5-A2B3-AB31B3A9B90A,Geopolitical Entity Association,GPLTCL_ENTTY_ASSCTN,ExchangeId,{C77A9BB8-DD9F-4021-8BD7-C2404E18BEF3},BIM-core.ExchangeId
34D8D8E2-2B3E-4CD2-B71F-8333D6D5D3FA,Geopolitical Entity Currency,GPLTCL_ENTTY_CRRNCY,PD_ObjectID,34D8D8E2-2B3E-4CD2-B71F-8333D6D5D3FA,
34D8D8E2-2B3E-4CD2-B71F-8333D6D5D3FA,Geopolitical Entity Currency,GPLTCL_ENTTY_CRRNCY,PD_SourceExtraction,46603045,
34D8D8E2-2B3E-4CD2-B71F-8333D6D5D3FA,Geopolitical Entity Currency,GPLTCL_ENTTY_CRRNCY,PD_SourceModel,SUBSURFACE AND WELLS,
34D8D8E2-2B3E-4CD2-B71F-8333D6D5D3FA,Geopolitical Entity Currency,GPLTCL_ENTTY_CRRNCY,CommerciallySensitiveInformation,No Commercially Sensitive Information,BIM-core.CommerciallySensitiveInformation
34D8D8E2-2B3E-4CD2-B71F-8333D6D5D3FA,Geopolitical Entity Currency,GPLTCL_ENTTY_CRRNCY,Criticality,No Critical Data,BIM-core.Criticality
34D8D8E2-2B3E-4CD2-B71F-8333D6D5D3FA,Geopolitical Entity Currency,GPLTCL_ENTTY_CRRNCY,DataCategory,Structured,BIM-core.DataCategory
34D8D8E2-2B3E-4CD2-B71F-8333D6D5D3FA,Geopolitical Entity Currency,GPLTCL_ENTTY_CRRNCY,DataConfidentiality,Internal,BIM-core.DataConfidentiality
34D8D8E2-2B3E-4CD2-B71F-8333D6D5D3FA,Geopolitical Entity Currency,GPLTCL_ENTTY_CRRNCY,DesignStatus,Approved,BIM-core.DesignStatus
34D8D8E2-2B3E-4CD2-B71F-8333D6D5D3FA,Geopolitical Entity Currency,GPLTCL_ENTTY_CRRNCY,EntityCategory,Intersection,BIM-core.EntityCategory
34D8D8E2-2B3E-4CD2-B71F-8333D6D5D3FA,Geopolitical Entity Currency,GPLTCL_ENTTY_CRRNCY,EntityPersonalData,No Personal Data,BIM-core.EntityPersonalData
34D8D8E2-2B3E-4CD2-B71F-8333D6D5D3FA,Geopolitical Entity Currency,GPLTCL_ENTTY_CRRNCY,FinancialPersonalData,No Financial Personal Data,BIM-core.FinancialPersonalData
34D8D8E2-2B3E-4CD2-B71F-8333D6D5D3FA,Geopolitical Entity Currency,GPLTCL_ENTTY_CRRNCY,SensitivePersonalData,No Sensitive Personal Data,BIM-core.SensitivePersonalData
34D8D8E2-2B3E-4CD2-B71F-8333D6D5D3FA,Geopolitical Entity Currency,GPLTCL_ENTTY_CRRNCY,DataArea,Location,BIM-core.DataArea
34D8D8E2-2B3E-4CD2-B71F-8333D6D5D3FA,Geopolitical Entity Currency,GPLTCL_ENTTY_CRRNCY,EnterpriseLevel,Yes,BIM-core.EnterpriseLevel
34D8D8E2-2B3E-4CD2-B71F-8333D6D5D3FA,Geopolitical Entity Currency,GPLTCL_ENTTY_CRRNCY,ExchangeId,{EBC5AE86-EFB6-417B-8AC8-2610CAB7B4A9},BIM-core.ExchangeId
85D1FC7E-8201-439A-9B2E-B3A03C9874E8,Geopolitical Entity Source Type,GPLTCL_ENTTY_SRC_TYP,PD_ObjectID,85D1FC7E-8201-439A-9B2E-B3A03C9874E8,
85D1FC7E-8201-439A-9B2E-B3A03C9874E8,Geopolitical Entity Source Type,GPLTCL_ENTTY_SRC_TYP,PD_SourceExtraction,46603045,
85D1FC7E-8201-439A-9B2E-B3A03C9874E8,Geopolitical Entity Source Type,GPLTCL_ENTTY_SRC_TYP,PD_SourceModel,SUBSURFACE AND WELLS,
85D1FC7E-8201-439A-9B2E-B3A03C9874E8,Geopolitical Entity Source Type,GPLTCL_ENTTY_SRC_TYP,CommerciallySensitiveInformation,No Commercially Sensitive Information,BIM-core.CommerciallySensitiveInformation
85D1FC7E-8201-439A-9B2E-B3A03C9874E8,Geopolitical Entity Source Type,GPLTCL_ENTTY_SRC_TYP,Criticality,No Critical Data,BIM-core.Criticality
85D1FC7E-8201-439A-9B2E-B3A03C9874E8,Geopolitical Entity Source Type,GPLTCL_ENTTY_SRC_TYP,DataCategory,Structured,BIM-core.DataCategory
85D1FC7E-8201-439A-9B2E-B3A03C9874E8,Geopolitical Entity Source Type,GPLTCL_ENTTY_SRC_TYP,DataConfidentiality,Internal,BIM-core.DataConfidentiality
85D1FC7E-8201-439A-9B2E-B3A03C9874E8,Geopolitical Entity Source Type,GPLTCL_ENTTY_SRC_TYP,DesignStatus,Approved,BIM-core.DesignStatus
85D1FC7E-8201-439A-9B2E-B3A03C9874E8,Geopolitical Entity Source Type,GPLTCL_ENTTY_SRC_TYP,EntityCategory,Internal Reference,BIM-core.EntityCategory
85D1FC7E-8201-439A-9B2E-B3A03C9874E8,Geopolitical Entity Source Type,GPLTCL_ENTTY_SRC_TYP,EntityPersonalData,No Personal Data,BIM-core.EntityPersonalData
85D1FC7E-8201-439A-9B2E-B3A03C9874E8,Geopolitical Entity Source Type,GPLTCL_ENTTY_SRC_TYP,FinancialPersonalData,No Financial Personal Data,BIM-core.FinancialPersonalData
85D1FC7E-8201-439A-9B2E-B3A03C9874E8,Geopolitical Entity Source Type,GPLTCL_ENTTY_SRC_TYP,SensitivePersonalData,No Sensitive Personal Data,BIM-core.SensitivePersonalData
85D1FC7E-8201-439A-9B2E-B3A03C9874E8,Geopolitical Entity Source Type,GPLTCL_ENTTY_SRC_TYP,DataArea,Location,BIM-core.DataArea
85D1FC7E-8201-439A-9B2E-B3A03C9874E8,Geopolitical Entity Source Type,GPLTCL_ENTTY_SRC_TYP,EnterpriseLevel,Yes,BIM-core.EnterpriseLevel
85D1FC7E-8201-439A-9B2E-B3A03C9874E8,Geopolitical Entity Source Type,GPLTCL_ENTTY_SRC_TYP,ExchangeId,{A6136F0B-35A6-40AE-8F41-F1FE4DB776ED},BIM-core.ExchangeId
09D08812-19DF-49FA-80A5-E2FFDD8BFD84,Geopolitical Entity Type,GPLTCL_ENTTY_TYP,PD_ObjectID,09D08812-19DF-49FA-80A5-E2FFDD8BFD84,
09D08812-19DF-49FA-80A5-E2FFDD8BFD84,Geopolitical Entity Type,GPLTCL_ENTTY_TYP,PD_SourceExtraction,46603045,
09D08812-19DF-49FA-80A5-E2FFDD8BFD84,Geopolitical Entity Type,GPLTCL_ENTTY_TYP,PD_SourceModel,SUBSURFACE AND WELLS,
09D08812-19DF-49FA-80A5-E2FFDD8BFD84,Geopolitical Entity Type,GPLTCL_ENTTY_TYP,MTED_Version_No,2021.2,SHL_CDM_EntityPropertyExtension.MTED_Version_No
09D08812-19DF-49FA-80A5-E2FFDD8BFD84,Geopolitical Entity Type,GPLTCL_ENTTY_TYP,MTED_EDaM_Version_Date,,SHL_CDM_EntityPropertyExtension.MTED_EDaM_Version_Date
09D08812-19DF-49FA-80A5-E2FFDD8BFD84,Geopolitical Entity Type,GPLTCL_ENTTY_TYP,MTED_EDaM_Data_Owner,,SHL_CDM_EntityPropertyExtension.MTED_EDaM_Data_Owner
09D08812-19DF-49FA-80A5-E2FFDD8BFD84,Geopolitical Entity Type,GPLTCL_ENTTY_TYP,MTED_EDaM_Design_Status,Approved,SHL_CDM_EntityPropertyExtension.MTED_EDaM_Design_Status
09D08812-19DF-49FA-80A5-E2FFDD8BFD84,Geopolitical Entity Type,GPLTCL_ENTTY_TYP,CSI,false,SHL_CDM_EntityPropertyExtension.CSI
09D08812-19DF-49FA-80A5-E2FFDD8BFD84,Geopolitical Entity Type,GPLTCL_ENTTY_TYP,MTED_EDaM_Entity_Data_Category,<unspecified>,SHL_CDM_EntityPropertyExtension.MTED_EDaM_Entity_Data_Category
09D08812-19DF-49FA-80A5-E2FFDD8BFD84,Geopolitical Entity Type,GPLTCL_ENTTY_TYP,MTED_EDaM_Security_Classification,<unspecified>,SHL_CDM_EntityPropertyExtension.MTED_EDaM_Security_Classification
09D08812-19DF-49FA-80A5-E2FFDD8BFD84,Geopolitical Entity Type,GPLTCL_ENTTY_TYP,MTED_Encryption_Required,false,SHL_CDM_EntityPropertyExtension.MTED_Encryption_Required
09D08812-19DF-49FA-80A5-E2FFDD8BFD84,Geopolitical Entity Type,GPLTCL_ENTTY_TYP,PII,false,SHL_CDM_EntityPropertyExtension.PII
09D08812-19DF-49FA-80A5-E2FFDD8BFD84,Geopolitical Entity Type,GPLTCL_ENTTY_TYP,EntityUpdateDate,19/08/2021 Pass 3,SHL_CDM_EntityPropertyExtension.EntityUpdateDate
09D08812-19DF-49FA-80A5-E2FFDD8BFD84,Geopolitical Entity Type,GPLTCL_ENTTY_TYP,MTED_EDaM_Business_Critical_Data,false,SHL_CDM_EntityPropertyExtension.MTED_EDaM_Business_Critical_Data
09D08812-19DF-49FA-80A5-E2FFDD8BFD84,Geopolitical Entity Type,GPLTCL_ENTTY_TYP,MTED_EDaM_Entity_Availability_Indication,<unspecified>,SHL_CDM_EntityPropertyExtension.MTED_EDaM_Entity_Availability_Indication
09D08812-19DF-49FA-80A5-E2FFDD8BFD84,Geopolitical Entity Type,GPLTCL_ENTTY_TYP,MTED_EDaM_Entity_Critical_Data,<unspecified>,SHL_CDM_EntityPropertyExtension.MTED_EDaM_Entity_Critical_Data
09D08812-19DF-49FA-80A5-E2FFDD8BFD84,Geopolitical Entity Type,GPLTCL_ENTTY_TYP,MTED_EDaM_Entity_Quality_Indication,<unspecified>,SHL_CDM_EntityPropertyExtension.MTED_EDaM_Entity_Quality_Indication
09D08812-19DF-49FA-80A5-E2FFDD8BFD84,Geopolitical Entity Type,GPLTCL_ENTTY_TYP,Generation,true,SHL_CDM_EntityPropertyExtension.Generation
09D08812-19DF-49FA-80A5-E2FFDD8BFD84,Geopolitical Entity Type,GPLTCL_ENTTY_TYP,CommerciallySensitiveInformation,No Commercially Sensitive Information,BIM-core.CommerciallySensitiveInformation
09D08812-19DF-49FA-80A5-E2FFDD8BFD84,Geopolitical Entity Type,GPLTCL_ENTTY_TYP,Criticality,No Critical Data,BIM-core.Criticality
09D08812-19DF-49FA-80A5-E2FFDD8BFD84,Geopolitical Entity Type,GPLTCL_ENTTY_TYP,DataCategory,Structured,BIM-core.DataCategory
09D08812-19DF-49FA-80A5-E2FFDD8BFD84,Geopolitical Entity Type,GPLTCL_ENTTY_TYP,DataConfidentiality,Internal,BIM-core.DataConfidentiality
09D08812-19DF-49FA-80A5-E2FFDD8BFD84,Geopolitical Entity Type,GPLTCL_ENTTY_TYP,DesignStatus,Approved,BIM-core.DesignStatus
09D08812-19DF-49FA-80A5-E2FFDD8BFD84,Geopolitical Entity Type,GPLTCL_ENTTY_TYP,EntityCategory,Internal Reference,BIM-core.EntityCategory
09D08812-19DF-49FA-80A5-E2FFDD8BFD84,Geopolitical Entity Type,GPLTCL_ENTTY_TYP,EntityPersonalData,No Personal Data,BIM-core.EntityPersonalData
09D08812-19DF-49FA-80A5-E2FFDD8BFD84,Geopolitical Entity Type,GPLTCL_ENTTY_TYP,FinancialPersonalData,No Financial Personal Data,BIM-core.FinancialPersonalData
09D08812-19DF-49FA-80A5-E2FFDD8BFD84,Geopolitical Entity Type,GPLTCL_ENTTY_TYP,SensitivePersonalData,No Sensitive Personal Data,BIM-core.SensitivePersonalData
09D08812-19DF-49FA-80A5-E2FFDD8BFD84,Geopolitical Entity Type,GPLTCL_ENTTY_TYP,DataArea,Location,BIM-core.DataArea
09D08812-19DF-49FA-80A5-E2FFDD8BFD84,Geopolitical Entity Type,GPLTCL_ENTTY_TYP,EnterpriseLevel,Yes,BIM-core.EnterpriseLevel
09D08812-19DF-49FA-80A5-E2FFDD8BFD84,Geopolitical Entity Type,GPLTCL_ENTTY_TYP,ExchangeId,{FB8C3C9E-D072-418A-98F9-5355254C8F4F},BIM-core.ExchangeId
358C1F2D-590F-4E37-AC0A-1837036CC216,Geopolitical Standard,GPLTCL_STNDRD,PD_ObjectID,358C1F2D-590F-4E37-AC0A-1837036CC216,
358C1F2D-590F-4E37-AC0A-1837036CC216,Geopolitical Standard,GPLTCL_STNDRD,PD_SourceExtraction,46603045,
358C1F2D-590F-4E37-AC0A-1837036CC216,Geopolitical Standard,GPLTCL_STNDRD,PD_SourceModel,SUBSURFACE AND WELLS,
358C1F2D-590F-4E37-AC0A-1837036CC216,Geopolitical Standard,GPLTCL_STNDRD,MTED_Version_No,2021.2,SHL_CDM_EntityPropertyExtension.MTED_Version_No
358C1F2D-590F-4E37-AC0A-1837036CC216,Geopolitical Standard,GPLTCL_STNDRD,MTED_EDaM_Version_Date,,SHL_CDM_EntityPropertyExtension.MTED_EDaM_Version_Date
358C1F2D-590F-4E37-AC0A-1837036CC216,Geopolitical Standard,GPLTCL_STNDRD,MTED_EDaM_Data_Owner,,SHL_CDM_EntityPropertyExtension.MTED_EDaM_Data_Owner
358C1F2D-590F-4E37-AC0A-1837036CC216,Geopolitical Standard,GPLTCL_STNDRD,MTED_EDaM_Design_Status,Approved,SHL_CDM_EntityPropertyExtension.MTED_EDaM_Design_Status
358C1F2D-590F-4E37-AC0A-1837036CC216,Geopolitical Standard,GPLTCL_STNDRD,CSI,false,SHL_CDM_EntityPropertyExtension.CSI
358C1F2D-590F-4E37-AC0A-1837036CC216,Geopolitical Standard,GPLTCL_STNDRD,MTED_EDaM_Entity_Data_Category,<unspecified>,SHL_CDM_EntityPropertyExtension.MTED_EDaM_Entity_Data_Category
358C1F2D-590F-4E37-AC0A-1837036CC216,Geopolitical Standard,GPLTCL_STNDRD,MTED_EDaM_Security_Classification,<unspecified>,SHL_CDM_EntityPropertyExtension.MTED_EDaM_Security_Classification
358C1F2D-590F-4E37-AC0A-1837036CC216,Geopolitical Standard,GPLTCL_STNDRD,MTED_Encryption_Required,false,SHL_CDM_EntityPropertyExtension.MTED_Encryption_Required
358C1F2D-590F-4E37-AC0A-1837036CC216,Geopolitical Standard,GPLTCL_STNDRD,PII,false,SHL_CDM_EntityPropertyExtension.PII
358C1F2D-590F-4E37-AC0A-1837036CC216,Geopolitical Standard,GPLTCL_STNDRD,EntityUpdateDate,19/08/2021 Pass 3,SHL_CDM_EntityPropertyExtension.EntityUpdateDate
358C1F2D-590F-4E37-AC0A-1837036CC216,Geopolitical Standard,GPLTCL_STNDRD,MTED_EDaM_Business_Critical_Data,false,SHL_CDM_EntityPropertyExtension.MTED_EDaM_Business_Critical_Data
358C1F2D-590F-4E37-AC0A-1837036CC216,Geopolitical Standard,GPLTCL_STNDRD,MTED_EDaM_Entity_Availability_Indication,<unspecified>,SHL_CDM_EntityPropertyExtension.MTED_EDaM_Entity_Availability_Indication
358C1F2D-590F-4E37-AC0A-1837036CC216,Geopolitical Standard,GPLTCL_STNDRD,MTED_EDaM_Entity_Critical_Data,<unspecified>,SHL_CDM_EntityPropertyExtension.MTED_EDaM_Entity_Critical_Data
358C1F2D-590F-4E37-AC0A-1837036CC216,Geopolitical Standard,GPLTCL_STNDRD,MTED_EDaM_Entity_Quality_Indication,<unspecified>,SHL_CDM_EntityPropertyExtension.MTED_EDaM_Entity_Quality_Indication
358C1F2D-590F-4E37-AC0A-1837036CC216,Geopolitical Standard,GPLTCL_STNDRD,Generation,true,SHL_CDM_EntityPropertyExtension.Generation
358C1F2D-590F-4E37-AC0A-1837036CC216,Geopolitical Standard,GPLTCL_STNDRD,CommerciallySensitiveInformation,No Commercially Sensitive Information,BIM-core.CommerciallySensitiveInformation
358C1F2D-590F-4E37-AC0A-1837036CC216,Geopolitical Standard,GPLTCL_STNDRD,Criticality,No Critical Data,BIM-core.Criticality
358C1F2D-590F-4E37-AC0A-1837036CC216,Geopolitical Standard,GPLTCL_STNDRD,DataCategory,Structured,BIM-core.DataCategory
358C1F2D-590F-4E37-AC0A-1837036CC216,Geopolitical Standard,GPLTCL_STNDRD,DataConfidentiality,Internal,BIM-core.DataConfidentiality
358C1F2D-590F-4E37-AC0A-1837036CC216,Geopolitical Standard,GPLTCL_STNDRD,DesignStatus,Approved,BIM-core.DesignStatus
358C1F2D-590F-4E37-AC0A-1837036CC216,Geopolitical Standard,GPLTCL_STNDRD,EntityCategory,External Reference,BIM-core.EntityCategory
358C1F2D-590F-4E37-AC0A-1837036CC216,Geopolitical Standard,GPLTCL_STNDRD,EntityPersonalData,No Personal Data,BIM-core.EntityPersonalData
358C1F2D-590F-4E37-AC0A-1837036CC216,Geopolitical Standard,GPLTCL_STNDRD,FinancialPersonalData,No Financial Personal Data,BIM-core.FinancialPersonalData
358C1F2D-590F-4E37-AC0A-1837036CC216,Geopolitical Standard,GPLTCL_STNDRD,SensitivePersonalData,No Sensitive Personal Data,BIM-core.SensitivePersonalData
358C1F2D-590F-4E37-AC0A-1837036CC216,Geopolitical Standard,GPLTCL_STNDRD,DataArea,Location,BIM-core.DataArea
358C1F2D-590F-4E37-AC0A-1837036CC216,Geopolitical Standard,GPLTCL_STNDRD,EnterpriseLevel,Yes,BIM-core.EnterpriseLevel
358C1F2D-590F-4E37-AC0A-1837036CC216,Geopolitical Standard,GPLTCL_STNDRD,ExchangeId,{DB28875C-75CB-4B5A-86B5-AE8878939417},BIM-core.ExchangeId
AF29FCBC-2557-4DBF-BFA2-B92C1B79D330,Grain Size Analysis,GRAIN_SZ_ANLYSS,PD_ObjectID,AF29FCBC-2557-4DBF-BFA2-B92C1B79D330,
AF29FCBC-2557-4DBF-BFA2-B92C1B79D330,Grain Size Analysis,GRAIN_SZ_ANLYSS,PD_SourceExtraction,46603045,
AF29FCBC-2557-4DBF-BFA2-B92C1B79D330,Grain Size Analysis,GRAIN_SZ_ANLYSS,PD_SourceModel,SUBSURFACE AND WELLS,
AF29FCBC-2557-4DBF-BFA2-B92C1B79D330,Grain Size Analysis,GRAIN_SZ_ANLYSS,DesignStatus,Approved,BIM-core.DesignStatus
AF29FCBC-2557-4DBF-BFA2-B92C1B79D330,Grain Size Analysis,GRAIN_SZ_ANLYSS,EntityCategory,Transaction,BIM-core.EntityCategory
AF29FCBC-2557-4DBF-BFA2-B92C1B79D330,Grain Size Analysis,GRAIN_SZ_ANLYSS,DataCategory,Structured,BIM-core.DataCategory
AF29FCBC-2557-4DBF-BFA2-B92C1B79D330,Grain Size Analysis,GRAIN_SZ_ANLYSS,Criticality,No Critical Data,BIM-core.Criticality
AF29FCBC-2557-4DBF-BFA2-B92C1B79D330,Grain Size Analysis,GRAIN_SZ_ANLYSS,CommerciallySensitiveInformation,No Commercially Sensitive Information,BIM-core.CommerciallySensitiveInformation
AF29FCBC-2557-4DBF-BFA2-B92C1B79D330,Grain Size Analysis,GRAIN_SZ_ANLYSS,DataConfidentiality,Internal,BIM-core.DataConfidentiality
AF29FCBC-2557-4DBF-BFA2-B92C1B79D330,Grain Size Analysis,GRAIN_SZ_ANLYSS,EntityPersonalData,No Personal Data,BIM-core.EntityPersonalData
AF29FCBC-2557-4DBF-BFA2-B92C1B79D330,Grain Size Analysis,GRAIN_SZ_ANLYSS,FinancialPersonalData,No Financial Personal Data,BIM-core.FinancialPersonalData
AF29FCBC-2557-4DBF-BFA2-B92C1B79D330,Grain Size Analysis,GRAIN_SZ_ANLYSS,SensitivePersonalData,No Sensitive Personal Data,BIM-core.SensitivePersonalData
AF29FCBC-2557-4DBF-BFA2-B92C1B79D330,Grain Size Analysis,GRAIN_SZ_ANLYSS,DataArea,Wellbore,BIM-core.DataArea
AF29FCBC-2557-4DBF-BFA2-B92C1B79D330,Grain Size Analysis,GRAIN_SZ_ANLYSS,EnterpriseLevel,Yes,BIM-core.EnterpriseLevel
AF29FCBC-2557-4DBF-BFA2-B92C1B79D330,Grain Size Analysis,GRAIN_SZ_ANLYSS,ExchangeId,{1FFBBB92-CF87-480F-AB86-601FCBF384B8},BIM-core.ExchangeId
9616AC76-3A4A-481A-978D-88A888D1FE87,Grid 2D,GRD_2D,PD_ObjectID,9616AC76-3A4A-481A-978D-88A888D1FE87,
9616AC76-3A4A-481A-978D-88A888D1FE87,Grid 2D,GRD_2D,PD_SourceExtraction,46603045,
9616AC76-3A4A-481A-978D-88A888D1FE87,Grid 2D,GRD_2D,PD_SourceModel,SUBSURFACE AND WELLS,
9616AC76-3A4A-481A-978D-88A888D1FE87,Grid 2D,GRD_2D,EntityCategory,Transaction,BIM-core.EntityCategory
9616AC76-3A4A-481A-978D-88A888D1FE87,Grid 2D,GRD_2D,DataCategory,Structured,BIM-core.DataCategory
9616AC76-3A4A-481A-978D-88A888D1FE87,Grid 2D,GRD_2D,Criticality,No Critical Data,BIM-core.Criticality
9616AC76-3A4A-481A-978D-88A888D1FE87,Grid 2D,GRD_2D,CommerciallySensitiveInformation,No Commercially Sensitive Information,BIM-core.CommerciallySensitiveInformation
9616AC76-3A4A-481A-978D-88A888D1FE87,Grid 2D,GRD_2D,DataConfidentiality,Internal,BIM-core.DataConfidentiality
9616AC76-3A4A-481A-978D-88A888D1FE87,Grid 2D,GRD_2D,EntityPersonalData,No Personal Data,BIM-core.EntityPersonalData
9616AC76-3A4A-481A-978D-88A888D1FE87,Grid 2D,GRD_2D,FinancialPersonalData,No Financial Personal Data,BIM-core.FinancialPersonalData
9616AC76-3A4A-481A-978D-88A888D1FE87,Grid 2D,GRD_2D,SensitivePersonalData,No Sensitive Personal Data,BIM-core.SensitivePersonalData
9616AC76-3A4A-481A-978D-88A888D1FE87,Grid 2D,GRD_2D,DesignStatus,Approved,BIM-core.DesignStatus
9616AC76-3A4A-481A-978D-88A888D1FE87,Grid 2D,GRD_2D,DataArea,Geology/Petrophysics,BIM-core.DataArea
9616AC76-3A4A-481A-978D-88A888D1FE87,Grid 2D,GRD_2D,EnterpriseLevel,Yes,BIM-core.EnterpriseLevel
9616AC76-3A4A-481A-978D-88A888D1FE87,Grid 2D,GRD_2D,ExchangeId,{FCC6E27E-9CAF-4821-9601-C2BBB41464FF},BIM-core.ExchangeId
94267749-34B8-4D98-A7B3-9354C9A787DA,Grid Trimesh,GRD_TRIMESH,PD_ObjectID,94267749-34B8-4D98-A7B3-9354C9A787DA,
94267749-34B8-4D98-A7B3-9354C9A787DA,Grid Trimesh,GRD_TRIMESH,PD_SourceExtraction,46603045,
94267749-34B8-4D98-A7B3-9354C9A787DA,Grid Trimesh,GRD_TRIMESH,PD_SourceModel,SUBSURFACE AND WELLS,
94267749-34B8-4D98-A7B3-9354C9A787DA,Grid Trimesh,GRD_TRIMESH,EntityCategory,Transaction,BIM-core.EntityCategory
94267749-34B8-4D98-A7B3-9354C9A787DA,Grid Trimesh,GRD_TRIMESH,DataCategory,Structured,BIM-core.DataCategory
94267749-34B8-4D98-A7B3-9354C9A787DA,Grid Trimesh,GRD_TRIMESH,Criticality,No Critical Data,BIM-core.Criticality
94267749-34B8-4D98-A7B3-9354C9A787DA,Grid Trimesh,GRD_TRIMESH,CommerciallySensitiveInformation,No Commercially Sensitive Information,BIM-core.CommerciallySensitiveInformation
94267749-34B8-4D98-A7B3-9354C9A787DA,Grid Trimesh,GRD_TRIMESH,DataConfidentiality,Internal,BIM-core.DataConfidentiality
94267749-34B8-4D98-A7B3-9354C9A787DA,Grid Trimesh,GRD_TRIMESH,EntityPersonalData,No Personal Data,BIM-core.EntityPersonalData
94267749-34B8-4D98-A7B3-9354C9A787DA,Grid Trimesh,GRD_TRIMESH,FinancialPersonalData,No Financial Personal Data,BIM-core.FinancialPersonalData
94267749-34B8-4D98-A7B3-9354C9A787DA,Grid Trimesh,GRD_TRIMESH,SensitivePersonalData,No Sensitive Personal Data,BIM-core.SensitivePersonalData
94267749-34B8-4D98-A7B3-9354C9A787DA,Grid Trimesh,GRD_TRIMESH,DesignStatus,Approved,BIM-core.DesignStatus
94267749-34B8-4D98-A7B3-9354C9A787DA,Grid Trimesh,GRD_TRIMESH,DataArea,Geology/Petrophysics,BIM-core.DataArea
94267749-34B8-4D98-A7B3-9354C9A787DA,Grid Trimesh,GRD_TRIMESH,EnterpriseLevel,Yes,BIM-core.EnterpriseLevel
94267749-34B8-4D98-A7B3-9354C9A787DA,Grid Trimesh,GRD_TRIMESH,ExchangeId,{31650552-F8B2-4722-8455-6340FCC4D449},BIM-core.ExchangeId
E69EDD52-E28F-4B0E-8365-075CD9B3858D,Hazard,HZRD,PD_ObjectID,E69EDD52-E28F-4B0E-8365-075CD9B3858D,
E69EDD52-E28F-4B0E-8365-075CD9B3858D,Hazard,HZRD,PD_SourceExtraction,46603045,
E69EDD52-E28F-4B0E-8365-075CD9B3858D,Hazard,HZRD,PD_SourceModel,SUBSURFACE AND WELLS,
E69EDD52-E28F-4B0E-8365-075CD9B3858D,Hazard,HZRD,MTED_EDaM_Entity_Data_Category,<unspecified>,SHL_CDM_EntityPropertyExtension.MTED_EDaM_Entity_Data_Category
E69EDD52-E28F-4B0E-8365-075CD9B3858D,Hazard,HZRD,MTED_EDaM_Data_Owner,,SHL_CDM_EntityPropertyExtension.MTED_EDaM_Data_Owner
E69EDD52-E28F-4B0E-8365-075CD9B3858D,Hazard,HZRD,MTED_EDaM_Entity_Critical_Data,F,SHL_CDM_EntityPropertyExtension.MTED_EDaM_Entity_Critical_Data
E69EDD52-E28F-4B0E-8365-075CD9B3858D,Hazard,HZRD,MTED_EDaM_Entity_Quality_Indication,<unspecified>,SHL_CDM_EntityPropertyExtension.MTED_EDaM_Entity_Quality_Indication
E69EDD52-E28F-4B0E-8365-075CD9B3858D,Hazard,HZRD,MTED_EDaM_Entity_Availability_Indication,<unspecified>,SHL_CDM_EntityPropertyExtension.MTED_EDaM_Entity_Availability_Indication
E69EDD52-E28F-4B0E-8365-075CD9B3858D,Hazard,HZRD,MTED_EDaM_Security_Classification,Restricted,SHL_CDM_EntityPropertyExtension.MTED_EDaM_Security_Classification
E69EDD52-E28F-4B0E-8365-075CD9B3858D,Hazard,HZRD,MTED_EDaM_Design_Status,Approved,SHL_CDM_EntityPropertyExtension.MTED_EDaM_Design_Status
E69EDD52-E28F-4B0E-8365-075CD9B3858D,Hazard,HZRD,MTED_Version_No,2021.2,SHL_CDM_EntityPropertyExtension.MTED_Version_No
E69EDD52-E28F-4B0E-8365-075CD9B3858D,Hazard,HZRD,MTED_EDaM_Version_Date,,SHL_CDM_EntityPropertyExtension.MTED_EDaM_Version_Date
E69EDD52-E28F-4B0E-8365-075CD9B3858D,Hazard,HZRD,CSI,false,SHL_CDM_EntityPropertyExtension.CSI
E69EDD52-E28F-4B0E-8365-075CD9B3858D,Hazard,HZRD,MTED_EDaM_Business_Critical_Data,false,SHL_CDM_EntityPropertyExtension.MTED_EDaM_Business_Critical_Data
E69EDD52-E28F-4B0E-8365-075CD9B3858D,Hazard,HZRD,MTED_Encryption_Required,false,SHL_CDM_EntityPropertyExtension.MTED_Encryption_Required
E69EDD52-E28F-4B0E-8365-075CD9B3858D,Hazard,HZRD,PII,false,SHL_CDM_EntityPropertyExtension.PII
E69EDD52-E28F-4B0E-8365-075CD9B3858D,Hazard,HZRD,EntityUpdateDate,19/08/2021 Pass 3,SHL_CDM_EntityPropertyExtension.EntityUpdateDate
E69EDD52-E28F-4B0E-8365-075CD9B3858D,Hazard,HZRD,Generation,true,SHL_CDM_EntityPropertyExtension.Generation
E69EDD52-E28F-4B0E-8365-075CD9B3858D,Hazard,HZRD,CommerciallySensitiveInformation,No Commercially Sensitive Information,BIM-core.CommerciallySensitiveInformation
E69EDD52-E28F-4B0E-8365-075CD9B3858D,Hazard,HZRD,Criticality,Critical Data,BIM-core.Criticality
E69EDD52-E28F-4B0E-8365-075CD9B3858D,Hazard,HZRD,DataCategory,Structured,BIM-core.DataCategory
E69EDD52-E28F-4B0E-8365-075CD9B3858D,Hazard,HZRD,DataConfidentiality,Internal,BIM-core.DataConfidentiality
E69EDD52-E28F-4B0E-8365-075CD9B3858D,Hazard,HZRD,DesignStatus,Approved,BIM-core.DesignStatus
E69EDD52-E28F-4B0E-8365-075CD9B3858D,Hazard,HZRD,EntityCategory,Transaction,BIM-core.EntityCategory
E69EDD52-E28F-4B0E-8365-075CD9B3858D,Hazard,HZRD,EntityPersonalData,No Personal Data,BIM-core.EntityPersonalData
E69EDD52-E28F-4B0E-8365-075CD9B3858D,Hazard,HZRD,FinancialPersonalData,No Financial Personal Data,BIM-core.FinancialPersonalData
E69EDD52-E28F-4B0E-8365-075CD9B3858D,Hazard,HZRD,SensitivePersonalData,No Sensitive Personal Data,BIM-core.SensitivePersonalData
E69EDD52-E28F-4B0E-8365-075CD9B3858D,Hazard,HZRD,DataArea,Hazard,BIM-core.DataArea
E69EDD52-E28F-4B0E-8365-075CD9B3858D,Hazard,HZRD,EnterpriseLevel,No,BIM-core.EnterpriseLevel
E69EDD52-E28F-4B0E-8365-075CD9B3858D,Hazard,HZRD,ExchangeId,{ED66007F-6090-44D4-A93A-B5FB882019DB},BIM-core.ExchangeId
6BFCC5A1-9F5A-4A38-B4F1-6DEA144F2938,Hazardous Area,HZRDS_AR,PD_ObjectID,6BFCC5A1-9F5A-4A38-B4F1-6DEA144F2938,
6BFCC5A1-9F5A-4A38-B4F1-6DEA144F2938,Hazardous Area,HZRDS_AR,PD_SourceExtraction,46603045,
6BFCC5A1-9F5A-4A38-B4F1-6DEA144F2938,Hazardous Area,HZRDS_AR,PD_SourceModel,SUBSURFACE AND WELLS,
6BFCC5A1-9F5A-4A38-B4F1-6DEA144F2938,Hazardous Area,HZRDS_AR,EntityUpdateDate,19/08/2021 Pass 3,SHL_CDM_EntityPropertyExtension.EntityUpdateDate
6BFCC5A1-9F5A-4A38-B4F1-6DEA144F2938,Hazardous Area,HZRDS_AR,MTED_EDaM_Entity_Availability_Indication,<unspecified>,SHL_CDM_EntityPropertyExtension.MTED_EDaM_Entity_Availability_Indication
6BFCC5A1-9F5A-4A38-B4F1-6DEA144F2938,Hazardous Area,HZRDS_AR,MTED_EDaM_Entity_Critical_Data,F,SHL_CDM_EntityPropertyExtension.MTED_EDaM_Entity_Critical_Data
6BFCC5A1-9F5A-4A38-B4F1-6DEA144F2938,Hazardous Area,HZRDS_AR,MTED_EDaM_Entity_Data_Category,<unspecified>,SHL_CDM_EntityPropertyExtension.MTED_EDaM_Entity_Data_Category
6BFCC5A1-9F5A-4A38-B4F1-6DEA144F2938,Hazardous Area,HZRDS_AR,MTED_EDaM_Entity_Quality_Indication,<unspecified>,SHL_CDM_EntityPropertyExtension.MTED_EDaM_Entity_Quality_Indication
6BFCC5A1-9F5A-4A38-B4F1-6DEA144F2938,Hazardous Area,HZRDS_AR,MTED_EDaM_Security_Classification,Restricted,SHL_CDM_EntityPropertyExtension.MTED_EDaM_Security_Classification
6BFCC5A1-9F5A-4A38-B4F1-6DEA144F2938,Hazardous Area,HZRDS_AR,MTED_EDaM_Version_Date,,SHL_CDM_EntityPropertyExtension.MTED_EDaM_Version_Date
6BFCC5A1-9F5A-4A38-B4F1-6DEA144F2938,Hazardous Area,HZRDS_AR,CommerciallySensitiveInformation,No Commercially Sensitive Information,BIM-core.CommerciallySensitiveInformation
6BFCC5A1-9F5A-4A38-B4F1-6DEA144F2938,Hazardous Area,HZRDS_AR,Criticality,Critical Data,BIM-core.Criticality
6BFCC5A1-9F5A-4A38-B4F1-6DEA144F2938,Hazardous Area,HZRDS_AR,DataCategory,Structured,BIM-core.DataCategory
6BFCC5A1-9F5A-4A38-B4F1-6DEA144F2938,Hazardous Area,HZRDS_AR,DataConfidentiality,Internal,BIM-core.DataConfidentiality
6BFCC5A1-9F5A-4A38-B4F1-6DEA144F2938,Hazardous Area,HZRDS_AR,DesignStatus,Approved,BIM-core.DesignStatus
6BFCC5A1-9F5A-4A38-B4F1-6DEA144F2938,Hazardous Area,HZRDS_AR,EntityCategory,Transaction,BIM-core.EntityCategory
6BFCC5A1-9F5A-4A38-B4F1-6DEA144F2938,Hazardous Area,HZRDS_AR,EntityPersonalData,No Personal Data,BIM-core.EntityPersonalData
6BFCC5A1-9F5A-4A38-B4F1-6DEA144F2938,Hazardous Area,HZRDS_AR,FinancialPersonalData,No Financial Personal Data,BIM-core.FinancialPersonalData
6BFCC5A1-9F5A-4A38-B4F1-6DEA144F2938,Hazardous Area,HZRDS_AR,SensitivePersonalData,No Sensitive Personal Data,BIM-core.SensitivePersonalData
6BFCC5A1-9F5A-4A38-B4F1-6DEA144F2938,Hazardous Area,HZRDS_AR,DataArea,Hazard,BIM-core.DataArea
6BFCC5A1-9F5A-4A38-B4F1-6DEA144F2938,Hazardous Area,HZRDS_AR,EnterpriseLevel,No,BIM-core.EnterpriseLevel
6BFCC5A1-9F5A-4A38-B4F1-6DEA144F2938,Hazardous Area,HZRDS_AR,ExchangeId,{6C96B083-2373-4567-AB68-7A343D2A17AA},BIM-core.ExchangeId
9C3E57B3-9B2F-4BC5-891C-245B0B48DF5B,Health Safety Environment Event,HLTH_SFTY_ENVRNMNT_EVNT,PD_ObjectID,9C3E57B3-9B2F-4BC5-891C-245B0B48DF5B,
9C3E57B3-9B2F-4BC5-891C-245B0B48DF5B,Health Safety Environment Event,HLTH_SFTY_ENVRNMNT_EVNT,PD_SourceExtraction,46603045,
9C3E57B3-9B2F-4BC5-891C-245B0B48DF5B,Health Safety Environment Event,HLTH_SFTY_ENVRNMNT_EVNT,PD_SourceModel,SUBSURFACE AND WELLS,
9C3E57B3-9B2F-4BC5-891C-245B0B48DF5B,Health Safety Environment Event,HLTH_SFTY_ENVRNMNT_EVNT,EntityCategory,Transaction,BIM-core.EntityCategory
9C3E57B3-9B2F-4BC5-891C-245B0B48DF5B,Health Safety Environment Event,HLTH_SFTY_ENVRNMNT_EVNT,DataCategory,Structured,BIM-core.DataCategory
9C3E57B3-9B2F-4BC5-891C-245B0B48DF5B,Health Safety Environment Event,HLTH_SFTY_ENVRNMNT_EVNT,Criticality,No Critical Data,BIM-core.Criticality
9C3E57B3-9B2F-4BC5-891C-245B0B48DF5B,Health Safety Environment Event,HLTH_SFTY_ENVRNMNT_EVNT,CommerciallySensitiveInformation,No Commercially Sensitive Information,BIM-core.CommerciallySensitiveInformation
9C3E57B3-9B2F-4BC5-891C-245B0B48DF5B,Health Safety Environment Event,HLTH_SFTY_ENVRNMNT_EVNT,DataConfidentiality,Internal,BIM-core.DataConfidentiality
9C3E57B3-9B2F-4BC5-891C-245B0B48DF5B,Health Safety Environment Event,HLTH_SFTY_ENVRNMNT_EVNT,EntityPersonalData,No Personal Data,BIM-core.EntityPersonalData
9C3E57B3-9B2F-4BC5-891C-245B0B48DF5B,Health Safety Environment Event,HLTH_SFTY_ENVRNMNT_EVNT,FinancialPersonalData,No Financial Personal Data,BIM-core.FinancialPersonalData
9C3E57B3-9B2F-4BC5-891C-245B0B48DF5B,Health Safety Environment Event,HLTH_SFTY_ENVRNMNT_EVNT,SensitivePersonalData,No Sensitive Personal Data,BIM-core.SensitivePersonalData
9C3E57B3-9B2F-4BC5-891C-245B0B48DF5B,Health Safety Environment Event,HLTH_SFTY_ENVRNMNT_EVNT,DesignStatus,Approved,BIM-core.DesignStatus
9C3E57B3-9B2F-4BC5-891C-245B0B48DF5B,Health Safety Environment Event,HLTH_SFTY_ENVRNMNT_EVNT,DataArea,Well Activity,BIM-core.DataArea
9C3E57B3-9B2F-4BC5-891C-245B0B48DF5B,Health Safety Environment Event,HLTH_SFTY_ENVRNMNT_EVNT,EnterpriseLevel,Yes,BIM-core.EnterpriseLevel
9C3E57B3-9B2F-4BC5-891C-245B0B48DF5B,Health Safety Environment Event,HLTH_SFTY_ENVRNMNT_EVNT,ExchangeId,{5F9CB3B2-4A87-4AA7-887A-28333D5AAF7B},BIM-core.ExchangeId
44D5C0C9-E2C3-46BA-B3DB-C6909BFA9F1C,History Matched Dynamic Model,HSTRY_MTCHD_DYNMC_MDL,PD_ObjectID,44D5C0C9-E2C3-46BA-B3DB-C6909BFA9F1C,
44D5C0C9-E2C3-46BA-B3DB-C6909BFA9F1C,History Matched Dynamic Model,HSTRY_MTCHD_DYNMC_MDL,PD_SourceExtraction,46603045,
44D5C0C9-E2C3-46BA-B3DB-C6909BFA9F1C,History Matched Dynamic Model,HSTRY_MTCHD_DYNMC_MDL,PD_SourceModel,SUBSURFACE AND WELLS,
44D5C0C9-E2C3-46BA-B3DB-C6909BFA9F1C,History Matched Dynamic Model,HSTRY_MTCHD_DYNMC_MDL,CSI,false,SHL_CDM_EntityPropertyExtension.CSI
44D5C0C9-E2C3-46BA-B3DB-C6909BFA9F1C,History Matched Dynamic Model,HSTRY_MTCHD_DYNMC_MDL,EntityUpdateDate,19/08/2021 Pass 3,SHL_CDM_EntityPropertyExtension.EntityUpdateDate
44D5C0C9-E2C3-46BA-B3DB-C6909BFA9F1C,History Matched Dynamic Model,HSTRY_MTCHD_DYNMC_MDL,MTED_EDaM_Business_Critical_Data,false,SHL_CDM_EntityPropertyExtension.MTED_EDaM_Business_Critical_Data
44D5C0C9-E2C3-46BA-B3DB-C6909BFA9F1C,History Matched Dynamic Model,HSTRY_MTCHD_DYNMC_MDL,MTED_Encryption_Required,false,SHL_CDM_EntityPropertyExtension.MTED_Encryption_Required
44D5C0C9-E2C3-46BA-B3DB-C6909BFA9F1C,History Matched Dynamic Model,HSTRY_MTCHD_DYNMC_MDL,PII,false,SHL_CDM_EntityPropertyExtension.PII
44D5C0C9-E2C3-46BA-B3DB-C6909BFA9F1C,History Matched Dynamic Model,HSTRY_MTCHD_DYNMC_MDL,Generation,true,SHL_CDM_EntityPropertyExtension.Generation
44D5C0C9-E2C3-46BA-B3DB-C6909BFA9F1C,History Matched Dynamic Model,HSTRY_MTCHD_DYNMC_MDL,MTED_EDaM_Design_Status,Approved,SHL_CDM_EntityPropertyExtension.MTED_EDaM_Design_Status
44D5C0C9-E2C3-46BA-B3DB-C6909BFA9F1C,History Matched Dynamic Model,HSTRY_MTCHD_DYNMC_MDL,MTED_Version_No,2021.2,SHL_CDM_EntityPropertyExtension.MTED_Version_No
44D5C0C9-E2C3-46BA-B3DB-C6909BFA9F1C,History Matched Dynamic Model,HSTRY_MTCHD_DYNMC_MDL,CommerciallySensitiveInformation,No Commercially Sensitive Information,BIM-core.CommerciallySensitiveInformation
44D5C0C9-E2C3-46BA-B3DB-C6909BFA9F1C,History Matched Dynamic Model,HSTRY_MTCHD_DYNMC_MDL,Criticality,No Critical Data,BIM-core.Criticality
44D5C0C9-E2C3-46BA-B3DB-C6909BFA9F1C,History Matched Dynamic Model,HSTRY_MTCHD_DYNMC_MDL,DataCategory,Structured,BIM-core.DataCategory
44D5C0C9-E2C3-46BA-B3DB-C6909BFA9F1C,History Matched Dynamic Model,HSTRY_MTCHD_DYNMC_MDL,DataConfidentiality,Internal,BIM-core.DataConfidentiality
44D5C0C9-E2C3-46BA-B3DB-C6909BFA9F1C,History Matched Dynamic Model,HSTRY_MTCHD_DYNMC_MDL,DesignStatus,Approved,BIM-core.DesignStatus
44D5C0C9-E2C3-46BA-B3DB-C6909BFA9F1C,History Matched Dynamic Model,HSTRY_MTCHD_DYNMC_MDL,EntityCategory,Transaction,BIM-core.EntityCategory
44D5C0C9-E2C3-46BA-B3DB-C6909BFA9F1C,History Matched Dynamic Model,HSTRY_MTCHD_DYNMC_MDL,EntityPersonalData,No Personal Data,BIM-core.EntityPersonalData
44D5C0C9-E2C3-46BA-B3DB-C6909BFA9F1C,History Matched Dynamic Model,HSTRY_MTCHD_DYNMC_MDL,FinancialPersonalData,No Financial Personal Data,BIM-core.FinancialPersonalData
44D5C0C9-E2C3-46BA-B3DB-C6909BFA9F1C,History Matched Dynamic Model,HSTRY_MTCHD_DYNMC_MDL,SensitivePersonalData,No Sensitive Personal Data,BIM-core.SensitivePersonalData
44D5C0C9-E2C3-46BA-B3DB-C6909BFA9F1C,History Matched Dynamic Model,HSTRY_MTCHD_DYNMC_MDL,DataArea,Reservoir,BIM-core.DataArea
44D5C0C9-E2C3-46BA-B3DB-C6909BFA9F1C,History Matched Dynamic Model,HSTRY_MTCHD_DYNMC_MDL,EnterpriseLevel,Yes,BIM-core.EnterpriseLevel
44D5C0C9-E2C3-46BA-B3DB-C6909BFA9F1C,History Matched Dynamic Model,HSTRY_MTCHD_DYNMC_MDL,ExchangeId,{6A20A993-D037-44E2-AC0B-F0C79D1CDA55},BIM-core.ExchangeId
BD4F8470-C2FE-4C99-BCF8-5BC9261658D2,Horizon Interpretation,HORIZON_INTRPRTTN,PD_ObjectID,BD4F8470-C2FE-4C99-BCF8-5BC9261658D2,
BD4F8470-C2FE-4C99-BCF8-5BC9261658D2,Horizon Interpretation,HORIZON_INTRPRTTN,PD_SourceExtraction,46603045,
BD4F8470-C2FE-4C99-BCF8-5BC9261658D2,Horizon Interpretation,HORIZON_INTRPRTTN,PD_SourceModel,SUBSURFACE AND WELLS,
BD4F8470-C2FE-4C99-BCF8-5BC9261658D2,Horizon Interpretation,HORIZON_INTRPRTTN,EntityCategory,Transaction,BIM-core.EntityCategory
BD4F8470-C2FE-4C99-BCF8-5BC9261658D2,Horizon Interpretation,HORIZON_INTRPRTTN,DataCategory,Structured,BIM-core.DataCategory
BD4F8470-C2FE-4C99-BCF8-5BC9261658D2,Horizon Interpretation,HORIZON_INTRPRTTN,Criticality,No Critical Data,BIM-core.Criticality
BD4F8470-C2FE-4C99-BCF8-5BC9261658D2,Horizon Interpretation,HORIZON_INTRPRTTN,CommerciallySensitiveInformation,No Commercially Sensitive Information,BIM-core.CommerciallySensitiveInformation
BD4F8470-C2FE-4C99-BCF8-5BC9261658D2,Horizon Interpretation,HORIZON_INTRPRTTN,DataConfidentiality,Internal,BIM-core.DataConfidentiality
BD4F8470-C2FE-4C99-BCF8-5BC9261658D2,Horizon Interpretation,HORIZON_INTRPRTTN,EntityPersonalData,No Personal Data,BIM-core.EntityPersonalData
BD4F8470-C2FE-4C99-BCF8-5BC9261658D2,Horizon Interpretation,HORIZON_INTRPRTTN,FinancialPersonalData,No Financial Personal Data,BIM-core.FinancialPersonalData
BD4F8470-C2FE-4C99-BCF8-5BC9261658D2,Horizon Interpretation,HORIZON_INTRPRTTN,SensitivePersonalData,No Sensitive Personal Data,BIM-core.SensitivePersonalData
BD4F8470-C2FE-4C99-BCF8-5BC9261658D2,Horizon Interpretation,HORIZON_INTRPRTTN,DesignStatus,Approved,BIM-core.DesignStatus
BD4F8470-C2FE-4C99-BCF8-5BC9261658D2,Horizon Interpretation,HORIZON_INTRPRTTN,DataArea,Reservoir,BIM-core.DataArea
BD4F8470-C2FE-4C99-BCF8-5BC9261658D2,Horizon Interpretation,HORIZON_INTRPRTTN,EnterpriseLevel,Yes,BIM-core.EnterpriseLevel
BD4F8470-C2FE-4C99-BCF8-5BC9261658D2,Horizon Interpretation,HORIZON_INTRPRTTN,ExchangeId,{ADCDDB2A-BB8B-4B20-B9D1-712D019C6DE4},BIM-core.ExchangeId
D9CFFA4B-D090-4FAE-B5E5-E3A2CB1C84C4,Integrated Activity Plan Rig Schedule,INTGRTD_ACTVTY_PLN_RG_SCHDL,PD_ObjectID,D9CFFA4B-D090-4FAE-B5E5-E3A2CB1C84C4,
D9CFFA4B-D090-4FAE-B5E5-E3A2CB1C84C4,Integrated Activity Plan Rig Schedule,INTGRTD_ACTVTY_PLN_RG_SCHDL,PD_SourceExtraction,46603045,
D9CFFA4B-D090-4FAE-B5E5-E3A2CB1C84C4,Integrated Activity Plan Rig Schedule,INTGRTD_ACTVTY_PLN_RG_SCHDL,PD_SourceModel,SUBSURFACE AND WELLS,
D9CFFA4B-D090-4FAE-B5E5-E3A2CB1C84C4,Integrated Activity Plan Rig Schedule,INTGRTD_ACTVTY_PLN_RG_SCHDL,CSI,false,SHL_CDM_EntityPropertyExtension.CSI
D9CFFA4B-D090-4FAE-B5E5-E3A2CB1C84C4,Integrated Activity Plan Rig Schedule,INTGRTD_ACTVTY_PLN_RG_SCHDL,EntityUpdateDate,19/08/2021 Pass 3,SHL_CDM_EntityPropertyExtension.EntityUpdateDate
D9CFFA4B-D090-4FAE-B5E5-E3A2CB1C84C4,Integrated Activity Plan Rig Schedule,INTGRTD_ACTVTY_PLN_RG_SCHDL,MTED_EDaM_Business_Critical_Data,false,SHL_CDM_EntityPropertyExtension.MTED_EDaM_Business_Critical_Data
D9CFFA4B-D090-4FAE-B5E5-E3A2CB1C84C4,Integrated Activity Plan Rig Schedule,INTGRTD_ACTVTY_PLN_RG_SCHDL,MTED_Encryption_Required,false,SHL_CDM_EntityPropertyExtension.MTED_Encryption_Required
D9CFFA4B-D090-4FAE-B5E5-E3A2CB1C84C4,Integrated Activity Plan Rig Schedule,INTGRTD_ACTVTY_PLN_RG_SCHDL,PII,false,SHL_CDM_EntityPropertyExtension.PII
D9CFFA4B-D090-4FAE-B5E5-E3A2CB1C84C4,Integrated Activity Plan Rig Schedule,INTGRTD_ACTVTY_PLN_RG_SCHDL,MTED_EDaM_Design_Status,Approved,SHL_CDM_EntityPropertyExtension.MTED_EDaM_Design_Status
D9CFFA4B-D090-4FAE-B5E5-E3A2CB1C84C4,Integrated Activity Plan Rig Schedule,INTGRTD_ACTVTY_PLN_RG_SCHDL,MTED_Version_No,2021.2,SHL_CDM_EntityPropertyExtension.MTED_Version_No
D9CFFA4B-D090-4FAE-B5E5-E3A2CB1C84C4,Integrated Activity Plan Rig Schedule,INTGRTD_ACTVTY_PLN_RG_SCHDL,Generation,true,SHL_CDM_EntityPropertyExtension.Generation
D9CFFA4B-D090-4FAE-B5E5-E3A2CB1C84C4,Integrated Activity Plan Rig Schedule,INTGRTD_ACTVTY_PLN_RG_SCHDL,CommerciallySensitiveInformation,No Commercially Sensitive Information,BIM-core.CommerciallySensitiveInformation
D9CFFA4B-D090-4FAE-B5E5-E3A2CB1C84C4,Integrated Activity Plan Rig Schedule,INTGRTD_ACTVTY_PLN_RG_SCHDL,Criticality,No Critical Data,BIM-core.Criticality
D9CFFA4B-D090-4FAE-B5E5-E3A2CB1C84C4,Integrated Activity Plan Rig Schedule,INTGRTD_ACTVTY_PLN_RG_SCHDL,DataCategory,Structured,BIM-core.DataCategory
D9CFFA4B-D090-4FAE-B5E5-E3A2CB1C84C4,Integrated Activity Plan Rig Schedule,INTGRTD_ACTVTY_PLN_RG_SCHDL,DataConfidentiality,Internal,BIM-core.DataConfidentiality
D9CFFA4B-D090-4FAE-B5E5-E3A2CB1C84C4,Integrated Activity Plan Rig Schedule,INTGRTD_ACTVTY_PLN_RG_SCHDL,DesignStatus,Approved,BIM-core.DesignStatus
D9CFFA4B-D090-4FAE-B5E5-E3A2CB1C84C4,Integrated Activity Plan Rig Schedule,INTGRTD_ACTVTY_PLN_RG_SCHDL,EntityCategory,Transaction,BIM-core.EntityCategory
D9CFFA4B-D090-4FAE-B5E5-E3A2CB1C84C4,Integrated Activity Plan Rig Schedule,INTGRTD_ACTVTY_PLN_RG_SCHDL,EntityPersonalData,No Personal Data,BIM-core.EntityPersonalData
D9CFFA4B-D090-4FAE-B5E5-E3A2CB1C84C4,Integrated Activity Plan Rig Schedule,INTGRTD_ACTVTY_PLN_RG_SCHDL,FinancialPersonalData,No Financial Personal Data,BIM-core.FinancialPersonalData
D9CFFA4B-D090-4FAE-B5E5-E3A2CB1C84C4,Integrated Activity Plan Rig Schedule,INTGRTD_ACTVTY_PLN_RG_SCHDL,SensitivePersonalData,No Sensitive Personal Data,BIM-core.SensitivePersonalData
D9CFFA4B-D090-4FAE-B5E5-E3A2CB1C84C4,Integrated Activity Plan Rig Schedule,INTGRTD_ACTVTY_PLN_RG_SCHDL,DataArea,Well Activity,BIM-core.DataArea
D9CFFA4B-D090-4FAE-B5E5-E3A2CB1C84C4,Integrated Activity Plan Rig Schedule,INTGRTD_ACTVTY_PLN_RG_SCHDL,EnterpriseLevel,Yes,BIM-core.EnterpriseLevel
D9CFFA4B-D090-4FAE-B5E5-E3A2CB1C84C4,Integrated Activity Plan Rig Schedule,INTGRTD_ACTVTY_PLN_RG_SCHDL,ExchangeId,{23F49826-60A0-416B-80B8-B652838351B0},BIM-core.ExchangeId
4EFA56F4-C274-4FC2-9CD2-9BCBAF76173A,Interest,INTRST,PD_ObjectID,4EFA56F4-C274-4FC2-9CD2-9BCBAF76173A,
4EFA56F4-C274-4FC2-9CD2-9BCBAF76173A,Interest,INTRST,PD_SourceExtraction,46603045,
4EFA56F4-C274-4FC2-9CD2-9BCBAF76173A,Interest,INTRST,PD_SourceModel,SUBSURFACE AND WELLS,
4EFA56F4-C274-4FC2-9CD2-9BCBAF76173A,Interest,INTRST,CSI,false,SHL_CDM_EntityPropertyExtension.CSI
4EFA56F4-C274-4FC2-9CD2-9BCBAF76173A,Interest,INTRST,EntityUpdateDate,19/08/2021 Pass 3,SHL_CDM_EntityPropertyExtension.EntityUpdateDate
4EFA56F4-C274-4FC2-9CD2-9BCBAF76173A,Interest,INTRST,MTED_EDaM_Business_Critical_Data,false,SHL_CDM_EntityPropertyExtension.MTED_EDaM_Business_Critical_Data
4EFA56F4-C274-4FC2-9CD2-9BCBAF76173A,Interest,INTRST,MTED_Encryption_Required,false,SHL_CDM_EntityPropertyExtension.MTED_Encryption_Required
4EFA56F4-C274-4FC2-9CD2-9BCBAF76173A,Interest,INTRST,PII,false,SHL_CDM_EntityPropertyExtension.PII
4EFA56F4-C274-4FC2-9CD2-9BCBAF76173A,Interest,INTRST,Generation,true,SHL_CDM_EntityPropertyExtension.Generation
4EFA56F4-C274-4FC2-9CD2-9BCBAF76173A,Interest,INTRST,MTED_EDaM_Design_Status,Approved,SHL_CDM_EntityPropertyExtension.MTED_EDaM_Design_Status
4EFA56F4-C274-4FC2-9CD2-9BCBAF76173A,Interest,INTRST,MTED_Version_No,2021.2,SHL_CDM_EntityPropertyExtension.MTED_Version_No
4EFA56F4-C274-4FC2-9CD2-9BCBAF76173A,Interest,INTRST,CommerciallySensitiveInformation,No Commercially Sensitive Information,BIM-core.CommerciallySensitiveInformation
4EFA56F4-C274-4FC2-9CD2-9BCBAF76173A,Interest,INTRST,Criticality,Critical Data,BIM-core.Criticality
4EFA56F4-C274-4FC2-9CD2-9BCBAF76173A,Interest,INTRST,DataCategory,Structured,BIM-core.DataCategory
4EFA56F4-C274-4FC2-9CD2-9BCBAF76173A,Interest,INTRST,DataConfidentiality,Internal,BIM-core.DataConfidentiality
4EFA56F4-C274-4FC2-9CD2-9BCBAF76173A,Interest,INTRST,DesignStatus,Approved,BIM-core.DesignStatus
4EFA56F4-C274-4FC2-9CD2-9BCBAF76173A,Interest,INTRST,EntityCategory,Master,BIM-core.EntityCategory
4EFA56F4-C274-4FC2-9CD2-9BCBAF76173A,Interest,INTRST,EntityPersonalData,No Personal Data,BIM-core.EntityPersonalData
4EFA56F4-C274-4FC2-9CD2-9BCBAF76173A,Interest,INTRST,FinancialPersonalData,No Financial Personal Data,BIM-core.FinancialPersonalData
4EFA56F4-C274-4FC2-9CD2-9BCBAF76173A,Interest,INTRST,SensitivePersonalData,No Sensitive Personal Data,BIM-core.SensitivePersonalData
4EFA56F4-C274-4FC2-9CD2-9BCBAF76173A,Interest,INTRST,DataArea,Joint Venture Accounting,BIM-core.DataArea
4EFA56F4-C274-4FC2-9CD2-9BCBAF76173A,Interest,INTRST,EnterpriseLevel,No,BIM-core.EnterpriseLevel
4EFA56F4-C274-4FC2-9CD2-9BCBAF76173A,Interest,INTRST,ExchangeId,{D46D43B4-9BEE-404C-9BF6-960D4B3030C3},BIM-core.ExchangeId
9712A179-E76E-4D63-87B5-04C43A89BA5C,Interpretation,INTRPRTTN,PD_ObjectID,9712A179-E76E-4D63-87B5-04C43A89BA5C,
9712A179-E76E-4D63-87B5-04C43A89BA5C,Interpretation,INTRPRTTN,PD_SourceExtraction,46603045,
9712A179-E76E-4D63-87B5-04C43A89BA5C,Interpretation,INTRPRTTN,PD_SourceModel,SUBSURFACE AND WELLS,
9712A179-E76E-4D63-87B5-04C43A89BA5C,Interpretation,INTRPRTTN,EntityCategory,Transaction,BIM-core.EntityCategory
9712A179-E76E-4D63-87B5-04C43A89BA5C,Interpretation,INTRPRTTN,DataCategory,Structured,BIM-core.DataCategory
9712A179-E76E-4D63-87B5-04C43A89BA5C,Interpretation,INTRPRTTN,Criticality,No Critical Data,BIM-core.Criticality
9712A179-E76E-4D63-87B5-04C43A89BA5C,Interpretation,INTRPRTTN,CommerciallySensitiveInformation,No Commercially Sensitive Information,BIM-core.CommerciallySensitiveInformation
9712A179-E76E-4D63-87B5-04C43A89BA5C,Interpretation,INTRPRTTN,DataConfidentiality,Internal,BIM-core.DataConfidentiality
9712A179-E76E-4D63-87B5-04C43A89BA5C,Interpretation,INTRPRTTN,EntityPersonalData,No Personal Data,BIM-core.EntityPersonalData
9712A179-E76E-4D63-87B5-04C43A89BA5C,Interpretation,INTRPRTTN,FinancialPersonalData,No Financial Personal Data,BIM-core.FinancialPersonalData
9712A179-E76E-4D63-87B5-04C43A89BA5C,Interpretation,INTRPRTTN,SensitivePersonalData,No Sensitive Personal Data,BIM-core.SensitivePersonalData
9712A179-E76E-4D63-87B5-04C43A89BA5C,Interpretation,INTRPRTTN,DesignStatus,Approved,BIM-core.DesignStatus
9712A179-E76E-4D63-87B5-04C43A89BA5C,Interpretation,INTRPRTTN,DataArea,Reservoir,BIM-core.DataArea
9712A179-E76E-4D63-87B5-04C43A89BA5C,Interpretation,INTRPRTTN,EnterpriseLevel,Yes,BIM-core.EnterpriseLevel
9712A179-E76E-4D63-87B5-04C43A89BA5C,Interpretation,INTRPRTTN,ExchangeId,{4DED89EB-AE26-4842-84AB-F3BEFF0FCB8E},BIM-core.ExchangeId
A044AD5B-33F2-42F5-BFAE-A39DDEDE68E3,Interpreted Time Series Property,INTRPRTD_TM_SRS_PRPRTY,PD_ObjectID,A044AD5B-33F2-42F5-BFAE-A39DDEDE68E3,
A044AD5B-33F2-42F5-BFAE-A39DDEDE68E3,Interpreted Time Series Property,INTRPRTD_TM_SRS_PRPRTY,PD_SourceExtraction,46603045,
A044AD5B-33F2-42F5-BFAE-A39DDEDE68E3,Interpreted Time Series Property,INTRPRTD_TM_SRS_PRPRTY,PD_SourceModel,SUBSURFACE AND WELLS,
A044AD5B-33F2-42F5-BFAE-A39DDEDE68E3,Interpreted Time Series Property,INTRPRTD_TM_SRS_PRPRTY,CSI,false,SHL_CDM_EntityPropertyExtension.CSI
A044AD5B-33F2-42F5-BFAE-A39DDEDE68E3,Interpreted Time Series Property,INTRPRTD_TM_SRS_PRPRTY,EntityUpdateDate,19/08/2021 Pass 3,SHL_CDM_EntityPropertyExtension.EntityUpdateDate
A044AD5B-33F2-42F5-BFAE-A39DDEDE68E3,Interpreted Time Series Property,INTRPRTD_TM_SRS_PRPRTY,MTED_EDaM_Business_Critical_Data,false,SHL_CDM_EntityPropertyExtension.MTED_EDaM_Business_Critical_Data
A044AD5B-33F2-42F5-BFAE-A39DDEDE68E3,Interpreted Time Series Property,INTRPRTD_TM_SRS_PRPRTY,MTED_Encryption_Required,false,SHL_CDM_EntityPropertyExtension.MTED_Encryption_Required
A044AD5B-33F2-42F5-BFAE-A39DDEDE68E3,Interpreted Time Series Property,INTRPRTD_TM_SRS_PRPRTY,PII,false,SHL_CDM_EntityPropertyExtension.PII
A044AD5B-33F2-42F5-BFAE-A39DDEDE68E3,Interpreted Time Series Property,INTRPRTD_TM_SRS_PRPRTY,Generation,true,SHL_CDM_EntityPropertyExtension.Generation
A044AD5B-33F2-42F5-BFAE-A39DDEDE68E3,Interpreted Time Series Property,INTRPRTD_TM_SRS_PRPRTY,MTED_EDaM_Design_Status,Approved,SHL_CDM_EntityPropertyExtension.MTED_EDaM_Design_Status
A044AD5B-33F2-42F5-BFAE-A39DDEDE68E3,Interpreted Time Series Property,INTRPRTD_TM_SRS_PRPRTY,MTED_Version_No,2021.2,SHL_CDM_EntityPropertyExtension.MTED_Version_No
A044AD5B-33F2-42F5-BFAE-A39DDEDE68E3,Interpreted Time Series Property,INTRPRTD_TM_SRS_PRPRTY,CommerciallySensitiveInformation,No Commercially Sensitive Information,BIM-core.CommerciallySensitiveInformation
A044AD5B-33F2-42F5-BFAE-A39DDEDE68E3,Interpreted Time Series Property,INTRPRTD_TM_SRS_PRPRTY,Criticality,No Critical Data,BIM-core.Criticality
A044AD5B-33F2-42F5-BFAE-A39DDEDE68E3,Interpreted Time Series Property,INTRPRTD_TM_SRS_PRPRTY,DataCategory,Structured,BIM-core.DataCategory
A044AD5B-33F2-42F5-BFAE-A39DDEDE68E3,Interpreted Time Series Property,INTRPRTD_TM_SRS_PRPRTY,DataConfidentiality,Internal,BIM-core.DataConfidentiality
A044AD5B-33F2-42F5-BFAE-A39DDEDE68E3,Interpreted Time Series Property,INTRPRTD_TM_SRS_PRPRTY,DesignStatus,Approved,BIM-core.DesignStatus
A044AD5B-33F2-42F5-BFAE-A39DDEDE68E3,Interpreted Time Series Property,INTRPRTD_TM_SRS_PRPRTY,EntityCategory,Transaction,BIM-core.EntityCategory
A044AD5B-33F2-42F5-BFAE-A39DDEDE68E3,Interpreted Time Series Property,INTRPRTD_TM_SRS_PRPRTY,EntityPersonalData,No Personal Data,BIM-core.EntityPersonalData
A044AD5B-33F2-42F5-BFAE-A39DDEDE68E3,Interpreted Time Series Property,INTRPRTD_TM_SRS_PRPRTY,FinancialPersonalData,No Financial Personal Data,BIM-core.FinancialPersonalData
A044AD5B-33F2-42F5-BFAE-A39DDEDE68E3,Interpreted Time Series Property,INTRPRTD_TM_SRS_PRPRTY,SensitivePersonalData,No Sensitive Personal Data,BIM-core.SensitivePersonalData
A044AD5B-33F2-42F5-BFAE-A39DDEDE68E3,Interpreted Time Series Property,INTRPRTD_TM_SRS_PRPRTY,DataArea,Reservoir,BIM-core.DataArea
A044AD5B-33F2-42F5-BFAE-A39DDEDE68E3,Interpreted Time Series Property,INTRPRTD_TM_SRS_PRPRTY,EnterpriseLevel,Yes,BIM-core.EnterpriseLevel
A044AD5B-33F2-42F5-BFAE-A39DDEDE68E3,Interpreted Time Series Property,INTRPRTD_TM_SRS_PRPRTY,ExchangeId,{93D4CC2A-4459-430E-92C0-00D4A6C3119C},BIM-core.ExchangeId
28E2E586-BF3C-483C-91C5-A1CB84C98E65,Ipsc Production Forecast,IPSC_PRDCTN_FRCST,PD_ObjectID,28E2E586-BF3C-483C-91C5-A1CB84C98E65,
28E2E586-BF3C-483C-91C5-A1CB84C98E65,Ipsc Production Forecast,IPSC_PRDCTN_FRCST,PD_SourceExtraction,46603045,
28E2E586-BF3C-483C-91C5-A1CB84C98E65,Ipsc Production Forecast,IPSC_PRDCTN_FRCST,PD_SourceModel,SUBSURFACE AND WELLS,
28E2E586-BF3C-483C-91C5-A1CB84C98E65,Ipsc Production Forecast,IPSC_PRDCTN_FRCST,CSI,false,SHL_CDM_EntityPropertyExtension.CSI
28E2E586-BF3C-483C-91C5-A1CB84C98E65,Ipsc Production Forecast,IPSC_PRDCTN_FRCST,EntityUpdateDate,19/08/2021 Pass 3,SHL_CDM_EntityPropertyExtension.EntityUpdateDate
28E2E586-BF3C-483C-91C5-A1CB84C98E65,Ipsc Production Forecast,IPSC_PRDCTN_FRCST,MTED_EDaM_Business_Critical_Data,false,SHL_CDM_EntityPropertyExtension.MTED_EDaM_Business_Critical_Data
28E2E586-BF3C-483C-91C5-A1CB84C98E65,Ipsc Production Forecast,IPSC_PRDCTN_FRCST,MTED_Encryption_Required,false,SHL_CDM_EntityPropertyExtension.MTED_Encryption_Required
28E2E586-BF3C-483C-91C5-A1CB84C98E65,Ipsc Production Forecast,IPSC_PRDCTN_FRCST,PII,false,SHL_CDM_EntityPropertyExtension.PII
28E2E586-BF3C-483C-91C5-A1CB84C98E65,Ipsc Production Forecast,IPSC_PRDCTN_FRCST,Generation,true,SHL_CDM_EntityPropertyExtension.Generation
28E2E586-BF3C-483C-91C5-A1CB84C98E65,Ipsc Production Forecast,IPSC_PRDCTN_FRCST,MTED_EDaM_Design_Status,Approved,SHL_CDM_EntityPropertyExtension.MTED_EDaM_Design_Status
28E2E586-BF3C-483C-91C5-A1CB84C98E65,Ipsc Production Forecast,IPSC_PRDCTN_FRCST,MTED_Version_No,2021.2,SHL_CDM_EntityPropertyExtension.MTED_Version_No
28E2E586-BF3C-483C-91C5-A1CB84C98E65,Ipsc Production Forecast,IPSC_PRDCTN_FRCST,CommerciallySensitiveInformation,No Commercially Sensitive Information,BIM-core.CommerciallySensitiveInformation
28E2E586-BF3C-483C-91C5-A1CB84C98E65,Ipsc Production Forecast,IPSC_PRDCTN_FRCST,Criticality,Critical Data,BIM-core.Criticality
28E2E586-BF3C-483C-91C5-A1CB84C98E65,Ipsc Production Forecast,IPSC_PRDCTN_FRCST,DataCategory,Structured,BIM-core.DataCategory
28E2E586-BF3C-483C-91C5-A1CB84C98E65,Ipsc Production Forecast,IPSC_PRDCTN_FRCST,DataConfidentiality,Internal,BIM-core.DataConfidentiality
28E2E586-BF3C-483C-91C5-A1CB84C98E65,Ipsc Production Forecast,IPSC_PRDCTN_FRCST,EntityCategory,Transaction,BIM-core.EntityCategory
28E2E586-BF3C-483C-91C5-A1CB84C98E65,Ipsc Production Forecast,IPSC_PRDCTN_FRCST,EntityPersonalData,No Personal Data,BIM-core.EntityPersonalData
28E2E586-BF3C-483C-91C5-A1CB84C98E65,Ipsc Production Forecast,IPSC_PRDCTN_FRCST,FinancialPersonalData,No Financial Personal Data,BIM-core.FinancialPersonalData
28E2E586-BF3C-483C-91C5-A1CB84C98E65,Ipsc Production Forecast,IPSC_PRDCTN_FRCST,SensitivePersonalData,No Sensitive Personal Data,BIM-core.SensitivePersonalData
28E2E586-BF3C-483C-91C5-A1CB84C98E65,Ipsc Production Forecast,IPSC_PRDCTN_FRCST,DataArea,Production Forecast & Plan,BIM-core.DataArea
28E2E586-BF3C-483C-91C5-A1CB84C98E65,Ipsc Production Forecast,IPSC_PRDCTN_FRCST,EnterpriseLevel,No,BIM-core.EnterpriseLevel
28E2E586-BF3C-483C-91C5-A1CB84C98E65,Ipsc Production Forecast,IPSC_PRDCTN_FRCST,ExchangeId,{A55FBAB6-AF25-4E08-A43C-A07396C29B9B},BIM-core.ExchangeId
D0FCA20F-2F72-4859-91F7-0350389C5F1C,Ipsm,IPSM,PD_ObjectID,D0FCA20F-2F72-4859-91F7-0350389C5F1C,
D0FCA20F-2F72-4859-91F7-0350389C5F1C,Ipsm,IPSM,PD_SourceExtraction,46603045,
D0FCA20F-2F72-4859-91F7-0350389C5F1C,Ipsm,IPSM,PD_SourceModel,SUBSURFACE AND WELLS,
D0FCA20F-2F72-4859-91F7-0350389C5F1C,Ipsm,IPSM,CSI,false,SHL_CDM_EntityPropertyExtension.CSI
D0FCA20F-2F72-4859-91F7-0350389C5F1C,Ipsm,IPSM,EntityUpdateDate,19/08/2021 Pass 3,SHL_CDM_EntityPropertyExtension.EntityUpdateDate
D0FCA20F-2F72-4859-91F7-0350389C5F1C,Ipsm,IPSM,MTED_EDaM_Business_Critical_Data,false,SHL_CDM_EntityPropertyExtension.MTED_EDaM_Business_Critical_Data
D0FCA20F-2F72-4859-91F7-0350389C5F1C,Ipsm,IPSM,MTED_Encryption_Required,false,SHL_CDM_EntityPropertyExtension.MTED_Encryption_Required
D0FCA20F-2F72-4859-91F7-0350389C5F1C,Ipsm,IPSM,PII,false,SHL_CDM_EntityPropertyExtension.PII
D0FCA20F-2F72-4859-91F7-0350389C5F1C,Ipsm,IPSM,Generation,true,SHL_CDM_EntityPropertyExtension.Generation
D0FCA20F-2F72-4859-91F7-0350389C5F1C,Ipsm,IPSM,MTED_EDaM_Design_Status,Approved,SHL_CDM_EntityPropertyExtension.MTED_EDaM_Design_Status
D0FCA20F-2F72-4859-91F7-0350389C5F1C,Ipsm,IPSM,MTED_Version_No,2021.2,SHL_CDM_EntityPropertyExtension.MTED_Version_No
D0FCA20F-2F72-4859-91F7-0350389C5F1C,Ipsm,IPSM,CommerciallySensitiveInformation,No Commercially Sensitive Information,BIM-core.CommerciallySensitiveInformation
D0FCA20F-2F72-4859-91F7-0350389C5F1C,Ipsm,IPSM,Criticality,No Critical Data,BIM-core.Criticality
D0FCA20F-2F72-4859-91F7-0350389C5F1C,Ipsm,IPSM,DataCategory,Structured,BIM-core.DataCategory
D0FCA20F-2F72-4859-91F7-0350389C5F1C,Ipsm,IPSM,DataConfidentiality,Internal,BIM-core.DataConfidentiality
D0FCA20F-2F72-4859-91F7-0350389C5F1C,Ipsm,IPSM,DesignStatus,Approved,BIM-core.DesignStatus
D0FCA20F-2F72-4859-91F7-0350389C5F1C,Ipsm,IPSM,EntityCategory,Transaction,BIM-core.EntityCategory
D0FCA20F-2F72-4859-91F7-0350389C5F1C,Ipsm,IPSM,EntityPersonalData,No Personal Data,BIM-core.EntityPersonalData
D0FCA20F-2F72-4859-91F7-0350389C5F1C,Ipsm,IPSM,FinancialPersonalData,No Financial Personal Data,BIM-core.FinancialPersonalData
D0FCA20F-2F72-4859-91F7-0350389C5F1C,Ipsm,IPSM,SensitivePersonalData,No Sensitive Personal Data,BIM-core.SensitivePersonalData
D0FCA20F-2F72-4859-91F7-0350389C5F1C,Ipsm,IPSM,DataArea,Reservoir,BIM-core.DataArea
D0FCA20F-2F72-4859-91F7-0350389C5F1C,Ipsm,IPSM,EnterpriseLevel,Yes,BIM-core.EnterpriseLevel
D0FCA20F-2F72-4859-91F7-0350389C5F1C,Ipsm,IPSM,ExchangeId,{A1C942D1-4F4A-4B57-8E34-D8CFAF71F3F1},BIM-core.ExchangeId
69852D69-2B48-4CE6-A5F5-23D9659B0315,It Demand,IT_DMND,PD_ObjectID,69852D69-2B48-4CE6-A5F5-23D9659B0315,
69852D69-2B48-4CE6-A5F5-23D9659B0315,It Demand,IT_DMND,PD_SourceExtraction,46603045,
69852D69-2B48-4CE6-A5F5-23D9659B0315,It Demand,IT_DMND,PD_SourceModel,SUBSURFACE AND WELLS,
69852D69-2B48-4CE6-A5F5-23D9659B0315,It Demand,IT_DMND,MTED_EDaM_Entity_Data_Category,Transaction,SHL_CDM_EntityPropertyExtension.MTED_EDaM_Entity_Data_Category
69852D69-2B48-4CE6-A5F5-23D9659B0315,It Demand,IT_DMND,MTED_EDaM_Data_Owner,,SHL_CDM_EntityPropertyExtension.MTED_EDaM_Data_Owner
69852D69-2B48-4CE6-A5F5-23D9659B0315,It Demand,IT_DMND,MTED_EDaM_Entity_Critical_Data,<unspecified>,SHL_CDM_EntityPropertyExtension.MTED_EDaM_Entity_Critical_Data
69852D69-2B48-4CE6-A5F5-23D9659B0315,It Demand,IT_DMND,MTED_EDaM_Entity_Quality_Indication,<unspecified>,SHL_CDM_EntityPropertyExtension.MTED_EDaM_Entity_Quality_Indication
69852D69-2B48-4CE6-A5F5-23D9659B0315,It Demand,IT_DMND,MTED_EDaM_Entity_Availability_Indication,<unspecified>,SHL_CDM_EntityPropertyExtension.MTED_EDaM_Entity_Availability_Indication
69852D69-2B48-4CE6-A5F5-23D9659B0315,It Demand,IT_DMND,MTED_EDaM_Security_Classification,Restricted,SHL_CDM_EntityPropertyExtension.MTED_EDaM_Security_Classification
69852D69-2B48-4CE6-A5F5-23D9659B0315,It Demand,IT_DMND,MTED_EDaM_Design_Status,,SHL_CDM_EntityPropertyExtension.MTED_EDaM_Design_Status
69852D69-2B48-4CE6-A5F5-23D9659B0315,It Demand,IT_DMND,MTED_Version_No,,SHL_CDM_EntityPropertyExtension.MTED_Version_No
69852D69-2B48-4CE6-A5F5-23D9659B0315,It Demand,IT_DMND,MTED_EDaM_Version_Date,,SHL_CDM_EntityPropertyExtension.MTED_EDaM_Version_Date
69852D69-2B48-4CE6-A5F5-23D9659B0315,It Demand,IT_DMND,EntityUpdateDate,19/08/2021 Pass 3,SHL_CDM_EntityPropertyExtension.EntityUpdateDate
69852D69-2B48-4CE6-A5F5-23D9659B0315,It Demand,IT_DMND,CSI,false,SHL_CDM_EntityPropertyExtension.CSI
69852D69-2B48-4CE6-A5F5-23D9659B0315,It Demand,IT_DMND,MTED_Encryption_Required,false,SHL_CDM_EntityPropertyExtension.MTED_Encryption_Required
69852D69-2B48-4CE6-A5F5-23D9659B0315,It Demand,IT_DMND,PII,false,SHL_CDM_EntityPropertyExtension.PII
69852D69-2B48-4CE6-A5F5-23D9659B0315,It Demand,IT_DMND,CommerciallySensitiveInformation,No Commercially Sensitive Information,BIM-core.CommerciallySensitiveInformation
69852D69-2B48-4CE6-A5F5-23D9659B0315,It Demand,IT_DMND,Criticality,No Critical Data,BIM-core.Criticality
69852D69-2B48-4CE6-A5F5-23D9659B0315,It Demand,IT_DMND,DataCategory,Structured,BIM-core.DataCategory
69852D69-2B48-4CE6-A5F5-23D9659B0315,It Demand,IT_DMND,DataConfidentiality,Confidential,BIM-core.DataConfidentiality
69852D69-2B48-4CE6-A5F5-23D9659B0315,It Demand,IT_DMND,EntityCategory,Master,BIM-core.EntityCategory
69852D69-2B48-4CE6-A5F5-23D9659B0315,It Demand,IT_DMND,EntityPersonalData,Personal Data,BIM-core.EntityPersonalData
69852D69-2B48-4CE6-A5F5-23D9659B0315,It Demand,IT_DMND,FinancialPersonalData,No Financial Personal Data,BIM-core.FinancialPersonalData
69852D69-2B48-4CE6-A5F5-23D9659B0315,It Demand,IT_DMND,SensitivePersonalData,No Sensitive Personal Data,BIM-core.SensitivePersonalData
69852D69-2B48-4CE6-A5F5-23D9659B0315,It Demand,IT_DMND,DesignStatus,Approved,BIM-core.DesignStatus
69852D69-2B48-4CE6-A5F5-23D9659B0315,It Demand,IT_DMND,DataArea,IT Plan,BIM-core.DataArea
69852D69-2B48-4CE6-A5F5-23D9659B0315,It Demand,IT_DMND,EnterpriseLevel,No,BIM-core.EnterpriseLevel
69852D69-2B48-4CE6-A5F5-23D9659B0315,It Demand,IT_DMND,ExchangeId,{46656E1C-84BC-4D0D-8D5C-5187AF59ABB7},BIM-core.ExchangeId
EEAF9737-B6E7-40EE-843E-FB0ACDB9AF61,It Project,IT_PRJCT,PD_ObjectID,EEAF9737-B6E7-40EE-843E-FB0ACDB9AF61,
EEAF9737-B6E7-40EE-843E-FB0ACDB9AF61,It Project,IT_PRJCT,PD_SourceExtraction,46603045,
EEAF9737-B6E7-40EE-843E-FB0ACDB9AF61,It Project,IT_PRJCT,PD_SourceModel,SUBSURFACE AND WELLS,
EEAF9737-B6E7-40EE-843E-FB0ACDB9AF61,It Project,IT_PRJCT,MTED_EDaM_Entity_Data_Category,<unspecified>,SHL_CDM_EntityPropertyExtension.MTED_EDaM_Entity_Data_Category
EEAF9737-B6E7-40EE-843E-FB0ACDB9AF61,It Project,IT_PRJCT,MTED_EDaM_Data_Owner,,SHL_CDM_EntityPropertyExtension.MTED_EDaM_Data_Owner
EEAF9737-B6E7-40EE-843E-FB0ACDB9AF61,It Project,IT_PRJCT,MTED_EDaM_Entity_Critical_Data,F,SHL_CDM_EntityPropertyExtension.MTED_EDaM_Entity_Critical_Data
EEAF9737-B6E7-40EE-843E-FB0ACDB9AF61,It Project,IT_PRJCT,MTED_EDaM_Entity_Quality_Indication,<unspecified>,SHL_CDM_EntityPropertyExtension.MTED_EDaM_Entity_Quality_Indication
EEAF9737-B6E7-40EE-843E-FB0ACDB9AF61,It Project,IT_PRJCT,MTED_EDaM_Entity_Availability_Indication,<unspecified>,SHL_CDM_EntityPropertyExtension.MTED_EDaM_Entity_Availability_Indication
EEAF9737-B6E7-40EE-843E-FB0ACDB9AF61,It Project,IT_PRJCT,MTED_EDaM_Security_Classification,Confidential,SHL_CDM_EntityPropertyExtension.MTED_EDaM_Security_Classification
EEAF9737-B6E7-40EE-843E-FB0ACDB9AF61,It Project,IT_PRJCT,MTED_EDaM_Design_Status,,SHL_CDM_EntityPropertyExtension.MTED_EDaM_Design_Status
EEAF9737-B6E7-40EE-843E-FB0ACDB9AF61,It Project,IT_PRJCT,MTED_Version_No,,SHL_CDM_EntityPropertyExtension.MTED_Version_No
EEAF9737-B6E7-40EE-843E-FB0ACDB9AF61,It Project,IT_PRJCT,MTED_EDaM_Version_Date,,SHL_CDM_EntityPropertyExtension.MTED_EDaM_Version_Date
EEAF9737-B6E7-40EE-843E-FB0ACDB9AF61,It Project,IT_PRJCT,EntityUpdateDate,19/08/2021 Pass 3,SHL_CDM_EntityPropertyExtension.EntityUpdateDate
EEAF9737-B6E7-40EE-843E-FB0ACDB9AF61,It Project,IT_PRJCT,CommerciallySensitiveInformation,No Commercially Sensitive Information,BIM-core.CommerciallySensitiveInformation
EEAF9737-B6E7-40EE-843E-FB0ACDB9AF61,It Project,IT_PRJCT,Criticality,No Critical Data,BIM-core.Criticality
EEAF9737-B6E7-40EE-843E-FB0ACDB9AF61,It Project,IT_PRJCT,DataCategory,Structured,BIM-core.DataCategory
EEAF9737-B6E7-40EE-843E-FB0ACDB9AF61,It Project,IT_PRJCT,DataConfidentiality,Internal,BIM-core.DataConfidentiality
EEAF9737-B6E7-40EE-843E-FB0ACDB9AF61,It Project,IT_PRJCT,DesignStatus,Approved,BIM-core.DesignStatus
EEAF9737-B6E7-40EE-843E-FB0ACDB9AF61,It Project,IT_PRJCT,EntityCategory,Master,BIM-core.EntityCategory
EEAF9737-B6E7-40EE-843E-FB0ACDB9AF61,It Project,IT_PRJCT,EntityPersonalData,No Personal Data,BIM-core.EntityPersonalData
EEAF9737-B6E7-40EE-843E-FB0ACDB9AF61,It Project,IT_PRJCT,FinancialPersonalData,No Financial Personal Data,BIM-core.FinancialPersonalData
EEAF9737-B6E7-40EE-843E-FB0ACDB9AF61,It Project,IT_PRJCT,SensitivePersonalData,No Sensitive Personal Data,BIM-core.SensitivePersonalData
EEAF9737-B6E7-40EE-843E-FB0ACDB9AF61,It Project,IT_PRJCT,DataArea,IT Project,BIM-core.DataArea
EEAF9737-B6E7-40EE-843E-FB0ACDB9AF61,It Project,IT_PRJCT,EnterpriseLevel,No,BIM-core.EnterpriseLevel
EEAF9737-B6E7-40EE-843E-FB0ACDB9AF61,It Project,IT_PRJCT,ExchangeId,{6525E86D-3549-4E7A-BE9F-9115126BA110},BIM-core.ExchangeId
75646A1D-C89A-4B67-B065-DF4231E2DAC3,Item Class,ITM_CLSS,PD_ObjectID,75646A1D-C89A-4B67-B065-DF4231E2DAC3,
75646A1D-C89A-4B67-B065-DF4231E2DAC3,Item Class,ITM_CLSS,PD_SourceExtraction,46603045,
75646A1D-C89A-4B67-B065-DF4231E2DAC3,Item Class,ITM_CLSS,PD_SourceModel,SUBSURFACE AND WELLS,
75646A1D-C89A-4B67-B065-DF4231E2DAC3,Item Class,ITM_CLSS,MTED_EDaM_Entity_Data_Category,<unspecified>,SHL_CDM_EntityPropertyExtension.MTED_EDaM_Entity_Data_Category
75646A1D-C89A-4B67-B065-DF4231E2DAC3,Item Class,ITM_CLSS,MTED_EDaM_Data_Owner,,SHL_CDM_EntityPropertyExtension.MTED_EDaM_Data_Owner
75646A1D-C89A-4B67-B065-DF4231E2DAC3,Item Class,ITM_CLSS,MTED_EDaM_Entity_Critical_Data,<unspecified>,SHL_CDM_EntityPropertyExtension.MTED_EDaM_Entity_Critical_Data
75646A1D-C89A-4B67-B065-DF4231E2DAC3,Item Class,ITM_CLSS,MTED_EDaM_Entity_Quality_Indication,<unspecified>,SHL_CDM_EntityPropertyExtension.MTED_EDaM_Entity_Quality_Indication
75646A1D-C89A-4B67-B065-DF4231E2DAC3,Item Class,ITM_CLSS,MTED_EDaM_Entity_Availability_Indication,<unspecified>,SHL_CDM_EntityPropertyExtension.MTED_EDaM_Entity_Availability_Indication
75646A1D-C89A-4B67-B065-DF4231E2DAC3,Item Class,ITM_CLSS,MTED_EDaM_Security_Classification,<unspecified>,SHL_CDM_EntityPropertyExtension.MTED_EDaM_Security_Classification
75646A1D-C89A-4B67-B065-DF4231E2DAC3,Item Class,ITM_CLSS,MTED_EDaM_Design_Status,Approved,SHL_CDM_EntityPropertyExtension.MTED_EDaM_Design_Status
75646A1D-C89A-4B67-B065-DF4231E2DAC3,Item Class,ITM_CLSS,MTED_Version_No,2021.2,SHL_CDM_EntityPropertyExtension.MTED_Version_No
75646A1D-C89A-4B67-B065-DF4231E2DAC3,Item Class,ITM_CLSS,MTED_EDaM_Version_Date,,SHL_CDM_EntityPropertyExtension.MTED_EDaM_Version_Date
75646A1D-C89A-4B67-B065-DF4231E2DAC3,Item Class,ITM_CLSS,CSI,false,SHL_CDM_EntityPropertyExtension.CSI
75646A1D-C89A-4B67-B065-DF4231E2DAC3,Item Class,ITM_CLSS,MTED_EDaM_Business_Critical_Data,false,SHL_CDM_EntityPropertyExtension.MTED_EDaM_Business_Critical_Data
75646A1D-C89A-4B67-B065-DF4231E2DAC3,Item Class,ITM_CLSS,MTED_EDaM_Entity_Maps_To_Entity,,SHL_CDM_EntityPropertyExtension.MTED_EDaM_Entity_Maps_To_Entity
75646A1D-C89A-4B67-B065-DF4231E2DAC3,Item Class,ITM_CLSS,MTED_EDaM_Mapping_Level,,SHL_CDM_EntityPropertyExtension.MTED_EDaM_Mapping_Level
75646A1D-C89A-4B67-B065-DF4231E2DAC3,Item Class,ITM_CLSS,MTED_Encryption_Required,false,SHL_CDM_EntityPropertyExtension.MTED_Encryption_Required
75646A1D-C89A-4B67-B065-DF4231E2DAC3,Item Class,ITM_CLSS,PII,false,SHL_CDM_EntityPropertyExtension.PII
75646A1D-C89A-4B67-B065-DF4231E2DAC3,Item Class,ITM_CLSS,EntityUpdateDate,19/08/2021 Pass 3,SHL_CDM_EntityPropertyExtension.EntityUpdateDate
75646A1D-C89A-4B67-B065-DF4231E2DAC3,Item Class,ITM_CLSS,Generation,false,SHL_CDM_EntityPropertyExtension.Generation
75646A1D-C89A-4B67-B065-DF4231E2DAC3,Item Class,ITM_CLSS,CommerciallySensitiveInformation,No Commercially Sensitive Information,BIM-core.CommerciallySensitiveInformation
75646A1D-C89A-4B67-B065-DF4231E2DAC3,Item Class,ITM_CLSS,Criticality,No Critical Data,BIM-core.Criticality
75646A1D-C89A-4B67-B065-DF4231E2DAC3,Item Class,ITM_CLSS,DataCategory,Structured,BIM-core.DataCategory
75646A1D-C89A-4B67-B065-DF4231E2DAC3,Item Class,ITM_CLSS,DataConfidentiality,Internal,BIM-core.DataConfidentiality
75646A1D-C89A-4B67-B065-DF4231E2DAC3,Item Class,ITM_CLSS,DesignStatus,Approved,BIM-core.DesignStatus
75646A1D-C89A-4B67-B065-DF4231E2DAC3,Item Class,ITM_CLSS,EntityCategory,Internal Reference,BIM-core.EntityCategory
75646A1D-C89A-4B67-B065-DF4231E2DAC3,Item Class,ITM_CLSS,EntityPersonalData,No Personal Data,BIM-core.EntityPersonalData
75646A1D-C89A-4B67-B065-DF4231E2DAC3,Item Class,ITM_CLSS,FinancialPersonalData,No Financial Personal Data,BIM-core.FinancialPersonalData
75646A1D-C89A-4B67-B065-DF4231E2DAC3,Item Class,ITM_CLSS,SensitivePersonalData,No Sensitive Personal Data,BIM-core.SensitivePersonalData
75646A1D-C89A-4B67-B065-DF4231E2DAC3,Item Class,ITM_CLSS,DataArea,Purchased Material and Services,BIM-core.DataArea
75646A1D-C89A-4B67-B065-DF4231E2DAC3,Item Class,ITM_CLSS,EnterpriseLevel,No,BIM-core.EnterpriseLevel
75646A1D-C89A-4B67-B065-DF4231E2DAC3,Item Class,ITM_CLSS,ExchangeId,{91654D3F-546C-4165-B787-32A86167F9FF},BIM-core.ExchangeId
5B329794-88F2-4B3F-BA95-DF517102F0D2,Item Inventory,ITM_INVNTRY,PD_ObjectID,5B329794-88F2-4B3F-BA95-DF517102F0D2,
5B329794-88F2-4B3F-BA95-DF517102F0D2,Item Inventory,ITM_INVNTRY,PD_SourceExtraction,46603045,
5B329794-88F2-4B3F-BA95-DF517102F0D2,Item Inventory,ITM_INVNTRY,PD_SourceModel,SUBSURFACE AND WELLS,
5B329794-88F2-4B3F-BA95-DF517102F0D2,Item Inventory,ITM_INVNTRY,EntityCategory,Transaction,BIM-core.EntityCategory
5B329794-88F2-4B3F-BA95-DF517102F0D2,Item Inventory,ITM_INVNTRY,DataCategory,Structured,BIM-core.DataCategory
5B329794-88F2-4B3F-BA95-DF517102F0D2,Item Inventory,ITM_INVNTRY,Criticality,No Critical Data,BIM-core.Criticality
5B329794-88F2-4B3F-BA95-DF517102F0D2,Item Inventory,ITM_INVNTRY,CommerciallySensitiveInformation,No Commercially Sensitive Information,BIM-core.CommerciallySensitiveInformation
5B329794-88F2-4B3F-BA95-DF517102F0D2,Item Inventory,ITM_INVNTRY,DataConfidentiality,Internal,BIM-core.DataConfidentiality
5B329794-88F2-4B3F-BA95-DF517102F0D2,Item Inventory,ITM_INVNTRY,EntityPersonalData,No Personal Data,BIM-core.EntityPersonalData
5B329794-88F2-4B3F-BA95-DF517102F0D2,Item Inventory,ITM_INVNTRY,FinancialPersonalData,No Financial Personal Data,BIM-core.FinancialPersonalData
5B329794-88F2-4B3F-BA95-DF517102F0D2,Item Inventory,ITM_INVNTRY,SensitivePersonalData,No Sensitive Personal Data,BIM-core.SensitivePersonalData
5B329794-88F2-4B3F-BA95-DF517102F0D2,Item Inventory,ITM_INVNTRY,DesignStatus,Approved,BIM-core.DesignStatus
5B329794-88F2-4B3F-BA95-DF517102F0D2,Item Inventory,ITM_INVNTRY,DataArea,Well Activity,BIM-core.DataArea
5B329794-88F2-4B3F-BA95-DF517102F0D2,Item Inventory,ITM_INVNTRY,EnterpriseLevel,Yes,BIM-core.EnterpriseLevel
5B329794-88F2-4B3F-BA95-DF517102F0D2,Item Inventory,ITM_INVNTRY,ExchangeId,{639A064C-205D-4370-B623-FAA8B034E6DB},BIM-core.ExchangeId
9EFA529D-F03B-4690-9E20-2631E329BC5D,Play,PLY,PD_ObjectID,9EFA529D-F03B-4690-9E20-2631E329BC5D,
9EFA529D-F03B-4690-9E20-2631E329BC5D,Play,PLY,PD_SourceExtraction,46603045,
9EFA529D-F03B-4690-9E20-2631E329BC5D,Play,PLY,PD_SourceModel,SUBSURFACE AND WELLS,
9EFA529D-F03B-4690-9E20-2631E329BC5D,Play,PLY,EntityCategory,Master,BIM-core.EntityCategory
9EFA529D-F03B-4690-9E20-2631E329BC5D,Play,PLY,DataCategory,Structured,BIM-core.DataCategory
9EFA529D-F03B-4690-9E20-2631E329BC5D,Play,PLY,Criticality,No Critical Data,BIM-core.Criticality
9EFA529D-F03B-4690-9E20-2631E329BC5D,Play,PLY,CommerciallySensitiveInformation,No Commercially Sensitive Information,BIM-core.CommerciallySensitiveInformation
9EFA529D-F03B-4690-9E20-2631E329BC5D,Play,PLY,DataConfidentiality,Internal,BIM-core.DataConfidentiality
9EFA529D-F03B-4690-9E20-2631E329BC5D,Play,PLY,EntityPersonalData,No Personal Data,BIM-core.EntityPersonalData
9EFA529D-F03B-4690-9E20-2631E329BC5D,Play,PLY,FinancialPersonalData,No Financial Personal Data,BIM-core.FinancialPersonalData
9EFA529D-F03B-4690-9E20-2631E329BC5D,Play,PLY,SensitivePersonalData,No Sensitive Personal Data,BIM-core.SensitivePersonalData
9EFA529D-F03B-4690-9E20-2631E329BC5D,Play,PLY,DesignStatus,Approved,BIM-core.DesignStatus
9EFA529D-F03B-4690-9E20-2631E329BC5D,Play,PLY,DataArea,Geology/Petrophysics,BIM-core.DataArea
9EFA529D-F03B-4690-9E20-2631E329BC5D,Play,PLY,EnterpriseLevel,Yes,BIM-core.EnterpriseLevel
9EFA529D-F03B-4690-9E20-2631E329BC5D,Play,PLY,ExchangeId,{31FAB939-56D4-4DC1-9F23-54B0C082C58F},BIM-core.ExchangeId
21D05BB9-AF66-464E-956C-78B42FDB6B32,Planning Event,PLNNNG_EVNT,PD_ObjectID,21D05BB9-AF66-464E-956C-78B42FDB6B32,
21D05BB9-AF66-464E-956C-78B42FDB6B32,Planning Event,PLNNNG_EVNT,PD_SourceExtraction,46603045,
21D05BB9-AF66-464E-956C-78B42FDB6B32,Planning Event,PLNNNG_EVNT,PD_SourceModel,SUBSURFACE AND WELLS,
21D05BB9-AF66-464E-956C-78B42FDB6B32,Planning Event,PLNNNG_EVNT,MTED_EDaM_Entity_Data_Category,<unspecified>,SHL_CDM_EntityPropertyExtension.MTED_EDaM_Entity_Data_Category
21D05BB9-AF66-464E-956C-78B42FDB6B32,Planning Event,PLNNNG_EVNT,MTED_EDaM_Data_Owner,,SHL_CDM_EntityPropertyExtension.MTED_EDaM_Data_Owner
21D05BB9-AF66-464E-956C-78B42FDB6B32,Planning Event,PLNNNG_EVNT,MTED_EDaM_Entity_Critical_Data,F,SHL_CDM_EntityPropertyExtension.MTED_EDaM_Entity_Critical_Data
21D05BB9-AF66-464E-956C-78B42FDB6B32,Planning Event,PLNNNG_EVNT,MTED_EDaM_Entity_Quality_Indication,<unspecified>,SHL_CDM_EntityPropertyExtension.MTED_EDaM_Entity_Quality_Indication
21D05BB9-AF66-464E-956C-78B42FDB6B32,Planning Event,PLNNNG_EVNT,MTED_EDaM_Entity_Availability_Indication,<unspecified>,SHL_CDM_EntityPropertyExtension.MTED_EDaM_Entity_Availability_Indication
21D05BB9-AF66-464E-956C-78B42FDB6B32,Planning Event,PLNNNG_EVNT,MTED_EDaM_Security_Classification,Most Confidential,SHL_CDM_EntityPropertyExtension.MTED_EDaM_Security_Classification
21D05BB9-AF66-464E-956C-78B42FDB6B32,Planning Event,PLNNNG_EVNT,MTED_EDaM_Design_Status,,SHL_CDM_EntityPropertyExtension.MTED_EDaM_Design_Status
21D05BB9-AF66-464E-956C-78B42FDB6B32,Planning Event,PLNNNG_EVNT,MTED_Version_No,,SHL_CDM_EntityPropertyExtension.MTED_Version_No
21D05BB9-AF66-464E-956C-78B42FDB6B32,Planning Event,PLNNNG_EVNT,MTED_EDaM_Version_Date,,SHL_CDM_EntityPropertyExtension.MTED_EDaM_Version_Date
21D05BB9-AF66-464E-956C-78B42FDB6B32,Planning Event,PLNNNG_EVNT,MTED_EDaM_Entity_Maps_To_Entity,,SHL_CDM_EntityPropertyExtension.MTED_EDaM_Entity_Maps_To_Entity
21D05BB9-AF66-464E-956C-78B42FDB6B32,Planning Event,PLNNNG_EVNT,CSI,false,SHL_CDM_EntityPropertyExtension.CSI
21D05BB9-AF66-464E-956C-78B42FDB6B32,Planning Event,PLNNNG_EVNT,EntityUpdateDate,19/08/2021 Pass 3,SHL_CDM_EntityPropertyExtension.EntityUpdateDate
21D05BB9-AF66-464E-956C-78B42FDB6B32,Planning Event,PLNNNG_EVNT,MTED_EDaM_Business_Critical_Data,false,SHL_CDM_EntityPropertyExtension.MTED_EDaM_Business_Critical_Data
21D05BB9-AF66-464E-956C-78B42FDB6B32,Planning Event,PLNNNG_EVNT,MTED_Encryption_Required,false,SHL_CDM_EntityPropertyExtension.MTED_Encryption_Required
21D05BB9-AF66-464E-956C-78B42FDB6B32,Planning Event,PLNNNG_EVNT,PII,false,SHL_CDM_EntityPropertyExtension.PII
21D05BB9-AF66-464E-956C-78B42FDB6B32,Planning Event,PLNNNG_EVNT,CommerciallySensitiveInformation,No Commercially Sensitive Information,BIM-core.CommerciallySensitiveInformation
21D05BB9-AF66-464E-956C-78B42FDB6B32,Planning Event,PLNNNG_EVNT,Criticality,No Critical Data,BIM-core.Criticality
21D05BB9-AF66-464E-956C-78B42FDB6B32,Planning Event,PLNNNG_EVNT,DataCategory,Structured,BIM-core.DataCategory
21D05BB9-AF66-464E-956C-78B42FDB6B32,Planning Event,PLNNNG_EVNT,DataConfidentiality,Internal,BIM-core.DataConfidentiality
21D05BB9-AF66-464E-956C-78B42FDB6B32,Planning Event,PLNNNG_EVNT,DesignStatus,Approved,BIM-core.DesignStatus
21D05BB9-AF66-464E-956C-78B42FDB6B32,Planning Event,PLNNNG_EVNT,EntityCategory,Transaction,BIM-core.EntityCategory
21D05BB9-AF66-464E-956C-78B42FDB6B32,Planning Event,PLNNNG_EVNT,EntityPersonalData,No Personal Data,BIM-core.EntityPersonalData
21D05BB9-AF66-464E-956C-78B42FDB6B32,Planning Event,PLNNNG_EVNT,FinancialPersonalData,No Financial Personal Data,BIM-core.FinancialPersonalData
21D05BB9-AF66-464E-956C-78B42FDB6B32,Planning Event,PLNNNG_EVNT,SensitivePersonalData,No Sensitive Personal Data,BIM-core.SensitivePersonalData
21D05BB9-AF66-464E-956C-78B42FDB6B32,Planning Event,PLNNNG_EVNT,DataArea,Production Forecast,BIM-core.DataArea
21D05BB9-AF66-464E-956C-78B42FDB6B32,Planning Event,PLNNNG_EVNT,EnterpriseLevel,Yes,BIM-core.EnterpriseLevel
21D05BB9-AF66-464E-956C-78B42FDB6B32,Planning Event,PLNNNG_EVNT,ExchangeId,{786BE391-3680-4EB6-AED8-AD9F5793F082},BIM-core.ExchangeId
CAF9E547-8983-4E45-868A-DEE4F3CD6E3D,Physical Media,PHYSCL_MD,PD_ObjectID,CAF9E547-8983-4E45-868A-DEE4F3CD6E3D,
CAF9E547-8983-4E45-868A-DEE4F3CD6E3D,Physical Media,PHYSCL_MD,PD_SourceExtraction,46603045,
CAF9E547-8983-4E45-868A-DEE4F3CD6E3D,Physical Media,PHYSCL_MD,PD_SourceModel,SUBSURFACE AND WELLS,
CAF9E547-8983-4E45-868A-DEE4F3CD6E3D,Physical Media,PHYSCL_MD,CommerciallySensitiveInformation,No Commercially Sensitive Information,BIM-core.CommerciallySensitiveInformation
CAF9E547-8983-4E45-868A-DEE4F3CD6E3D,Physical Media,PHYSCL_MD,Criticality,No Critical Data,BIM-core.Criticality
CAF9E547-8983-4E45-868A-DEE4F3CD6E3D,Physical Media,PHYSCL_MD,DataCategory,Unstructured,BIM-core.DataCategory
CAF9E547-8983-4E45-868A-DEE4F3CD6E3D,Physical Media,PHYSCL_MD,DataConfidentiality,Internal,BIM-core.DataConfidentiality
CAF9E547-8983-4E45-868A-DEE4F3CD6E3D,Physical Media,PHYSCL_MD,DesignStatus,Approved,BIM-core.DesignStatus
CAF9E547-8983-4E45-868A-DEE4F3CD6E3D,Physical Media,PHYSCL_MD,EntityCategory,Transaction,BIM-core.EntityCategory
CAF9E547-8983-4E45-868A-DEE4F3CD6E3D,Physical Media,PHYSCL_MD,EntityPersonalData,No Personal Data,BIM-core.EntityPersonalData
CAF9E547-8983-4E45-868A-DEE4F3CD6E3D,Physical Media,PHYSCL_MD,FinancialPersonalData,No Financial Personal Data,BIM-core.FinancialPersonalData
CAF9E547-8983-4E45-868A-DEE4F3CD6E3D,Physical Media,PHYSCL_MD,SensitivePersonalData,No Sensitive Personal Data,BIM-core.SensitivePersonalData
CAF9E547-8983-4E45-868A-DEE4F3CD6E3D,Physical Media,PHYSCL_MD,DataArea,Geophysics,BIM-core.DataArea
CAF9E547-8983-4E45-868A-DEE4F3CD6E3D,Physical Media,PHYSCL_MD,EnterpriseLevel,Yes,BIM-core.EnterpriseLevel
CAF9E547-8983-4E45-868A-DEE4F3CD6E3D,Physical Media,PHYSCL_MD,ExchangeId,{EE7764F5-5088-4044-AAC4-48E63B32E79F},BIM-core.ExchangeId
06AB5397-27B0-4E52-A58C-C9093CB6468E,Permeability,PRMBLTY,PD_ObjectID,06AB5397-27B0-4E52-A58C-C9093CB6468E,
06AB5397-27B0-4E52-A58C-C9093CB6468E,Permeability,PRMBLTY,PD_SourceExtraction,46603045,
06AB5397-27B0-4E52-A58C-C9093CB6468E,Permeability,PRMBLTY,PD_SourceModel,SUBSURFACE AND WELLS,
06AB5397-27B0-4E52-A58C-C9093CB6468E,Permeability,PRMBLTY,CSI,false,SHL_CDM_EntityPropertyExtension.CSI
06AB5397-27B0-4E52-A58C-C9093CB6468E,Permeability,PRMBLTY,EntityUpdateDate,19/08/2021 Pass 3,SHL_CDM_EntityPropertyExtension.EntityUpdateDate
06AB5397-27B0-4E52-A58C-C9093CB6468E,Permeability,PRMBLTY,MTED_EDaM_Business_Critical_Data,false,SHL_CDM_EntityPropertyExtension.MTED_EDaM_Business_Critical_Data
06AB5397-27B0-4E52-A58C-C9093CB6468E,Permeability,PRMBLTY,MTED_Encryption_Required,false,SHL_CDM_EntityPropertyExtension.MTED_Encryption_Required
06AB5397-27B0-4E52-A58C-C9093CB6468E,Permeability,PRMBLTY,PII,false,SHL_CDM_EntityPropertyExtension.PII
06AB5397-27B0-4E52-A58C-C9093CB6468E,Permeability,PRMBLTY,Generation,true,SHL_CDM_EntityPropertyExtension.Generation
06AB5397-27B0-4E52-A58C-C9093CB6468E,Permeability,PRMBLTY,MTED_EDaM_Design_Status,Approved,SHL_CDM_EntityPropertyExtension.MTED_EDaM_Design_Status
06AB5397-27B0-4E52-A58C-C9093CB6468E,Permeability,PRMBLTY,MTED_Version_No,2021.2,SHL_CDM_EntityPropertyExtension.MTED_Version_No
06AB5397-27B0-4E52-A58C-C9093CB6468E,Permeability,PRMBLTY,CommerciallySensitiveInformation,No Commercially Sensitive Information,BIM-core.CommerciallySensitiveInformation
06AB5397-27B0-4E52-A58C-C9093CB6468E,Permeability,PRMBLTY,Criticality,No Critical Data,BIM-core.Criticality
06AB5397-27B0-4E52-A58C-C9093CB6468E,Permeability,PRMBLTY,DataCategory,Structured,BIM-core.DataCategory
06AB5397-27B0-4E52-A58C-C9093CB6468E,Permeability,PRMBLTY,DataConfidentiality,Internal,BIM-core.DataConfidentiality
06AB5397-27B0-4E52-A58C-C9093CB6468E,Permeability,PRMBLTY,DesignStatus,Approved,BIM-core.DesignStatus
06AB5397-27B0-4E52-A58C-C9093CB6468E,Permeability,PRMBLTY,EntityCategory,Transaction,BIM-core.EntityCategory
06AB5397-27B0-4E52-A58C-C9093CB6468E,Permeability,PRMBLTY,EntityPersonalData,No Personal Data,BIM-core.EntityPersonalData
06AB5397-27B0-4E52-A58C-C9093CB6468E,Permeability,PRMBLTY,FinancialPersonalData,No Financial Personal Data,BIM-core.FinancialPersonalData
06AB5397-27B0-4E52-A58C-C9093CB6468E,Permeability,PRMBLTY,SensitivePersonalData,No Sensitive Personal Data,BIM-core.SensitivePersonalData
06AB5397-27B0-4E52-A58C-C9093CB6468E,Permeability,PRMBLTY,DataArea,Reservoir,BIM-core.DataArea
06AB5397-27B0-4E52-A58C-C9093CB6468E,Permeability,PRMBLTY,EnterpriseLevel,Yes,BIM-core.EnterpriseLevel
06AB5397-27B0-4E52-A58C-C9093CB6468E,Permeability,PRMBLTY,ExchangeId,{3D6D71A9-98CD-4671-B171-6964244DDC8E},BIM-core.ExchangeId
70238FE0-DF8F-42DD-8B56-483CFAD69083,Pay Zone,PY_ZN,PD_ObjectID,70238FE0-DF8F-42DD-8B56-483CFAD69083,
70238FE0-DF8F-42DD-8B56-483CFAD69083,Pay Zone,PY_ZN,PD_SourceExtraction,46603045,
70238FE0-DF8F-42DD-8B56-483CFAD69083,Pay Zone,PY_ZN,PD_SourceModel,SUBSURFACE AND WELLS,
70238FE0-DF8F-42DD-8B56-483CFAD69083,Pay Zone,PY_ZN,MTED_EDaM_Entity_Data_Category,<unspecified>,SHL_CDM_EntityPropertyExtension.MTED_EDaM_Entity_Data_Category
70238FE0-DF8F-42DD-8B56-483CFAD69083,Pay Zone,PY_ZN,MTED_EDaM_Data_Owner,,SHL_CDM_EntityPropertyExtension.MTED_EDaM_Data_Owner
70238FE0-DF8F-42DD-8B56-483CFAD69083,Pay Zone,PY_ZN,MTED_EDaM_Entity_Critical_Data,F,SHL_CDM_EntityPropertyExtension.MTED_EDaM_Entity_Critical_Data
70238FE0-DF8F-42DD-8B56-483CFAD69083,Pay Zone,PY_ZN,MTED_EDaM_Entity_Quality_Indication,<unspecified>,SHL_CDM_EntityPropertyExtension.MTED_EDaM_Entity_Quality_Indication
70238FE0-DF8F-42DD-8B56-483CFAD69083,Pay Zone,PY_ZN,MTED_EDaM_Entity_Availability_Indication,<unspecified>,SHL_CDM_EntityPropertyExtension.MTED_EDaM_Entity_Availability_Indication
70238FE0-DF8F-42DD-8B56-483CFAD69083,Pay Zone,PY_ZN,MTED_EDaM_Security_Classification,Most Confidential,SHL_CDM_EntityPropertyExtension.MTED_EDaM_Security_Classification
70238FE0-DF8F-42DD-8B56-483CFAD69083,Pay Zone,PY_ZN,MTED_EDaM_Design_Status,Approved,SHL_CDM_EntityPropertyExtension.MTED_EDaM_Design_Status
70238FE0-DF8F-42DD-8B56-483CFAD69083,Pay Zone,PY_ZN,MTED_Version_No,2021.2,SHL_CDM_EntityPropertyExtension.MTED_Version_No
70238FE0-DF8F-42DD-8B56-483CFAD69083,Pay Zone,PY_ZN,MTED_EDaM_Version_Date,,SHL_CDM_EntityPropertyExtension.MTED_EDaM_Version_Date
70238FE0-DF8F-42DD-8B56-483CFAD69083,Pay Zone,PY_ZN,CSI,false,SHL_CDM_EntityPropertyExtension.CSI
70238FE0-DF8F-42DD-8B56-483CFAD69083,Pay Zone,PY_ZN,MTED_EDaM_Business_Critical_Data,false,SHL_CDM_EntityPropertyExtension.MTED_EDaM_Business_Critical_Data
70238FE0-DF8F-42DD-8B56-483CFAD69083,Pay Zone,PY_ZN,MTED_Encryption_Required,false,SHL_CDM_EntityPropertyExtension.MTED_Encryption_Required
70238FE0-DF8F-42DD-8B56-483CFAD69083,Pay Zone,PY_ZN,PII,false,SHL_CDM_EntityPropertyExtension.PII
70238FE0-DF8F-42DD-8B56-483CFAD69083,Pay Zone,PY_ZN,EntityUpdateDate,19/08/2021 Pass 3,SHL_CDM_EntityPropertyExtension.EntityUpdateDate
70238FE0-DF8F-42DD-8B56-483CFAD69083,Pay Zone,PY_ZN,Generation,true,SHL_CDM_EntityPropertyExtension.Generation
70238FE0-DF8F-42DD-8B56-483CFAD69083,Pay Zone,PY_ZN,CommerciallySensitiveInformation,No Commercially Sensitive Information,BIM-core.CommerciallySensitiveInformation
70238FE0-DF8F-42DD-8B56-483CFAD69083,Pay Zone,PY_ZN,Criticality,No Critical Data,BIM-core.Criticality
70238FE0-DF8F-42DD-8B56-483CFAD69083,Pay Zone,PY_ZN,DataCategory,Structured,BIM-core.DataCategory
70238FE0-DF8F-42DD-8B56-483CFAD69083,Pay Zone,PY_ZN,DataConfidentiality,Internal,BIM-core.DataConfidentiality
70238FE0-DF8F-42DD-8B56-483CFAD69083,Pay Zone,PY_ZN,DesignStatus,Approved,BIM-core.DesignStatus
70238FE0-DF8F-42DD-8B56-483CFAD69083,Pay Zone,PY_ZN,EntityCategory,Master,BIM-core.EntityCategory
70238FE0-DF8F-42DD-8B56-483CFAD69083,Pay Zone,PY_ZN,EntityPersonalData,No Personal Data,BIM-core.EntityPersonalData
70238FE0-DF8F-42DD-8B56-483CFAD69083,Pay Zone,PY_ZN,FinancialPersonalData,No Financial Personal Data,BIM-core.FinancialPersonalData
70238FE0-DF8F-42DD-8B56-483CFAD69083,Pay Zone,PY_ZN,SensitivePersonalData,No Sensitive Personal Data,BIM-core.SensitivePersonalData
70238FE0-DF8F-42DD-8B56-483CFAD69083,Pay Zone,PY_ZN,DataArea,Reservoir,BIM-core.DataArea
70238FE0-DF8F-42DD-8B56-483CFAD69083,Pay Zone,PY_ZN,EnterpriseLevel,Yes,BIM-core.EnterpriseLevel
70238FE0-DF8F-42DD-8B56-483CFAD69083,Pay Zone,PY_ZN,ExchangeId,{28E2782B-6DB8-4D37-8D2C-DE82DB8B0F4C},BIM-core.ExchangeId
84865CCC-9CAB-437E-B9AE-8DF6913BD157,Pathway Point,PTHWY_PNT,PD_ObjectID,84865CCC-9CAB-437E-B9AE-8DF6913BD157,
84865CCC-9CAB-437E-B9AE-8DF6913BD157,Pathway Point,PTHWY_PNT,PD_SourceExtraction,46603045,
84865CCC-9CAB-437E-B9AE-8DF6913BD157,Pathway Point,PTHWY_PNT,PD_SourceModel,SUBSURFACE AND WELLS,
84865CCC-9CAB-437E-B9AE-8DF6913BD157,Pathway Point,PTHWY_PNT,MTED_EDaM_Entity_Data_Category,<unspecified>,SHL_CDM_EntityPropertyExtension.MTED_EDaM_Entity_Data_Category
84865CCC-9CAB-437E-B9AE-8DF6913BD157,Pathway Point,PTHWY_PNT,MTED_EDaM_Data_Owner,,SHL_CDM_EntityPropertyExtension.MTED_EDaM_Data_Owner
84865CCC-9CAB-437E-B9AE-8DF6913BD157,Pathway Point,PTHWY_PNT,MTED_EDaM_Entity_Critical_Data,<unspecified>,SHL_CDM_EntityPropertyExtension.MTED_EDaM_Entity_Critical_Data
84865CCC-9CAB-437E-B9AE-8DF6913BD157,Pathway Point,PTHWY_PNT,MTED_EDaM_Entity_Quality_Indication,<unspecified>,SHL_CDM_EntityPropertyExtension.MTED_EDaM_Entity_Quality_Indication
84865CCC-9CAB-437E-B9AE-8DF6913BD157,Pathway Point,PTHWY_PNT,MTED_EDaM_Entity_Availability_Indication,<unspecified>,SHL_CDM_EntityPropertyExtension.MTED_EDaM_Entity_Availability_Indication
84865CCC-9CAB-437E-B9AE-8DF6913BD157,Pathway Point,PTHWY_PNT,MTED_EDaM_Security_Classification,<unspecified>,SHL_CDM_EntityPropertyExtension.MTED_EDaM_Security_Classification
84865CCC-9CAB-437E-B9AE-8DF6913BD157,Pathway Point,PTHWY_PNT,MTED_EDaM_Design_Status,Approved,SHL_CDM_EntityPropertyExtension.MTED_EDaM_Design_Status
84865CCC-9CAB-437E-B9AE-8DF6913BD157,Pathway Point,PTHWY_PNT,MTED_Version_No,2021.2,SHL_CDM_EntityPropertyExtension.MTED_Version_No
84865CCC-9CAB-437E-B9AE-8DF6913BD157,Pathway Point,PTHWY_PNT,MTED_EDaM_Version_Date,,SHL_CDM_EntityPropertyExtension.MTED_EDaM_Version_Date
84865CCC-9CAB-437E-B9AE-8DF6913BD157,Pathway Point,PTHWY_PNT,CSI,false,SHL_CDM_EntityPropertyExtension.CSI
84865CCC-9CAB-437E-B9AE-8DF6913BD157,Pathway Point,PTHWY_PNT,MTED_EDaM_Business_Critical_Data,false,SHL_CDM_EntityPropertyExtension.MTED_EDaM_Business_Critical_Data
84865CCC-9CAB-437E-B9AE-8DF6913BD157,Pathway Point,PTHWY_PNT,MTED_Encryption_Required,false,SHL_CDM_EntityPropertyExtension.MTED_Encryption_Required
84865CCC-9CAB-437E-B9AE-8DF6913BD157,Pathway Point,PTHWY_PNT,PII,false,SHL_CDM_EntityPropertyExtension.PII
84865CCC-9CAB-437E-B9AE-8DF6913BD157,Pathway Point,PTHWY_PNT,EntityUpdateDate,19/08/2021 Pass 3,SHL_CDM_EntityPropertyExtension.EntityUpdateDate
84865CCC-9CAB-437E-B9AE-8DF6913BD157,Pathway Point,PTHWY_PNT,Generation,true,SHL_CDM_EntityPropertyExtension.Generation
84865CCC-9CAB-437E-B9AE-8DF6913BD157,Pathway Point,PTHWY_PNT,DataArea,Vessel,BIM-core.DataArea
84865CCC-9CAB-437E-B9AE-8DF6913BD157,Pathway Point,PTHWY_PNT,EnterpriseLevel,No,BIM-core.EnterpriseLevel
84865CCC-9CAB-437E-B9AE-8DF6913BD157,Pathway Point,PTHWY_PNT,ExchangeId,{63149701-0780-4E12-9595-134DC5ECFECF},BIM-core.ExchangeId
FB6818B6-294F-4FFB-9AF8-FB4329EA107D,Parameter Type,PRMTR_TYP,PD_ObjectID,FB6818B6-294F-4FFB-9AF8-FB4329EA107D,
FB6818B6-294F-4FFB-9AF8-FB4329EA107D,Parameter Type,PRMTR_TYP,PD_SourceExtraction,46603045,
FB6818B6-294F-4FFB-9AF8-FB4329EA107D,Parameter Type,PRMTR_TYP,PD_SourceModel,SUBSURFACE AND WELLS,
FB6818B6-294F-4FFB-9AF8-FB4329EA107D,Parameter Type,PRMTR_TYP,MTED_Version_No,EDaM 2019.2,SHL_CDM_EntityPropertyExtension.MTED_Version_No
FB6818B6-294F-4FFB-9AF8-FB4329EA107D,Parameter Type,PRMTR_TYP,MTED_EDaM_Version_Date,01-11-19,SHL_CDM_EntityPropertyExtension.MTED_EDaM_Version_Date
FB6818B6-294F-4FFB-9AF8-FB4329EA107D,Parameter Type,PRMTR_TYP,MTED_EDaM_Data_Owner,Andrew Schulze,SHL_CDM_EntityPropertyExtension.MTED_EDaM_Data_Owner
FB6818B6-294F-4FFB-9AF8-FB4329EA107D,Parameter Type,PRMTR_TYP,MTED_EDaM_Design_Status,Approved,SHL_CDM_EntityPropertyExtension.MTED_EDaM_Design_Status
FB6818B6-294F-4FFB-9AF8-FB4329EA107D,Parameter Type,PRMTR_TYP,MTED_EDaM_Entity_Maps_To_Entity,"""01_EDC_Area"".Port",SHL_CDM_EntityPropertyExtension.MTED_EDaM_Entity_Maps_To_Entity
FB6818B6-294F-4FFB-9AF8-FB4329EA107D,Parameter Type,PRMTR_TYP,CSI,false,SHL_CDM_EntityPropertyExtension.CSI
FB6818B6-294F-4FFB-9AF8-FB4329EA107D,Parameter Type,PRMTR_TYP,MTED_EDaM_Entity_Data_Category,<unspecified>,SHL_CDM_EntityPropertyExtension.MTED_EDaM_Entity_Data_Category
FB6818B6-294F-4FFB-9AF8-FB4329EA107D,Parameter Type,PRMTR_TYP,MTED_EDaM_Security_Classification,<unspecified>,SHL_CDM_EntityPropertyExtension.MTED_EDaM_Security_Classification
FB6818B6-294F-4FFB-9AF8-FB4329EA107D,Parameter Type,PRMTR_TYP,MTED_Encryption_Required,false,SHL_CDM_EntityPropertyExtension.MTED_Encryption_Required
FB6818B6-294F-4FFB-9AF8-FB4329EA107D,Parameter Type,PRMTR_TYP,PII,false,SHL_CDM_EntityPropertyExtension.PII
FB6818B6-294F-4FFB-9AF8-FB4329EA107D,Parameter Type,PRMTR_TYP,CommerciallySensitiveInformation,No Commercially Sensitive Information,BIM-core.CommerciallySensitiveInformation
FB6818B6-294F-4FFB-9AF8-FB4329EA107D,Parameter Type,PRMTR_TYP,Criticality,No Critical Data,BIM-core.Criticality
FB6818B6-294F-4FFB-9AF8-FB4329EA107D,Parameter Type,PRMTR_TYP,DataCategory,Structured,BIM-core.DataCategory
FB6818B6-294F-4FFB-9AF8-FB4329EA107D,Parameter Type,PRMTR_TYP,DataConfidentiality,Internal,BIM-core.DataConfidentiality
FB6818B6-294F-4FFB-9AF8-FB4329EA107D,Parameter Type,PRMTR_TYP,DesignStatus,Approved,BIM-core.DesignStatus
FB6818B6-294F-4FFB-9AF8-FB4329EA107D,Parameter Type,PRMTR_TYP,EntityCategory,Master,BIM-core.EntityCategory
FB6818B6-294F-4FFB-9AF8-FB4329EA107D,Parameter Type,PRMTR_TYP,EntityPersonalData,No Personal Data,BIM-core.EntityPersonalData
FB6818B6-294F-4FFB-9AF8-FB4329EA107D,Parameter Type,PRMTR_TYP,FinancialPersonalData,No Financial Personal Data,BIM-core.FinancialPersonalData
FB6818B6-294F-4FFB-9AF8-FB4329EA107D,Parameter Type,PRMTR_TYP,SensitivePersonalData,No Sensitive Personal Data,BIM-core.SensitivePersonalData
FB6818B6-294F-4FFB-9AF8-FB4329EA107D,Parameter Type,PRMTR_TYP,DataArea,Production Measurement,BIM-core.DataArea
FB6818B6-294F-4FFB-9AF8-FB4329EA107D,Parameter Type,PRMTR_TYP,EnterpriseLevel,No,BIM-core.EnterpriseLevel
FB6818B6-294F-4FFB-9AF8-FB4329EA107D,Parameter Type,PRMTR_TYP,ExchangeId,{891C51D3-A8FD-4225-BE9E-29144B32946C},BIM-core.ExchangeId
EED63CE8-C05F-472D-9CBD-0F608D1B0D2F,Organisation,ORGNSTN,PD_ObjectID,EED63CE8-C05F-472D-9CBD-0F608D1B0D2F,
EED63CE8-C05F-472D-9CBD-0F608D1B0D2F,Organisation,ORGNSTN,PD_SourceExtraction,46603045,
EED63CE8-C05F-472D-9CBD-0F608D1B0D2F,Organisation,ORGNSTN,PD_SourceModel,SUBSURFACE AND WELLS,
EED63CE8-C05F-472D-9CBD-0F608D1B0D2F,Organisation,ORGNSTN,MTED_EDaM_Entity_Data_Category,Master,SHL_CDM_EntityPropertyExtension.MTED_EDaM_Entity_Data_Category
EED63CE8-C05F-472D-9CBD-0F608D1B0D2F,Organisation,ORGNSTN,MTED_EDaM_Data_Owner,,SHL_CDM_EntityPropertyExtension.MTED_EDaM_Data_Owner
EED63CE8-C05F-472D-9CBD-0F608D1B0D2F,Organisation,ORGNSTN,MTED_EDaM_Entity_Critical_Data,F,SHL_CDM_EntityPropertyExtension.MTED_EDaM_Entity_Critical_Data
EED63CE8-C05F-472D-9CBD-0F608D1B0D2F,Organisation,ORGNSTN,MTED_EDaM_Entity_Quality_Indication,<unspecified>,SHL_CDM_EntityPropertyExtension.MTED_EDaM_Entity_Quality_Indication
EED63CE8-C05F-472D-9CBD-0F608D1B0D2F,Organisation,ORGNSTN,MTED_EDaM_Entity_Availability_Indication,<unspecified>,SHL_CDM_EntityPropertyExtension.MTED_EDaM_Entity_Availability_Indication
EED63CE8-C05F-472D-9CBD-0F608D1B0D2F,Organisation,ORGNSTN,MTED_EDaM_Security_Classification,Restricted,SHL_CDM_EntityPropertyExtension.MTED_EDaM_Security_Classification
EED63CE8-C05F-472D-9CBD-0F608D1B0D2F,Organisation,ORGNSTN,MTED_EDaM_Design_Status,Approved,SHL_CDM_EntityPropertyExtension.MTED_EDaM_Design_Status
EED63CE8-C05F-472D-9CBD-0F608D1B0D2F,Organisation,ORGNSTN,MTED_Version_No,2021.2,SHL_CDM_EntityPropertyExtension.MTED_Version_No
EED63CE8-C05F-472D-9CBD-0F608D1B0D2F,Organisation,ORGNSTN,MTED_EDaM_Version_Date,,SHL_CDM_EntityPropertyExtension.MTED_EDaM_Version_Date
EED63CE8-C05F-472D-9CBD-0F608D1B0D2F,Organisation,ORGNSTN,CSI,false,SHL_CDM_EntityPropertyExtension.CSI
EED63CE8-C05F-472D-9CBD-0F608D1B0D2F,Organisation,ORGNSTN,MTED_Encryption_Required,false,SHL_CDM_EntityPropertyExtension.MTED_Encryption_Required
EED63CE8-C05F-472D-9CBD-0F608D1B0D2F,Organisation,ORGNSTN,PII,false,SHL_CDM_EntityPropertyExtension.PII
EED63CE8-C05F-472D-9CBD-0F608D1B0D2F,Organisation,ORGNSTN,MTED_EDaM_Business_Critical_Data,false,SHL_CDM_EntityPropertyExtension.MTED_EDaM_Business_Critical_Data
EED63CE8-C05F-472D-9CBD-0F608D1B0D2F,Organisation,ORGNSTN,EntityUpdateDate,19/08/2021 Pass 3,SHL_CDM_EntityPropertyExtension.EntityUpdateDate
EED63CE8-C05F-472D-9CBD-0F608D1B0D2F,Organisation,ORGNSTN,Generation,true,SHL_CDM_EntityPropertyExtension.Generation
EED63CE8-C05F-472D-9CBD-0F608D1B0D2F,Organisation,ORGNSTN,CommerciallySensitiveInformation,No Commercially Sensitive Information,BIM-core.CommerciallySensitiveInformation
EED63CE8-C05F-472D-9CBD-0F608D1B0D2F,Organisation,ORGNSTN,Criticality,No Critical Data,BIM-core.Criticality
EED63CE8-C05F-472D-9CBD-0F608D1B0D2F,Organisation,ORGNSTN,DataCategory,Structured,BIM-core.DataCategory
EED63CE8-C05F-472D-9CBD-0F608D1B0D2F,Organisation,ORGNSTN,DataConfidentiality,Confidential,BIM-core.DataConfidentiality
EED63CE8-C05F-472D-9CBD-0F608D1B0D2F,Organisation,ORGNSTN,DesignStatus,Approved,BIM-core.DesignStatus
EED63CE8-C05F-472D-9CBD-0F608D1B0D2F,Organisation,ORGNSTN,EntityCategory,Master,BIM-core.EntityCategory
EED63CE8-C05F-472D-9CBD-0F608D1B0D2F,Organisation,ORGNSTN,EntityPersonalData,No Personal Data,BIM-core.EntityPersonalData
EED63CE8-C05F-472D-9CBD-0F608D1B0D2F,Organisation,ORGNSTN,FinancialPersonalData,No Financial Personal Data,BIM-core.FinancialPersonalData
EED63CE8-C05F-472D-9CBD-0F608D1B0D2F,Organisation,ORGNSTN,SensitivePersonalData,No Sensitive Personal Data,BIM-core.SensitivePersonalData
EED63CE8-C05F-472D-9CBD-0F608D1B0D2F,Organisation,ORGNSTN,DataArea,Business Partner,BIM-core.DataArea
EED63CE8-C05F-472D-9CBD-0F608D1B0D2F,Organisation,ORGNSTN,EnterpriseLevel,No,BIM-core.EnterpriseLevel
EED63CE8-C05F-472D-9CBD-0F608D1B0D2F,Organisation,ORGNSTN,ExchangeId,{76AE0CF3-94E9-4FB2-9F96-474C44D09F31},BIM-core.ExchangeId
81E43996-CBDF-4013-99C5-1A80A8C64812,Opportunity Realisation Process,OPPRTNTY_RLSTN_PRCSS,PD_ObjectID,81E43996-CBDF-4013-99C5-1A80A8C64812,
81E43996-CBDF-4013-99C5-1A80A8C64812,Opportunity Realisation Process,OPPRTNTY_RLSTN_PRCSS,PD_SourceExtraction,46603045,
81E43996-CBDF-4013-99C5-1A80A8C64812,Opportunity Realisation Process,OPPRTNTY_RLSTN_PRCSS,PD_SourceModel,SUBSURFACE AND WELLS,
81E43996-CBDF-4013-99C5-1A80A8C64812,Opportunity Realisation Process,OPPRTNTY_RLSTN_PRCSS,CSI,false,SHL_CDM_EntityPropertyExtension.CSI
81E43996-CBDF-4013-99C5-1A80A8C64812,Opportunity Realisation Process,OPPRTNTY_RLSTN_PRCSS,EntityUpdateDate,19/08/2021 Pass 3,SHL_CDM_EntityPropertyExtension.EntityUpdateDate
81E43996-CBDF-4013-99C5-1A80A8C64812,Opportunity Realisation Process,OPPRTNTY_RLSTN_PRCSS,MTED_EDaM_Business_Critical_Data,false,SHL_CDM_EntityPropertyExtension.MTED_EDaM_Business_Critical_Data
81E43996-CBDF-4013-99C5-1A80A8C64812,Opportunity Realisation Process,OPPRTNTY_RLSTN_PRCSS,MTED_Encryption_Required,false,SHL_CDM_EntityPropertyExtension.MTED_Encryption_Required
81E43996-CBDF-4013-99C5-1A80A8C64812,Opportunity Realisation Process,OPPRTNTY_RLSTN_PRCSS,PII,false,SHL_CDM_EntityPropertyExtension.PII
81E43996-CBDF-4013-99C5-1A80A8C64812,Opportunity Realisation Process,OPPRTNTY_RLSTN_PRCSS,Generation,true,SHL_CDM_EntityPropertyExtension.Generation
81E43996-CBDF-4013-99C5-1A80A8C64812,Opportunity Realisation Process,OPPRTNTY_RLSTN_PRCSS,MTED_EDaM_Design_Status,Approved,SHL_CDM_EntityPropertyExtension.MTED_EDaM_Design_Status
81E43996-CBDF-4013-99C5-1A80A8C64812,Opportunity Realisation Process,OPPRTNTY_RLSTN_PRCSS,MTED_Version_No,2021.2,SHL_CDM_EntityPropertyExtension.MTED_Version_No
81E43996-CBDF-4013-99C5-1A80A8C64812,Opportunity Realisation Process,OPPRTNTY_RLSTN_PRCSS,CommerciallySensitiveInformation,No Commercially Sensitive Information,BIM-core.CommerciallySensitiveInformation
81E43996-CBDF-4013-99C5-1A80A8C64812,Opportunity Realisation Process,OPPRTNTY_RLSTN_PRCSS,Criticality,No Critical Data,BIM-core.Criticality
81E43996-CBDF-4013-99C5-1A80A8C64812,Opportunity Realisation Process,OPPRTNTY_RLSTN_PRCSS,DataCategory,Structured,BIM-core.DataCategory
81E43996-CBDF-4013-99C5-1A80A8C64812,Opportunity Realisation Process,OPPRTNTY_RLSTN_PRCSS,DataConfidentiality,Internal,BIM-core.DataConfidentiality
81E43996-CBDF-4013-99C5-1A80A8C64812,Opportunity Realisation Process,OPPRTNTY_RLSTN_PRCSS,EntityCategory,Transaction,BIM-core.EntityCategory
81E43996-CBDF-4013-99C5-1A80A8C64812,Opportunity Realisation Process,OPPRTNTY_RLSTN_PRCSS,EntityPersonalData,No Personal Data,BIM-core.EntityPersonalData
81E43996-CBDF-4013-99C5-1A80A8C64812,Opportunity Realisation Process,OPPRTNTY_RLSTN_PRCSS,FinancialPersonalData,No Financial Personal Data,BIM-core.FinancialPersonalData
81E43996-CBDF-4013-99C5-1A80A8C64812,Opportunity Realisation Process,OPPRTNTY_RLSTN_PRCSS,SensitivePersonalData,No Sensitive Personal Data,BIM-core.SensitivePersonalData
81E43996-CBDF-4013-99C5-1A80A8C64812,Opportunity Realisation Process,OPPRTNTY_RLSTN_PRCSS,DataArea,Production Forecast & Plan,BIM-core.DataArea
81E43996-CBDF-4013-99C5-1A80A8C64812,Opportunity Realisation Process,OPPRTNTY_RLSTN_PRCSS,EnterpriseLevel,No,BIM-core.EnterpriseLevel
81E43996-CBDF-4013-99C5-1A80A8C64812,Opportunity Realisation Process,OPPRTNTY_RLSTN_PRCSS,ExchangeId,{1DA102A7-10CB-4F3C-AE78-E6EB4E67AE17},BIM-core.ExchangeId
D123C511-1031-4F67-B2F8-D1BBD4142067,Opportunity Assurance Plan,OPPRTNTY_ASSRNC_PLN,PD_ObjectID,D123C511-1031-4F67-B2F8-D1BBD4142067,
D123C511-1031-4F67-B2F8-D1BBD4142067,Opportunity Assurance Plan,OPPRTNTY_ASSRNC_PLN,PD_SourceExtraction,46603045,
D123C511-1031-4F67-B2F8-D1BBD4142067,Opportunity Assurance Plan,OPPRTNTY_ASSRNC_PLN,PD_SourceModel,SUBSURFACE AND WELLS,
D123C511-1031-4F67-B2F8-D1BBD4142067,Opportunity Assurance Plan,OPPRTNTY_ASSRNC_PLN,CSI,false,SHL_CDM_EntityPropertyExtension.CSI
D123C511-1031-4F67-B2F8-D1BBD4142067,Opportunity Assurance Plan,OPPRTNTY_ASSRNC_PLN,EntityUpdateDate,19/08/2021 Pass 3,SHL_CDM_EntityPropertyExtension.EntityUpdateDate
D123C511-1031-4F67-B2F8-D1BBD4142067,Opportunity Assurance Plan,OPPRTNTY_ASSRNC_PLN,MTED_EDaM_Business_Critical_Data,false,SHL_CDM_EntityPropertyExtension.MTED_EDaM_Business_Critical_Data
D123C511-1031-4F67-B2F8-D1BBD4142067,Opportunity Assurance Plan,OPPRTNTY_ASSRNC_PLN,MTED_Encryption_Required,false,SHL_CDM_EntityPropertyExtension.MTED_Encryption_Required
D123C511-1031-4F67-B2F8-D1BBD4142067,Opportunity Assurance Plan,OPPRTNTY_ASSRNC_PLN,PII,false,SHL_CDM_EntityPropertyExtension.PII
D123C511-1031-4F67-B2F8-D1BBD4142067,Opportunity Assurance Plan,OPPRTNTY_ASSRNC_PLN,Generation,true,SHL_CDM_EntityPropertyExtension.Generation
D123C511-1031-4F67-B2F8-D1BBD4142067,Opportunity Assurance Plan,OPPRTNTY_ASSRNC_PLN,MTED_EDaM_Design_Status,Approved,SHL_CDM_EntityPropertyExtension.MTED_EDaM_Design_Status
D123C511-1031-4F67-B2F8-D1BBD4142067,Opportunity Assurance Plan,OPPRTNTY_ASSRNC_PLN,MTED_Version_No,2021.2,SHL_CDM_EntityPropertyExtension.MTED_Version_No
D123C511-1031-4F67-B2F8-D1BBD4142067,Opportunity Assurance Plan,OPPRTNTY_ASSRNC_PLN,CommerciallySensitiveInformation,Commercially Sensitive Information,BIM-core.CommerciallySensitiveInformation
D123C511-1031-4F67-B2F8-D1BBD4142067,Opportunity Assurance Plan,OPPRTNTY_ASSRNC_PLN,Criticality,No Critical Data,BIM-core.Criticality
D123C511-1031-4F67-B2F8-D1BBD4142067,Opportunity Assurance Plan,OPPRTNTY_ASSRNC_PLN,DataCategory,Structured,BIM-core.DataCategory
D123C511-1031-4F67-B2F8-D1BBD4142067,Opportunity Assurance Plan,OPPRTNTY_ASSRNC_PLN,DataConfidentiality,Internal,BIM-core.DataConfidentiality
D123C511-1031-4F67-B2F8-D1BBD4142067,Opportunity Assurance Plan,OPPRTNTY_ASSRNC_PLN,DesignStatus,Approved,BIM-core.DesignStatus
D123C511-1031-4F67-B2F8-D1BBD4142067,Opportunity Assurance Plan,OPPRTNTY_ASSRNC_PLN,EntityCategory,Transaction,BIM-core.EntityCategory
D123C511-1031-4F67-B2F8-D1BBD4142067,Opportunity Assurance Plan,OPPRTNTY_ASSRNC_PLN,EntityPersonalData,No Personal Data,BIM-core.EntityPersonalData
D123C511-1031-4F67-B2F8-D1BBD4142067,Opportunity Assurance Plan,OPPRTNTY_ASSRNC_PLN,FinancialPersonalData,No Financial Personal Data,BIM-core.FinancialPersonalData
D123C511-1031-4F67-B2F8-D1BBD4142067,Opportunity Assurance Plan,OPPRTNTY_ASSRNC_PLN,SensitivePersonalData,No Sensitive Personal Data,BIM-core.SensitivePersonalData
D123C511-1031-4F67-B2F8-D1BBD4142067,Opportunity Assurance Plan,OPPRTNTY_ASSRNC_PLN,DataArea,Project Activity Study Lifecycle,BIM-core.DataArea
D123C511-1031-4F67-B2F8-D1BBD4142067,Opportunity Assurance Plan,OPPRTNTY_ASSRNC_PLN,EnterpriseLevel,Yes,BIM-core.EnterpriseLevel
D123C511-1031-4F67-B2F8-D1BBD4142067,Opportunity Assurance Plan,OPPRTNTY_ASSRNC_PLN,ExchangeId,{39CB1627-3D9F-4616-9DBB-394ADE081D4D},BIM-core.ExchangeId
AA39E7C6-BEC6-4F68-A52E-490BD88A3243,Operations Personnel,OPRTNS_PRSNNL,PD_ObjectID,AA39E7C6-BEC6-4F68-A52E-490BD88A3243,
AA39E7C6-BEC6-4F68-A52E-490BD88A3243,Operations Personnel,OPRTNS_PRSNNL,PD_SourceExtraction,46603045,
AA39E7C6-BEC6-4F68-A52E-490BD88A3243,Operations Personnel,OPRTNS_PRSNNL,PD_SourceModel,SUBSURFACE AND WELLS,
AA39E7C6-BEC6-4F68-A52E-490BD88A3243,Operations Personnel,OPRTNS_PRSNNL,EntityCategory,Transaction,BIM-core.EntityCategory
AA39E7C6-BEC6-4F68-A52E-490BD88A3243,Operations Personnel,OPRTNS_PRSNNL,DataCategory,Structured,BIM-core.DataCategory
AA39E7C6-BEC6-4F68-A52E-490BD88A3243,Operations Personnel,OPRTNS_PRSNNL,Criticality,No Critical Data,BIM-core.Criticality
AA39E7C6-BEC6-4F68-A52E-490BD88A3243,Operations Personnel,OPRTNS_PRSNNL,CommerciallySensitiveInformation,No Commercially Sensitive Information,BIM-core.CommerciallySensitiveInformation
AA39E7C6-BEC6-4F68-A52E-490BD88A3243,Operations Personnel,OPRTNS_PRSNNL,DataConfidentiality,Internal,BIM-core.DataConfidentiality
AA39E7C6-BEC6-4F68-A52E-490BD88A3243,Operations Personnel,OPRTNS_PRSNNL,EntityPersonalData,No Personal Data,BIM-core.EntityPersonalData
AA39E7C6-BEC6-4F68-A52E-490BD88A3243,Operations Personnel,OPRTNS_PRSNNL,FinancialPersonalData,No Financial Personal Data,BIM-core.FinancialPersonalData
AA39E7C6-BEC6-4F68-A52E-490BD88A3243,Operations Personnel,OPRTNS_PRSNNL,SensitivePersonalData,No Sensitive Personal Data,BIM-core.SensitivePersonalData
AA39E7C6-BEC6-4F68-A52E-490BD88A3243,Operations Personnel,OPRTNS_PRSNNL,DesignStatus,Approved,BIM-core.DesignStatus
AA39E7C6-BEC6-4F68-A52E-490BD88A3243,Operations Personnel,OPRTNS_PRSNNL,DataArea,Well Activity,BIM-core.DataArea
AA39E7C6-BEC6-4F68-A52E-490BD88A3243,Operations Personnel,OPRTNS_PRSNNL,EnterpriseLevel,Yes,BIM-core.EnterpriseLevel
AA39E7C6-BEC6-4F68-A52E-490BD88A3243,Operations Personnel,OPRTNS_PRSNNL,ExchangeId,{8563FBA3-627C-434B-A910-5A4EE41802C4},BIM-core.ExchangeId
AA8B6C66-7397-47D7-8B94-BE3A7A59CA1D,Operational Activity,OPRTNL_ACTVTY,PD_ObjectID,AA8B6C66-7397-47D7-8B94-BE3A7A59CA1D,
AA8B6C66-7397-47D7-8B94-BE3A7A59CA1D,Operational Activity,OPRTNL_ACTVTY,PD_SourceExtraction,46603045,
AA8B6C66-7397-47D7-8B94-BE3A7A59CA1D,Operational Activity,OPRTNL_ACTVTY,PD_SourceModel,SUBSURFACE AND WELLS,
AA8B6C66-7397-47D7-8B94-BE3A7A59CA1D,Operational Activity,OPRTNL_ACTVTY,EntityCategory,Transaction,BIM-core.EntityCategory
AA8B6C66-7397-47D7-8B94-BE3A7A59CA1D,Operational Activity,OPRTNL_ACTVTY,DataCategory,Structured,BIM-core.DataCategory
AA8B6C66-7397-47D7-8B94-BE3A7A59CA1D,Operational Activity,OPRTNL_ACTVTY,Criticality,No Critical Data,BIM-core.Criticality
AA8B6C66-7397-47D7-8B94-BE3A7A59CA1D,Operational Activity,OPRTNL_ACTVTY,CommerciallySensitiveInformation,No Commercially Sensitive Information,BIM-core.CommerciallySensitiveInformation
AA8B6C66-7397-47D7-8B94-BE3A7A59CA1D,Operational Activity,OPRTNL_ACTVTY,DataConfidentiality,Internal,BIM-core.DataConfidentiality
AA8B6C66-7397-47D7-8B94-BE3A7A59CA1D,Operational Activity,OPRTNL_ACTVTY,EntityPersonalData,No Personal Data,BIM-core.EntityPersonalData
AA8B6C66-7397-47D7-8B94-BE3A7A59CA1D,Operational Activity,OPRTNL_ACTVTY,FinancialPersonalData,No Financial Personal Data,BIM-core.FinancialPersonalData
AA8B6C66-7397-47D7-8B94-BE3A7A59CA1D,Operational Activity,OPRTNL_ACTVTY,SensitivePersonalData,No Sensitive Personal Data,BIM-core.SensitivePersonalData
AA8B6C66-7397-47D7-8B94-BE3A7A59CA1D,Operational Activity,OPRTNL_ACTVTY,DesignStatus,Approved,BIM-core.DesignStatus
AA8B6C66-7397-47D7-8B94-BE3A7A59CA1D,Operational Activity,OPRTNL_ACTVTY,DataArea,Well Activity,BIM-core.DataArea
AA8B6C66-7397-47D7-8B94-BE3A7A59CA1D,Operational Activity,OPRTNL_ACTVTY,EnterpriseLevel,Yes,BIM-core.EnterpriseLevel
AA8B6C66-7397-47D7-8B94-BE3A7A59CA1D,Operational Activity,OPRTNL_ACTVTY,ExchangeId,{4A7A0523-3662-412F-BBDC-65D6BE265373},BIM-core.ExchangeId
2D7D1062-DE49-4ED9-A1BD-59E68AE36A24,Operating Producing,OPRTNG_PRDCNG,PD_ObjectID,2D7D1062-DE49-4ED9-A1BD-59E68AE36A24,
2D7D1062-DE49-4ED9-A1BD-59E68AE36A24,Operating Producing,OPRTNG_PRDCNG,PD_SourceExtraction,46603045,
2D7D1062-DE49-4ED9-A1BD-59E68AE36A24,Operating Producing,OPRTNG_PRDCNG,PD_SourceModel,SUBSURFACE AND WELLS,
2D7D1062-DE49-4ED9-A1BD-59E68AE36A24,Operating Producing,OPRTNG_PRDCNG,EntityUpdateDate,19/08/2021 Pass 3,SHL_CDM_EntityPropertyExtension.EntityUpdateDate
2D7D1062-DE49-4ED9-A1BD-59E68AE36A24,Operating Producing,OPRTNG_PRDCNG,CommerciallySensitiveInformation,No Commercially Sensitive Information,BIM-core.CommerciallySensitiveInformation
2D7D1062-DE49-4ED9-A1BD-59E68AE36A24,Operating Producing,OPRTNG_PRDCNG,Criticality,No Critical Data,BIM-core.Criticality
2D7D1062-DE49-4ED9-A1BD-59E68AE36A24,Operating Producing,OPRTNG_PRDCNG,DataCategory,Structured,BIM-core.DataCategory
2D7D1062-DE49-4ED9-A1BD-59E68AE36A24,Operating Producing,OPRTNG_PRDCNG,DataConfidentiality,Internal,BIM-core.DataConfidentiality
2D7D1062-DE49-4ED9-A1BD-59E68AE36A24,Operating Producing,OPRTNG_PRDCNG,DesignStatus,Approved,BIM-core.DesignStatus
2D7D1062-DE49-4ED9-A1BD-59E68AE36A24,Operating Producing,OPRTNG_PRDCNG,EntityCategory,Transaction,BIM-core.EntityCategory
2D7D1062-DE49-4ED9-A1BD-59E68AE36A24,Operating Producing,OPRTNG_PRDCNG,EntityPersonalData,No Personal Data,BIM-core.EntityPersonalData
2D7D1062-DE49-4ED9-A1BD-59E68AE36A24,Operating Producing,OPRTNG_PRDCNG,FinancialPersonalData,No Financial Personal Data,BIM-core.FinancialPersonalData
2D7D1062-DE49-4ED9-A1BD-59E68AE36A24,Operating Producing,OPRTNG_PRDCNG,SensitivePersonalData,No Sensitive Personal Data,BIM-core.SensitivePersonalData
2D7D1062-DE49-4ED9-A1BD-59E68AE36A24,Operating Producing,OPRTNG_PRDCNG,DataArea,Well Activity,BIM-core.DataArea
2D7D1062-DE49-4ED9-A1BD-59E68AE36A24,Operating Producing,OPRTNG_PRDCNG,EnterpriseLevel,Yes,BIM-core.EnterpriseLevel
2D7D1062-DE49-4ED9-A1BD-59E68AE36A24,Operating Producing,OPRTNG_PRDCNG,ExchangeId,{95192DC1-4F0F-4E06-B0ED-3419177159D3},BIM-core.ExchangeId
962F47B8-149B-44D4-AAC4-A12071C5A06B,Objective Case,OBJCTV_CS,PD_ObjectID,962F47B8-149B-44D4-AAC4-A12071C5A06B,
962F47B8-149B-44D4-AAC4-A12071C5A06B,Objective Case,OBJCTV_CS,PD_SourceExtraction,46603045,
962F47B8-149B-44D4-AAC4-A12071C5A06B,Objective Case,OBJCTV_CS,PD_SourceModel,SUBSURFACE AND WELLS,
962F47B8-149B-44D4-AAC4-A12071C5A06B,Objective Case,OBJCTV_CS,CSI,false,SHL_CDM_EntityPropertyExtension.CSI
962F47B8-149B-44D4-AAC4-A12071C5A06B,Objective Case,OBJCTV_CS,EntityUpdateDate,19/08/2021 Pass 3,SHL_CDM_EntityPropertyExtension.EntityUpdateDate
962F47B8-149B-44D4-AAC4-A12071C5A06B,Objective Case,OBJCTV_CS,MTED_EDaM_Business_Critical_Data,false,SHL_CDM_EntityPropertyExtension.MTED_EDaM_Business_Critical_Data
962F47B8-149B-44D4-AAC4-A12071C5A06B,Objective Case,OBJCTV_CS,MTED_Encryption_Required,false,SHL_CDM_EntityPropertyExtension.MTED_Encryption_Required
962F47B8-149B-44D4-AAC4-A12071C5A06B,Objective Case,OBJCTV_CS,PII,false,SHL_CDM_EntityPropertyExtension.PII
962F47B8-149B-44D4-AAC4-A12071C5A06B,Objective Case,OBJCTV_CS,Generation,true,SHL_CDM_EntityPropertyExtension.Generation
962F47B8-149B-44D4-AAC4-A12071C5A06B,Objective Case,OBJCTV_CS,MTED_EDaM_Design_Status,Approved,SHL_CDM_EntityPropertyExtension.MTED_EDaM_Design_Status
962F47B8-149B-44D4-AAC4-A12071C5A06B,Objective Case,OBJCTV_CS,MTED_Version_No,2021.2,SHL_CDM_EntityPropertyExtension.MTED_Version_No
962F47B8-149B-44D4-AAC4-A12071C5A06B,Objective Case,OBJCTV_CS,CommerciallySensitiveInformation,No Commercially Sensitive Information,BIM-core.CommerciallySensitiveInformation
962F47B8-149B-44D4-AAC4-A12071C5A06B,Objective Case,OBJCTV_CS,Criticality,No Critical Data,BIM-core.Criticality
962F47B8-149B-44D4-AAC4-A12071C5A06B,Objective Case,OBJCTV_CS,DataCategory,Structured,BIM-core.DataCategory
962F47B8-149B-44D4-AAC4-A12071C5A06B,Objective Case,OBJCTV_CS,DataConfidentiality,Internal,BIM-core.DataConfidentiality
962F47B8-149B-44D4-AAC4-A12071C5A06B,Objective Case,OBJCTV_CS,DesignStatus,Approved,BIM-core.DesignStatus
962F47B8-149B-44D4-AAC4-A12071C5A06B,Objective Case,OBJCTV_CS,EntityCategory,Master,BIM-core.EntityCategory
962F47B8-149B-44D4-AAC4-A12071C5A06B,Objective Case,OBJCTV_CS,EntityPersonalData,No Personal Data,BIM-core.EntityPersonalData
962F47B8-149B-44D4-AAC4-A12071C5A06B,Objective Case,OBJCTV_CS,FinancialPersonalData,No Financial Personal Data,BIM-core.FinancialPersonalData
962F47B8-149B-44D4-AAC4-A12071C5A06B,Objective Case,OBJCTV_CS,SensitivePersonalData,No Sensitive Personal Data,BIM-core.SensitivePersonalData
962F47B8-149B-44D4-AAC4-A12071C5A06B,Objective Case,OBJCTV_CS,DataArea,Production Forecast,BIM-core.DataArea
962F47B8-149B-44D4-AAC4-A12071C5A06B,Objective Case,OBJCTV_CS,EnterpriseLevel,Yes,BIM-core.EnterpriseLevel
962F47B8-149B-44D4-AAC4-A12071C5A06B,Objective Case,OBJCTV_CS,ExchangeId,{440B0D59-109E-46C7-8C5A-25630887ADDA},BIM-core.ExchangeId
CF583C36-C001-464C-8109-BA4065D67B59,Objective,OBJCTV,PD_ObjectID,CF583C36-C001-464C-8109-BA4065D67B59,
CF583C36-C001-464C-8109-BA4065D67B59,Objective,OBJCTV,PD_SourceExtraction,46603045,
CF583C36-C001-464C-8109-BA4065D67B59,Objective,OBJCTV,PD_SourceModel,SUBSURFACE AND WELLS,
CF583C36-C001-464C-8109-BA4065D67B59,Objective,OBJCTV,CSI,false,SHL_CDM_EntityPropertyExtension.CSI
CF583C36-C001-464C-8109-BA4065D67B59,Objective,OBJCTV,EntityUpdateDate,19/08/2021 Pass 3,SHL_CDM_EntityPropertyExtension.EntityUpdateDate
CF583C36-C001-464C-8109-BA4065D67B59,Objective,OBJCTV,MTED_EDaM_Business_Critical_Data,false,SHL_CDM_EntityPropertyExtension.MTED_EDaM_Business_Critical_Data
CF583C36-C001-464C-8109-BA4065D67B59,Objective,OBJCTV,MTED_Encryption_Required,false,SHL_CDM_EntityPropertyExtension.MTED_Encryption_Required
CF583C36-C001-464C-8109-BA4065D67B59,Objective,OBJCTV,PII,false,SHL_CDM_EntityPropertyExtension.PII
CF583C36-C001-464C-8109-BA4065D67B59,Objective,OBJCTV,Generation,true,SHL_CDM_EntityPropertyExtension.Generation
CF583C36-C001-464C-8109-BA4065D67B59,Objective,OBJCTV,MTED_EDaM_Design_Status,Approved,SHL_CDM_EntityPropertyExtension.MTED_EDaM_Design_Status
CF583C36-C001-464C-8109-BA4065D67B59,Objective,OBJCTV,MTED_Version_No,2021.2,SHL_CDM_EntityPropertyExtension.MTED_Version_No
CF583C36-C001-464C-8109-BA4065D67B59,Objective,OBJCTV,CommerciallySensitiveInformation,No Commercially Sensitive Information,BIM-core.CommerciallySensitiveInformation
CF583C36-C001-464C-8109-BA4065D67B59,Objective,OBJCTV,Criticality,No Critical Data,BIM-core.Criticality
CF583C36-C001-464C-8109-BA4065D67B59,Objective,OBJCTV,DataCategory,Structured,BIM-core.DataCategory
CF583C36-C001-464C-8109-BA4065D67B59,Objective,OBJCTV,DataConfidentiality,Internal,BIM-core.DataConfidentiality
CF583C36-C001-464C-8109-BA4065D67B59,Objective,OBJCTV,DesignStatus,Approved,BIM-core.DesignStatus
CF583C36-C001-464C-8109-BA4065D67B59,Objective,OBJCTV,EntityCategory,Master,BIM-core.EntityCategory
CF583C36-C001-464C-8109-BA4065D67B59,Objective,OBJCTV,EntityPersonalData,No Personal Data,BIM-core.EntityPersonalData
CF583C36-C001-464C-8109-BA4065D67B59,Objective,OBJCTV,FinancialPersonalData,No Financial Personal Data,BIM-core.FinancialPersonalData
CF583C36-C001-464C-8109-BA4065D67B59,Objective,OBJCTV,SensitivePersonalData,No Sensitive Personal Data,BIM-core.SensitivePersonalData
CF583C36-C001-464C-8109-BA4065D67B59,Objective,OBJCTV,DataArea,Production Forecast,BIM-core.DataArea
CF583C36-C001-464C-8109-BA4065D67B59,Objective,OBJCTV,EnterpriseLevel,Yes,BIM-core.EnterpriseLevel
CF583C36-C001-464C-8109-BA4065D67B59,Objective,OBJCTV,ExchangeId,{F1C2276E-D768-466D-9E6A-39025508CF5D},BIM-core.ExchangeId
899DBC87-EBA9-4B7B-84EE-6ED47CB8805F,Mud Volume,MUD_VLM,PD_ObjectID,899DBC87-EBA9-4B7B-84EE-6ED47CB8805F,
899DBC87-EBA9-4B7B-84EE-6ED47CB8805F,Mud Volume,MUD_VLM,PD_SourceExtraction,46603045,
899DBC87-EBA9-4B7B-84EE-6ED47CB8805F,Mud Volume,MUD_VLM,PD_SourceModel,SUBSURFACE AND WELLS,
899DBC87-EBA9-4B7B-84EE-6ED47CB8805F,Mud Volume,MUD_VLM,EntityCategory,Transaction,BIM-core.EntityCategory
899DBC87-EBA9-4B7B-84EE-6ED47CB8805F,Mud Volume,MUD_VLM,DataCategory,Structured,BIM-core.DataCategory
899DBC87-EBA9-4B7B-84EE-6ED47CB8805F,Mud Volume,MUD_VLM,Criticality,No Critical Data,BIM-core.Criticality
899DBC87-EBA9-4B7B-84EE-6ED47CB8805F,Mud Volume,MUD_VLM,CommerciallySensitiveInformation,No Commercially Sensitive Information,BIM-core.CommerciallySensitiveInformation
899DBC87-EBA9-4B7B-84EE-6ED47CB8805F,Mud Volume,MUD_VLM,DataConfidentiality,Internal,BIM-core.DataConfidentiality
899DBC87-EBA9-4B7B-84EE-6ED47CB8805F,Mud Volume,MUD_VLM,EntityPersonalData,No Personal Data,BIM-core.EntityPersonalData
899DBC87-EBA9-4B7B-84EE-6ED47CB8805F,Mud Volume,MUD_VLM,FinancialPersonalData,No Financial Personal Data,BIM-core.FinancialPersonalData
899DBC87-EBA9-4B7B-84EE-6ED47CB8805F,Mud Volume,MUD_VLM,SensitivePersonalData,No Sensitive Personal Data,BIM-core.SensitivePersonalData
899DBC87-EBA9-4B7B-84EE-6ED47CB8805F,Mud Volume,MUD_VLM,DesignStatus,Approved,BIM-core.DesignStatus
899DBC87-EBA9-4B7B-84EE-6ED47CB8805F,Mud Volume,MUD_VLM,DataArea,Well Activity,BIM-core.DataArea
899DBC87-EBA9-4B7B-84EE-6ED47CB8805F,Mud Volume,MUD_VLM,EnterpriseLevel,Yes,BIM-core.EnterpriseLevel
899DBC87-EBA9-4B7B-84EE-6ED47CB8805F,Mud Volume,MUD_VLM,ExchangeId,{54A9CDE7-7C0D-4779-B16D-D90390295423},BIM-core.ExchangeId
5F14D62C-1168-4320-8639-9F506D52B340,Mud Loss,MUD_LSS,PD_ObjectID,5F14D62C-1168-4320-8639-9F506D52B340,
5F14D62C-1168-4320-8639-9F506D52B340,Mud Loss,MUD_LSS,PD_SourceExtraction,46603045,
5F14D62C-1168-4320-8639-9F506D52B340,Mud Loss,MUD_LSS,PD_SourceModel,SUBSURFACE AND WELLS,
5F14D62C-1168-4320-8639-9F506D52B340,Mud Loss,MUD_LSS,EntityCategory,Transaction,BIM-core.EntityCategory
5F14D62C-1168-4320-8639-9F506D52B340,Mud Loss,MUD_LSS,DataCategory,Structured,BIM-core.DataCategory
5F14D62C-1168-4320-8639-9F506D52B340,Mud Loss,MUD_LSS,Criticality,No Critical Data,BIM-core.Criticality
5F14D62C-1168-4320-8639-9F506D52B340,Mud Loss,MUD_LSS,CommerciallySensitiveInformation,No Commercially Sensitive Information,BIM-core.CommerciallySensitiveInformation
5F14D62C-1168-4320-8639-9F506D52B340,Mud Loss,MUD_LSS,DataConfidentiality,Internal,BIM-core.DataConfidentiality
5F14D62C-1168-4320-8639-9F506D52B340,Mud Loss,MUD_LSS,EntityPersonalData,No Personal Data,BIM-core.EntityPersonalData
5F14D62C-1168-4320-8639-9F506D52B340,Mud Loss,MUD_LSS,FinancialPersonalData,No Financial Personal Data,BIM-core.FinancialPersonalData
5F14D62C-1168-4320-8639-9F506D52B340,Mud Loss,MUD_LSS,SensitivePersonalData,No Sensitive Personal Data,BIM-core.SensitivePersonalData
5F14D62C-1168-4320-8639-9F506D52B340,Mud Loss,MUD_LSS,DesignStatus,Approved,BIM-core.DesignStatus
5F14D62C-1168-4320-8639-9F506D52B340,Mud Loss,MUD_LSS,DataArea,Well Activity,BIM-core.DataArea
5F14D62C-1168-4320-8639-9F506D52B340,Mud Loss,MUD_LSS,EnterpriseLevel,Yes,BIM-core.EnterpriseLevel
5F14D62C-1168-4320-8639-9F506D52B340,Mud Loss,MUD_LSS,ExchangeId,{4E4AEB1C-D7C3-499D-A773-8EA305D6B3FE},BIM-core.ExchangeId
E0523A60-778E-48B2-97D1-9FF625CBB417,Model Feature,MDL_FTR,PD_ObjectID,E0523A60-778E-48B2-97D1-9FF625CBB417,
E0523A60-778E-48B2-97D1-9FF625CBB417,Model Feature,MDL_FTR,PD_SourceExtraction,46603045,
E0523A60-778E-48B2-97D1-9FF625CBB417,Model Feature,MDL_FTR,PD_SourceModel,SUBSURFACE AND WELLS,
E0523A60-778E-48B2-97D1-9FF625CBB417,Model Feature,MDL_FTR,EntityCategory,Master,BIM-core.EntityCategory
E0523A60-778E-48B2-97D1-9FF625CBB417,Model Feature,MDL_FTR,DataCategory,Structured,BIM-core.DataCategory
E0523A60-778E-48B2-97D1-9FF625CBB417,Model Feature,MDL_FTR,Criticality,No Critical Data,BIM-core.Criticality
E0523A60-778E-48B2-97D1-9FF625CBB417,Model Feature,MDL_FTR,CommerciallySensitiveInformation,No Commercially Sensitive Information,BIM-core.CommerciallySensitiveInformation
E0523A60-778E-48B2-97D1-9FF625CBB417,Model Feature,MDL_FTR,DataConfidentiality,Internal,BIM-core.DataConfidentiality
E0523A60-778E-48B2-97D1-9FF625CBB417,Model Feature,MDL_FTR,EntityPersonalData,No Personal Data,BIM-core.EntityPersonalData
E0523A60-778E-48B2-97D1-9FF625CBB417,Model Feature,MDL_FTR,FinancialPersonalData,No Financial Personal Data,BIM-core.FinancialPersonalData
E0523A60-778E-48B2-97D1-9FF625CBB417,Model Feature,MDL_FTR,SensitivePersonalData,No Sensitive Personal Data,BIM-core.SensitivePersonalData
E0523A60-778E-48B2-97D1-9FF625CBB417,Model Feature,MDL_FTR,DesignStatus,Approved,BIM-core.DesignStatus
E0523A60-778E-48B2-97D1-9FF625CBB417,Model Feature,MDL_FTR,DataArea,Reservoir,BIM-core.DataArea
E0523A60-778E-48B2-97D1-9FF625CBB417,Model Feature,MDL_FTR,EnterpriseLevel,Yes,BIM-core.EnterpriseLevel
E0523A60-778E-48B2-97D1-9FF625CBB417,Model Feature,MDL_FTR,ExchangeId,{12149024-B9C9-4788-B63E-7A530B9B64BF},BIM-core.ExchangeId
B7F7CD64-5FC4-44DA-86E8-4733A2BAB7FE,Model Contract Library,MDL_CNTRCT_LBRRY,PD_ObjectID,B7F7CD64-5FC4-44DA-86E8-4733A2BAB7FE,
B7F7CD64-5FC4-44DA-86E8-4733A2BAB7FE,Model Contract Library,MDL_CNTRCT_LBRRY,PD_SourceExtraction,46603045,
B7F7CD64-5FC4-44DA-86E8-4733A2BAB7FE,Model Contract Library,MDL_CNTRCT_LBRRY,PD_SourceModel,SUBSURFACE AND WELLS,
B7F7CD64-5FC4-44DA-86E8-4733A2BAB7FE,Model Contract Library,MDL_CNTRCT_LBRRY,Business_Conceptual_Data_Model_CSI,false,Business Conceptual Data Model.CSI
B7F7CD64-5FC4-44DA-86E8-4733A2BAB7FE,Model Contract Library,MDL_CNTRCT_LBRRY,Business_Conceptual_Data_Model_MTED_Encryption_Required,false,Business Conceptual Data Model.MTED_Encryption_Required
B7F7CD64-5FC4-44DA-86E8-4733A2BAB7FE,Model Contract Library,MDL_CNTRCT_LBRRY,Business_Conceptual_Data_Model_PII,false,Business Conceptual Data Model.PII
B7F7CD64-5FC4-44DA-86E8-4733A2BAB7FE,Model Contract Library,MDL_CNTRCT_LBRRY,CommerciallySensitiveInformation,No Commercially Sensitive Information,BIM-core.CommerciallySensitiveInformation
B7F7CD64-5FC4-44DA-86E8-4733A2BAB7FE,Model Contract Library,MDL_CNTRCT_LBRRY,Criticality,No Critical Data,BIM-core.Criticality
B7F7CD64-5FC4-44DA-86E8-4733A2BAB7FE,Model Contract Library,MDL_CNTRCT_LBRRY,DataCategory,Structured,BIM-core.DataCategory
B7F7CD64-5FC4-44DA-86E8-4733A2BAB7FE,Model Contract Library,MDL_CNTRCT_LBRRY,DataConfidentiality,Internal,BIM-core.DataConfidentiality
B7F7CD64-5FC4-44DA-86E8-4733A2BAB7FE,Model Contract Library,MDL_CNTRCT_LBRRY,DesignStatus,Approved,BIM-core.DesignStatus
B7F7CD64-5FC4-44DA-86E8-4733A2BAB7FE,Model Contract Library,MDL_CNTRCT_LBRRY,EntityCategory,Master,BIM-core.EntityCategory
B7F7CD64-5FC4-44DA-86E8-4733A2BAB7FE,Model Contract Library,MDL_CNTRCT_LBRRY,EntityPersonalData,No Personal Data,BIM-core.EntityPersonalData
B7F7CD64-5FC4-44DA-86E8-4733A2BAB7FE,Model Contract Library,MDL_CNTRCT_LBRRY,FinancialPersonalData,No Financial Personal Data,BIM-core.FinancialPersonalData
B7F7CD64-5FC4-44DA-86E8-4733A2BAB7FE,Model Contract Library,MDL_CNTRCT_LBRRY,SensitivePersonalData,No Sensitive Personal Data,BIM-core.SensitivePersonalData
B7F7CD64-5FC4-44DA-86E8-4733A2BAB7FE,Model Contract Library,MDL_CNTRCT_LBRRY,DataArea,Engineering Standards,BIM-core.DataArea
B7F7CD64-5FC4-44DA-86E8-4733A2BAB7FE,Model Contract Library,MDL_CNTRCT_LBRRY,EnterpriseLevel,No,BIM-core.EnterpriseLevel
B7F7CD64-5FC4-44DA-86E8-4733A2BAB7FE,Model Contract Library,MDL_CNTRCT_LBRRY,ExchangeId,{C08D1B1E-0216-4064-97E4-D76A60DDE354},BIM-core.ExchangeId
7605B331-4F7E-4589-BDED-7FE476246752,Measured Directional Survey,MSRD_DRCTNL_SRVY,PD_ObjectID,7605B331-4F7E-4589-BDED-7FE476246752,
7605B331-4F7E-4589-BDED-7FE476246752,Measured Directional Survey,MSRD_DRCTNL_SRVY,PD_SourceExtraction,46603045,
7605B331-4F7E-4589-BDED-7FE476246752,Measured Directional Survey,MSRD_DRCTNL_SRVY,PD_SourceModel,SUBSURFACE AND WELLS,
7605B331-4F7E-4589-BDED-7FE476246752,Measured Directional Survey,MSRD_DRCTNL_SRVY,EntityUpdateDate,19/08/2021 Pass 3,SHL_CDM_EntityPropertyExtension.EntityUpdateDate
7605B331-4F7E-4589-BDED-7FE476246752,Measured Directional Survey,MSRD_DRCTNL_SRVY,CommerciallySensitiveInformation,No Commercially Sensitive Information,BIM-core.CommerciallySensitiveInformation
7605B331-4F7E-4589-BDED-7FE476246752,Measured Directional Survey,MSRD_DRCTNL_SRVY,Criticality,No Critical Data,BIM-core.Criticality
7605B331-4F7E-4589-BDED-7FE476246752,Measured Directional Survey,MSRD_DRCTNL_SRVY,DataCategory,Structured,BIM-core.DataCategory
7605B331-4F7E-4589-BDED-7FE476246752,Measured Directional Survey,MSRD_DRCTNL_SRVY,DataConfidentiality,Internal,BIM-core.DataConfidentiality
7605B331-4F7E-4589-BDED-7FE476246752,Measured Directional Survey,MSRD_DRCTNL_SRVY,DesignStatus,Approved,BIM-core.DesignStatus
7605B331-4F7E-4589-BDED-7FE476246752,Measured Directional Survey,MSRD_DRCTNL_SRVY,EntityCategory,Transaction,BIM-core.EntityCategory
7605B331-4F7E-4589-BDED-7FE476246752,Measured Directional Survey,MSRD_DRCTNL_SRVY,EntityPersonalData,No Personal Data,BIM-core.EntityPersonalData
7605B331-4F7E-4589-BDED-7FE476246752,Measured Directional Survey,MSRD_DRCTNL_SRVY,FinancialPersonalData,No Financial Personal Data,BIM-core.FinancialPersonalData
7605B331-4F7E-4589-BDED-7FE476246752,Measured Directional Survey,MSRD_DRCTNL_SRVY,SensitivePersonalData,No Sensitive Personal Data,BIM-core.SensitivePersonalData
7605B331-4F7E-4589-BDED-7FE476246752,Measured Directional Survey,MSRD_DRCTNL_SRVY,DataArea,Wellbore,BIM-core.DataArea
7605B331-4F7E-4589-BDED-7FE476246752,Measured Directional Survey,MSRD_DRCTNL_SRVY,EnterpriseLevel,Yes,BIM-core.EnterpriseLevel
7605B331-4F7E-4589-BDED-7FE476246752,Measured Directional Survey,MSRD_DRCTNL_SRVY,ExchangeId,{CE5923AA-9EFA-4DA4-936E-DE519C09C4FD},BIM-core.ExchangeId
4F53AA08-FEE6-469F-B84B-2D7977DB8E6D,Matter,MTTR,PD_ObjectID,4F53AA08-FEE6-469F-B84B-2D7977DB8E6D,
4F53AA08-FEE6-469F-B84B-2D7977DB8E6D,Matter,MTTR,PD_SourceExtraction,46603045,
4F53AA08-FEE6-469F-B84B-2D7977DB8E6D,Matter,MTTR,PD_SourceModel,SUBSURFACE AND WELLS,
4F53AA08-FEE6-469F-B84B-2D7977DB8E6D,Matter,MTTR,EntityUpdateDate,19/08/2021 Pass 3,SHL_CDM_EntityPropertyExtension.EntityUpdateDate
4F53AA08-FEE6-469F-B84B-2D7977DB8E6D,Matter,MTTR,CSI,true,SHL_CDM_EntityPropertyExtension.CSI
4F53AA08-FEE6-469F-B84B-2D7977DB8E6D,Matter,MTTR,MTED_Encryption_Required,false,SHL_CDM_EntityPropertyExtension.MTED_Encryption_Required
4F53AA08-FEE6-469F-B84B-2D7977DB8E6D,Matter,MTTR,PII,true,SHL_CDM_EntityPropertyExtension.PII
4F53AA08-FEE6-469F-B84B-2D7977DB8E6D,Matter,MTTR,MTED_EDaM_Entity_Critical_Data,H,SHL_CDM_EntityPropertyExtension.MTED_EDaM_Entity_Critical_Data
4F53AA08-FEE6-469F-B84B-2D7977DB8E6D,Matter,MTTR,MTED_EDaM_Entity_Data_Category,Transaction,SHL_CDM_EntityPropertyExtension.MTED_EDaM_Entity_Data_Category
4F53AA08-FEE6-469F-B84B-2D7977DB8E6D,Matter,MTTR,MTED_EDaM_Entity_Data_Privacy_Risk,Personal Sensitive Data Risk,SHL_CDM_EntityPropertyExtension.MTED_EDaM_Entity_Data_Privacy_Risk
4F53AA08-FEE6-469F-B84B-2D7977DB8E6D,Matter,MTTR,MTED_EDaM_Security_Classification,Most Confidential,SHL_CDM_EntityPropertyExtension.MTED_EDaM_Security_Classification
4F53AA08-FEE6-469F-B84B-2D7977DB8E6D,Matter,MTTR,CommerciallySensitiveInformation,No Commercially Sensitive Information,BIM-core.CommerciallySensitiveInformation
4F53AA08-FEE6-469F-B84B-2D7977DB8E6D,Matter,MTTR,DataConfidentiality,Internal,BIM-core.DataConfidentiality
4F53AA08-FEE6-469F-B84B-2D7977DB8E6D,Matter,MTTR,DesignStatus,Approved,BIM-core.DesignStatus
4F53AA08-FEE6-469F-B84B-2D7977DB8E6D,Matter,MTTR,EntityCategory,Transaction,BIM-core.EntityCategory
4F53AA08-FEE6-469F-B84B-2D7977DB8E6D,Matter,MTTR,EntityPersonalData,No Personal Data,BIM-core.EntityPersonalData
4F53AA08-FEE6-469F-B84B-2D7977DB8E6D,Matter,MTTR,FinancialPersonalData,No Financial Personal Data,BIM-core.FinancialPersonalData
4F53AA08-FEE6-469F-B84B-2D7977DB8E6D,Matter,MTTR,SensitivePersonalData,No Sensitive Personal Data,BIM-core.SensitivePersonalData
4F53AA08-FEE6-469F-B84B-2D7977DB8E6D,Matter,MTTR,Criticality,Critical Data,BIM-core.Criticality
4F53AA08-FEE6-469F-B84B-2D7977DB8E6D,Matter,MTTR,DataCategory,Structured,BIM-core.DataCategory
4F53AA08-FEE6-469F-B84B-2D7977DB8E6D,Matter,MTTR,DataArea,Matter,BIM-core.DataArea
4F53AA08-FEE6-469F-B84B-2D7977DB8E6D,Matter,MTTR,EnterpriseLevel,No,BIM-core.EnterpriseLevel
4F53AA08-FEE6-469F-B84B-2D7977DB8E6D,Matter,MTTR,ExchangeId,{E683EFBB-1E34-4F01-B83D-A2AF5515F099},BIM-core.ExchangeId
D830C7C9-13E2-4080-9189-0C3EA98A00A1,Material Type,MTRL_TYP,PD_ObjectID,D830C7C9-13E2-4080-9189-0C3EA98A00A1,
D830C7C9-13E2-4080-9189-0C3EA98A00A1,Material Type,MTRL_TYP,PD_SourceExtraction,46603045,
D830C7C9-13E2-4080-9189-0C3EA98A00A1,Material Type,MTRL_TYP,PD_SourceModel,SUBSURFACE AND WELLS,
D830C7C9-13E2-4080-9189-0C3EA98A00A1,Material Type,MTRL_TYP,MTED_EDaM_Entity_Data_Category,Master,SHL_CDM_EntityPropertyExtension.MTED_EDaM_Entity_Data_Category
D830C7C9-13E2-4080-9189-0C3EA98A00A1,Material Type,MTRL_TYP,MTED_EDaM_Data_Owner,,SHL_CDM_EntityPropertyExtension.MTED_EDaM_Data_Owner
D830C7C9-13E2-4080-9189-0C3EA98A00A1,Material Type,MTRL_TYP,MTED_EDaM_Entity_Critical_Data,H,SHL_CDM_EntityPropertyExtension.MTED_EDaM_Entity_Critical_Data
D830C7C9-13E2-4080-9189-0C3EA98A00A1,Material Type,MTRL_TYP,MTED_EDaM_Entity_Quality_Indication,<unspecified>,SHL_CDM_EntityPropertyExtension.MTED_EDaM_Entity_Quality_Indication
D830C7C9-13E2-4080-9189-0C3EA98A00A1,Material Type,MTRL_TYP,MTED_EDaM_Entity_Availability_Indication,<unspecified>,SHL_CDM_EntityPropertyExtension.MTED_EDaM_Entity_Availability_Indication
D830C7C9-13E2-4080-9189-0C3EA98A00A1,Material Type,MTRL_TYP,MTED_EDaM_Security_Classification,Confidential,SHL_CDM_EntityPropertyExtension.MTED_EDaM_Security_Classification
D830C7C9-13E2-4080-9189-0C3EA98A00A1,Material Type,MTRL_TYP,MTED_EDaM_Design_Status,Approved,SHL_CDM_EntityPropertyExtension.MTED_EDaM_Design_Status
D830C7C9-13E2-4080-9189-0C3EA98A00A1,Material Type,MTRL_TYP,MTED_Version_No,2021.2,SHL_CDM_EntityPropertyExtension.MTED_Version_No
D830C7C9-13E2-4080-9189-0C3EA98A00A1,Material Type,MTRL_TYP,MTED_EDaM_Version_Date,,SHL_CDM_EntityPropertyExtension.MTED_EDaM_Version_Date
D830C7C9-13E2-4080-9189-0C3EA98A00A1,Material Type,MTRL_TYP,CSI,false,SHL_CDM_EntityPropertyExtension.CSI
D830C7C9-13E2-4080-9189-0C3EA98A00A1,Material Type,MTRL_TYP,MTED_EDaM_Business_Critical_Data,false,SHL_CDM_EntityPropertyExtension.MTED_EDaM_Business_Critical_Data
D830C7C9-13E2-4080-9189-0C3EA98A00A1,Material Type,MTRL_TYP,MTED_Encryption_Required,false,SHL_CDM_EntityPropertyExtension.MTED_Encryption_Required
D830C7C9-13E2-4080-9189-0C3EA98A00A1,Material Type,MTRL_TYP,PII,false,SHL_CDM_EntityPropertyExtension.PII
D830C7C9-13E2-4080-9189-0C3EA98A00A1,Material Type,MTRL_TYP,EntityUpdateDate,19/08/2021 Pass 3,SHL_CDM_EntityPropertyExtension.EntityUpdateDate
D830C7C9-13E2-4080-9189-0C3EA98A00A1,Material Type,MTRL_TYP,Generation,true,SHL_CDM_EntityPropertyExtension.Generation
D830C7C9-13E2-4080-9189-0C3EA98A00A1,Material Type,MTRL_TYP,CommerciallySensitiveInformation,No Commercially Sensitive Information,BIM-core.CommerciallySensitiveInformation
D830C7C9-13E2-4080-9189-0C3EA98A00A1,Material Type,MTRL_TYP,Criticality,Critical Data,BIM-core.Criticality
D830C7C9-13E2-4080-9189-0C3EA98A00A1,Material Type,MTRL_TYP,DataCategory,Structured,BIM-core.DataCategory
D830C7C9-13E2-4080-9189-0C3EA98A00A1,Material Type,MTRL_TYP,DataConfidentiality,Internal,BIM-core.DataConfidentiality
D830C7C9-13E2-4080-9189-0C3EA98A00A1,Material Type,MTRL_TYP,DesignStatus,Approved,BIM-core.DesignStatus
D830C7C9-13E2-4080-9189-0C3EA98A00A1,Material Type,MTRL_TYP,EntityCategory,Master,BIM-core.EntityCategory
D830C7C9-13E2-4080-9189-0C3EA98A00A1,Material Type,MTRL_TYP,EntityPersonalData,No Personal Data,BIM-core.EntityPersonalData
D830C7C9-13E2-4080-9189-0C3EA98A00A1,Material Type,MTRL_TYP,FinancialPersonalData,No Financial Personal Data,BIM-core.FinancialPersonalData
D830C7C9-13E2-4080-9189-0C3EA98A00A1,Material Type,MTRL_TYP,SensitivePersonalData,No Sensitive Personal Data,BIM-core.SensitivePersonalData
D830C7C9-13E2-4080-9189-0C3EA98A00A1,Material Type,MTRL_TYP,DataArea,Purchased Material and Services,BIM-core.DataArea
D830C7C9-13E2-4080-9189-0C3EA98A00A1,Material Type,MTRL_TYP,EnterpriseLevel,No,BIM-core.EnterpriseLevel
D830C7C9-13E2-4080-9189-0C3EA98A00A1,Material Type,MTRL_TYP,ExchangeId,{42AA5DBD-1A9D-4DC1-9354-FD8C7D795675},BIM-core.ExchangeId
A3D9C109-7DA9-4B73-A0BE-0DC7C7E8B4D0,Material Stream,MTRL_STRM,PD_ObjectID,A3D9C109-7DA9-4B73-A0BE-0DC7C7E8B4D0,
A3D9C109-7DA9-4B73-A0BE-0DC7C7E8B4D0,Material Stream,MTRL_STRM,PD_SourceExtraction,46603045,
A3D9C109-7DA9-4B73-A0BE-0DC7C7E8B4D0,Material Stream,MTRL_STRM,PD_SourceModel,SUBSURFACE AND WELLS,
A3D9C109-7DA9-4B73-A0BE-0DC7C7E8B4D0,Material Stream,MTRL_STRM,MTED_EDaM_Entity_Data_Category,<unspecified>,SHL_CDM_EntityPropertyExtension.MTED_EDaM_Entity_Data_Category
A3D9C109-7DA9-4B73-A0BE-0DC7C7E8B4D0,Material Stream,MTRL_STRM,MTED_EDaM_Data_Owner,,SHL_CDM_EntityPropertyExtension.MTED_EDaM_Data_Owner
A3D9C109-7DA9-4B73-A0BE-0DC7C7E8B4D0,Material Stream,MTRL_STRM,MTED_EDaM_Entity_Critical_Data,<unspecified>,SHL_CDM_EntityPropertyExtension.MTED_EDaM_Entity_Critical_Data
A3D9C109-7DA9-4B73-A0BE-0DC7C7E8B4D0,Material Stream,MTRL_STRM,MTED_EDaM_Entity_Quality_Indication,<unspecified>,SHL_CDM_EntityPropertyExtension.MTED_EDaM_Entity_Quality_Indication
A3D9C109-7DA9-4B73-A0BE-0DC7C7E8B4D0,Material Stream,MTRL_STRM,MTED_EDaM_Entity_Availability_Indication,<unspecified>,SHL_CDM_EntityPropertyExtension.MTED_EDaM_Entity_Availability_Indication
A3D9C109-7DA9-4B73-A0BE-0DC7C7E8B4D0,Material Stream,MTRL_STRM,MTED_EDaM_Security_Classification,<unspecified>,SHL_CDM_EntityPropertyExtension.MTED_EDaM_Security_Classification
A3D9C109-7DA9-4B73-A0BE-0DC7C7E8B4D0,Material Stream,MTRL_STRM,MTED_EDaM_Design_Status,Approved,SHL_CDM_EntityPropertyExtension.MTED_EDaM_Design_Status
A3D9C109-7DA9-4B73-A0BE-0DC7C7E8B4D0,Material Stream,MTRL_STRM,MTED_Version_No,2021.2,SHL_CDM_EntityPropertyExtension.MTED_Version_No
A3D9C109-7DA9-4B73-A0BE-0DC7C7E8B4D0,Material Stream,MTRL_STRM,MTED_EDaM_Version_Date,,SHL_CDM_EntityPropertyExtension.MTED_EDaM_Version_Date
A3D9C109-7DA9-4B73-A0BE-0DC7C7E8B4D0,Material Stream,MTRL_STRM,CSI,false,SHL_CDM_EntityPropertyExtension.CSI
A3D9C109-7DA9-4B73-A0BE-0DC7C7E8B4D0,Material Stream,MTRL_STRM,MTED_EDaM_Business_Critical_Data,false,SHL_CDM_EntityPropertyExtension.MTED_EDaM_Business_Critical_Data
A3D9C109-7DA9-4B73-A0BE-0DC7C7E8B4D0,Material Stream,MTRL_STRM,MTED_Encryption_Required,false,SHL_CDM_EntityPropertyExtension.MTED_Encryption_Required
A3D9C109-7DA9-4B73-A0BE-0DC7C7E8B4D0,Material Stream,MTRL_STRM,PII,false,SHL_CDM_EntityPropertyExtension.PII
A3D9C109-7DA9-4B73-A0BE-0DC7C7E8B4D0,Material Stream,MTRL_STRM,EntityUpdateDate,19/08/2021 Pass 3,SHL_CDM_EntityPropertyExtension.EntityUpdateDate
A3D9C109-7DA9-4B73-A0BE-0DC7C7E8B4D0,Material Stream,MTRL_STRM,Generation,true,SHL_CDM_EntityPropertyExtension.Generation
A3D9C109-7DA9-4B73-A0BE-0DC7C7E8B4D0,Material Stream,MTRL_STRM,CommerciallySensitiveInformation,No Commercially Sensitive Information,BIM-core.CommerciallySensitiveInformation
A3D9C109-7DA9-4B73-A0BE-0DC7C7E8B4D0,Material Stream,MTRL_STRM,Criticality,No Critical Data,BIM-core.Criticality
A3D9C109-7DA9-4B73-A0BE-0DC7C7E8B4D0,Material Stream,MTRL_STRM,DataCategory,Structured,BIM-core.DataCategory
A3D9C109-7DA9-4B73-A0BE-0DC7C7E8B4D0,Material Stream,MTRL_STRM,DataConfidentiality,Internal,BIM-core.DataConfidentiality
A3D9C109-7DA9-4B73-A0BE-0DC7C7E8B4D0,Material Stream,MTRL_STRM,EntityCategory,Master,BIM-core.EntityCategory
A3D9C109-7DA9-4B73-A0BE-0DC7C7E8B4D0,Material Stream,MTRL_STRM,EntityPersonalData,No Personal Data,BIM-core.EntityPersonalData
A3D9C109-7DA9-4B73-A0BE-0DC7C7E8B4D0,Material Stream,MTRL_STRM,FinancialPersonalData,No Financial Personal Data,BIM-core.FinancialPersonalData
A3D9C109-7DA9-4B73-A0BE-0DC7C7E8B4D0,Material Stream,MTRL_STRM,SensitivePersonalData,No Sensitive Personal Data,BIM-core.SensitivePersonalData
A3D9C109-7DA9-4B73-A0BE-0DC7C7E8B4D0,Material Stream,MTRL_STRM,DataArea,Hydrocarbon Allocation,BIM-core.DataArea
A3D9C109-7DA9-4B73-A0BE-0DC7C7E8B4D0,Material Stream,MTRL_STRM,EnterpriseLevel,No,BIM-core.EnterpriseLevel
A3D9C109-7DA9-4B73-A0BE-0DC7C7E8B4D0,Material Stream,MTRL_STRM,ExchangeId,{B1D17092-8128-493C-952E-F71CEBBC1B3C},BIM-core.ExchangeId
97359AB7-7ECC-41CB-A44D-49F22B094D74,Marker,MRKR,PD_ObjectID,97359AB7-7ECC-41CB-A44D-49F22B094D74,
97359AB7-7ECC-41CB-A44D-49F22B094D74,Marker,MRKR,PD_SourceExtraction,46603045,
97359AB7-7ECC-41CB-A44D-49F22B094D74,Marker,MRKR,PD_SourceModel,SUBSURFACE AND WELLS,
97359AB7-7ECC-41CB-A44D-49F22B094D74,Marker,MRKR,MTED_EDaM_Entity_Data_Category,<unspecified>,SHL_CDM_EntityPropertyExtension.MTED_EDaM_Entity_Data_Category
97359AB7-7ECC-41CB-A44D-49F22B094D74,Marker,MRKR,MTED_EDaM_Data_Owner,,SHL_CDM_EntityPropertyExtension.MTED_EDaM_Data_Owner
97359AB7-7ECC-41CB-A44D-49F22B094D74,Marker,MRKR,MTED_EDaM_Entity_Critical_Data,F,SHL_CDM_EntityPropertyExtension.MTED_EDaM_Entity_Critical_Data
97359AB7-7ECC-41CB-A44D-49F22B094D74,Marker,MRKR,MTED_EDaM_Entity_Quality_Indication,<unspecified>,SHL_CDM_EntityPropertyExtension.MTED_EDaM_Entity_Quality_Indication
97359AB7-7ECC-41CB-A44D-49F22B094D74,Marker,MRKR,MTED_EDaM_Entity_Availability_Indication,<unspecified>,SHL_CDM_EntityPropertyExtension.MTED_EDaM_Entity_Availability_Indication
97359AB7-7ECC-41CB-A44D-49F22B094D74,Marker,MRKR,MTED_EDaM_Security_Classification,Most Confidential,SHL_CDM_EntityPropertyExtension.MTED_EDaM_Security_Classification
97359AB7-7ECC-41CB-A44D-49F22B094D74,Marker,MRKR,MTED_EDaM_Design_Status,Approved,SHL_CDM_EntityPropertyExtension.MTED_EDaM_Design_Status
97359AB7-7ECC-41CB-A44D-49F22B094D74,Marker,MRKR,MTED_Version_No,2021.2,SHL_CDM_EntityPropertyExtension.MTED_Version_No
97359AB7-7ECC-41CB-A44D-49F22B094D74,Marker,MRKR,MTED_EDaM_Version_Date,,SHL_CDM_EntityPropertyExtension.MTED_EDaM_Version_Date
97359AB7-7ECC-41CB-A44D-49F22B094D74,Marker,MRKR,MTED_EDaM_Entity_Maps_To_Entity,"""01_EDC_Area"".""Well Geological""",SHL_CDM_EntityPropertyExtension.MTED_EDaM_Entity_Maps_To_Entity
97359AB7-7ECC-41CB-A44D-49F22B094D74,Marker,MRKR,CSI,false,SHL_CDM_EntityPropertyExtension.CSI
97359AB7-7ECC-41CB-A44D-49F22B094D74,Marker,MRKR,MTED_EDaM_Business_Critical_Data,false,SHL_CDM_EntityPropertyExtension.MTED_EDaM_Business_Critical_Data
97359AB7-7ECC-41CB-A44D-49F22B094D74,Marker,MRKR,MTED_Encryption_Required,false,SHL_CDM_EntityPropertyExtension.MTED_Encryption_Required
97359AB7-7ECC-41CB-A44D-49F22B094D74,Marker,MRKR,PII,false,SHL_CDM_EntityPropertyExtension.PII
97359AB7-7ECC-41CB-A44D-49F22B094D74,Marker,MRKR,EntityUpdateDate,19/08/2021 Pass 3,SHL_CDM_EntityPropertyExtension.EntityUpdateDate
97359AB7-7ECC-41CB-A44D-49F22B094D74,Marker,MRKR,Generation,true,SHL_CDM_EntityPropertyExtension.Generation
97359AB7-7ECC-41CB-A44D-49F22B094D74,Marker,MRKR,CommerciallySensitiveInformation,No Commercially Sensitive Information,BIM-core.CommerciallySensitiveInformation
97359AB7-7ECC-41CB-A44D-49F22B094D74,Marker,MRKR,Criticality,No Critical Data,BIM-core.Criticality
97359AB7-7ECC-41CB-A44D-49F22B094D74,Marker,MRKR,DataCategory,Structured,BIM-core.DataCategory
97359AB7-7ECC-41CB-A44D-49F22B094D74,Marker,MRKR,DataConfidentiality,Internal,BIM-core.DataConfidentiality
97359AB7-7ECC-41CB-A44D-49F22B094D74,Marker,MRKR,DesignStatus,Approved,BIM-core.DesignStatus
97359AB7-7ECC-41CB-A44D-49F22B094D74,Marker,MRKR,EntityCategory,Master,BIM-core.EntityCategory
97359AB7-7ECC-41CB-A44D-49F22B094D74,Marker,MRKR,EntityPersonalData,No Personal Data,BIM-core.EntityPersonalData
97359AB7-7ECC-41CB-A44D-49F22B094D74,Marker,MRKR,FinancialPersonalData,No Financial Personal Data,BIM-core.FinancialPersonalData
97359AB7-7ECC-41CB-A44D-49F22B094D74,Marker,MRKR,SensitivePersonalData,No Sensitive Personal Data,BIM-core.SensitivePersonalData
97359AB7-7ECC-41CB-A44D-49F22B094D74,Marker,MRKR,DataArea,Reservoir,BIM-core.DataArea
97359AB7-7ECC-41CB-A44D-49F22B094D74,Marker,MRKR,EnterpriseLevel,Yes,BIM-core.EnterpriseLevel
97359AB7-7ECC-41CB-A44D-49F22B094D74,Marker,MRKR,ExchangeId,{547EAB66-61AC-446E-BC69-1A69F1187602},BIM-core.ExchangeId
E4BE8090-EBD0-44B7-B028-2F115A00A2B6,Maintaining,MNTNNG,PD_ObjectID,E4BE8090-EBD0-44B7-B028-2F115A00A2B6,
E4BE8090-EBD0-44B7-B028-2F115A00A2B6,Maintaining,MNTNNG,PD_SourceExtraction,46603045,
E4BE8090-EBD0-44B7-B028-2F115A00A2B6,Maintaining,MNTNNG,PD_SourceModel,SUBSURFACE AND WELLS,
E4BE8090-EBD0-44B7-B028-2F115A00A2B6,Maintaining,MNTNNG,EntityUpdateDate,19/08/2021 Pass 3,SHL_CDM_EntityPropertyExtension.EntityUpdateDate
E4BE8090-EBD0-44B7-B028-2F115A00A2B6,Maintaining,MNTNNG,CommerciallySensitiveInformation,No Commercially Sensitive Information,BIM-core.CommerciallySensitiveInformation
E4BE8090-EBD0-44B7-B028-2F115A00A2B6,Maintaining,MNTNNG,Criticality,No Critical Data,BIM-core.Criticality
E4BE8090-EBD0-44B7-B028-2F115A00A2B6,Maintaining,MNTNNG,DataCategory,Structured,BIM-core.DataCategory
E4BE8090-EBD0-44B7-B028-2F115A00A2B6,Maintaining,MNTNNG,DataConfidentiality,Internal,BIM-core.DataConfidentiality
E4BE8090-EBD0-44B7-B028-2F115A00A2B6,Maintaining,MNTNNG,DesignStatus,Approved,BIM-core.DesignStatus
E4BE8090-EBD0-44B7-B028-2F115A00A2B6,Maintaining,MNTNNG,EntityCategory,Transaction,BIM-core.EntityCategory
E4BE8090-EBD0-44B7-B028-2F115A00A2B6,Maintaining,MNTNNG,EntityPersonalData,No Personal Data,BIM-core.EntityPersonalData
E4BE8090-EBD0-44B7-B028-2F115A00A2B6,Maintaining,MNTNNG,FinancialPersonalData,No Financial Personal Data,BIM-core.FinancialPersonalData
E4BE8090-EBD0-44B7-B028-2F115A00A2B6,Maintaining,MNTNNG,SensitivePersonalData,No Sensitive Personal Data,BIM-core.SensitivePersonalData
E4BE8090-EBD0-44B7-B028-2F115A00A2B6,Maintaining,MNTNNG,DataArea,Well Activity,BIM-core.DataArea
E4BE8090-EBD0-44B7-B028-2F115A00A2B6,Maintaining,MNTNNG,EnterpriseLevel,Yes,BIM-core.EnterpriseLevel
E4BE8090-EBD0-44B7-B028-2F115A00A2B6,Maintaining,MNTNNG,ExchangeId,{624E99E6-ED03-44D4-95B9-8A7CA66E88FA},BIM-core.ExchangeId
8088C36E-87D1-4769-BBE8-3FF76E1283DF,Logging Toolstring Pass,LGGNG_TLSTRNG_PSS,PD_ObjectID,8088C36E-87D1-4769-BBE8-3FF76E1283DF,
8088C36E-87D1-4769-BBE8-3FF76E1283DF,Logging Toolstring Pass,LGGNG_TLSTRNG_PSS,PD_SourceExtraction,46603045,
8088C36E-87D1-4769-BBE8-3FF76E1283DF,Logging Toolstring Pass,LGGNG_TLSTRNG_PSS,PD_SourceModel,SUBSURFACE AND WELLS,
8088C36E-87D1-4769-BBE8-3FF76E1283DF,Logging Toolstring Pass,LGGNG_TLSTRNG_PSS,MTED_EDaM_Entity_Data_Category,<unspecified>,SHL_CDM_EntityPropertyExtension.MTED_EDaM_Entity_Data_Category
8088C36E-87D1-4769-BBE8-3FF76E1283DF,Logging Toolstring Pass,LGGNG_TLSTRNG_PSS,MTED_EDaM_Data_Owner,,SHL_CDM_EntityPropertyExtension.MTED_EDaM_Data_Owner
8088C36E-87D1-4769-BBE8-3FF76E1283DF,Logging Toolstring Pass,LGGNG_TLSTRNG_PSS,MTED_EDaM_Entity_Critical_Data,F,SHL_CDM_EntityPropertyExtension.MTED_EDaM_Entity_Critical_Data
8088C36E-87D1-4769-BBE8-3FF76E1283DF,Logging Toolstring Pass,LGGNG_TLSTRNG_PSS,MTED_EDaM_Entity_Quality_Indication,<unspecified>,SHL_CDM_EntityPropertyExtension.MTED_EDaM_Entity_Quality_Indication
8088C36E-87D1-4769-BBE8-3FF76E1283DF,Logging Toolstring Pass,LGGNG_TLSTRNG_PSS,MTED_EDaM_Entity_Availability_Indication,<unspecified>,SHL_CDM_EntityPropertyExtension.MTED_EDaM_Entity_Availability_Indication
8088C36E-87D1-4769-BBE8-3FF76E1283DF,Logging Toolstring Pass,LGGNG_TLSTRNG_PSS,MTED_EDaM_Security_Classification,Most Confidential,SHL_CDM_EntityPropertyExtension.MTED_EDaM_Security_Classification
8088C36E-87D1-4769-BBE8-3FF76E1283DF,Logging Toolstring Pass,LGGNG_TLSTRNG_PSS,MTED_EDaM_Design_Status,Approved,SHL_CDM_EntityPropertyExtension.MTED_EDaM_Design_Status
8088C36E-87D1-4769-BBE8-3FF76E1283DF,Logging Toolstring Pass,LGGNG_TLSTRNG_PSS,MTED_Version_No,2021.2,SHL_CDM_EntityPropertyExtension.MTED_Version_No
8088C36E-87D1-4769-BBE8-3FF76E1283DF,Logging Toolstring Pass,LGGNG_TLSTRNG_PSS,MTED_EDaM_Version_Date,,SHL_CDM_EntityPropertyExtension.MTED_EDaM_Version_Date
8088C36E-87D1-4769-BBE8-3FF76E1283DF,Logging Toolstring Pass,LGGNG_TLSTRNG_PSS,CSI,false,SHL_CDM_EntityPropertyExtension.CSI
8088C36E-87D1-4769-BBE8-3FF76E1283DF,Logging Toolstring Pass,LGGNG_TLSTRNG_PSS,MTED_EDaM_Business_Critical_Data,false,SHL_CDM_EntityPropertyExtension.MTED_EDaM_Business_Critical_Data
8088C36E-87D1-4769-BBE8-3FF76E1283DF,Logging Toolstring Pass,LGGNG_TLSTRNG_PSS,MTED_Encryption_Required,false,SHL_CDM_EntityPropertyExtension.MTED_Encryption_Required
8088C36E-87D1-4769-BBE8-3FF76E1283DF,Logging Toolstring Pass,LGGNG_TLSTRNG_PSS,PII,false,SHL_CDM_EntityPropertyExtension.PII
8088C36E-87D1-4769-BBE8-3FF76E1283DF,Logging Toolstring Pass,LGGNG_TLSTRNG_PSS,EntityUpdateDate,19/08/2021 Pass 3,SHL_CDM_EntityPropertyExtension.EntityUpdateDate
8088C36E-87D1-4769-BBE8-3FF76E1283DF,Logging Toolstring Pass,LGGNG_TLSTRNG_PSS,Generation,true,SHL_CDM_EntityPropertyExtension.Generation
8088C36E-87D1-4769-BBE8-3FF76E1283DF,Logging Toolstring Pass,LGGNG_TLSTRNG_PSS,CommerciallySensitiveInformation,No Commercially Sensitive Information,BIM-core.CommerciallySensitiveInformation
8088C36E-87D1-4769-BBE8-3FF76E1283DF,Logging Toolstring Pass,LGGNG_TLSTRNG_PSS,Criticality,No Critical Data,BIM-core.Criticality
8088C36E-87D1-4769-BBE8-3FF76E1283DF,Logging Toolstring Pass,LGGNG_TLSTRNG_PSS,DataCategory,Structured,BIM-core.DataCategory
8088C36E-87D1-4769-BBE8-3FF76E1283DF,Logging Toolstring Pass,LGGNG_TLSTRNG_PSS,DataConfidentiality,Internal,BIM-core.DataConfidentiality
8088C36E-87D1-4769-BBE8-3FF76E1283DF,Logging Toolstring Pass,LGGNG_TLSTRNG_PSS,DesignStatus,Approved,BIM-core.DesignStatus
8088C36E-87D1-4769-BBE8-3FF76E1283DF,Logging Toolstring Pass,LGGNG_TLSTRNG_PSS,EntityCategory,Transaction,BIM-core.EntityCategory
8088C36E-87D1-4769-BBE8-3FF76E1283DF,Logging Toolstring Pass,LGGNG_TLSTRNG_PSS,EntityPersonalData,No Personal Data,BIM-core.EntityPersonalData
8088C36E-87D1-4769-BBE8-3FF76E1283DF,Logging Toolstring Pass,LGGNG_TLSTRNG_PSS,FinancialPersonalData,No Financial Personal Data,BIM-core.FinancialPersonalData
8088C36E-87D1-4769-BBE8-3FF76E1283DF,Logging Toolstring Pass,LGGNG_TLSTRNG_PSS,SensitivePersonalData,No Sensitive Personal Data,BIM-core.SensitivePersonalData
8088C36E-87D1-4769-BBE8-3FF76E1283DF,Logging Toolstring Pass,LGGNG_TLSTRNG_PSS,DataArea,Wellbore,BIM-core.DataArea
8088C36E-87D1-4769-BBE8-3FF76E1283DF,Logging Toolstring Pass,LGGNG_TLSTRNG_PSS,EnterpriseLevel,Yes,BIM-core.EnterpriseLevel
8088C36E-87D1-4769-BBE8-3FF76E1283DF,Logging Toolstring Pass,LGGNG_TLSTRNG_PSS,ExchangeId,{684378A7-EEFF-4B30-B59A-C31A373D02DB},BIM-core.ExchangeId
02CB315C-E797-46DD-A718-16C4E449B4D5,Logging Toolstring Descent,LGGNG_TLSTRNG_DSCNT,PD_ObjectID,02CB315C-E797-46DD-A718-16C4E449B4D5,
02CB315C-E797-46DD-A718-16C4E449B4D5,Logging Toolstring Descent,LGGNG_TLSTRNG_DSCNT,PD_SourceExtraction,46603045,
02CB315C-E797-46DD-A718-16C4E449B4D5,Logging Toolstring Descent,LGGNG_TLSTRNG_DSCNT,PD_SourceModel,SUBSURFACE AND WELLS,
02CB315C-E797-46DD-A718-16C4E449B4D5,Logging Toolstring Descent,LGGNG_TLSTRNG_DSCNT,MTED_EDaM_Entity_Data_Category,<unspecified>,SHL_CDM_EntityPropertyExtension.MTED_EDaM_Entity_Data_Category
02CB315C-E797-46DD-A718-16C4E449B4D5,Logging Toolstring Descent,LGGNG_TLSTRNG_DSCNT,MTED_EDaM_Data_Owner,,SHL_CDM_EntityPropertyExtension.MTED_EDaM_Data_Owner
02CB315C-E797-46DD-A718-16C4E449B4D5,Logging Toolstring Descent,LGGNG_TLSTRNG_DSCNT,MTED_EDaM_Entity_Critical_Data,F,SHL_CDM_EntityPropertyExtension.MTED_EDaM_Entity_Critical_Data
02CB315C-E797-46DD-A718-16C4E449B4D5,Logging Toolstring Descent,LGGNG_TLSTRNG_DSCNT,MTED_EDaM_Entity_Quality_Indication,<unspecified>,SHL_CDM_EntityPropertyExtension.MTED_EDaM_Entity_Quality_Indication
02CB315C-E797-46DD-A718-16C4E449B4D5,Logging Toolstring Descent,LGGNG_TLSTRNG_DSCNT,MTED_EDaM_Entity_Availability_Indication,<unspecified>,SHL_CDM_EntityPropertyExtension.MTED_EDaM_Entity_Availability_Indication
02CB315C-E797-46DD-A718-16C4E449B4D5,Logging Toolstring Descent,LGGNG_TLSTRNG_DSCNT,MTED_EDaM_Security_Classification,Most Confidential,SHL_CDM_EntityPropertyExtension.MTED_EDaM_Security_Classification
02CB315C-E797-46DD-A718-16C4E449B4D5,Logging Toolstring Descent,LGGNG_TLSTRNG_DSCNT,MTED_EDaM_Design_Status,Approved,SHL_CDM_EntityPropertyExtension.MTED_EDaM_Design_Status
02CB315C-E797-46DD-A718-16C4E449B4D5,Logging Toolstring Descent,LGGNG_TLSTRNG_DSCNT,MTED_Version_No,2021.2,SHL_CDM_EntityPropertyExtension.MTED_Version_No
02CB315C-E797-46DD-A718-16C4E449B4D5,Logging Toolstring Descent,LGGNG_TLSTRNG_DSCNT,MTED_EDaM_Version_Date,,SHL_CDM_EntityPropertyExtension.MTED_EDaM_Version_Date
02CB315C-E797-46DD-A718-16C4E449B4D5,Logging Toolstring Descent,LGGNG_TLSTRNG_DSCNT,CSI,false,SHL_CDM_EntityPropertyExtension.CSI
02CB315C-E797-46DD-A718-16C4E449B4D5,Logging Toolstring Descent,LGGNG_TLSTRNG_DSCNT,MTED_EDaM_Business_Critical_Data,false,SHL_CDM_EntityPropertyExtension.MTED_EDaM_Business_Critical_Data
02CB315C-E797-46DD-A718-16C4E449B4D5,Logging Toolstring Descent,LGGNG_TLSTRNG_DSCNT,MTED_Encryption_Required,false,SHL_CDM_EntityPropertyExtension.MTED_Encryption_Required
02CB315C-E797-46DD-A718-16C4E449B4D5,Logging Toolstring Descent,LGGNG_TLSTRNG_DSCNT,PII,false,SHL_CDM_EntityPropertyExtension.PII
02CB315C-E797-46DD-A718-16C4E449B4D5,Logging Toolstring Descent,LGGNG_TLSTRNG_DSCNT,EntityUpdateDate,19/08/2021 Pass 3,SHL_CDM_EntityPropertyExtension.EntityUpdateDate
02CB315C-E797-46DD-A718-16C4E449B4D5,Logging Toolstring Descent,LGGNG_TLSTRNG_DSCNT,Generation,true,SHL_CDM_EntityPropertyExtension.Generation
02CB315C-E797-46DD-A718-16C4E449B4D5,Logging Toolstring Descent,LGGNG_TLSTRNG_DSCNT,CommerciallySensitiveInformation,No Commercially Sensitive Information,BIM-core.CommerciallySensitiveInformation
02CB315C-E797-46DD-A718-16C4E449B4D5,Logging Toolstring Descent,LGGNG_TLSTRNG_DSCNT,Criticality,No Critical Data,BIM-core.Criticality
02CB315C-E797-46DD-A718-16C4E449B4D5,Logging Toolstring Descent,LGGNG_TLSTRNG_DSCNT,DataCategory,Structured,BIM-core.DataCategory
02CB315C-E797-46DD-A718-16C4E449B4D5,Logging Toolstring Descent,LGGNG_TLSTRNG_DSCNT,DataConfidentiality,Internal,BIM-core.DataConfidentiality
02CB315C-E797-46DD-A718-16C4E449B4D5,Logging Toolstring Descent,LGGNG_TLSTRNG_DSCNT,DesignStatus,Approved,BIM-core.DesignStatus
02CB315C-E797-46DD-A718-16C4E449B4D5,Logging Toolstring Descent,LGGNG_TLSTRNG_DSCNT,EntityCategory,Transaction,BIM-core.EntityCategory
02CB315C-E797-46DD-A718-16C4E449B4D5,Logging Toolstring Descent,LGGNG_TLSTRNG_DSCNT,EntityPersonalData,No Personal Data,BIM-core.EntityPersonalData
02CB315C-E797-46DD-A718-16C4E449B4D5,Logging Toolstring Descent,LGGNG_TLSTRNG_DSCNT,FinancialPersonalData,No Financial Personal Data,BIM-core.FinancialPersonalData
02CB315C-E797-46DD-A718-16C4E449B4D5,Logging Toolstring Descent,LGGNG_TLSTRNG_DSCNT,SensitivePersonalData,No Sensitive Personal Data,BIM-core.SensitivePersonalData
02CB315C-E797-46DD-A718-16C4E449B4D5,Logging Toolstring Descent,LGGNG_TLSTRNG_DSCNT,DataArea,Wellbore,BIM-core.DataArea
02CB315C-E797-46DD-A718-16C4E449B4D5,Logging Toolstring Descent,LGGNG_TLSTRNG_DSCNT,EnterpriseLevel,Yes,BIM-core.EnterpriseLevel
02CB315C-E797-46DD-A718-16C4E449B4D5,Logging Toolstring Descent,LGGNG_TLSTRNG_DSCNT,ExchangeId,{B8F87DB0-2E03-435F-8F6E-B26025BF6F31},BIM-core.ExchangeId
A9FDC0D4-94F0-4E39-843F-6EDBADCCBBE3,Logging Job,LGGNG_JB,PD_ObjectID,A9FDC0D4-94F0-4E39-843F-6EDBADCCBBE3,
A9FDC0D4-94F0-4E39-843F-6EDBADCCBBE3,Logging Job,LGGNG_JB,PD_SourceExtraction,46603045,
A9FDC0D4-94F0-4E39-843F-6EDBADCCBBE3,Logging Job,LGGNG_JB,PD_SourceModel,SUBSURFACE AND WELLS,
A9FDC0D4-94F0-4E39-843F-6EDBADCCBBE3,Logging Job,LGGNG_JB,MTED_EDaM_Entity_Data_Category,<unspecified>,SHL_CDM_EntityPropertyExtension.MTED_EDaM_Entity_Data_Category
A9FDC0D4-94F0-4E39-843F-6EDBADCCBBE3,Logging Job,LGGNG_JB,MTED_EDaM_Data_Owner,,SHL_CDM_EntityPropertyExtension.MTED_EDaM_Data_Owner
A9FDC0D4-94F0-4E39-843F-6EDBADCCBBE3,Logging Job,LGGNG_JB,MTED_EDaM_Entity_Critical_Data,F,SHL_CDM_EntityPropertyExtension.MTED_EDaM_Entity_Critical_Data
A9FDC0D4-94F0-4E39-843F-6EDBADCCBBE3,Logging Job,LGGNG_JB,MTED_EDaM_Entity_Quality_Indication,<unspecified>,SHL_CDM_EntityPropertyExtension.MTED_EDaM_Entity_Quality_Indication
A9FDC0D4-94F0-4E39-843F-6EDBADCCBBE3,Logging Job,LGGNG_JB,MTED_EDaM_Entity_Availability_Indication,<unspecified>,SHL_CDM_EntityPropertyExtension.MTED_EDaM_Entity_Availability_Indication
A9FDC0D4-94F0-4E39-843F-6EDBADCCBBE3,Logging Job,LGGNG_JB,MTED_EDaM_Security_Classification,Most Confidential,SHL_CDM_EntityPropertyExtension.MTED_EDaM_Security_Classification
A9FDC0D4-94F0-4E39-843F-6EDBADCCBBE3,Logging Job,LGGNG_JB,MTED_EDaM_Design_Status,Approved,SHL_CDM_EntityPropertyExtension.MTED_EDaM_Design_Status
A9FDC0D4-94F0-4E39-843F-6EDBADCCBBE3,Logging Job,LGGNG_JB,MTED_Version_No,2021.2,SHL_CDM_EntityPropertyExtension.MTED_Version_No
A9FDC0D4-94F0-4E39-843F-6EDBADCCBBE3,Logging Job,LGGNG_JB,MTED_EDaM_Version_Date,,SHL_CDM_EntityPropertyExtension.MTED_EDaM_Version_Date
A9FDC0D4-94F0-4E39-843F-6EDBADCCBBE3,Logging Job,LGGNG_JB,CSI,false,SHL_CDM_EntityPropertyExtension.CSI
A9FDC0D4-94F0-4E39-843F-6EDBADCCBBE3,Logging Job,LGGNG_JB,MTED_EDaM_Business_Critical_Data,false,SHL_CDM_EntityPropertyExtension.MTED_EDaM_Business_Critical_Data
A9FDC0D4-94F0-4E39-843F-6EDBADCCBBE3,Logging Job,LGGNG_JB,MTED_Encryption_Required,false,SHL_CDM_EntityPropertyExtension.MTED_Encryption_Required
A9FDC0D4-94F0-4E39-843F-6EDBADCCBBE3,Logging Job,LGGNG_JB,PII,false,SHL_CDM_EntityPropertyExtension.PII
A9FDC0D4-94F0-4E39-843F-6EDBADCCBBE3,Logging Job,LGGNG_JB,EntityUpdateDate,19/08/2021 Pass 3,SHL_CDM_EntityPropertyExtension.EntityUpdateDate
A9FDC0D4-94F0-4E39-843F-6EDBADCCBBE3,Logging Job,LGGNG_JB,Generation,true,SHL_CDM_EntityPropertyExtension.Generation
A9FDC0D4-94F0-4E39-843F-6EDBADCCBBE3,Logging Job,LGGNG_JB,CommerciallySensitiveInformation,No Commercially Sensitive Information,BIM-core.CommerciallySensitiveInformation
A9FDC0D4-94F0-4E39-843F-6EDBADCCBBE3,Logging Job,LGGNG_JB,Criticality,No Critical Data,BIM-core.Criticality
A9FDC0D4-94F0-4E39-843F-6EDBADCCBBE3,Logging Job,LGGNG_JB,DataCategory,Structured,BIM-core.DataCategory
A9FDC0D4-94F0-4E39-843F-6EDBADCCBBE3,Logging Job,LGGNG_JB,DataConfidentiality,Internal,BIM-core.DataConfidentiality
A9FDC0D4-94F0-4E39-843F-6EDBADCCBBE3,Logging Job,LGGNG_JB,DesignStatus,Approved,BIM-core.DesignStatus
A9FDC0D4-94F0-4E39-843F-6EDBADCCBBE3,Logging Job,LGGNG_JB,EntityCategory,Transaction,BIM-core.EntityCategory
A9FDC0D4-94F0-4E39-843F-6EDBADCCBBE3,Logging Job,LGGNG_JB,EntityPersonalData,No Personal Data,BIM-core.EntityPersonalData
A9FDC0D4-94F0-4E39-843F-6EDBADCCBBE3,Logging Job,LGGNG_JB,FinancialPersonalData,No Financial Personal Data,BIM-core.FinancialPersonalData
A9FDC0D4-94F0-4E39-843F-6EDBADCCBBE3,Logging Job,LGGNG_JB,SensitivePersonalData,No Sensitive Personal Data,BIM-core.SensitivePersonalData
A9FDC0D4-94F0-4E39-843F-6EDBADCCBBE3,Logging Job,LGGNG_JB,DataArea,Wellbore,BIM-core.DataArea
A9FDC0D4-94F0-4E39-843F-6EDBADCCBBE3,Logging Job,LGGNG_JB,EnterpriseLevel,Yes,BIM-core.EnterpriseLevel
A9FDC0D4-94F0-4E39-843F-6EDBADCCBBE3,Logging Job,LGGNG_JB,ExchangeId,{07E893FB-C1EC-498B-8FAE-DAD5B08D9B59},BIM-core.ExchangeId
F11C37A0-7BF7-4DCB-B1AE-62318678DBE2,Log Curve Type,LG_CRV_TYP,PD_ObjectID,F11C37A0-7BF7-4DCB-B1AE-62318678DBE2,
F11C37A0-7BF7-4DCB-B1AE-62318678DBE2,Log Curve Type,LG_CRV_TYP,PD_SourceExtraction,46603045,
F11C37A0-7BF7-4DCB-B1AE-62318678DBE2,Log Curve Type,LG_CRV_TYP,PD_SourceModel,SUBSURFACE AND WELLS,
F11C37A0-7BF7-4DCB-B1AE-62318678DBE2,Log Curve Type,LG_CRV_TYP,MTED_EDaM_Entity_Data_Category,<unspecified>,SHL_CDM_EntityPropertyExtension.MTED_EDaM_Entity_Data_Category
F11C37A0-7BF7-4DCB-B1AE-62318678DBE2,Log Curve Type,LG_CRV_TYP,MTED_EDaM_Entity_Critical_Data,<unspecified>,SHL_CDM_EntityPropertyExtension.MTED_EDaM_Entity_Critical_Data
F11C37A0-7BF7-4DCB-B1AE-62318678DBE2,Log Curve Type,LG_CRV_TYP,MTED_EDaM_Entity_Quality_Indication,<unspecified>,SHL_CDM_EntityPropertyExtension.MTED_EDaM_Entity_Quality_Indication
F11C37A0-7BF7-4DCB-B1AE-62318678DBE2,Log Curve Type,LG_CRV_TYP,MTED_EDaM_Entity_Availability_Indication,<unspecified>,SHL_CDM_EntityPropertyExtension.MTED_EDaM_Entity_Availability_Indication
F11C37A0-7BF7-4DCB-B1AE-62318678DBE2,Log Curve Type,LG_CRV_TYP,MTED_EDaM_Security_Classification,<unspecified>,SHL_CDM_EntityPropertyExtension.MTED_EDaM_Security_Classification
F11C37A0-7BF7-4DCB-B1AE-62318678DBE2,Log Curve Type,LG_CRV_TYP,MTED_EDaM_Design_Status,Approved,SHL_CDM_EntityPropertyExtension.MTED_EDaM_Design_Status
F11C37A0-7BF7-4DCB-B1AE-62318678DBE2,Log Curve Type,LG_CRV_TYP,CSI,false,SHL_CDM_EntityPropertyExtension.CSI
F11C37A0-7BF7-4DCB-B1AE-62318678DBE2,Log Curve Type,LG_CRV_TYP,MTED_EDaM_Business_Critical_Data,false,SHL_CDM_EntityPropertyExtension.MTED_EDaM_Business_Critical_Data
F11C37A0-7BF7-4DCB-B1AE-62318678DBE2,Log Curve Type,LG_CRV_TYP,MTED_Encryption_Required,false,SHL_CDM_EntityPropertyExtension.MTED_Encryption_Required
F11C37A0-7BF7-4DCB-B1AE-62318678DBE2,Log Curve Type,LG_CRV_TYP,PII,false,SHL_CDM_EntityPropertyExtension.PII
F11C37A0-7BF7-4DCB-B1AE-62318678DBE2,Log Curve Type,LG_CRV_TYP,EntityUpdateDate,19/08/2021 Pass 3,SHL_CDM_EntityPropertyExtension.EntityUpdateDate
F11C37A0-7BF7-4DCB-B1AE-62318678DBE2,Log Curve Type,LG_CRV_TYP,Generation,true,SHL_CDM_EntityPropertyExtension.Generation
F11C37A0-7BF7-4DCB-B1AE-62318678DBE2,Log Curve Type,LG_CRV_TYP,MTED_Version_No,2021.2,SHL_CDM_EntityPropertyExtension.MTED_Version_No
F11C37A0-7BF7-4DCB-B1AE-62318678DBE2,Log Curve Type,LG_CRV_TYP,CommerciallySensitiveInformation,No Commercially Sensitive Information,BIM-core.CommerciallySensitiveInformation
F11C37A0-7BF7-4DCB-B1AE-62318678DBE2,Log Curve Type,LG_CRV_TYP,Criticality,No Critical Data,BIM-core.Criticality
F11C37A0-7BF7-4DCB-B1AE-62318678DBE2,Log Curve Type,LG_CRV_TYP,DataCategory,Structured,BIM-core.DataCategory
F11C37A0-7BF7-4DCB-B1AE-62318678DBE2,Log Curve Type,LG_CRV_TYP,DataConfidentiality,Internal,BIM-core.DataConfidentiality
F11C37A0-7BF7-4DCB-B1AE-62318678DBE2,Log Curve Type,LG_CRV_TYP,DesignStatus,Approved,BIM-core.DesignStatus
F11C37A0-7BF7-4DCB-B1AE-62318678DBE2,Log Curve Type,LG_CRV_TYP,EntityCategory,Internal Reference,BIM-core.EntityCategory
F11C37A0-7BF7-4DCB-B1AE-62318678DBE2,Log Curve Type,LG_CRV_TYP,EntityPersonalData,No Personal Data,BIM-core.EntityPersonalData
F11C37A0-7BF7-4DCB-B1AE-62318678DBE2,Log Curve Type,LG_CRV_TYP,FinancialPersonalData,No Financial Personal Data,BIM-core.FinancialPersonalData
F11C37A0-7BF7-4DCB-B1AE-62318678DBE2,Log Curve Type,LG_CRV_TYP,SensitivePersonalData,No Sensitive Personal Data,BIM-core.SensitivePersonalData
F11C37A0-7BF7-4DCB-B1AE-62318678DBE2,Log Curve Type,LG_CRV_TYP,DataArea,Wellbore,BIM-core.DataArea
F11C37A0-7BF7-4DCB-B1AE-62318678DBE2,Log Curve Type,LG_CRV_TYP,EnterpriseLevel,Yes,BIM-core.EnterpriseLevel
F11C37A0-7BF7-4DCB-B1AE-62318678DBE2,Log Curve Type,LG_CRV_TYP,ExchangeId,{457E5CEE-B40D-42D7-9302-B7D9BD91294B},BIM-core.ExchangeId
3E9A7E9A-41CE-4380-BCF1-74AC7749CFB6,Log Curve Specification,LG_CRV_SPCFCTN,PD_ObjectID,3E9A7E9A-41CE-4380-BCF1-74AC7749CFB6,
3E9A7E9A-41CE-4380-BCF1-74AC7749CFB6,Log Curve Specification,LG_CRV_SPCFCTN,PD_SourceExtraction,46603045,
3E9A7E9A-41CE-4380-BCF1-74AC7749CFB6,Log Curve Specification,LG_CRV_SPCFCTN,PD_SourceModel,SUBSURFACE AND WELLS,
3E9A7E9A-41CE-4380-BCF1-74AC7749CFB6,Log Curve Specification,LG_CRV_SPCFCTN,MTED_EDaM_Entity_Data_Category,<unspecified>,SHL_CDM_EntityPropertyExtension.MTED_EDaM_Entity_Data_Category
3E9A7E9A-41CE-4380-BCF1-74AC7749CFB6,Log Curve Specification,LG_CRV_SPCFCTN,MTED_EDaM_Entity_Critical_Data,<unspecified>,SHL_CDM_EntityPropertyExtension.MTED_EDaM_Entity_Critical_Data
3E9A7E9A-41CE-4380-BCF1-74AC7749CFB6,Log Curve Specification,LG_CRV_SPCFCTN,MTED_EDaM_Entity_Quality_Indication,<unspecified>,SHL_CDM_EntityPropertyExtension.MTED_EDaM_Entity_Quality_Indication
3E9A7E9A-41CE-4380-BCF1-74AC7749CFB6,Log Curve Specification,LG_CRV_SPCFCTN,MTED_EDaM_Entity_Availability_Indication,<unspecified>,SHL_CDM_EntityPropertyExtension.MTED_EDaM_Entity_Availability_Indication
3E9A7E9A-41CE-4380-BCF1-74AC7749CFB6,Log Curve Specification,LG_CRV_SPCFCTN,MTED_EDaM_Security_Classification,<unspecified>,SHL_CDM_EntityPropertyExtension.MTED_EDaM_Security_Classification
3E9A7E9A-41CE-4380-BCF1-74AC7749CFB6,Log Curve Specification,LG_CRV_SPCFCTN,MTED_EDaM_Design_Status,Approved,SHL_CDM_EntityPropertyExtension.MTED_EDaM_Design_Status
3E9A7E9A-41CE-4380-BCF1-74AC7749CFB6,Log Curve Specification,LG_CRV_SPCFCTN,CSI,false,SHL_CDM_EntityPropertyExtension.CSI
3E9A7E9A-41CE-4380-BCF1-74AC7749CFB6,Log Curve Specification,LG_CRV_SPCFCTN,MTED_EDaM_Business_Critical_Data,false,SHL_CDM_EntityPropertyExtension.MTED_EDaM_Business_Critical_Data
3E9A7E9A-41CE-4380-BCF1-74AC7749CFB6,Log Curve Specification,LG_CRV_SPCFCTN,MTED_Encryption_Required,false,SHL_CDM_EntityPropertyExtension.MTED_Encryption_Required
3E9A7E9A-41CE-4380-BCF1-74AC7749CFB6,Log Curve Specification,LG_CRV_SPCFCTN,PII,false,SHL_CDM_EntityPropertyExtension.PII
3E9A7E9A-41CE-4380-BCF1-74AC7749CFB6,Log Curve Specification,LG_CRV_SPCFCTN,EntityUpdateDate,19/08/2021 Pass 3,SHL_CDM_EntityPropertyExtension.EntityUpdateDate
3E9A7E9A-41CE-4380-BCF1-74AC7749CFB6,Log Curve Specification,LG_CRV_SPCFCTN,Generation,true,SHL_CDM_EntityPropertyExtension.Generation
3E9A7E9A-41CE-4380-BCF1-74AC7749CFB6,Log Curve Specification,LG_CRV_SPCFCTN,MTED_Version_No,2021.2,SHL_CDM_EntityPropertyExtension.MTED_Version_No
3E9A7E9A-41CE-4380-BCF1-74AC7749CFB6,Log Curve Specification,LG_CRV_SPCFCTN,CommerciallySensitiveInformation,No Commercially Sensitive Information,BIM-core.CommerciallySensitiveInformation
3E9A7E9A-41CE-4380-BCF1-74AC7749CFB6,Log Curve Specification,LG_CRV_SPCFCTN,Criticality,No Critical Data,BIM-core.Criticality
3E9A7E9A-41CE-4380-BCF1-74AC7749CFB6,Log Curve Specification,LG_CRV_SPCFCTN,DataCategory,Structured,BIM-core.DataCategory
3E9A7E9A-41CE-4380-BCF1-74AC7749CFB6,Log Curve Specification,LG_CRV_SPCFCTN,DataConfidentiality,Internal,BIM-core.DataConfidentiality
3E9A7E9A-41CE-4380-BCF1-74AC7749CFB6,Log Curve Specification,LG_CRV_SPCFCTN,DesignStatus,Approved,BIM-core.DesignStatus
3E9A7E9A-41CE-4380-BCF1-74AC7749CFB6,Log Curve Specification,LG_CRV_SPCFCTN,EntityCategory,Transaction,BIM-core.EntityCategory
3E9A7E9A-41CE-4380-BCF1-74AC7749CFB6,Log Curve Specification,LG_CRV_SPCFCTN,EntityPersonalData,No Personal Data,BIM-core.EntityPersonalData
3E9A7E9A-41CE-4380-BCF1-74AC7749CFB6,Log Curve Specification,LG_CRV_SPCFCTN,FinancialPersonalData,No Financial Personal Data,BIM-core.FinancialPersonalData
3E9A7E9A-41CE-4380-BCF1-74AC7749CFB6,Log Curve Specification,LG_CRV_SPCFCTN,SensitivePersonalData,No Sensitive Personal Data,BIM-core.SensitivePersonalData
3E9A7E9A-41CE-4380-BCF1-74AC7749CFB6,Log Curve Specification,LG_CRV_SPCFCTN,DataArea,Wellbore,BIM-core.DataArea
3E9A7E9A-41CE-4380-BCF1-74AC7749CFB6,Log Curve Specification,LG_CRV_SPCFCTN,EnterpriseLevel,Yes,BIM-core.EnterpriseLevel
3E9A7E9A-41CE-4380-BCF1-74AC7749CFB6,Log Curve Specification,LG_CRV_SPCFCTN,ExchangeId,{2688F577-0D30-433B-A961-29912CA92DC5},BIM-core.ExchangeId
DC7E5781-AF0A-4D3E-89F2-D7E0C832A317,Log Curve Measurement,LG_CRV_MSRMNT,PD_ObjectID,DC7E5781-AF0A-4D3E-89F2-D7E0C832A317,
DC7E5781-AF0A-4D3E-89F2-D7E0C832A317,Log Curve Measurement,LG_CRV_MSRMNT,PD_SourceExtraction,46603045,
DC7E5781-AF0A-4D3E-89F2-D7E0C832A317,Log Curve Measurement,LG_CRV_MSRMNT,PD_SourceModel,SUBSURFACE AND WELLS,
DC7E5781-AF0A-4D3E-89F2-D7E0C832A317,Log Curve Measurement,LG_CRV_MSRMNT,MTED_EDaM_Entity_Data_Category,<unspecified>,SHL_CDM_EntityPropertyExtension.MTED_EDaM_Entity_Data_Category
DC7E5781-AF0A-4D3E-89F2-D7E0C832A317,Log Curve Measurement,LG_CRV_MSRMNT,MTED_EDaM_Data_Owner,,SHL_CDM_EntityPropertyExtension.MTED_EDaM_Data_Owner
DC7E5781-AF0A-4D3E-89F2-D7E0C832A317,Log Curve Measurement,LG_CRV_MSRMNT,MTED_EDaM_Entity_Critical_Data,F,SHL_CDM_EntityPropertyExtension.MTED_EDaM_Entity_Critical_Data
DC7E5781-AF0A-4D3E-89F2-D7E0C832A317,Log Curve Measurement,LG_CRV_MSRMNT,MTED_EDaM_Entity_Quality_Indication,<unspecified>,SHL_CDM_EntityPropertyExtension.MTED_EDaM_Entity_Quality_Indication
DC7E5781-AF0A-4D3E-89F2-D7E0C832A317,Log Curve Measurement,LG_CRV_MSRMNT,MTED_EDaM_Entity_Availability_Indication,<unspecified>,SHL_CDM_EntityPropertyExtension.MTED_EDaM_Entity_Availability_Indication
DC7E5781-AF0A-4D3E-89F2-D7E0C832A317,Log Curve Measurement,LG_CRV_MSRMNT,MTED_EDaM_Security_Classification,Most Confidential,SHL_CDM_EntityPropertyExtension.MTED_EDaM_Security_Classification
DC7E5781-AF0A-4D3E-89F2-D7E0C832A317,Log Curve Measurement,LG_CRV_MSRMNT,MTED_EDaM_Design_Status,Approved,SHL_CDM_EntityPropertyExtension.MTED_EDaM_Design_Status
DC7E5781-AF0A-4D3E-89F2-D7E0C832A317,Log Curve Measurement,LG_CRV_MSRMNT,MTED_Version_No,2021.2,SHL_CDM_EntityPropertyExtension.MTED_Version_No
DC7E5781-AF0A-4D3E-89F2-D7E0C832A317,Log Curve Measurement,LG_CRV_MSRMNT,MTED_EDaM_Version_Date,,SHL_CDM_EntityPropertyExtension.MTED_EDaM_Version_Date
DC7E5781-AF0A-4D3E-89F2-D7E0C832A317,Log Curve Measurement,LG_CRV_MSRMNT,CSI,false,SHL_CDM_EntityPropertyExtension.CSI
DC7E5781-AF0A-4D3E-89F2-D7E0C832A317,Log Curve Measurement,LG_CRV_MSRMNT,MTED_EDaM_Business_Critical_Data,false,SHL_CDM_EntityPropertyExtension.MTED_EDaM_Business_Critical_Data
DC7E5781-AF0A-4D3E-89F2-D7E0C832A317,Log Curve Measurement,LG_CRV_MSRMNT,MTED_Encryption_Required,false,SHL_CDM_EntityPropertyExtension.MTED_Encryption_Required
DC7E5781-AF0A-4D3E-89F2-D7E0C832A317,Log Curve Measurement,LG_CRV_MSRMNT,PII,false,SHL_CDM_EntityPropertyExtension.PII
DC7E5781-AF0A-4D3E-89F2-D7E0C832A317,Log Curve Measurement,LG_CRV_MSRMNT,EntityUpdateDate,19/08/2021 Pass 3,SHL_CDM_EntityPropertyExtension.EntityUpdateDate
DC7E5781-AF0A-4D3E-89F2-D7E0C832A317,Log Curve Measurement,LG_CRV_MSRMNT,Generation,true,SHL_CDM_EntityPropertyExtension.Generation
DC7E5781-AF0A-4D3E-89F2-D7E0C832A317,Log Curve Measurement,LG_CRV_MSRMNT,CommerciallySensitiveInformation,No Commercially Sensitive Information,BIM-core.CommerciallySensitiveInformation
DC7E5781-AF0A-4D3E-89F2-D7E0C832A317,Log Curve Measurement,LG_CRV_MSRMNT,Criticality,No Critical Data,BIM-core.Criticality
DC7E5781-AF0A-4D3E-89F2-D7E0C832A317,Log Curve Measurement,LG_CRV_MSRMNT,DataCategory,Structured,BIM-core.DataCategory
DC7E5781-AF0A-4D3E-89F2-D7E0C832A317,Log Curve Measurement,LG_CRV_MSRMNT,DataConfidentiality,Internal,BIM-core.DataConfidentiality
DC7E5781-AF0A-4D3E-89F2-D7E0C832A317,Log Curve Measurement,LG_CRV_MSRMNT,DesignStatus,Approved,BIM-core.DesignStatus
DC7E5781-AF0A-4D3E-89F2-D7E0C832A317,Log Curve Measurement,LG_CRV_MSRMNT,EntityCategory,Transaction,BIM-core.EntityCategory
DC7E5781-AF0A-4D3E-89F2-D7E0C832A317,Log Curve Measurement,LG_CRV_MSRMNT,EntityPersonalData,No Personal Data,BIM-core.EntityPersonalData
DC7E5781-AF0A-4D3E-89F2-D7E0C832A317,Log Curve Measurement,LG_CRV_MSRMNT,FinancialPersonalData,No Financial Personal Data,BIM-core.FinancialPersonalData
DC7E5781-AF0A-4D3E-89F2-D7E0C832A317,Log Curve Measurement,LG_CRV_MSRMNT,SensitivePersonalData,No Sensitive Personal Data,BIM-core.SensitivePersonalData
DC7E5781-AF0A-4D3E-89F2-D7E0C832A317,Log Curve Measurement,LG_CRV_MSRMNT,DataArea,Wellbore,BIM-core.DataArea
DC7E5781-AF0A-4D3E-89F2-D7E0C832A317,Log Curve Measurement,LG_CRV_MSRMNT,EnterpriseLevel,Yes,BIM-core.EnterpriseLevel
DC7E5781-AF0A-4D3E-89F2-D7E0C832A317,Log Curve Measurement,LG_CRV_MSRMNT,ExchangeId,{1AE89425-4461-4DB3-8F88-7BA7E39BB6EF},BIM-core.ExchangeId
A38827F5-17F4-4FBF-8E39-B189B91DC9A8,Log Curve,LG_CRV,PD_ObjectID,A38827F5-17F4-4FBF-8E39-B189B91DC9A8,
A38827F5-17F4-4FBF-8E39-B189B91DC9A8,Log Curve,LG_CRV,PD_SourceExtraction,46603045,
A38827F5-17F4-4FBF-8E39-B189B91DC9A8,Log Curve,LG_CRV,PD_SourceModel,SUBSURFACE AND WELLS,
A38827F5-17F4-4FBF-8E39-B189B91DC9A8,Log Curve,LG_CRV,MTED_EDaM_Entity_Data_Category,<unspecified>,SHL_CDM_EntityPropertyExtension.MTED_EDaM_Entity_Data_Category
A38827F5-17F4-4FBF-8E39-B189B91DC9A8,Log Curve,LG_CRV,MTED_EDaM_Data_Owner,,SHL_CDM_EntityPropertyExtension.MTED_EDaM_Data_Owner
A38827F5-17F4-4FBF-8E39-B189B91DC9A8,Log Curve,LG_CRV,MTED_EDaM_Entity_Critical_Data,F,SHL_CDM_EntityPropertyExtension.MTED_EDaM_Entity_Critical_Data
A38827F5-17F4-4FBF-8E39-B189B91DC9A8,Log Curve,LG_CRV,MTED_EDaM_Entity_Quality_Indication,<unspecified>,SHL_CDM_EntityPropertyExtension.MTED_EDaM_Entity_Quality_Indication
A38827F5-17F4-4FBF-8E39-B189B91DC9A8,Log Curve,LG_CRV,MTED_EDaM_Entity_Availability_Indication,<unspecified>,SHL_CDM_EntityPropertyExtension.MTED_EDaM_Entity_Availability_Indication
A38827F5-17F4-4FBF-8E39-B189B91DC9A8,Log Curve,LG_CRV,MTED_EDaM_Security_Classification,Most Confidential,SHL_CDM_EntityPropertyExtension.MTED_EDaM_Security_Classification
A38827F5-17F4-4FBF-8E39-B189B91DC9A8,Log Curve,LG_CRV,MTED_EDaM_Design_Status,Approved,SHL_CDM_EntityPropertyExtension.MTED_EDaM_Design_Status
A38827F5-17F4-4FBF-8E39-B189B91DC9A8,Log Curve,LG_CRV,MTED_Version_No,2021.2,SHL_CDM_EntityPropertyExtension.MTED_Version_No
A38827F5-17F4-4FBF-8E39-B189B91DC9A8,Log Curve,LG_CRV,MTED_EDaM_Version_Date,,SHL_CDM_EntityPropertyExtension.MTED_EDaM_Version_Date
A38827F5-17F4-4FBF-8E39-B189B91DC9A8,Log Curve,LG_CRV,CSI,false,SHL_CDM_EntityPropertyExtension.CSI
A38827F5-17F4-4FBF-8E39-B189B91DC9A8,Log Curve,LG_CRV,MTED_EDaM_Business_Critical_Data,false,SHL_CDM_EntityPropertyExtension.MTED_EDaM_Business_Critical_Data
A38827F5-17F4-4FBF-8E39-B189B91DC9A8,Log Curve,LG_CRV,MTED_Encryption_Required,false,SHL_CDM_EntityPropertyExtension.MTED_Encryption_Required
A38827F5-17F4-4FBF-8E39-B189B91DC9A8,Log Curve,LG_CRV,PII,false,SHL_CDM_EntityPropertyExtension.PII
A38827F5-17F4-4FBF-8E39-B189B91DC9A8,Log Curve,LG_CRV,EntityUpdateDate,19/08/2021 Pass 3,SHL_CDM_EntityPropertyExtension.EntityUpdateDate
A38827F5-17F4-4FBF-8E39-B189B91DC9A8,Log Curve,LG_CRV,Generation,true,SHL_CDM_EntityPropertyExtension.Generation
A38827F5-17F4-4FBF-8E39-B189B91DC9A8,Log Curve,LG_CRV,CommerciallySensitiveInformation,No Commercially Sensitive Information,BIM-core.CommerciallySensitiveInformation
A38827F5-17F4-4FBF-8E39-B189B91DC9A8,Log Curve,LG_CRV,Criticality,No Critical Data,BIM-core.Criticality
A38827F5-17F4-4FBF-8E39-B189B91DC9A8,Log Curve,LG_CRV,DataCategory,Structured,BIM-core.DataCategory
A38827F5-17F4-4FBF-8E39-B189B91DC9A8,Log Curve,LG_CRV,DataConfidentiality,Internal,BIM-core.DataConfidentiality
A38827F5-17F4-4FBF-8E39-B189B91DC9A8,Log Curve,LG_CRV,DesignStatus,Approved,BIM-core.DesignStatus
A38827F5-17F4-4FBF-8E39-B189B91DC9A8,Log Curve,LG_CRV,EntityCategory,Transaction,BIM-core.EntityCategory
A38827F5-17F4-4FBF-8E39-B189B91DC9A8,Log Curve,LG_CRV,EntityPersonalData,No Personal Data,BIM-core.EntityPersonalData
A38827F5-17F4-4FBF-8E39-B189B91DC9A8,Log Curve,LG_CRV,FinancialPersonalData,No Financial Personal Data,BIM-core.FinancialPersonalData
A38827F5-17F4-4FBF-8E39-B189B91DC9A8,Log Curve,LG_CRV,SensitivePersonalData,No Sensitive Personal Data,BIM-core.SensitivePersonalData
A38827F5-17F4-4FBF-8E39-B189B91DC9A8,Log Curve,LG_CRV,DataArea,Wellbore,BIM-core.DataArea
A38827F5-17F4-4FBF-8E39-B189B91DC9A8,Log Curve,LG_CRV,EnterpriseLevel,Yes,BIM-core.EnterpriseLevel
A38827F5-17F4-4FBF-8E39-B189B91DC9A8,Log Curve,LG_CRV,ExchangeId,{1ABC3E49-4EAB-4C7A-A824-E32E5289EC28},BIM-core.ExchangeId
995BB3F5-6BEF-4051-86BF-169B2C06391A,Log,LG,PD_ObjectID,995BB3F5-6BEF-4051-86BF-169B2C06391A,
995BB3F5-6BEF-4051-86BF-169B2C06391A,Log,LG,PD_SourceExtraction,46603045,
995BB3F5-6BEF-4051-86BF-169B2C06391A,Log,LG,PD_SourceModel,SUBSURFACE AND WELLS,
995BB3F5-6BEF-4051-86BF-169B2C06391A,Log,LG,MTED_EDaM_Entity_Availability_Indication,<unspecified>,SHL_CDM_EntityPropertyExtension.MTED_EDaM_Entity_Availability_Indication
995BB3F5-6BEF-4051-86BF-169B2C06391A,Log,LG,MTED_EDaM_Entity_Critical_Data,F,SHL_CDM_EntityPropertyExtension.MTED_EDaM_Entity_Critical_Data
995BB3F5-6BEF-4051-86BF-169B2C06391A,Log,LG,MTED_EDaM_Entity_Data_Category,<unspecified>,SHL_CDM_EntityPropertyExtension.MTED_EDaM_Entity_Data_Category
995BB3F5-6BEF-4051-86BF-169B2C06391A,Log,LG,MTED_EDaM_Entity_Quality_Indication,<unspecified>,SHL_CDM_EntityPropertyExtension.MTED_EDaM_Entity_Quality_Indication
995BB3F5-6BEF-4051-86BF-169B2C06391A,Log,LG,MTED_EDaM_Security_Classification,Most Confidential,SHL_CDM_EntityPropertyExtension.MTED_EDaM_Security_Classification
995BB3F5-6BEF-4051-86BF-169B2C06391A,Log,LG,MTED_EDaM_Version_Date,,SHL_CDM_EntityPropertyExtension.MTED_EDaM_Version_Date
995BB3F5-6BEF-4051-86BF-169B2C06391A,Log,LG,CSI,false,SHL_CDM_EntityPropertyExtension.CSI
995BB3F5-6BEF-4051-86BF-169B2C06391A,Log,LG,EntityUpdateDate,19/08/2021 Pass 3,SHL_CDM_EntityPropertyExtension.EntityUpdateDate
995BB3F5-6BEF-4051-86BF-169B2C06391A,Log,LG,MTED_EDaM_Business_Critical_Data,false,SHL_CDM_EntityPropertyExtension.MTED_EDaM_Business_Critical_Data
995BB3F5-6BEF-4051-86BF-169B2C06391A,Log,LG,MTED_Encryption_Required,false,SHL_CDM_EntityPropertyExtension.MTED_Encryption_Required
995BB3F5-6BEF-4051-86BF-169B2C06391A,Log,LG,PII,false,SHL_CDM_EntityPropertyExtension.PII
995BB3F5-6BEF-4051-86BF-169B2C06391A,Log,LG,MTED_EDaM_Design_Status,Approved,SHL_CDM_EntityPropertyExtension.MTED_EDaM_Design_Status
995BB3F5-6BEF-4051-86BF-169B2C06391A,Log,LG,MTED_Version_No,2021.2,SHL_CDM_EntityPropertyExtension.MTED_Version_No
995BB3F5-6BEF-4051-86BF-169B2C06391A,Log,LG,Generation,true,SHL_CDM_EntityPropertyExtension.Generation
995BB3F5-6BEF-4051-86BF-169B2C06391A,Log,LG,CommerciallySensitiveInformation,No Commercially Sensitive Information,BIM-core.CommerciallySensitiveInformation
995BB3F5-6BEF-4051-86BF-169B2C06391A,Log,LG,Criticality,No Critical Data,BIM-core.Criticality
995BB3F5-6BEF-4051-86BF-169B2C06391A,Log,LG,DataCategory,Structured,BIM-core.DataCategory
995BB3F5-6BEF-4051-86BF-169B2C06391A,Log,LG,DataConfidentiality,Internal,BIM-core.DataConfidentiality
995BB3F5-6BEF-4051-86BF-169B2C06391A,Log,LG,DesignStatus,Approved,BIM-core.DesignStatus
995BB3F5-6BEF-4051-86BF-169B2C06391A,Log,LG,EntityCategory,Transaction,BIM-core.EntityCategory
995BB3F5-6BEF-4051-86BF-169B2C06391A,Log,LG,EntityPersonalData,No Personal Data,BIM-core.EntityPersonalData
995BB3F5-6BEF-4051-86BF-169B2C06391A,Log,LG,FinancialPersonalData,No Financial Personal Data,BIM-core.FinancialPersonalData
995BB3F5-6BEF-4051-86BF-169B2C06391A,Log,LG,SensitivePersonalData,No Sensitive Personal Data,BIM-core.SensitivePersonalData
995BB3F5-6BEF-4051-86BF-169B2C06391A,Log,LG,DataArea,Wellbore,BIM-core.DataArea
995BB3F5-6BEF-4051-86BF-169B2C06391A,Log,LG,EnterpriseLevel,Yes,BIM-core.EnterpriseLevel
995BB3F5-6BEF-4051-86BF-169B2C06391A,Log,LG,ExchangeId,{7E13AD8B-C437-4AE6-91AD-2B86D761D2F1},BIM-core.ExchangeId
4EA4D2B8-2133-47A6-B03D-2F342F1999F2,Local Rock Volume Feature,LCL_RCK_VLM_FTR,PD_ObjectID,4EA4D2B8-2133-47A6-B03D-2F342F1999F2,
4EA4D2B8-2133-47A6-B03D-2F342F1999F2,Local Rock Volume Feature,LCL_RCK_VLM_FTR,PD_SourceExtraction,46603045,
4EA4D2B8-2133-47A6-B03D-2F342F1999F2,Local Rock Volume Feature,LCL_RCK_VLM_FTR,PD_SourceModel,SUBSURFACE AND WELLS,
4EA4D2B8-2133-47A6-B03D-2F342F1999F2,Local Rock Volume Feature,LCL_RCK_VLM_FTR,EntityCategory,Master,BIM-core.EntityCategory
4EA4D2B8-2133-47A6-B03D-2F342F1999F2,Local Rock Volume Feature,LCL_RCK_VLM_FTR,DataCategory,Structured,BIM-core.DataCategory
4EA4D2B8-2133-47A6-B03D-2F342F1999F2,Local Rock Volume Feature,LCL_RCK_VLM_FTR,Criticality,No Critical Data,BIM-core.Criticality
4EA4D2B8-2133-47A6-B03D-2F342F1999F2,Local Rock Volume Feature,LCL_RCK_VLM_FTR,CommerciallySensitiveInformation,No Commercially Sensitive Information,BIM-core.CommerciallySensitiveInformation
4EA4D2B8-2133-47A6-B03D-2F342F1999F2,Local Rock Volume Feature,LCL_RCK_VLM_FTR,DataConfidentiality,Internal,BIM-core.DataConfidentiality
4EA4D2B8-2133-47A6-B03D-2F342F1999F2,Local Rock Volume Feature,LCL_RCK_VLM_FTR,EntityPersonalData,No Personal Data,BIM-core.EntityPersonalData
4EA4D2B8-2133-47A6-B03D-2F342F1999F2,Local Rock Volume Feature,LCL_RCK_VLM_FTR,FinancialPersonalData,No Financial Personal Data,BIM-core.FinancialPersonalData
4EA4D2B8-2133-47A6-B03D-2F342F1999F2,Local Rock Volume Feature,LCL_RCK_VLM_FTR,SensitivePersonalData,No Sensitive Personal Data,BIM-core.SensitivePersonalData
4EA4D2B8-2133-47A6-B03D-2F342F1999F2,Local Rock Volume Feature,LCL_RCK_VLM_FTR,DesignStatus,Approved,BIM-core.DesignStatus
4EA4D2B8-2133-47A6-B03D-2F342F1999F2,Local Rock Volume Feature,LCL_RCK_VLM_FTR,DataArea,Reservoir,BIM-core.DataArea
4EA4D2B8-2133-47A6-B03D-2F342F1999F2,Local Rock Volume Feature,LCL_RCK_VLM_FTR,EnterpriseLevel,Yes,BIM-core.EnterpriseLevel
4EA4D2B8-2133-47A6-B03D-2F342F1999F2,Local Rock Volume Feature,LCL_RCK_VLM_FTR,ExchangeId,{C5DFFBF9-1F18-4DFD-80D5-22EE4553A38C},BIM-core.ExchangeId
EE4153F3-0CD6-4C1A-A397-633B0005B70A,Local Model Feature,LCL_MDL_FTR,PD_ObjectID,EE4153F3-0CD6-4C1A-A397-633B0005B70A,
EE4153F3-0CD6-4C1A-A397-633B0005B70A,Local Model Feature,LCL_MDL_FTR,PD_SourceExtraction,46603045,
EE4153F3-0CD6-4C1A-A397-633B0005B70A,Local Model Feature,LCL_MDL_FTR,PD_SourceModel,SUBSURFACE AND WELLS,
EE4153F3-0CD6-4C1A-A397-633B0005B70A,Local Model Feature,LCL_MDL_FTR,EntityCategory,Master,BIM-core.EntityCategory
EE4153F3-0CD6-4C1A-A397-633B0005B70A,Local Model Feature,LCL_MDL_FTR,DataCategory,Structured,BIM-core.DataCategory
EE4153F3-0CD6-4C1A-A397-633B0005B70A,Local Model Feature,LCL_MDL_FTR,Criticality,No Critical Data,BIM-core.Criticality
EE4153F3-0CD6-4C1A-A397-633B0005B70A,Local Model Feature,LCL_MDL_FTR,CommerciallySensitiveInformation,No Commercially Sensitive Information,BIM-core.CommerciallySensitiveInformation
EE4153F3-0CD6-4C1A-A397-633B0005B70A,Local Model Feature,LCL_MDL_FTR,DataConfidentiality,Internal,BIM-core.DataConfidentiality
EE4153F3-0CD6-4C1A-A397-633B0005B70A,Local Model Feature,LCL_MDL_FTR,EntityPersonalData,No Personal Data,BIM-core.EntityPersonalData
EE4153F3-0CD6-4C1A-A397-633B0005B70A,Local Model Feature,LCL_MDL_FTR,FinancialPersonalData,No Financial Personal Data,BIM-core.FinancialPersonalData
EE4153F3-0CD6-4C1A-A397-633B0005B70A,Local Model Feature,LCL_MDL_FTR,SensitivePersonalData,No Sensitive Personal Data,BIM-core.SensitivePersonalData
EE4153F3-0CD6-4C1A-A397-633B0005B70A,Local Model Feature,LCL_MDL_FTR,DesignStatus,Approved,BIM-core.DesignStatus
EE4153F3-0CD6-4C1A-A397-633B0005B70A,Local Model Feature,LCL_MDL_FTR,DataArea,Reservoir,BIM-core.DataArea
EE4153F3-0CD6-4C1A-A397-633B0005B70A,Local Model Feature,LCL_MDL_FTR,EnterpriseLevel,Yes,BIM-core.EnterpriseLevel
EE4153F3-0CD6-4C1A-A397-633B0005B70A,Local Model Feature,LCL_MDL_FTR,ExchangeId,{2719E36F-763D-4C07-8AA5-25D1BAF0E5C3},BIM-core.ExchangeId
40307E7C-6B91-4B1E-91D2-D9942AA32037,Local Boundary Feature,LCL_BNDRY_FTR,PD_ObjectID,40307E7C-6B91-4B1E-91D2-D9942AA32037,
40307E7C-6B91-4B1E-91D2-D9942AA32037,Local Boundary Feature,LCL_BNDRY_FTR,PD_SourceExtraction,46603045,
40307E7C-6B91-4B1E-91D2-D9942AA32037,Local Boundary Feature,LCL_BNDRY_FTR,PD_SourceModel,SUBSURFACE AND WELLS,
40307E7C-6B91-4B1E-91D2-D9942AA32037,Local Boundary Feature,LCL_BNDRY_FTR,EntityCategory,Master,BIM-core.EntityCategory
40307E7C-6B91-4B1E-91D2-D9942AA32037,Local Boundary Feature,LCL_BNDRY_FTR,DataCategory,Structured,BIM-core.DataCategory
40307E7C-6B91-4B1E-91D2-D9942AA32037,Local Boundary Feature,LCL_BNDRY_FTR,Criticality,No Critical Data,BIM-core.Criticality
40307E7C-6B91-4B1E-91D2-D9942AA32037,Local Boundary Feature,LCL_BNDRY_FTR,CommerciallySensitiveInformation,No Commercially Sensitive Information,BIM-core.CommerciallySensitiveInformation
40307E7C-6B91-4B1E-91D2-D9942AA32037,Local Boundary Feature,LCL_BNDRY_FTR,DataConfidentiality,Internal,BIM-core.DataConfidentiality
40307E7C-6B91-4B1E-91D2-D9942AA32037,Local Boundary Feature,LCL_BNDRY_FTR,EntityPersonalData,No Personal Data,BIM-core.EntityPersonalData
40307E7C-6B91-4B1E-91D2-D9942AA32037,Local Boundary Feature,LCL_BNDRY_FTR,FinancialPersonalData,No Financial Personal Data,BIM-core.FinancialPersonalData
40307E7C-6B91-4B1E-91D2-D9942AA32037,Local Boundary Feature,LCL_BNDRY_FTR,SensitivePersonalData,No Sensitive Personal Data,BIM-core.SensitivePersonalData
40307E7C-6B91-4B1E-91D2-D9942AA32037,Local Boundary Feature,LCL_BNDRY_FTR,DesignStatus,Approved,BIM-core.DesignStatus
40307E7C-6B91-4B1E-91D2-D9942AA32037,Local Boundary Feature,LCL_BNDRY_FTR,DataArea,Reservoir,BIM-core.DataArea
40307E7C-6B91-4B1E-91D2-D9942AA32037,Local Boundary Feature,LCL_BNDRY_FTR,EnterpriseLevel,Yes,BIM-core.EnterpriseLevel
40307E7C-6B91-4B1E-91D2-D9942AA32037,Local Boundary Feature,LCL_BNDRY_FTR,ExchangeId,{63994C4D-7B60-4EF1-909A-38014BA79D0F},BIM-core.ExchangeId
B507ABF4-CC41-4D3F-B69B-7349BA67280E,Lithostratigraphic Column,LTHSTRTGRPHC_CLMN,PD_ObjectID,B507ABF4-CC41-4D3F-B69B-7349BA67280E,
B507ABF4-CC41-4D3F-B69B-7349BA67280E,Lithostratigraphic Column,LTHSTRTGRPHC_CLMN,PD_SourceExtraction,46603045,
B507ABF4-CC41-4D3F-B69B-7349BA67280E,Lithostratigraphic Column,LTHSTRTGRPHC_CLMN,PD_SourceModel,SUBSURFACE AND WELLS,
B507ABF4-CC41-4D3F-B69B-7349BA67280E,Lithostratigraphic Column,LTHSTRTGRPHC_CLMN,MTED_EDaM_Entity_Data_Category,<unspecified>,SHL_CDM_EntityPropertyExtension.MTED_EDaM_Entity_Data_Category
B507ABF4-CC41-4D3F-B69B-7349BA67280E,Lithostratigraphic Column,LTHSTRTGRPHC_CLMN,MTED_EDaM_Data_Owner,,SHL_CDM_EntityPropertyExtension.MTED_EDaM_Data_Owner
B507ABF4-CC41-4D3F-B69B-7349BA67280E,Lithostratigraphic Column,LTHSTRTGRPHC_CLMN,MTED_EDaM_Entity_Critical_Data,F,SHL_CDM_EntityPropertyExtension.MTED_EDaM_Entity_Critical_Data
B507ABF4-CC41-4D3F-B69B-7349BA67280E,Lithostratigraphic Column,LTHSTRTGRPHC_CLMN,MTED_EDaM_Entity_Quality_Indication,<unspecified>,SHL_CDM_EntityPropertyExtension.MTED_EDaM_Entity_Quality_Indication
B507ABF4-CC41-4D3F-B69B-7349BA67280E,Lithostratigraphic Column,LTHSTRTGRPHC_CLMN,MTED_EDaM_Entity_Availability_Indication,<unspecified>,SHL_CDM_EntityPropertyExtension.MTED_EDaM_Entity_Availability_Indication
B507ABF4-CC41-4D3F-B69B-7349BA67280E,Lithostratigraphic Column,LTHSTRTGRPHC_CLMN,MTED_EDaM_Security_Classification,Most Confidential,SHL_CDM_EntityPropertyExtension.MTED_EDaM_Security_Classification
B507ABF4-CC41-4D3F-B69B-7349BA67280E,Lithostratigraphic Column,LTHSTRTGRPHC_CLMN,MTED_EDaM_Design_Status,Approved,SHL_CDM_EntityPropertyExtension.MTED_EDaM_Design_Status
B507ABF4-CC41-4D3F-B69B-7349BA67280E,Lithostratigraphic Column,LTHSTRTGRPHC_CLMN,MTED_Version_No,2021.2,SHL_CDM_EntityPropertyExtension.MTED_Version_No
B507ABF4-CC41-4D3F-B69B-7349BA67280E,Lithostratigraphic Column,LTHSTRTGRPHC_CLMN,MTED_EDaM_Version_Date,,SHL_CDM_EntityPropertyExtension.MTED_EDaM_Version_Date
B507ABF4-CC41-4D3F-B69B-7349BA67280E,Lithostratigraphic Column,LTHSTRTGRPHC_CLMN,MTED_EDaM_Entity_Maps_To_Entity,"""01_EDC_Area"".""Static Earth Model""",SHL_CDM_EntityPropertyExtension.MTED_EDaM_Entity_Maps_To_Entity
B507ABF4-CC41-4D3F-B69B-7349BA67280E,Lithostratigraphic Column,LTHSTRTGRPHC_CLMN,CSI,false,SHL_CDM_EntityPropertyExtension.CSI
B507ABF4-CC41-4D3F-B69B-7349BA67280E,Lithostratigraphic Column,LTHSTRTGRPHC_CLMN,MTED_EDaM_Business_Critical_Data,false,SHL_CDM_EntityPropertyExtension.MTED_EDaM_Business_Critical_Data
B507ABF4-CC41-4D3F-B69B-7349BA67280E,Lithostratigraphic Column,LTHSTRTGRPHC_CLMN,MTED_Encryption_Required,false,SHL_CDM_EntityPropertyExtension.MTED_Encryption_Required
B507ABF4-CC41-4D3F-B69B-7349BA67280E,Lithostratigraphic Column,LTHSTRTGRPHC_CLMN,PII,false,SHL_CDM_EntityPropertyExtension.PII
B507ABF4-CC41-4D3F-B69B-7349BA67280E,Lithostratigraphic Column,LTHSTRTGRPHC_CLMN,EntityUpdateDate,19/08/2021 Pass 3,SHL_CDM_EntityPropertyExtension.EntityUpdateDate
B507ABF4-CC41-4D3F-B69B-7349BA67280E,Lithostratigraphic Column,LTHSTRTGRPHC_CLMN,Generation,true,SHL_CDM_EntityPropertyExtension.Generation
B507ABF4-CC41-4D3F-B69B-7349BA67280E,Lithostratigraphic Column,LTHSTRTGRPHC_CLMN,CommerciallySensitiveInformation,No Commercially Sensitive Information,BIM-core.CommerciallySensitiveInformation
B507ABF4-CC41-4D3F-B69B-7349BA67280E,Lithostratigraphic Column,LTHSTRTGRPHC_CLMN,Criticality,No Critical Data,BIM-core.Criticality
B507ABF4-CC41-4D3F-B69B-7349BA67280E,Lithostratigraphic Column,LTHSTRTGRPHC_CLMN,DataCategory,Structured,BIM-core.DataCategory
B507ABF4-CC41-4D3F-B69B-7349BA67280E,Lithostratigraphic Column,LTHSTRTGRPHC_CLMN,DataConfidentiality,Internal,BIM-core.DataConfidentiality
B507ABF4-CC41-4D3F-B69B-7349BA67280E,Lithostratigraphic Column,LTHSTRTGRPHC_CLMN,DesignStatus,Approved,BIM-core.DesignStatus
B507ABF4-CC41-4D3F-B69B-7349BA67280E,Lithostratigraphic Column,LTHSTRTGRPHC_CLMN,EntityCategory,Master,BIM-core.EntityCategory
B507ABF4-CC41-4D3F-B69B-7349BA67280E,Lithostratigraphic Column,LTHSTRTGRPHC_CLMN,EntityPersonalData,No Personal Data,BIM-core.EntityPersonalData
B507ABF4-CC41-4D3F-B69B-7349BA67280E,Lithostratigraphic Column,LTHSTRTGRPHC_CLMN,FinancialPersonalData,No Financial Personal Data,BIM-core.FinancialPersonalData
B507ABF4-CC41-4D3F-B69B-7349BA67280E,Lithostratigraphic Column,LTHSTRTGRPHC_CLMN,SensitivePersonalData,No Sensitive Personal Data,BIM-core.SensitivePersonalData
B507ABF4-CC41-4D3F-B69B-7349BA67280E,Lithostratigraphic Column,LTHSTRTGRPHC_CLMN,DataArea,Geology/Petrophysics,BIM-core.DataArea
B507ABF4-CC41-4D3F-B69B-7349BA67280E,Lithostratigraphic Column,LTHSTRTGRPHC_CLMN,EnterpriseLevel,Yes,BIM-core.EnterpriseLevel
B507ABF4-CC41-4D3F-B69B-7349BA67280E,Lithostratigraphic Column,LTHSTRTGRPHC_CLMN,ExchangeId,{A656A224-9101-453B-AB7A-17A00731CB42},BIM-core.ExchangeId
A733E770-A842-411F-A11D-17C196E03FE9,License,LCNS,PD_ObjectID,A733E770-A842-411F-A11D-17C196E03FE9,
A733E770-A842-411F-A11D-17C196E03FE9,License,LCNS,PD_SourceExtraction,46603045,
A733E770-A842-411F-A11D-17C196E03FE9,License,LCNS,PD_SourceModel,SUBSURFACE AND WELLS,
A733E770-A842-411F-A11D-17C196E03FE9,License,LCNS,CSI,false,SHL_CDM_EntityPropertyExtension.CSI
A733E770-A842-411F-A11D-17C196E03FE9,License,LCNS,EntityUpdateDate,19/08/2021 Pass 3,SHL_CDM_EntityPropertyExtension.EntityUpdateDate
A733E770-A842-411F-A11D-17C196E03FE9,License,LCNS,MTED_EDaM_Business_Critical_Data,false,SHL_CDM_EntityPropertyExtension.MTED_EDaM_Business_Critical_Data
A733E770-A842-411F-A11D-17C196E03FE9,License,LCNS,MTED_Encryption_Required,false,SHL_CDM_EntityPropertyExtension.MTED_Encryption_Required
A733E770-A842-411F-A11D-17C196E03FE9,License,LCNS,PII,false,SHL_CDM_EntityPropertyExtension.PII
A733E770-A842-411F-A11D-17C196E03FE9,License,LCNS,Generation,true,SHL_CDM_EntityPropertyExtension.Generation
A733E770-A842-411F-A11D-17C196E03FE9,License,LCNS,MTED_EDaM_Design_Status,Approved,SHL_CDM_EntityPropertyExtension.MTED_EDaM_Design_Status
A733E770-A842-411F-A11D-17C196E03FE9,License,LCNS,MTED_Version_No,2021.2,SHL_CDM_EntityPropertyExtension.MTED_Version_No
A733E770-A842-411F-A11D-17C196E03FE9,License,LCNS,CommerciallySensitiveInformation,Commercially Sensitive Information,BIM-core.CommerciallySensitiveInformation
A733E770-A842-411F-A11D-17C196E03FE9,License,LCNS,Criticality,No Critical Data,BIM-core.Criticality
A733E770-A842-411F-A11D-17C196E03FE9,License,LCNS,DataCategory,Structured,BIM-core.DataCategory
A733E770-A842-411F-A11D-17C196E03FE9,License,LCNS,DataConfidentiality,Internal,BIM-core.DataConfidentiality
A733E770-A842-411F-A11D-17C196E03FE9,License,LCNS,DesignStatus,Approved,BIM-core.DesignStatus
A733E770-A842-411F-A11D-17C196E03FE9,License,LCNS,EntityCategory,Transaction,BIM-core.EntityCategory
A733E770-A842-411F-A11D-17C196E03FE9,License,LCNS,EntityPersonalData,No Personal Data,BIM-core.EntityPersonalData
A733E770-A842-411F-A11D-17C196E03FE9,License,LCNS,FinancialPersonalData,No Financial Personal Data,BIM-core.FinancialPersonalData
A733E770-A842-411F-A11D-17C196E03FE9,License,LCNS,SensitivePersonalData,No Sensitive Personal Data,BIM-core.SensitivePersonalData
A733E770-A842-411F-A11D-17C196E03FE9,License,LCNS,DataArea,Project Activity Study Lifecycle,BIM-core.DataArea
A733E770-A842-411F-A11D-17C196E03FE9,License,LCNS,EnterpriseLevel,Yes,BIM-core.EnterpriseLevel
A733E770-A842-411F-A11D-17C196E03FE9,License,LCNS,ExchangeId,{6B110571-6041-43AE-821F-14B2881F10E0},BIM-core.ExchangeId
F9360018-8512-4A56-B410-7821820FE858,Legal Hold,LGL_HLD,PD_ObjectID,F9360018-8512-4A56-B410-7821820FE858,
F9360018-8512-4A56-B410-7821820FE858,Legal Hold,LGL_HLD,PD_SourceExtraction,46603045,
F9360018-8512-4A56-B410-7821820FE858,Legal Hold,LGL_HLD,PD_SourceModel,SUBSURFACE AND WELLS,
F9360018-8512-4A56-B410-7821820FE858,Legal Hold,LGL_HLD,EntityUpdateDate,19/08/2021 Pass 3,SHL_CDM_EntityPropertyExtension.EntityUpdateDate
F9360018-8512-4A56-B410-7821820FE858,Legal Hold,LGL_HLD,CSI,true,SHL_CDM_EntityPropertyExtension.CSI
F9360018-8512-4A56-B410-7821820FE858,Legal Hold,LGL_HLD,MTED_Encryption_Required,false,SHL_CDM_EntityPropertyExtension.MTED_Encryption_Required
F9360018-8512-4A56-B410-7821820FE858,Legal Hold,LGL_HLD,PII,true,SHL_CDM_EntityPropertyExtension.PII
F9360018-8512-4A56-B410-7821820FE858,Legal Hold,LGL_HLD,MTED_EDaM_Entity_Critical_Data,H,SHL_CDM_EntityPropertyExtension.MTED_EDaM_Entity_Critical_Data
F9360018-8512-4A56-B410-7821820FE858,Legal Hold,LGL_HLD,MTED_EDaM_Entity_Data_Category,Transaction,SHL_CDM_EntityPropertyExtension.MTED_EDaM_Entity_Data_Category
F9360018-8512-4A56-B410-7821820FE858,Legal Hold,LGL_HLD,MTED_EDaM_Entity_Data_Privacy_Risk,Personal Sensitive Data Risk,SHL_CDM_EntityPropertyExtension.MTED_EDaM_Entity_Data_Privacy_Risk
F9360018-8512-4A56-B410-7821820FE858,Legal Hold,LGL_HLD,MTED_EDaM_Security_Classification,Most Confidential,SHL_CDM_EntityPropertyExtension.MTED_EDaM_Security_Classification
F9360018-8512-4A56-B410-7821820FE858,Legal Hold,LGL_HLD,CommerciallySensitiveInformation,No Commercially Sensitive Information,BIM-core.CommerciallySensitiveInformation
F9360018-8512-4A56-B410-7821820FE858,Legal Hold,LGL_HLD,Criticality,Critical Data,BIM-core.Criticality
F9360018-8512-4A56-B410-7821820FE858,Legal Hold,LGL_HLD,DataCategory,Structured,BIM-core.DataCategory
F9360018-8512-4A56-B410-7821820FE858,Legal Hold,LGL_HLD,DataConfidentiality,Internal,BIM-core.DataConfidentiality
F9360018-8512-4A56-B410-7821820FE858,Legal Hold,LGL_HLD,DesignStatus,Approved,BIM-core.DesignStatus
F9360018-8512-4A56-B410-7821820FE858,Legal Hold,LGL_HLD,EntityCategory,Transaction,BIM-core.EntityCategory
F9360018-8512-4A56-B410-7821820FE858,Legal Hold,LGL_HLD,EntityPersonalData,No Personal Data,BIM-core.EntityPersonalData
F9360018-8512-4A56-B410-7821820FE858,Legal Hold,LGL_HLD,FinancialPersonalData,No Financial Personal Data,BIM-core.FinancialPersonalData
F9360018-8512-4A56-B410-7821820FE858,Legal Hold,LGL_HLD,SensitivePersonalData,No Sensitive Personal Data,BIM-core.SensitivePersonalData
F9360018-8512-4A56-B410-7821820FE858,Legal Hold,LGL_HLD,DataArea,Matter,BIM-core.DataArea
F9360018-8512-4A56-B410-7821820FE858,Legal Hold,LGL_HLD,EnterpriseLevel,No,BIM-core.EnterpriseLevel
F9360018-8512-4A56-B410-7821820FE858,Legal Hold,LGL_HLD,ExchangeId,{9AC8AFE7-D17E-49E5-B50A-34271F80674D},BIM-core.ExchangeId
6A1415D9-B9B9-452A-9581-C0855E9CFF28,Language,LNGG,PD_ObjectID,6A1415D9-B9B9-452A-9581-C0855E9CFF28,
6A1415D9-B9B9-452A-9581-C0855E9CFF28,Language,LNGG,PD_SourceExtraction,46603045,
6A1415D9-B9B9-452A-9581-C0855E9CFF28,Language,LNGG,PD_SourceModel,SUBSURFACE AND WELLS,
6A1415D9-B9B9-452A-9581-C0855E9CFF28,Language,LNGG,MTED_EDaM_Entity_Data_Category,<unspecified>,SHL_CDM_EntityPropertyExtension.MTED_EDaM_Entity_Data_Category
6A1415D9-B9B9-452A-9581-C0855E9CFF28,Language,LNGG,MTED_EDaM_Data_Owner,,SHL_CDM_EntityPropertyExtension.MTED_EDaM_Data_Owner
6A1415D9-B9B9-452A-9581-C0855E9CFF28,Language,LNGG,MTED_EDaM_Entity_Critical_Data,F,SHL_CDM_EntityPropertyExtension.MTED_EDaM_Entity_Critical_Data
6A1415D9-B9B9-452A-9581-C0855E9CFF28,Language,LNGG,MTED_EDaM_Entity_Quality_Indication,<unspecified>,SHL_CDM_EntityPropertyExtension.MTED_EDaM_Entity_Quality_Indication
6A1415D9-B9B9-452A-9581-C0855E9CFF28,Language,LNGG,MTED_EDaM_Entity_Availability_Indication,<unspecified>,SHL_CDM_EntityPropertyExtension.MTED_EDaM_Entity_Availability_Indication
6A1415D9-B9B9-452A-9581-C0855E9CFF28,Language,LNGG,MTED_EDaM_Security_Classification,Unrestricted,SHL_CDM_EntityPropertyExtension.MTED_EDaM_Security_Classification
6A1415D9-B9B9-452A-9581-C0855E9CFF28,Language,LNGG,MTED_EDaM_Design_Status,,SHL_CDM_EntityPropertyExtension.MTED_EDaM_Design_Status
6A1415D9-B9B9-452A-9581-C0855E9CFF28,Language,LNGG,MTED_Version_No,,SHL_CDM_EntityPropertyExtension.MTED_Version_No
6A1415D9-B9B9-452A-9581-C0855E9CFF28,Language,LNGG,MTED_EDaM_Version_Date,,SHL_CDM_EntityPropertyExtension.MTED_EDaM_Version_Date
6A1415D9-B9B9-452A-9581-C0855E9CFF28,Language,LNGG,CSI,false,SHL_CDM_EntityPropertyExtension.CSI
6A1415D9-B9B9-452A-9581-C0855E9CFF28,Language,LNGG,MTED_Encryption_Required,false,SHL_CDM_EntityPropertyExtension.MTED_Encryption_Required
6A1415D9-B9B9-452A-9581-C0855E9CFF28,Language,LNGG,PII,false,SHL_CDM_EntityPropertyExtension.PII
6A1415D9-B9B9-452A-9581-C0855E9CFF28,Language,LNGG,EntityUpdateDate,19/08/2021 Pass 3,SHL_CDM_EntityPropertyExtension.EntityUpdateDate
6A1415D9-B9B9-452A-9581-C0855E9CFF28,Language,LNGG,Business_Conceptual_Data_Model_CommerciallySensitiveInformation,No Commercially Sensitive Information,Business Conceptual Data Model.CommerciallySensitiveInformation
6A1415D9-B9B9-452A-9581-C0855E9CFF28,Language,LNGG,Business_Conceptual_Data_Model_DataCategory,Structured,Business Conceptual Data Model.DataCategory
6A1415D9-B9B9-452A-9581-C0855E9CFF28,Language,LNGG,Business_Conceptual_Data_Model_DataConfidentiality,Un-restricted,Business Conceptual Data Model.DataConfidentiality
6A1415D9-B9B9-452A-9581-C0855E9CFF28,Language,LNGG,Business_Conceptual_Data_Model_DesignStatus,Approved,Business Conceptual Data Model.DesignStatus
6A1415D9-B9B9-452A-9581-C0855E9CFF28,Language,LNGG,Business_Conceptual_Data_Model_EntityCategory,External Reference,Business Conceptual Data Model.EntityCategory
6A1415D9-B9B9-452A-9581-C0855E9CFF28,Language,LNGG,Business_Conceptual_Data_Model_EntityPersonalData,No Personal Data,Business Conceptual Data Model.EntityPersonalData
6A1415D9-B9B9-452A-9581-C0855E9CFF28,Language,LNGG,Business_Conceptual_Data_Model_FinancialPersonalData,No Financial Personal Data,Business Conceptual Data Model.FinancialPersonalData
6A1415D9-B9B9-452A-9581-C0855E9CFF28,Language,LNGG,Business_Conceptual_Data_Model_SensitivePersonalData,No Sensitive Personal Data,Business Conceptual Data Model.SensitivePersonalData
6A1415D9-B9B9-452A-9581-C0855E9CFF28,Language,LNGG,Business_Conceptual_Data_Model_Criticality,No Critical Data,Business Conceptual Data Model.Criticality
6A1415D9-B9B9-452A-9581-C0855E9CFF28,Language,LNGG,BIM_CommerciallySensitiveInformation,No Commercially Sensitive Information,BIM.CommerciallySensitiveInformation
6A1415D9-B9B9-452A-9581-C0855E9CFF28,Language,LNGG,BIM_DataCategory,Structured,BIM.DataCategory
6A1415D9-B9B9-452A-9581-C0855E9CFF28,Language,LNGG,BIM_DataConfidentiality,Un-restricted,BIM.DataConfidentiality
6A1415D9-B9B9-452A-9581-C0855E9CFF28,Language,LNGG,BIM_DesignStatus,Approved,BIM.DesignStatus
6A1415D9-B9B9-452A-9581-C0855E9CFF28,Language,LNGG,BIM_EntityCategory,External Reference,BIM.EntityCategory
6A1415D9-B9B9-452A-9581-C0855E9CFF28,Language,LNGG,BIM_EntityPersonalData,No Personal Data,BIM.EntityPersonalData
6A1415D9-B9B9-452A-9581-C0855E9CFF28,Language,LNGG,BIM_FinancialPersonalData,No Financial Personal Data,BIM.FinancialPersonalData
6A1415D9-B9B9-452A-9581-C0855E9CFF28,Language,LNGG,BIM_SensitivePersonalData,No Sensitive Personal Data,BIM.SensitivePersonalData
6A1415D9-B9B9-452A-9581-C0855E9CFF28,Language,LNGG,CommerciallySensitiveInformation,No Commercially Sensitive Information,BIM-core.CommerciallySensitiveInformation
6A1415D9-B9B9-452A-9581-C0855E9CFF28,Language,LNGG,DataCategory,Structured,BIM-core.DataCategory
6A1415D9-B9B9-452A-9581-C0855E9CFF28,Language,LNGG,DataConfidentiality,Internal,BIM-core.DataConfidentiality
6A1415D9-B9B9-452A-9581-C0855E9CFF28,Language,LNGG,DesignStatus,Approved,BIM-core.DesignStatus
6A1415D9-B9B9-452A-9581-C0855E9CFF28,Language,LNGG,EntityCategory,External Reference,BIM-core.EntityCategory
6A1415D9-B9B9-452A-9581-C0855E9CFF28,Language,LNGG,EntityPersonalData,No Personal Data,BIM-core.EntityPersonalData
6A1415D9-B9B9-452A-9581-C0855E9CFF28,Language,LNGG,FinancialPersonalData,No Financial Personal Data,BIM-core.FinancialPersonalData
6A1415D9-B9B9-452A-9581-C0855E9CFF28,Language,LNGG,SensitivePersonalData,No Sensitive Personal Data,BIM-core.SensitivePersonalData
6A1415D9-B9B9-452A-9581-C0855E9CFF28,Language,LNGG,Criticality,No Critical Data,BIM-core.Criticality
6A1415D9-B9B9-452A-9581-C0855E9CFF28,Language,LNGG,DataArea,Core HR,BIM-core.DataArea
6A1415D9-B9B9-452A-9581-C0855E9CFF28,Language,LNGG,EnterpriseLevel,No,BIM-core.EnterpriseLevel
6A1415D9-B9B9-452A-9581-C0855E9CFF28,Language,LNGG,ExchangeId,{4061B58A-BA2C-456B-A0C2-0F3D412F921D},BIM-core.ExchangeId
C3C051D0-244C-4577-A6A0-E8A001144D5B,Jv Partner To Be Deleted,JV_PRTNR_T_B_DLTD,PD_ObjectID,C3C051D0-244C-4577-A6A0-E8A001144D5B,
C3C051D0-244C-4577-A6A0-E8A001144D5B,Jv Partner To Be Deleted,JV_PRTNR_T_B_DLTD,PD_SourceExtraction,46603045,
C3C051D0-244C-4577-A6A0-E8A001144D5B,Jv Partner To Be Deleted,JV_PRTNR_T_B_DLTD,PD_SourceModel,SUBSURFACE AND WELLS,
C3C051D0-244C-4577-A6A0-E8A001144D5B,Jv Partner To Be Deleted,JV_PRTNR_T_B_DLTD,CSI,false,SHL_CDM_EntityPropertyExtension.CSI
C3C051D0-244C-4577-A6A0-E8A001144D5B,Jv Partner To Be Deleted,JV_PRTNR_T_B_DLTD,EntityUpdateDate,19/08/2021 Pass 3,SHL_CDM_EntityPropertyExtension.EntityUpdateDate
C3C051D0-244C-4577-A6A0-E8A001144D5B,Jv Partner To Be Deleted,JV_PRTNR_T_B_DLTD,MTED_EDaM_Business_Critical_Data,false,SHL_CDM_EntityPropertyExtension.MTED_EDaM_Business_Critical_Data
C3C051D0-244C-4577-A6A0-E8A001144D5B,Jv Partner To Be Deleted,JV_PRTNR_T_B_DLTD,MTED_Encryption_Required,false,SHL_CDM_EntityPropertyExtension.MTED_Encryption_Required
C3C051D0-244C-4577-A6A0-E8A001144D5B,Jv Partner To Be Deleted,JV_PRTNR_T_B_DLTD,PII,false,SHL_CDM_EntityPropertyExtension.PII
C3C051D0-244C-4577-A6A0-E8A001144D5B,Jv Partner To Be Deleted,JV_PRTNR_T_B_DLTD,Generation,true,SHL_CDM_EntityPropertyExtension.Generation
C3C051D0-244C-4577-A6A0-E8A001144D5B,Jv Partner To Be Deleted,JV_PRTNR_T_B_DLTD,MTED_EDaM_Design_Status,Approved,SHL_CDM_EntityPropertyExtension.MTED_EDaM_Design_Status
C3C051D0-244C-4577-A6A0-E8A001144D5B,Jv Partner To Be Deleted,JV_PRTNR_T_B_DLTD,MTED_Version_No,2021.2,SHL_CDM_EntityPropertyExtension.MTED_Version_No
C3C051D0-244C-4577-A6A0-E8A001144D5B,Jv Partner To Be Deleted,JV_PRTNR_T_B_DLTD,Criticality,Critical Data,BIM-core.Criticality
C3C051D0-244C-4577-A6A0-E8A001144D5B,Jv Partner To Be Deleted,JV_PRTNR_T_B_DLTD,DataCategory,Structured,BIM-core.DataCategory
C3C051D0-244C-4577-A6A0-E8A001144D5B,Jv Partner To Be Deleted,JV_PRTNR_T_B_DLTD,DataConfidentiality,Internal,BIM-core.DataConfidentiality
C3C051D0-244C-4577-A6A0-E8A001144D5B,Jv Partner To Be Deleted,JV_PRTNR_T_B_DLTD,DesignStatus,Approved,BIM-core.DesignStatus
C3C051D0-244C-4577-A6A0-E8A001144D5B,Jv Partner To Be Deleted,JV_PRTNR_T_B_DLTD,EntityCategory,Master,BIM-core.EntityCategory
C3C051D0-244C-4577-A6A0-E8A001144D5B,Jv Partner To Be Deleted,JV_PRTNR_T_B_DLTD,EntityPersonalData,No Personal Data,BIM-core.EntityPersonalData
C3C051D0-244C-4577-A6A0-E8A001144D5B,Jv Partner To Be Deleted,JV_PRTNR_T_B_DLTD,FinancialPersonalData,No Financial Personal Data,BIM-core.FinancialPersonalData
C3C051D0-244C-4577-A6A0-E8A001144D5B,Jv Partner To Be Deleted,JV_PRTNR_T_B_DLTD,SensitivePersonalData,No Sensitive Personal Data,BIM-core.SensitivePersonalData
C3C051D0-244C-4577-A6A0-E8A001144D5B,Jv Partner To Be Deleted,JV_PRTNR_T_B_DLTD,DataArea,Joint Venture Accounting,BIM-core.DataArea
C3C051D0-244C-4577-A6A0-E8A001144D5B,Jv Partner To Be Deleted,JV_PRTNR_T_B_DLTD,EnterpriseLevel,No,BIM-core.EnterpriseLevel
C3C051D0-244C-4577-A6A0-E8A001144D5B,Jv Partner To Be Deleted,JV_PRTNR_T_B_DLTD,ExchangeId,{490ACAE2-6446-4236-842C-FE45E5F04924},BIM-core.ExchangeId
5BE28CB2-BB52-4BD0-85D4-96A38F6D0600,Item Type,ITM_TYP,PD_ObjectID,5BE28CB2-BB52-4BD0-85D4-96A38F6D0600,
5BE28CB2-BB52-4BD0-85D4-96A38F6D0600,Item Type,ITM_TYP,PD_SourceExtraction,46603045,
5BE28CB2-BB52-4BD0-85D4-96A38F6D0600,Item Type,ITM_TYP,PD_SourceModel,SUBSURFACE AND WELLS,
5BE28CB2-BB52-4BD0-85D4-96A38F6D0600,Item Type,ITM_TYP,MTED_EDaM_Entity_Data_Category,<unspecified>,SHL_CDM_EntityPropertyExtension.MTED_EDaM_Entity_Data_Category
5BE28CB2-BB52-4BD0-85D4-96A38F6D0600,Item Type,ITM_TYP,MTED_EDaM_Data_Owner,,SHL_CDM_EntityPropertyExtension.MTED_EDaM_Data_Owner
5BE28CB2-BB52-4BD0-85D4-96A38F6D0600,Item Type,ITM_TYP,MTED_EDaM_Entity_Critical_Data,<unspecified>,SHL_CDM_EntityPropertyExtension.MTED_EDaM_Entity_Critical_Data
5BE28CB2-BB52-4BD0-85D4-96A38F6D0600,Item Type,ITM_TYP,MTED_EDaM_Entity_Quality_Indication,<unspecified>,SHL_CDM_EntityPropertyExtension.MTED_EDaM_Entity_Quality_Indication
5BE28CB2-BB52-4BD0-85D4-96A38F6D0600,Item Type,ITM_TYP,MTED_EDaM_Entity_Availability_Indication,<unspecified>,SHL_CDM_EntityPropertyExtension.MTED_EDaM_Entity_Availability_Indication
5BE28CB2-BB52-4BD0-85D4-96A38F6D0600,Item Type,ITM_TYP,MTED_EDaM_Security_Classification,<unspecified>,SHL_CDM_EntityPropertyExtension.MTED_EDaM_Security_Classification
5BE28CB2-BB52-4BD0-85D4-96A38F6D0600,Item Type,ITM_TYP,MTED_EDaM_Design_Status,Approved,SHL_CDM_EntityPropertyExtension.MTED_EDaM_Design_Status
5BE28CB2-BB52-4BD0-85D4-96A38F6D0600,Item Type,ITM_TYP,MTED_Version_No,2021.2,SHL_CDM_EntityPropertyExtension.MTED_Version_No
5BE28CB2-BB52-4BD0-85D4-96A38F6D0600,Item Type,ITM_TYP,MTED_EDaM_Version_Date,,SHL_CDM_EntityPropertyExtension.MTED_EDaM_Version_Date
5BE28CB2-BB52-4BD0-85D4-96A38F6D0600,Item Type,ITM_TYP,CSI,false,SHL_CDM_EntityPropertyExtension.CSI
5BE28CB2-BB52-4BD0-85D4-96A38F6D0600,Item Type,ITM_TYP,MTED_EDaM_Business_Critical_Data,false,SHL_CDM_EntityPropertyExtension.MTED_EDaM_Business_Critical_Data
5BE28CB2-BB52-4BD0-85D4-96A38F6D0600,Item Type,ITM_TYP,MTED_Encryption_Required,false,SHL_CDM_EntityPropertyExtension.MTED_Encryption_Required
5BE28CB2-BB52-4BD0-85D4-96A38F6D0600,Item Type,ITM_TYP,PII,false,SHL_CDM_EntityPropertyExtension.PII
5BE28CB2-BB52-4BD0-85D4-96A38F6D0600,Item Type,ITM_TYP,EntityUpdateDate,19/08/2021 Pass 3,SHL_CDM_EntityPropertyExtension.EntityUpdateDate
5BE28CB2-BB52-4BD0-85D4-96A38F6D0600,Item Type,ITM_TYP,Generation,true,SHL_CDM_EntityPropertyExtension.Generation
5BE28CB2-BB52-4BD0-85D4-96A38F6D0600,Item Type,ITM_TYP,CommerciallySensitiveInformation,No Commercially Sensitive Information,BIM-core.CommerciallySensitiveInformation
5BE28CB2-BB52-4BD0-85D4-96A38F6D0600,Item Type,ITM_TYP,Criticality,No Critical Data,BIM-core.Criticality
5BE28CB2-BB52-4BD0-85D4-96A38F6D0600,Item Type,ITM_TYP,DataCategory,Structured,BIM-core.DataCategory
5BE28CB2-BB52-4BD0-85D4-96A38F6D0600,Item Type,ITM_TYP,DataConfidentiality,Internal,BIM-core.DataConfidentiality
5BE28CB2-BB52-4BD0-85D4-96A38F6D0600,Item Type,ITM_TYP,DesignStatus,Approved,BIM-core.DesignStatus
5BE28CB2-BB52-4BD0-85D4-96A38F6D0600,Item Type,ITM_TYP,EntityCategory,Master,BIM-core.EntityCategory
5BE28CB2-BB52-4BD0-85D4-96A38F6D0600,Item Type,ITM_TYP,EntityPersonalData,No Personal Data,BIM-core.EntityPersonalData
5BE28CB2-BB52-4BD0-85D4-96A38F6D0600,Item Type,ITM_TYP,FinancialPersonalData,No Financial Personal Data,BIM-core.FinancialPersonalData
5BE28CB2-BB52-4BD0-85D4-96A38F6D0600,Item Type,ITM_TYP,SensitivePersonalData,No Sensitive Personal Data,BIM-core.SensitivePersonalData
5BE28CB2-BB52-4BD0-85D4-96A38F6D0600,Item Type,ITM_TYP,DataArea,Purchased Material and Services,BIM-core.DataArea
5BE28CB2-BB52-4BD0-85D4-96A38F6D0600,Item Type,ITM_TYP,EnterpriseLevel,No,BIM-core.EnterpriseLevel
5BE28CB2-BB52-4BD0-85D4-96A38F6D0600,Item Type,ITM_TYP,ExchangeId,{6637FE6B-D024-4DF9-880D-5B9C52C63158},BIM-core.ExchangeId
F920E046-3F47-4C8B-B8B7-38F10A853332,Field,FLD,PD_ObjectID,F920E046-3F47-4C8B-B8B7-38F10A853332,
F920E046-3F47-4C8B-B8B7-38F10A853332,Field,FLD,PD_SourceExtraction,46603045,
F920E046-3F47-4C8B-B8B7-38F10A853332,Field,FLD,PD_SourceModel,SUBSURFACE AND WELLS,
F920E046-3F47-4C8B-B8B7-38F10A853332,Field,FLD,MTED_EDaM_Entity_Data_Category,Master,SHL_CDM_EntityPropertyExtension.MTED_EDaM_Entity_Data_Category
F920E046-3F47-4C8B-B8B7-38F10A853332,Field,FLD,MTED_EDaM_Data_Owner,,SHL_CDM_EntityPropertyExtension.MTED_EDaM_Data_Owner
F920E046-3F47-4C8B-B8B7-38F10A853332,Field,FLD,MTED_EDaM_Entity_Critical_Data,F,SHL_CDM_EntityPropertyExtension.MTED_EDaM_Entity_Critical_Data
F920E046-3F47-4C8B-B8B7-38F10A853332,Field,FLD,MTED_EDaM_Entity_Quality_Indication,<unspecified>,SHL_CDM_EntityPropertyExtension.MTED_EDaM_Entity_Quality_Indication
F920E046-3F47-4C8B-B8B7-38F10A853332,Field,FLD,MTED_EDaM_Entity_Availability_Indication,<unspecified>,SHL_CDM_EntityPropertyExtension.MTED_EDaM_Entity_Availability_Indication
F920E046-3F47-4C8B-B8B7-38F10A853332,Field,FLD,MTED_EDaM_Security_Classification,Confidential,SHL_CDM_EntityPropertyExtension.MTED_EDaM_Security_Classification
F920E046-3F47-4C8B-B8B7-38F10A853332,Field,FLD,MTED_EDaM_Design_Status,Approved,SHL_CDM_EntityPropertyExtension.MTED_EDaM_Design_Status
F920E046-3F47-4C8B-B8B7-38F10A853332,Field,FLD,MTED_Version_No,2021.2,SHL_CDM_EntityPropertyExtension.MTED_Version_No
F920E046-3F47-4C8B-B8B7-38F10A853332,Field,FLD,MTED_EDaM_Version_Date,,SHL_CDM_EntityPropertyExtension.MTED_EDaM_Version_Date
F920E046-3F47-4C8B-B8B7-38F10A853332,Field,FLD,CSI,false,SHL_CDM_EntityPropertyExtension.CSI
F920E046-3F47-4C8B-B8B7-38F10A853332,Field,FLD,MTED_EDaM_Business_Critical_Data,false,SHL_CDM_EntityPropertyExtension.MTED_EDaM_Business_Critical_Data
F920E046-3F47-4C8B-B8B7-38F10A853332,Field,FLD,MTED_Encryption_Required,false,SHL_CDM_EntityPropertyExtension.MTED_Encryption_Required
F920E046-3F47-4C8B-B8B7-38F10A853332,Field,FLD,PII,false,SHL_CDM_EntityPropertyExtension.PII
F920E046-3F47-4C8B-B8B7-38F10A853332,Field,FLD,EntityUpdateDate,19/08/2021 Pass 3,SHL_CDM_EntityPropertyExtension.EntityUpdateDate
F920E046-3F47-4C8B-B8B7-38F10A853332,Field,FLD,Generation,true,SHL_CDM_EntityPropertyExtension.Generation
F920E046-3F47-4C8B-B8B7-38F10A853332,Field,FLD,CommerciallySensitiveInformation,No Commercially Sensitive Information,BIM-core.CommerciallySensitiveInformation
F920E046-3F47-4C8B-B8B7-38F10A853332,Field,FLD,Criticality,No Critical Data,BIM-core.Criticality
F920E046-3F47-4C8B-B8B7-38F10A853332,Field,FLD,DataCategory,Structured,BIM-core.DataCategory
F920E046-3F47-4C8B-B8B7-38F10A853332,Field,FLD,DataConfidentiality,Internal,BIM-core.DataConfidentiality
F920E046-3F47-4C8B-B8B7-38F10A853332,Field,FLD,DesignStatus,Approved,BIM-core.DesignStatus
F920E046-3F47-4C8B-B8B7-38F10A853332,Field,FLD,EntityCategory,Master,BIM-core.EntityCategory
F920E046-3F47-4C8B-B8B7-38F10A853332,Field,FLD,EntityPersonalData,No Personal Data,BIM-core.EntityPersonalData
F920E046-3F47-4C8B-B8B7-38F10A853332,Field,FLD,FinancialPersonalData,No Financial Personal Data,BIM-core.FinancialPersonalData
F920E046-3F47-4C8B-B8B7-38F10A853332,Field,FLD,SensitivePersonalData,No Sensitive Personal Data,BIM-core.SensitivePersonalData
F920E046-3F47-4C8B-B8B7-38F10A853332,Field,FLD,DataArea,Geology/Petrophysics,BIM-core.DataArea
F920E046-3F47-4C8B-B8B7-38F10A853332,Field,FLD,EnterpriseLevel,Yes,BIM-core.EnterpriseLevel
F920E046-3F47-4C8B-B8B7-38F10A853332,Field,FLD,ExchangeId,{D4785324-AE70-4E81-A248-060617BDBF84},BIM-core.ExchangeId
70BB4042-D4F7-42EF-8D90-076D1DF6C23F,Field Development Document,FLD_DVLPMNT_DCMNT,PD_ObjectID,70BB4042-D4F7-42EF-8D90-076D1DF6C23F,
70BB4042-D4F7-42EF-8D90-076D1DF6C23F,Field Development Document,FLD_DVLPMNT_DCMNT,PD_SourceExtraction,46603045,
70BB4042-D4F7-42EF-8D90-076D1DF6C23F,Field Development Document,FLD_DVLPMNT_DCMNT,PD_SourceModel,SUBSURFACE AND WELLS,
70BB4042-D4F7-42EF-8D90-076D1DF6C23F,Field Development Document,FLD_DVLPMNT_DCMNT,CSI,false,SHL_CDM_EntityPropertyExtension.CSI
70BB4042-D4F7-42EF-8D90-076D1DF6C23F,Field Development Document,FLD_DVLPMNT_DCMNT,EntityUpdateDate,19/08/2021 Pass 3,SHL_CDM_EntityPropertyExtension.EntityUpdateDate
70BB4042-D4F7-42EF-8D90-076D1DF6C23F,Field Development Document,FLD_DVLPMNT_DCMNT,MTED_EDaM_Business_Critical_Data,false,SHL_CDM_EntityPropertyExtension.MTED_EDaM_Business_Critical_Data
70BB4042-D4F7-42EF-8D90-076D1DF6C23F,Field Development Document,FLD_DVLPMNT_DCMNT,MTED_Encryption_Required,false,SHL_CDM_EntityPropertyExtension.MTED_Encryption_Required
70BB4042-D4F7-42EF-8D90-076D1DF6C23F,Field Development Document,FLD_DVLPMNT_DCMNT,PII,false,SHL_CDM_EntityPropertyExtension.PII
70BB4042-D4F7-42EF-8D90-076D1DF6C23F,Field Development Document,FLD_DVLPMNT_DCMNT,Generation,true,SHL_CDM_EntityPropertyExtension.Generation
70BB4042-D4F7-42EF-8D90-076D1DF6C23F,Field Development Document,FLD_DVLPMNT_DCMNT,MTED_EDaM_Design_Status,Approved,SHL_CDM_EntityPropertyExtension.MTED_EDaM_Design_Status
70BB4042-D4F7-42EF-8D90-076D1DF6C23F,Field Development Document,FLD_DVLPMNT_DCMNT,MTED_Version_No,2021.2,SHL_CDM_EntityPropertyExtension.MTED_Version_No
70BB4042-D4F7-42EF-8D90-076D1DF6C23F,Field Development Document,FLD_DVLPMNT_DCMNT,CommerciallySensitiveInformation,Commercially Sensitive Information,BIM-core.CommerciallySensitiveInformation
70BB4042-D4F7-42EF-8D90-076D1DF6C23F,Field Development Document,FLD_DVLPMNT_DCMNT,Criticality,No Critical Data,BIM-core.Criticality
70BB4042-D4F7-42EF-8D90-076D1DF6C23F,Field Development Document,FLD_DVLPMNT_DCMNT,DataCategory,Unstructured,BIM-core.DataCategory
70BB4042-D4F7-42EF-8D90-076D1DF6C23F,Field Development Document,FLD_DVLPMNT_DCMNT,DataConfidentiality,Internal,BIM-core.DataConfidentiality
70BB4042-D4F7-42EF-8D90-076D1DF6C23F,Field Development Document,FLD_DVLPMNT_DCMNT,DesignStatus,Approved,BIM-core.DesignStatus
70BB4042-D4F7-42EF-8D90-076D1DF6C23F,Field Development Document,FLD_DVLPMNT_DCMNT,EntityCategory,Transaction,BIM-core.EntityCategory
70BB4042-D4F7-42EF-8D90-076D1DF6C23F,Field Development Document,FLD_DVLPMNT_DCMNT,EntityPersonalData,No Personal Data,BIM-core.EntityPersonalData
70BB4042-D4F7-42EF-8D90-076D1DF6C23F,Field Development Document,FLD_DVLPMNT_DCMNT,FinancialPersonalData,No Financial Personal Data,BIM-core.FinancialPersonalData
70BB4042-D4F7-42EF-8D90-076D1DF6C23F,Field Development Document,FLD_DVLPMNT_DCMNT,SensitivePersonalData,No Sensitive Personal Data,BIM-core.SensitivePersonalData
70BB4042-D4F7-42EF-8D90-076D1DF6C23F,Field Development Document,FLD_DVLPMNT_DCMNT,DataArea,Project Activity Study Lifecycle,BIM-core.DataArea
70BB4042-D4F7-42EF-8D90-076D1DF6C23F,Field Development Document,FLD_DVLPMNT_DCMNT,EnterpriseLevel,Yes,BIM-core.EnterpriseLevel
70BB4042-D4F7-42EF-8D90-076D1DF6C23F,Field Development Document,FLD_DVLPMNT_DCMNT,ExchangeId,{258D62B6-E589-42BA-8B4A-2CFB56551E71},BIM-core.ExchangeId
47D32FF0-D7C7-4E4D-92F6-8E1F4A8B1977,Field Development Opportunity,FLD_DVLPMNT_OPPRTNTY,PD_ObjectID,47D32FF0-D7C7-4E4D-92F6-8E1F4A8B1977,
47D32FF0-D7C7-4E4D-92F6-8E1F4A8B1977,Field Development Opportunity,FLD_DVLPMNT_OPPRTNTY,PD_SourceExtraction,46603045,
47D32FF0-D7C7-4E4D-92F6-8E1F4A8B1977,Field Development Opportunity,FLD_DVLPMNT_OPPRTNTY,PD_SourceModel,SUBSURFACE AND WELLS,
47D32FF0-D7C7-4E4D-92F6-8E1F4A8B1977,Field Development Opportunity,FLD_DVLPMNT_OPPRTNTY,CSI,false,SHL_CDM_EntityPropertyExtension.CSI
47D32FF0-D7C7-4E4D-92F6-8E1F4A8B1977,Field Development Opportunity,FLD_DVLPMNT_OPPRTNTY,EntityUpdateDate,19/08/2021 Pass 3,SHL_CDM_EntityPropertyExtension.EntityUpdateDate
47D32FF0-D7C7-4E4D-92F6-8E1F4A8B1977,Field Development Opportunity,FLD_DVLPMNT_OPPRTNTY,MTED_EDaM_Business_Critical_Data,false,SHL_CDM_EntityPropertyExtension.MTED_EDaM_Business_Critical_Data
47D32FF0-D7C7-4E4D-92F6-8E1F4A8B1977,Field Development Opportunity,FLD_DVLPMNT_OPPRTNTY,MTED_Encryption_Required,false,SHL_CDM_EntityPropertyExtension.MTED_Encryption_Required
47D32FF0-D7C7-4E4D-92F6-8E1F4A8B1977,Field Development Opportunity,FLD_DVLPMNT_OPPRTNTY,PII,false,SHL_CDM_EntityPropertyExtension.PII
47D32FF0-D7C7-4E4D-92F6-8E1F4A8B1977,Field Development Opportunity,FLD_DVLPMNT_OPPRTNTY,Generation,true,SHL_CDM_EntityPropertyExtension.Generation
47D32FF0-D7C7-4E4D-92F6-8E1F4A8B1977,Field Development Opportunity,FLD_DVLPMNT_OPPRTNTY,MTED_EDaM_Design_Status,Approved,SHL_CDM_EntityPropertyExtension.MTED_EDaM_Design_Status
47D32FF0-D7C7-4E4D-92F6-8E1F4A8B1977,Field Development Opportunity,FLD_DVLPMNT_OPPRTNTY,MTED_Version_No,2021.2,SHL_CDM_EntityPropertyExtension.MTED_Version_No
47D32FF0-D7C7-4E4D-92F6-8E1F4A8B1977,Field Development Opportunity,FLD_DVLPMNT_OPPRTNTY,CommerciallySensitiveInformation,Commercially Sensitive Information,BIM-core.CommerciallySensitiveInformation
47D32FF0-D7C7-4E4D-92F6-8E1F4A8B1977,Field Development Opportunity,FLD_DVLPMNT_OPPRTNTY,Criticality,No Critical Data,BIM-core.Criticality
47D32FF0-D7C7-4E4D-92F6-8E1F4A8B1977,Field Development Opportunity,FLD_DVLPMNT_OPPRTNTY,DataCategory,Structured,BIM-core.DataCategory
47D32FF0-D7C7-4E4D-92F6-8E1F4A8B1977,Field Development Opportunity,FLD_DVLPMNT_OPPRTNTY,DataConfidentiality,Internal,BIM-core.DataConfidentiality
47D32FF0-D7C7-4E4D-92F6-8E1F4A8B1977,Field Development Opportunity,FLD_DVLPMNT_OPPRTNTY,DesignStatus,Approved,BIM-core.DesignStatus
47D32FF0-D7C7-4E4D-92F6-8E1F4A8B1977,Field Development Opportunity,FLD_DVLPMNT_OPPRTNTY,EntityCategory,Transaction,BIM-core.EntityCategory
47D32FF0-D7C7-4E4D-92F6-8E1F4A8B1977,Field Development Opportunity,FLD_DVLPMNT_OPPRTNTY,EntityPersonalData,No Personal Data,BIM-core.EntityPersonalData
47D32FF0-D7C7-4E4D-92F6-8E1F4A8B1977,Field Development Opportunity,FLD_DVLPMNT_OPPRTNTY,FinancialPersonalData,No Financial Personal Data,BIM-core.FinancialPersonalData
47D32FF0-D7C7-4E4D-92F6-8E1F4A8B1977,Field Development Opportunity,FLD_DVLPMNT_OPPRTNTY,SensitivePersonalData,No Sensitive Personal Data,BIM-core.SensitivePersonalData
47D32FF0-D7C7-4E4D-92F6-8E1F4A8B1977,Field Development Opportunity,FLD_DVLPMNT_OPPRTNTY,DataArea,Project Activity Study Lifecycle,BIM-core.DataArea
47D32FF0-D7C7-4E4D-92F6-8E1F4A8B1977,Field Development Opportunity,FLD_DVLPMNT_OPPRTNTY,EnterpriseLevel,Yes,BIM-core.EnterpriseLevel
47D32FF0-D7C7-4E4D-92F6-8E1F4A8B1977,Field Development Opportunity,FLD_DVLPMNT_OPPRTNTY,ExchangeId,{A4CE914A-8886-4CD0-902A-C064AED42325},BIM-core.ExchangeId
DA290890-2845-46F9-A245-6E891D1ADFC9,Field Development Plan,FLD_DVLPMNT_PLN,PD_ObjectID,DA290890-2845-46F9-A245-6E891D1ADFC9,
DA290890-2845-46F9-A245-6E891D1ADFC9,Field Development Plan,FLD_DVLPMNT_PLN,PD_SourceExtraction,46603045,
DA290890-2845-46F9-A245-6E891D1ADFC9,Field Development Plan,FLD_DVLPMNT_PLN,PD_SourceModel,SUBSURFACE AND WELLS,
DA290890-2845-46F9-A245-6E891D1ADFC9,Field Development Plan,FLD_DVLPMNT_PLN,CSI,false,SHL_CDM_EntityPropertyExtension.CSI
DA290890-2845-46F9-A245-6E891D1ADFC9,Field Development Plan,FLD_DVLPMNT_PLN,EntityUpdateDate,19/08/2021 Pass 3,SHL_CDM_EntityPropertyExtension.EntityUpdateDate
DA290890-2845-46F9-A245-6E891D1ADFC9,Field Development Plan,FLD_DVLPMNT_PLN,MTED_EDaM_Business_Critical_Data,false,SHL_CDM_EntityPropertyExtension.MTED_EDaM_Business_Critical_Data
DA290890-2845-46F9-A245-6E891D1ADFC9,Field Development Plan,FLD_DVLPMNT_PLN,MTED_Encryption_Required,false,SHL_CDM_EntityPropertyExtension.MTED_Encryption_Required
DA290890-2845-46F9-A245-6E891D1ADFC9,Field Development Plan,FLD_DVLPMNT_PLN,PII,false,SHL_CDM_EntityPropertyExtension.PII
DA290890-2845-46F9-A245-6E891D1ADFC9,Field Development Plan,FLD_DVLPMNT_PLN,Generation,true,SHL_CDM_EntityPropertyExtension.Generation
DA290890-2845-46F9-A245-6E891D1ADFC9,Field Development Plan,FLD_DVLPMNT_PLN,MTED_EDaM_Design_Status,Approved,SHL_CDM_EntityPropertyExtension.MTED_EDaM_Design_Status
DA290890-2845-46F9-A245-6E891D1ADFC9,Field Development Plan,FLD_DVLPMNT_PLN,MTED_Version_No,2021.2,SHL_CDM_EntityPropertyExtension.MTED_Version_No
DA290890-2845-46F9-A245-6E891D1ADFC9,Field Development Plan,FLD_DVLPMNT_PLN,CommerciallySensitiveInformation,Commercially Sensitive Information,BIM-core.CommerciallySensitiveInformation
DA290890-2845-46F9-A245-6E891D1ADFC9,Field Development Plan,FLD_DVLPMNT_PLN,Criticality,No Critical Data,BIM-core.Criticality
DA290890-2845-46F9-A245-6E891D1ADFC9,Field Development Plan,FLD_DVLPMNT_PLN,DataCategory,Unstructured,BIM-core.DataCategory
DA290890-2845-46F9-A245-6E891D1ADFC9,Field Development Plan,FLD_DVLPMNT_PLN,DataConfidentiality,Internal,BIM-core.DataConfidentiality
DA290890-2845-46F9-A245-6E891D1ADFC9,Field Development Plan,FLD_DVLPMNT_PLN,DesignStatus,Approved,BIM-core.DesignStatus
DA290890-2845-46F9-A245-6E891D1ADFC9,Field Development Plan,FLD_DVLPMNT_PLN,EntityCategory,Transaction,BIM-core.EntityCategory
DA290890-2845-46F9-A245-6E891D1ADFC9,Field Development Plan,FLD_DVLPMNT_PLN,EntityPersonalData,No Personal Data,BIM-core.EntityPersonalData
DA290890-2845-46F9-A245-6E891D1ADFC9,Field Development Plan,FLD_DVLPMNT_PLN,FinancialPersonalData,No Financial Personal Data,BIM-core.FinancialPersonalData
DA290890-2845-46F9-A245-6E891D1ADFC9,Field Development Plan,FLD_DVLPMNT_PLN,SensitivePersonalData,No Sensitive Personal Data,BIM-core.SensitivePersonalData
DA290890-2845-46F9-A245-6E891D1ADFC9,Field Development Plan,FLD_DVLPMNT_PLN,DataArea,Project Activity Study Lifecycle,BIM-core.DataArea
DA290890-2845-46F9-A245-6E891D1ADFC9,Field Development Plan,FLD_DVLPMNT_PLN,EnterpriseLevel,Yes,BIM-core.EnterpriseLevel
DA290890-2845-46F9-A245-6E891D1ADFC9,Field Development Plan,FLD_DVLPMNT_PLN,ExchangeId,{6E5F8F21-CBE3-4762-AAA0-2FBEBF2AFF96},BIM-core.ExchangeId
495385A4-6C1F-404F-832E-169D067156AB,Field Development Project,FLD_DVLPMNT_PRJCT,PD_ObjectID,495385A4-6C1F-404F-832E-169D067156AB,
495385A4-6C1F-404F-832E-169D067156AB,Field Development Project,FLD_DVLPMNT_PRJCT,PD_SourceExtraction,46603045,
495385A4-6C1F-404F-832E-169D067156AB,Field Development Project,FLD_DVLPMNT_PRJCT,PD_SourceModel,SUBSURFACE AND WELLS,
495385A4-6C1F-404F-832E-169D067156AB,Field Development Project,FLD_DVLPMNT_PRJCT,CSI,false,SHL_CDM_EntityPropertyExtension.CSI
495385A4-6C1F-404F-832E-169D067156AB,Field Development Project,FLD_DVLPMNT_PRJCT,EntityUpdateDate,19/08/2021 Pass 3,SHL_CDM_EntityPropertyExtension.EntityUpdateDate
495385A4-6C1F-404F-832E-169D067156AB,Field Development Project,FLD_DVLPMNT_PRJCT,MTED_EDaM_Business_Critical_Data,false,SHL_CDM_EntityPropertyExtension.MTED_EDaM_Business_Critical_Data
495385A4-6C1F-404F-832E-169D067156AB,Field Development Project,FLD_DVLPMNT_PRJCT,MTED_Encryption_Required,false,SHL_CDM_EntityPropertyExtension.MTED_Encryption_Required
495385A4-6C1F-404F-832E-169D067156AB,Field Development Project,FLD_DVLPMNT_PRJCT,PII,false,SHL_CDM_EntityPropertyExtension.PII
495385A4-6C1F-404F-832E-169D067156AB,Field Development Project,FLD_DVLPMNT_PRJCT,Generation,true,SHL_CDM_EntityPropertyExtension.Generation
495385A4-6C1F-404F-832E-169D067156AB,Field Development Project,FLD_DVLPMNT_PRJCT,MTED_EDaM_Design_Status,Approved,SHL_CDM_EntityPropertyExtension.MTED_EDaM_Design_Status
495385A4-6C1F-404F-832E-169D067156AB,Field Development Project,FLD_DVLPMNT_PRJCT,MTED_Version_No,2021.2,SHL_CDM_EntityPropertyExtension.MTED_Version_No
495385A4-6C1F-404F-832E-169D067156AB,Field Development Project,FLD_DVLPMNT_PRJCT,CommerciallySensitiveInformation,Commercially Sensitive Information,BIM-core.CommerciallySensitiveInformation
495385A4-6C1F-404F-832E-169D067156AB,Field Development Project,FLD_DVLPMNT_PRJCT,Criticality,No Critical Data,BIM-core.Criticality
495385A4-6C1F-404F-832E-169D067156AB,Field Development Project,FLD_DVLPMNT_PRJCT,DataCategory,Structured,BIM-core.DataCategory
495385A4-6C1F-404F-832E-169D067156AB,Field Development Project,FLD_DVLPMNT_PRJCT,DataConfidentiality,Internal,BIM-core.DataConfidentiality
495385A4-6C1F-404F-832E-169D067156AB,Field Development Project,FLD_DVLPMNT_PRJCT,DesignStatus,Approved,BIM-core.DesignStatus
495385A4-6C1F-404F-832E-169D067156AB,Field Development Project,FLD_DVLPMNT_PRJCT,EntityCategory,Master,BIM-core.EntityCategory
495385A4-6C1F-404F-832E-169D067156AB,Field Development Project,FLD_DVLPMNT_PRJCT,EntityPersonalData,No Personal Data,BIM-core.EntityPersonalData
495385A4-6C1F-404F-832E-169D067156AB,Field Development Project,FLD_DVLPMNT_PRJCT,FinancialPersonalData,No Financial Personal Data,BIM-core.FinancialPersonalData
495385A4-6C1F-404F-832E-169D067156AB,Field Development Project,FLD_DVLPMNT_PRJCT,SensitivePersonalData,No Sensitive Personal Data,BIM-core.SensitivePersonalData
495385A4-6C1F-404F-832E-169D067156AB,Field Development Project,FLD_DVLPMNT_PRJCT,DataArea,Project Activity Study Lifecycle,BIM-core.DataArea
495385A4-6C1F-404F-832E-169D067156AB,Field Development Project,FLD_DVLPMNT_PRJCT,EnterpriseLevel,Yes,BIM-core.EnterpriseLevel
495385A4-6C1F-404F-832E-169D067156AB,Field Development Project,FLD_DVLPMNT_PRJCT,ExchangeId,{DDF9430A-25A5-49F7-8748-70D16D3505F7},BIM-core.ExchangeId
196F2CF5-F0EA-4FDB-9B72-72D8AC9FAFB2,Field Development Project Schedule,FLD_DVLPMNT_PRJCT_SCHDL,PD_ObjectID,196F2CF5-F0EA-4FDB-9B72-72D8AC9FAFB2,
196F2CF5-F0EA-4FDB-9B72-72D8AC9FAFB2,Field Development Project Schedule,FLD_DVLPMNT_PRJCT_SCHDL,PD_SourceExtraction,46603045,
196F2CF5-F0EA-4FDB-9B72-72D8AC9FAFB2,Field Development Project Schedule,FLD_DVLPMNT_PRJCT_SCHDL,PD_SourceModel,SUBSURFACE AND WELLS,
196F2CF5-F0EA-4FDB-9B72-72D8AC9FAFB2,Field Development Project Schedule,FLD_DVLPMNT_PRJCT_SCHDL,CSI,false,SHL_CDM_EntityPropertyExtension.CSI
196F2CF5-F0EA-4FDB-9B72-72D8AC9FAFB2,Field Development Project Schedule,FLD_DVLPMNT_PRJCT_SCHDL,EntityUpdateDate,19/08/2021 Pass 3,SHL_CDM_EntityPropertyExtension.EntityUpdateDate
196F2CF5-F0EA-4FDB-9B72-72D8AC9FAFB2,Field Development Project Schedule,FLD_DVLPMNT_PRJCT_SCHDL,MTED_EDaM_Business_Critical_Data,false,SHL_CDM_EntityPropertyExtension.MTED_EDaM_Business_Critical_Data
196F2CF5-F0EA-4FDB-9B72-72D8AC9FAFB2,Field Development Project Schedule,FLD_DVLPMNT_PRJCT_SCHDL,MTED_Encryption_Required,false,SHL_CDM_EntityPropertyExtension.MTED_Encryption_Required
196F2CF5-F0EA-4FDB-9B72-72D8AC9FAFB2,Field Development Project Schedule,FLD_DVLPMNT_PRJCT_SCHDL,PII,false,SHL_CDM_EntityPropertyExtension.PII
196F2CF5-F0EA-4FDB-9B72-72D8AC9FAFB2,Field Development Project Schedule,FLD_DVLPMNT_PRJCT_SCHDL,Generation,true,SHL_CDM_EntityPropertyExtension.Generation
196F2CF5-F0EA-4FDB-9B72-72D8AC9FAFB2,Field Development Project Schedule,FLD_DVLPMNT_PRJCT_SCHDL,MTED_EDaM_Design_Status,Approved,SHL_CDM_EntityPropertyExtension.MTED_EDaM_Design_Status
196F2CF5-F0EA-4FDB-9B72-72D8AC9FAFB2,Field Development Project Schedule,FLD_DVLPMNT_PRJCT_SCHDL,MTED_Version_No,2021.2,SHL_CDM_EntityPropertyExtension.MTED_Version_No
196F2CF5-F0EA-4FDB-9B72-72D8AC9FAFB2,Field Development Project Schedule,FLD_DVLPMNT_PRJCT_SCHDL,CommerciallySensitiveInformation,Commercially Sensitive Information,BIM-core.CommerciallySensitiveInformation
196F2CF5-F0EA-4FDB-9B72-72D8AC9FAFB2,Field Development Project Schedule,FLD_DVLPMNT_PRJCT_SCHDL,Criticality,No Critical Data,BIM-core.Criticality
196F2CF5-F0EA-4FDB-9B72-72D8AC9FAFB2,Field Development Project Schedule,FLD_DVLPMNT_PRJCT_SCHDL,DataCategory,Structured,BIM-core.DataCategory
196F2CF5-F0EA-4FDB-9B72-72D8AC9FAFB2,Field Development Project Schedule,FLD_DVLPMNT_PRJCT_SCHDL,DataConfidentiality,Internal,BIM-core.DataConfidentiality
196F2CF5-F0EA-4FDB-9B72-72D8AC9FAFB2,Field Development Project Schedule,FLD_DVLPMNT_PRJCT_SCHDL,DesignStatus,Approved,BIM-core.DesignStatus
196F2CF5-F0EA-4FDB-9B72-72D8AC9FAFB2,Field Development Project Schedule,FLD_DVLPMNT_PRJCT_SCHDL,EntityCategory,Transaction,BIM-core.EntityCategory
196F2CF5-F0EA-4FDB-9B72-72D8AC9FAFB2,Field Development Project Schedule,FLD_DVLPMNT_PRJCT_SCHDL,EntityPersonalData,No Personal Data,BIM-core.EntityPersonalData
196F2CF5-F0EA-4FDB-9B72-72D8AC9FAFB2,Field Development Project Schedule,FLD_DVLPMNT_PRJCT_SCHDL,FinancialPersonalData,No Financial Personal Data,BIM-core.FinancialPersonalData
196F2CF5-F0EA-4FDB-9B72-72D8AC9FAFB2,Field Development Project Schedule,FLD_DVLPMNT_PRJCT_SCHDL,SensitivePersonalData,No Sensitive Personal Data,BIM-core.SensitivePersonalData
196F2CF5-F0EA-4FDB-9B72-72D8AC9FAFB2,Field Development Project Schedule,FLD_DVLPMNT_PRJCT_SCHDL,DataArea,Project Activity Study Lifecycle,BIM-core.DataArea
196F2CF5-F0EA-4FDB-9B72-72D8AC9FAFB2,Field Development Project Schedule,FLD_DVLPMNT_PRJCT_SCHDL,EnterpriseLevel,Yes,BIM-core.EnterpriseLevel
196F2CF5-F0EA-4FDB-9B72-72D8AC9FAFB2,Field Development Project Schedule,FLD_DVLPMNT_PRJCT_SCHDL,ExchangeId,{472AB4F8-A9AE-440E-99F4-6ED7AC8648DF},BIM-core.ExchangeId
2E7F6245-7FAF-4369-8D64-E171E26792C0,Field Development Scenario,FLD_DVLPMNT_SCNR,PD_ObjectID,2E7F6245-7FAF-4369-8D64-E171E26792C0,
2E7F6245-7FAF-4369-8D64-E171E26792C0,Field Development Scenario,FLD_DVLPMNT_SCNR,PD_SourceExtraction,46603045,
2E7F6245-7FAF-4369-8D64-E171E26792C0,Field Development Scenario,FLD_DVLPMNT_SCNR,PD_SourceModel,SUBSURFACE AND WELLS,
2E7F6245-7FAF-4369-8D64-E171E26792C0,Field Development Scenario,FLD_DVLPMNT_SCNR,CSI,false,SHL_CDM_EntityPropertyExtension.CSI
2E7F6245-7FAF-4369-8D64-E171E26792C0,Field Development Scenario,FLD_DVLPMNT_SCNR,MTED_EDaM_Business_Critical_Data,false,SHL_CDM_EntityPropertyExtension.MTED_EDaM_Business_Critical_Data
2E7F6245-7FAF-4369-8D64-E171E26792C0,Field Development Scenario,FLD_DVLPMNT_SCNR,MTED_Encryption_Required,false,SHL_CDM_EntityPropertyExtension.MTED_Encryption_Required
2E7F6245-7FAF-4369-8D64-E171E26792C0,Field Development Scenario,FLD_DVLPMNT_SCNR,PII,false,SHL_CDM_EntityPropertyExtension.PII
2E7F6245-7FAF-4369-8D64-E171E26792C0,Field Development Scenario,FLD_DVLPMNT_SCNR,EntityUpdateDate,19/08/2021 Pass 3,SHL_CDM_EntityPropertyExtension.EntityUpdateDate
2E7F6245-7FAF-4369-8D64-E171E26792C0,Field Development Scenario,FLD_DVLPMNT_SCNR,MTED_EDaM_Design_Status,Approved,SHL_CDM_EntityPropertyExtension.MTED_EDaM_Design_Status
2E7F6245-7FAF-4369-8D64-E171E26792C0,Field Development Scenario,FLD_DVLPMNT_SCNR,MTED_Version_No,2021.2,SHL_CDM_EntityPropertyExtension.MTED_Version_No
2E7F6245-7FAF-4369-8D64-E171E26792C0,Field Development Scenario,FLD_DVLPMNT_SCNR,Generation,true,SHL_CDM_EntityPropertyExtension.Generation
2E7F6245-7FAF-4369-8D64-E171E26792C0,Field Development Scenario,FLD_DVLPMNT_SCNR,CommerciallySensitiveInformation,Commercially Sensitive Information,BIM-core.CommerciallySensitiveInformation
2E7F6245-7FAF-4369-8D64-E171E26792C0,Field Development Scenario,FLD_DVLPMNT_SCNR,Criticality,No Critical Data,BIM-core.Criticality
2E7F6245-7FAF-4369-8D64-E171E26792C0,Field Development Scenario,FLD_DVLPMNT_SCNR,DataCategory,Structured,BIM-core.DataCategory
2E7F6245-7FAF-4369-8D64-E171E26792C0,Field Development Scenario,FLD_DVLPMNT_SCNR,DataConfidentiality,Internal,BIM-core.DataConfidentiality
2E7F6245-7FAF-4369-8D64-E171E26792C0,Field Development Scenario,FLD_DVLPMNT_SCNR,DesignStatus,Approved,BIM-core.DesignStatus
2E7F6245-7FAF-4369-8D64-E171E26792C0,Field Development Scenario,FLD_DVLPMNT_SCNR,EntityCategory,Transaction,BIM-core.EntityCategory
2E7F6245-7FAF-4369-8D64-E171E26792C0,Field Development Scenario,FLD_DVLPMNT_SCNR,EntityPersonalData,No Personal Data,BIM-core.EntityPersonalData
2E7F6245-7FAF-4369-8D64-E171E26792C0,Field Development Scenario,FLD_DVLPMNT_SCNR,FinancialPersonalData,No Financial Personal Data,BIM-core.FinancialPersonalData
2E7F6245-7FAF-4369-8D64-E171E26792C0,Field Development Scenario,FLD_DVLPMNT_SCNR,SensitivePersonalData,No Sensitive Personal Data,BIM-core.SensitivePersonalData
2E7F6245-7FAF-4369-8D64-E171E26792C0,Field Development Scenario,FLD_DVLPMNT_SCNR,DataArea,Project Activity Study Lifecycle,BIM-core.DataArea
2E7F6245-7FAF-4369-8D64-E171E26792C0,Field Development Scenario,FLD_DVLPMNT_SCNR,EnterpriseLevel,Yes,BIM-core.EnterpriseLevel
2E7F6245-7FAF-4369-8D64-E171E26792C0,Field Development Scenario,FLD_DVLPMNT_SCNR,ExchangeId,{0E4891B1-F796-4AB1-A0DA-FB7FF47EA75D},BIM-core.ExchangeId
42582DFB-4B3A-4C6D-9F2A-ED84509967C6,Field Group,FLD_GRP,PD_ObjectID,42582DFB-4B3A-4C6D-9F2A-ED84509967C6,
42582DFB-4B3A-4C6D-9F2A-ED84509967C6,Field Group,FLD_GRP,PD_SourceExtraction,46603045,
42582DFB-4B3A-4C6D-9F2A-ED84509967C6,Field Group,FLD_GRP,PD_SourceModel,SUBSURFACE AND WELLS,
42582DFB-4B3A-4C6D-9F2A-ED84509967C6,Field Group,FLD_GRP,CSI,false,SHL_CDM_EntityPropertyExtension.CSI
42582DFB-4B3A-4C6D-9F2A-ED84509967C6,Field Group,FLD_GRP,EntityUpdateDate,19/08/2021 Pass 3,SHL_CDM_EntityPropertyExtension.EntityUpdateDate
42582DFB-4B3A-4C6D-9F2A-ED84509967C6,Field Group,FLD_GRP,MTED_EDaM_Business_Critical_Data,false,SHL_CDM_EntityPropertyExtension.MTED_EDaM_Business_Critical_Data
42582DFB-4B3A-4C6D-9F2A-ED84509967C6,Field Group,FLD_GRP,MTED_Encryption_Required,false,SHL_CDM_EntityPropertyExtension.MTED_Encryption_Required
42582DFB-4B3A-4C6D-9F2A-ED84509967C6,Field Group,FLD_GRP,PII,false,SHL_CDM_EntityPropertyExtension.PII
42582DFB-4B3A-4C6D-9F2A-ED84509967C6,Field Group,FLD_GRP,Generation,true,SHL_CDM_EntityPropertyExtension.Generation
42582DFB-4B3A-4C6D-9F2A-ED84509967C6,Field Group,FLD_GRP,MTED_EDaM_Design_Status,Approved,SHL_CDM_EntityPropertyExtension.MTED_EDaM_Design_Status
42582DFB-4B3A-4C6D-9F2A-ED84509967C6,Field Group,FLD_GRP,MTED_Version_No,2021.2,SHL_CDM_EntityPropertyExtension.MTED_Version_No
42582DFB-4B3A-4C6D-9F2A-ED84509967C6,Field Group,FLD_GRP,CommerciallySensitiveInformation,No Commercially Sensitive Information,BIM-core.CommerciallySensitiveInformation
42582DFB-4B3A-4C6D-9F2A-ED84509967C6,Field Group,FLD_GRP,Criticality,No Critical Data,BIM-core.Criticality
42582DFB-4B3A-4C6D-9F2A-ED84509967C6,Field Group,FLD_GRP,DataCategory,Structured,BIM-core.DataCategory
42582DFB-4B3A-4C6D-9F2A-ED84509967C6,Field Group,FLD_GRP,DataConfidentiality,Internal,BIM-core.DataConfidentiality
42582DFB-4B3A-4C6D-9F2A-ED84509967C6,Field Group,FLD_GRP,DesignStatus,Approved,BIM-core.DesignStatus
42582DFB-4B3A-4C6D-9F2A-ED84509967C6,Field Group,FLD_GRP,EntityCategory,Master,BIM-core.EntityCategory
42582DFB-4B3A-4C6D-9F2A-ED84509967C6,Field Group,FLD_GRP,EntityPersonalData,No Personal Data,BIM-core.EntityPersonalData
42582DFB-4B3A-4C6D-9F2A-ED84509967C6,Field Group,FLD_GRP,FinancialPersonalData,No Financial Personal Data,BIM-core.FinancialPersonalData
42582DFB-4B3A-4C6D-9F2A-ED84509967C6,Field Group,FLD_GRP,SensitivePersonalData,No Sensitive Personal Data,BIM-core.SensitivePersonalData
42582DFB-4B3A-4C6D-9F2A-ED84509967C6,Field Group,FLD_GRP,DataArea,Geology/Petrophysics,BIM-core.DataArea
42582DFB-4B3A-4C6D-9F2A-ED84509967C6,Field Group,FLD_GRP,EnterpriseLevel,Yes,BIM-core.EnterpriseLevel
42582DFB-4B3A-4C6D-9F2A-ED84509967C6,Field Group,FLD_GRP,ExchangeId,{6446F10E-73D4-4C2C-A9CC-7EF0997E2AD7},BIM-core.ExchangeId
DCE94B28-35AB-4016-A11A-7E6889517F53,Synthetic Seismogram,SYNTHTC_SSMGRM,PD_ObjectID,DCE94B28-35AB-4016-A11A-7E6889517F53,
DCE94B28-35AB-4016-A11A-7E6889517F53,Synthetic Seismogram,SYNTHTC_SSMGRM,PD_SourceExtraction,46603045,
DCE94B28-35AB-4016-A11A-7E6889517F53,Synthetic Seismogram,SYNTHTC_SSMGRM,PD_SourceModel,SUBSURFACE AND WELLS,
DCE94B28-35AB-4016-A11A-7E6889517F53,Synthetic Seismogram,SYNTHTC_SSMGRM,CSI,false,SHL_CDM_EntityPropertyExtension.CSI
DCE94B28-35AB-4016-A11A-7E6889517F53,Synthetic Seismogram,SYNTHTC_SSMGRM,EntityUpdateDate,19/08/2021 Pass 3,SHL_CDM_EntityPropertyExtension.EntityUpdateDate
DCE94B28-35AB-4016-A11A-7E6889517F53,Synthetic Seismogram,SYNTHTC_SSMGRM,MTED_EDaM_Business_Critical_Data,false,SHL_CDM_EntityPropertyExtension.MTED_EDaM_Business_Critical_Data
DCE94B28-35AB-4016-A11A-7E6889517F53,Synthetic Seismogram,SYNTHTC_SSMGRM,MTED_Encryption_Required,false,SHL_CDM_EntityPropertyExtension.MTED_Encryption_Required
DCE94B28-35AB-4016-A11A-7E6889517F53,Synthetic Seismogram,SYNTHTC_SSMGRM,PII,false,SHL_CDM_EntityPropertyExtension.PII
DCE94B28-35AB-4016-A11A-7E6889517F53,Synthetic Seismogram,SYNTHTC_SSMGRM,MTED_EDaM_Design_Status,Approved,SHL_CDM_EntityPropertyExtension.MTED_EDaM_Design_Status
DCE94B28-35AB-4016-A11A-7E6889517F53,Synthetic Seismogram,SYNTHTC_SSMGRM,MTED_Version_No,2021.2,SHL_CDM_EntityPropertyExtension.MTED_Version_No
DCE94B28-35AB-4016-A11A-7E6889517F53,Synthetic Seismogram,SYNTHTC_SSMGRM,Generation,true,SHL_CDM_EntityPropertyExtension.Generation
DCE94B28-35AB-4016-A11A-7E6889517F53,Synthetic Seismogram,SYNTHTC_SSMGRM,CommerciallySensitiveInformation,No Commercially Sensitive Information,BIM-core.CommerciallySensitiveInformation
DCE94B28-35AB-4016-A11A-7E6889517F53,Synthetic Seismogram,SYNTHTC_SSMGRM,Criticality,No Critical Data,BIM-core.Criticality
DCE94B28-35AB-4016-A11A-7E6889517F53,Synthetic Seismogram,SYNTHTC_SSMGRM,DataCategory,Structured,BIM-core.DataCategory
DCE94B28-35AB-4016-A11A-7E6889517F53,Synthetic Seismogram,SYNTHTC_SSMGRM,DataConfidentiality,Internal,BIM-core.DataConfidentiality
DCE94B28-35AB-4016-A11A-7E6889517F53,Synthetic Seismogram,SYNTHTC_SSMGRM,DesignStatus,Approved,BIM-core.DesignStatus
DCE94B28-35AB-4016-A11A-7E6889517F53,Synthetic Seismogram,SYNTHTC_SSMGRM,EntityCategory,Transaction,BIM-core.EntityCategory
DCE94B28-35AB-4016-A11A-7E6889517F53,Synthetic Seismogram,SYNTHTC_SSMGRM,EntityPersonalData,No Personal Data,BIM-core.EntityPersonalData
DCE94B28-35AB-4016-A11A-7E6889517F53,Synthetic Seismogram,SYNTHTC_SSMGRM,FinancialPersonalData,No Financial Personal Data,BIM-core.FinancialPersonalData
DCE94B28-35AB-4016-A11A-7E6889517F53,Synthetic Seismogram,SYNTHTC_SSMGRM,SensitivePersonalData,No Sensitive Personal Data,BIM-core.SensitivePersonalData
DCE94B28-35AB-4016-A11A-7E6889517F53,Synthetic Seismogram,SYNTHTC_SSMGRM,DataArea,Geophysics,BIM-core.DataArea
DCE94B28-35AB-4016-A11A-7E6889517F53,Synthetic Seismogram,SYNTHTC_SSMGRM,EnterpriseLevel,Yes,BIM-core.EnterpriseLevel
DCE94B28-35AB-4016-A11A-7E6889517F53,Synthetic Seismogram,SYNTHTC_SSMGRM,ExchangeId,{381F35EB-DB22-4DEB-83F1-3A4BA97BA26A},BIM-core.ExchangeId
A98976BE-FD43-4EED-89BD-6733D5ABDB7A,Tax Category,TX_CTGRY,PD_ObjectID,A98976BE-FD43-4EED-89BD-6733D5ABDB7A,
A98976BE-FD43-4EED-89BD-6733D5ABDB7A,Tax Category,TX_CTGRY,PD_SourceExtraction,46603045,
A98976BE-FD43-4EED-89BD-6733D5ABDB7A,Tax Category,TX_CTGRY,PD_SourceModel,SUBSURFACE AND WELLS,
A98976BE-FD43-4EED-89BD-6733D5ABDB7A,Tax Category,TX_CTGRY,CSI,false,SHL_CDM_EntityPropertyExtension.CSI
A98976BE-FD43-4EED-89BD-6733D5ABDB7A,Tax Category,TX_CTGRY,MTED_EDaM_Business_Critical_Data,false,SHL_CDM_EntityPropertyExtension.MTED_EDaM_Business_Critical_Data
A98976BE-FD43-4EED-89BD-6733D5ABDB7A,Tax Category,TX_CTGRY,MTED_Encryption_Required,false,SHL_CDM_EntityPropertyExtension.MTED_Encryption_Required
A98976BE-FD43-4EED-89BD-6733D5ABDB7A,Tax Category,TX_CTGRY,PII,false,SHL_CDM_EntityPropertyExtension.PII
A98976BE-FD43-4EED-89BD-6733D5ABDB7A,Tax Category,TX_CTGRY,EntityUpdateDate,19/08/2021 Pass 3,SHL_CDM_EntityPropertyExtension.EntityUpdateDate
A98976BE-FD43-4EED-89BD-6733D5ABDB7A,Tax Category,TX_CTGRY,CommerciallySensitiveInformation,No Commercially Sensitive Information,BIM-core.CommerciallySensitiveInformation
A98976BE-FD43-4EED-89BD-6733D5ABDB7A,Tax Category,TX_CTGRY,Criticality,Critical Data,BIM-core.Criticality
A98976BE-FD43-4EED-89BD-6733D5ABDB7A,Tax Category,TX_CTGRY,DataCategory,Structured,BIM-core.DataCategory
A98976BE-FD43-4EED-89BD-6733D5ABDB7A,Tax Category,TX_CTGRY,DataConfidentiality,Internal,BIM-core.DataConfidentiality
A98976BE-FD43-4EED-89BD-6733D5ABDB7A,Tax Category,TX_CTGRY,DesignStatus,Approved,BIM-core.DesignStatus
A98976BE-FD43-4EED-89BD-6733D5ABDB7A,Tax Category,TX_CTGRY,EntityCategory,Internal Reference,BIM-core.EntityCategory
A98976BE-FD43-4EED-89BD-6733D5ABDB7A,Tax Category,TX_CTGRY,EntityPersonalData,No Personal Data,BIM-core.EntityPersonalData
A98976BE-FD43-4EED-89BD-6733D5ABDB7A,Tax Category,TX_CTGRY,FinancialPersonalData,No Financial Personal Data,BIM-core.FinancialPersonalData
A98976BE-FD43-4EED-89BD-6733D5ABDB7A,Tax Category,TX_CTGRY,SensitivePersonalData,No Sensitive Personal Data,BIM-core.SensitivePersonalData
A98976BE-FD43-4EED-89BD-6733D5ABDB7A,Tax Category,TX_CTGRY,DataArea,Tax,BIM-core.DataArea
A98976BE-FD43-4EED-89BD-6733D5ABDB7A,Tax Category,TX_CTGRY,EnterpriseLevel,No,BIM-core.EnterpriseLevel
A98976BE-FD43-4EED-89BD-6733D5ABDB7A,Tax Category,TX_CTGRY,ExchangeId,{B661F671-CF14-41CE-9E4C-AF3AA8A50C09},BIM-core.ExchangeId
C557CD61-67C4-4FC2-ABCC-CCE46DD6E9CC,Tax Type,TX_TYP,PD_ObjectID,C557CD61-67C4-4FC2-ABCC-CCE46DD6E9CC,
C557CD61-67C4-4FC2-ABCC-CCE46DD6E9CC,Tax Type,TX_TYP,PD_SourceExtraction,46603045,
C557CD61-67C4-4FC2-ABCC-CCE46DD6E9CC,Tax Type,TX_TYP,PD_SourceModel,SUBSURFACE AND WELLS,
C557CD61-67C4-4FC2-ABCC-CCE46DD6E9CC,Tax Type,TX_TYP,MTED_EDaM_Entity_Data_Category,<unspecified>,SHL_CDM_EntityPropertyExtension.MTED_EDaM_Entity_Data_Category
C557CD61-67C4-4FC2-ABCC-CCE46DD6E9CC,Tax Type,TX_TYP,MTED_EDaM_Data_Owner,,SHL_CDM_EntityPropertyExtension.MTED_EDaM_Data_Owner
C557CD61-67C4-4FC2-ABCC-CCE46DD6E9CC,Tax Type,TX_TYP,MTED_EDaM_Entity_Critical_Data,<unspecified>,SHL_CDM_EntityPropertyExtension.MTED_EDaM_Entity_Critical_Data
C557CD61-67C4-4FC2-ABCC-CCE46DD6E9CC,Tax Type,TX_TYP,MTED_EDaM_Entity_Quality_Indication,<unspecified>,SHL_CDM_EntityPropertyExtension.MTED_EDaM_Entity_Quality_Indication
C557CD61-67C4-4FC2-ABCC-CCE46DD6E9CC,Tax Type,TX_TYP,MTED_EDaM_Entity_Availability_Indication,<unspecified>,SHL_CDM_EntityPropertyExtension.MTED_EDaM_Entity_Availability_Indication
C557CD61-67C4-4FC2-ABCC-CCE46DD6E9CC,Tax Type,TX_TYP,MTED_EDaM_Security_Classification,<unspecified>,SHL_CDM_EntityPropertyExtension.MTED_EDaM_Security_Classification
C557CD61-67C4-4FC2-ABCC-CCE46DD6E9CC,Tax Type,TX_TYP,MTED_EDaM_Design_Status,,SHL_CDM_EntityPropertyExtension.MTED_EDaM_Design_Status
C557CD61-67C4-4FC2-ABCC-CCE46DD6E9CC,Tax Type,TX_TYP,MTED_Version_No,,SHL_CDM_EntityPropertyExtension.MTED_Version_No
C557CD61-67C4-4FC2-ABCC-CCE46DD6E9CC,Tax Type,TX_TYP,MTED_EDaM_Version_Date,,SHL_CDM_EntityPropertyExtension.MTED_EDaM_Version_Date
C557CD61-67C4-4FC2-ABCC-CCE46DD6E9CC,Tax Type,TX_TYP,CSI,false,SHL_CDM_EntityPropertyExtension.CSI
C557CD61-67C4-4FC2-ABCC-CCE46DD6E9CC,Tax Type,TX_TYP,MTED_EDaM_Business_Critical_Data,false,SHL_CDM_EntityPropertyExtension.MTED_EDaM_Business_Critical_Data
C557CD61-67C4-4FC2-ABCC-CCE46DD6E9CC,Tax Type,TX_TYP,MTED_Encryption_Required,false,SHL_CDM_EntityPropertyExtension.MTED_Encryption_Required
C557CD61-67C4-4FC2-ABCC-CCE46DD6E9CC,Tax Type,TX_TYP,PII,false,SHL_CDM_EntityPropertyExtension.PII
C557CD61-67C4-4FC2-ABCC-CCE46DD6E9CC,Tax Type,TX_TYP,EntityUpdateDate,19/08/2021 Pass 3,SHL_CDM_EntityPropertyExtension.EntityUpdateDate
C557CD61-67C4-4FC2-ABCC-CCE46DD6E9CC,Tax Type,TX_TYP,CommerciallySensitiveInformation,No Commercially Sensitive Information,BIM-core.CommerciallySensitiveInformation
C557CD61-67C4-4FC2-ABCC-CCE46DD6E9CC,Tax Type,TX_TYP,Criticality,Critical Data,BIM-core.Criticality
C557CD61-67C4-4FC2-ABCC-CCE46DD6E9CC,Tax Type,TX_TYP,DataCategory,Structured,BIM-core.DataCategory
C557CD61-67C4-4FC2-ABCC-CCE46DD6E9CC,Tax Type,TX_TYP,DataConfidentiality,Internal,BIM-core.DataConfidentiality
C557CD61-67C4-4FC2-ABCC-CCE46DD6E9CC,Tax Type,TX_TYP,DesignStatus,Approved,BIM-core.DesignStatus
C557CD61-67C4-4FC2-ABCC-CCE46DD6E9CC,Tax Type,TX_TYP,EntityCategory,Internal Reference,BIM-core.EntityCategory
C557CD61-67C4-4FC2-ABCC-CCE46DD6E9CC,Tax Type,TX_TYP,EntityPersonalData,No Personal Data,BIM-core.EntityPersonalData
C557CD61-67C4-4FC2-ABCC-CCE46DD6E9CC,Tax Type,TX_TYP,FinancialPersonalData,No Financial Personal Data,BIM-core.FinancialPersonalData
C557CD61-67C4-4FC2-ABCC-CCE46DD6E9CC,Tax Type,TX_TYP,SensitivePersonalData,No Sensitive Personal Data,BIM-core.SensitivePersonalData
C557CD61-67C4-4FC2-ABCC-CCE46DD6E9CC,Tax Type,TX_TYP,DataArea,Tax,BIM-core.DataArea
C557CD61-67C4-4FC2-ABCC-CCE46DD6E9CC,Tax Type,TX_TYP,EnterpriseLevel,No,BIM-core.EnterpriseLevel
C557CD61-67C4-4FC2-ABCC-CCE46DD6E9CC,Tax Type,TX_TYP,ExchangeId,{7025D080-DC2F-4F8D-99A7-EC529F532838},BIM-core.ExchangeId
4BFBC4E9-705F-4BCD-BDEE-344DFE7407FB,Technical Service,TCHNCL_SRVC,PD_ObjectID,4BFBC4E9-705F-4BCD-BDEE-344DFE7407FB,
4BFBC4E9-705F-4BCD-BDEE-344DFE7407FB,Technical Service,TCHNCL_SRVC,PD_SourceExtraction,46603045,
4BFBC4E9-705F-4BCD-BDEE-344DFE7407FB,Technical Service,TCHNCL_SRVC,PD_SourceModel,SUBSURFACE AND WELLS,
4BFBC4E9-705F-4BCD-BDEE-344DFE7407FB,Technical Service,TCHNCL_SRVC,MTED_EDaM_Entity_Data_Category,<unspecified>,SHL_CDM_EntityPropertyExtension.MTED_EDaM_Entity_Data_Category
4BFBC4E9-705F-4BCD-BDEE-344DFE7407FB,Technical Service,TCHNCL_SRVC,MTED_EDaM_Data_Owner,Andrew Schulze,SHL_CDM_EntityPropertyExtension.MTED_EDaM_Data_Owner
4BFBC4E9-705F-4BCD-BDEE-344DFE7407FB,Technical Service,TCHNCL_SRVC,MTED_EDaM_Entity_Critical_Data,F,SHL_CDM_EntityPropertyExtension.MTED_EDaM_Entity_Critical_Data
4BFBC4E9-705F-4BCD-BDEE-344DFE7407FB,Technical Service,TCHNCL_SRVC,MTED_EDaM_Entity_Quality_Indication,<unspecified>,SHL_CDM_EntityPropertyExtension.MTED_EDaM_Entity_Quality_Indication
4BFBC4E9-705F-4BCD-BDEE-344DFE7407FB,Technical Service,TCHNCL_SRVC,MTED_EDaM_Entity_Availability_Indication,<unspecified>,SHL_CDM_EntityPropertyExtension.MTED_EDaM_Entity_Availability_Indication
4BFBC4E9-705F-4BCD-BDEE-344DFE7407FB,Technical Service,TCHNCL_SRVC,MTED_EDaM_Security_Classification,Restricted,SHL_CDM_EntityPropertyExtension.MTED_EDaM_Security_Classification
4BFBC4E9-705F-4BCD-BDEE-344DFE7407FB,Technical Service,TCHNCL_SRVC,MTED_EDaM_Design_Status,Approved,SHL_CDM_EntityPropertyExtension.MTED_EDaM_Design_Status
4BFBC4E9-705F-4BCD-BDEE-344DFE7407FB,Technical Service,TCHNCL_SRVC,MTED_Version_No,EDaM 2019.1,SHL_CDM_EntityPropertyExtension.MTED_Version_No
4BFBC4E9-705F-4BCD-BDEE-344DFE7407FB,Technical Service,TCHNCL_SRVC,MTED_EDaM_Version_Date,1/3/2019,SHL_CDM_EntityPropertyExtension.MTED_EDaM_Version_Date
4BFBC4E9-705F-4BCD-BDEE-344DFE7407FB,Technical Service,TCHNCL_SRVC,EntityUpdateDate,19/08/2021 Pass 3,SHL_CDM_EntityPropertyExtension.EntityUpdateDate
4BFBC4E9-705F-4BCD-BDEE-344DFE7407FB,Technical Service,TCHNCL_SRVC,CommerciallySensitiveInformation,No Commercially Sensitive Information,BIM-core.CommerciallySensitiveInformation
4BFBC4E9-705F-4BCD-BDEE-344DFE7407FB,Technical Service,TCHNCL_SRVC,Criticality,No Critical Data,BIM-core.Criticality
4BFBC4E9-705F-4BCD-BDEE-344DFE7407FB,Technical Service,TCHNCL_SRVC,DataCategory,Structured,BIM-core.DataCategory
4BFBC4E9-705F-4BCD-BDEE-344DFE7407FB,Technical Service,TCHNCL_SRVC,DataConfidentiality,Internal,BIM-core.DataConfidentiality
4BFBC4E9-705F-4BCD-BDEE-344DFE7407FB,Technical Service,TCHNCL_SRVC,DesignStatus,Approved,BIM-core.DesignStatus
4BFBC4E9-705F-4BCD-BDEE-344DFE7407FB,Technical Service,TCHNCL_SRVC,EntityCategory,Master,BIM-core.EntityCategory
4BFBC4E9-705F-4BCD-BDEE-344DFE7407FB,Technical Service,TCHNCL_SRVC,EntityPersonalData,No Personal Data,BIM-core.EntityPersonalData
4BFBC4E9-705F-4BCD-BDEE-344DFE7407FB,Technical Service,TCHNCL_SRVC,FinancialPersonalData,No Financial Personal Data,BIM-core.FinancialPersonalData
4BFBC4E9-705F-4BCD-BDEE-344DFE7407FB,Technical Service,TCHNCL_SRVC,SensitivePersonalData,No Sensitive Personal Data,BIM-core.SensitivePersonalData
4BFBC4E9-705F-4BCD-BDEE-344DFE7407FB,Technical Service,TCHNCL_SRVC,DataArea,IT Service Catalogue,BIM-core.DataArea
4BFBC4E9-705F-4BCD-BDEE-344DFE7407FB,Technical Service,TCHNCL_SRVC,EnterpriseLevel,No,BIM-core.EnterpriseLevel
4BFBC4E9-705F-4BCD-BDEE-344DFE7407FB,Technical Service,TCHNCL_SRVC,ExchangeId,{01F00CD9-973E-4C7D-A9AB-D4D42B3C090C},BIM-core.ExchangeId
2C5213CC-B0C6-4C24-8895-EAB906C925BF,Territory,TRRTRY,PD_ObjectID,2C5213CC-B0C6-4C24-8895-EAB906C925BF,
2C5213CC-B0C6-4C24-8895-EAB906C925BF,Territory,TRRTRY,PD_SourceExtraction,46603045,
2C5213CC-B0C6-4C24-8895-EAB906C925BF,Territory,TRRTRY,PD_SourceModel,SUBSURFACE AND WELLS,
2C5213CC-B0C6-4C24-8895-EAB906C925BF,Territory,TRRTRY,MTED_EDaM_Security_Classification,Restricted,SHL_CDM_EntityPropertyExtension.MTED_EDaM_Security_Classification
2C5213CC-B0C6-4C24-8895-EAB906C925BF,Territory,TRRTRY,MTED_Version_No,2021.2,SHL_CDM_EntityPropertyExtension.MTED_Version_No
2C5213CC-B0C6-4C24-8895-EAB906C925BF,Territory,TRRTRY,MTED_EDaM_Version_Date,,SHL_CDM_EntityPropertyExtension.MTED_EDaM_Version_Date
2C5213CC-B0C6-4C24-8895-EAB906C925BF,Territory,TRRTRY,MTED_EDaM_Data_Owner,,SHL_CDM_EntityPropertyExtension.MTED_EDaM_Data_Owner
2C5213CC-B0C6-4C24-8895-EAB906C925BF,Territory,TRRTRY,MTED_EDaM_Design_Status,Approved,SHL_CDM_EntityPropertyExtension.MTED_EDaM_Design_Status
2C5213CC-B0C6-4C24-8895-EAB906C925BF,Territory,TRRTRY,MTED_EDaM_Entity_Maps_To_Entity,,SHL_CDM_EntityPropertyExtension.MTED_EDaM_Entity_Maps_To_Entity
2C5213CC-B0C6-4C24-8895-EAB906C925BF,Territory,TRRTRY,CSI,false,SHL_CDM_EntityPropertyExtension.CSI
2C5213CC-B0C6-4C24-8895-EAB906C925BF,Territory,TRRTRY,MTED_EDaM_Entity_Data_Category,<unspecified>,SHL_CDM_EntityPropertyExtension.MTED_EDaM_Entity_Data_Category
2C5213CC-B0C6-4C24-8895-EAB906C925BF,Territory,TRRTRY,MTED_Encryption_Required,false,SHL_CDM_EntityPropertyExtension.MTED_Encryption_Required
2C5213CC-B0C6-4C24-8895-EAB906C925BF,Territory,TRRTRY,PII,false,SHL_CDM_EntityPropertyExtension.PII
2C5213CC-B0C6-4C24-8895-EAB906C925BF,Territory,TRRTRY,EntityUpdateDate,19/08/2021 Pass 3,SHL_CDM_EntityPropertyExtension.EntityUpdateDate
2C5213CC-B0C6-4C24-8895-EAB906C925BF,Territory,TRRTRY,MTED_EDaM_Business_Critical_Data,false,SHL_CDM_EntityPropertyExtension.MTED_EDaM_Business_Critical_Data
2C5213CC-B0C6-4C24-8895-EAB906C925BF,Territory,TRRTRY,MTED_EDaM_Entity_Availability_Indication,<unspecified>,SHL_CDM_EntityPropertyExtension.MTED_EDaM_Entity_Availability_Indication
2C5213CC-B0C6-4C24-8895-EAB906C925BF,Territory,TRRTRY,MTED_EDaM_Entity_Critical_Data,F,SHL_CDM_EntityPropertyExtension.MTED_EDaM_Entity_Critical_Data
2C5213CC-B0C6-4C24-8895-EAB906C925BF,Territory,TRRTRY,MTED_EDaM_Entity_Quality_Indication,<unspecified>,SHL_CDM_EntityPropertyExtension.MTED_EDaM_Entity_Quality_Indication
2C5213CC-B0C6-4C24-8895-EAB906C925BF,Territory,TRRTRY,Generation,true,SHL_CDM_EntityPropertyExtension.Generation
2C5213CC-B0C6-4C24-8895-EAB906C925BF,Territory,TRRTRY,CommerciallySensitiveInformation,No Commercially Sensitive Information,BIM-core.CommerciallySensitiveInformation
2C5213CC-B0C6-4C24-8895-EAB906C925BF,Territory,TRRTRY,Criticality,No Critical Data,BIM-core.Criticality
2C5213CC-B0C6-4C24-8895-EAB906C925BF,Territory,TRRTRY,DataCategory,Structured,BIM-core.DataCategory
2C5213CC-B0C6-4C24-8895-EAB906C925BF,Territory,TRRTRY,DataConfidentiality,Internal,BIM-core.DataConfidentiality
2C5213CC-B0C6-4C24-8895-EAB906C925BF,Territory,TRRTRY,DesignStatus,Approved,BIM-core.DesignStatus
2C5213CC-B0C6-4C24-8895-EAB906C925BF,Territory,TRRTRY,EntityCategory,External Reference,BIM-core.EntityCategory
2C5213CC-B0C6-4C24-8895-EAB906C925BF,Territory,TRRTRY,EntityPersonalData,No Personal Data,BIM-core.EntityPersonalData
2C5213CC-B0C6-4C24-8895-EAB906C925BF,Territory,TRRTRY,FinancialPersonalData,No Financial Personal Data,BIM-core.FinancialPersonalData
2C5213CC-B0C6-4C24-8895-EAB906C925BF,Territory,TRRTRY,SensitivePersonalData,No Sensitive Personal Data,BIM-core.SensitivePersonalData
2C5213CC-B0C6-4C24-8895-EAB906C925BF,Territory,TRRTRY,DataArea,Location,BIM-core.DataArea
2C5213CC-B0C6-4C24-8895-EAB906C925BF,Territory,TRRTRY,EnterpriseLevel,Yes,BIM-core.EnterpriseLevel
2C5213CC-B0C6-4C24-8895-EAB906C925BF,Territory,TRRTRY,ExchangeId,{5F65C6ED-7294-466C-918E-783A8DD00855},BIM-core.ExchangeId
FD308442-8613-4D7F-A75D-5871208FA809,Threat And Opportunity,THRT_AND_OPPRTNTY,PD_ObjectID,FD308442-8613-4D7F-A75D-5871208FA809,
FD308442-8613-4D7F-A75D-5871208FA809,Threat And Opportunity,THRT_AND_OPPRTNTY,PD_SourceExtraction,46603045,
FD308442-8613-4D7F-A75D-5871208FA809,Threat And Opportunity,THRT_AND_OPPRTNTY,PD_SourceModel,SUBSURFACE AND WELLS,
FD308442-8613-4D7F-A75D-5871208FA809,Threat And Opportunity,THRT_AND_OPPRTNTY,MTED_EDaM_Entity_Data_Category,<unspecified>,SHL_CDM_EntityPropertyExtension.MTED_EDaM_Entity_Data_Category
FD308442-8613-4D7F-A75D-5871208FA809,Threat And Opportunity,THRT_AND_OPPRTNTY,MTED_EDaM_Data_Owner,,SHL_CDM_EntityPropertyExtension.MTED_EDaM_Data_Owner
FD308442-8613-4D7F-A75D-5871208FA809,Threat And Opportunity,THRT_AND_OPPRTNTY,MTED_EDaM_Entity_Critical_Data,F,SHL_CDM_EntityPropertyExtension.MTED_EDaM_Entity_Critical_Data
FD308442-8613-4D7F-A75D-5871208FA809,Threat And Opportunity,THRT_AND_OPPRTNTY,MTED_EDaM_Entity_Quality_Indication,<unspecified>,SHL_CDM_EntityPropertyExtension.MTED_EDaM_Entity_Quality_Indication
FD308442-8613-4D7F-A75D-5871208FA809,Threat And Opportunity,THRT_AND_OPPRTNTY,MTED_EDaM_Entity_Availability_Indication,<unspecified>,SHL_CDM_EntityPropertyExtension.MTED_EDaM_Entity_Availability_Indication
FD308442-8613-4D7F-A75D-5871208FA809,Threat And Opportunity,THRT_AND_OPPRTNTY,MTED_EDaM_Security_Classification,Restricted,SHL_CDM_EntityPropertyExtension.MTED_EDaM_Security_Classification
FD308442-8613-4D7F-A75D-5871208FA809,Threat And Opportunity,THRT_AND_OPPRTNTY,MTED_EDaM_Design_Status,Approved,SHL_CDM_EntityPropertyExtension.MTED_EDaM_Design_Status
FD308442-8613-4D7F-A75D-5871208FA809,Threat And Opportunity,THRT_AND_OPPRTNTY,MTED_Version_No,2021.2,SHL_CDM_EntityPropertyExtension.MTED_Version_No
FD308442-8613-4D7F-A75D-5871208FA809,Threat And Opportunity,THRT_AND_OPPRTNTY,MTED_EDaM_Version_Date,,SHL_CDM_EntityPropertyExtension.MTED_EDaM_Version_Date
FD308442-8613-4D7F-A75D-5871208FA809,Threat And Opportunity,THRT_AND_OPPRTNTY,CSI,false,SHL_CDM_EntityPropertyExtension.CSI
FD308442-8613-4D7F-A75D-5871208FA809,Threat And Opportunity,THRT_AND_OPPRTNTY,MTED_EDaM_Business_Critical_Data,false,SHL_CDM_EntityPropertyExtension.MTED_EDaM_Business_Critical_Data
FD308442-8613-4D7F-A75D-5871208FA809,Threat And Opportunity,THRT_AND_OPPRTNTY,MTED_Encryption_Required,false,SHL_CDM_EntityPropertyExtension.MTED_Encryption_Required
FD308442-8613-4D7F-A75D-5871208FA809,Threat And Opportunity,THRT_AND_OPPRTNTY,PII,false,SHL_CDM_EntityPropertyExtension.PII
FD308442-8613-4D7F-A75D-5871208FA809,Threat And Opportunity,THRT_AND_OPPRTNTY,EntityUpdateDate,19/08/2021 Pass 3,SHL_CDM_EntityPropertyExtension.EntityUpdateDate
FD308442-8613-4D7F-A75D-5871208FA809,Threat And Opportunity,THRT_AND_OPPRTNTY,Generation,true,SHL_CDM_EntityPropertyExtension.Generation
FD308442-8613-4D7F-A75D-5871208FA809,Threat And Opportunity,THRT_AND_OPPRTNTY,CommerciallySensitiveInformation,No Commercially Sensitive Information,BIM-core.CommerciallySensitiveInformation
FD308442-8613-4D7F-A75D-5871208FA809,Threat And Opportunity,THRT_AND_OPPRTNTY,Criticality,Critical Data,BIM-core.Criticality
FD308442-8613-4D7F-A75D-5871208FA809,Threat And Opportunity,THRT_AND_OPPRTNTY,DataCategory,Structured,BIM-core.DataCategory
FD308442-8613-4D7F-A75D-5871208FA809,Threat And Opportunity,THRT_AND_OPPRTNTY,DataConfidentiality,Internal,BIM-core.DataConfidentiality
FD308442-8613-4D7F-A75D-5871208FA809,Threat And Opportunity,THRT_AND_OPPRTNTY,EntityCategory,Transaction,BIM-core.EntityCategory
FD308442-8613-4D7F-A75D-5871208FA809,Threat And Opportunity,THRT_AND_OPPRTNTY,EntityPersonalData,No Personal Data,BIM-core.EntityPersonalData
FD308442-8613-4D7F-A75D-5871208FA809,Threat And Opportunity,THRT_AND_OPPRTNTY,FinancialPersonalData,No Financial Personal Data,BIM-core.FinancialPersonalData
FD308442-8613-4D7F-A75D-5871208FA809,Threat And Opportunity,THRT_AND_OPPRTNTY,SensitivePersonalData,No Sensitive Personal Data,BIM-core.SensitivePersonalData
FD308442-8613-4D7F-A75D-5871208FA809,Threat And Opportunity,THRT_AND_OPPRTNTY,DesignStatus,Approved,BIM-core.DesignStatus
FD308442-8613-4D7F-A75D-5871208FA809,Threat And Opportunity,THRT_AND_OPPRTNTY,DataArea,Threat and Opportunity,BIM-core.DataArea
FD308442-8613-4D7F-A75D-5871208FA809,Threat And Opportunity,THRT_AND_OPPRTNTY,EnterpriseLevel,No,BIM-core.EnterpriseLevel
FD308442-8613-4D7F-A75D-5871208FA809,Threat And Opportunity,THRT_AND_OPPRTNTY,ExchangeId,{FD93AB74-4378-4A91-BC53-8307E0003ED2},BIM-core.ExchangeId
8B95CB20-FF28-436B-A160-00172C61E9D7,Time Series Property,TM_SRS_PRPRTY,PD_ObjectID,8B95CB20-FF28-436B-A160-00172C61E9D7,
8B95CB20-FF28-436B-A160-00172C61E9D7,Time Series Property,TM_SRS_PRPRTY,PD_SourceExtraction,46603045,
8B95CB20-FF28-436B-A160-00172C61E9D7,Time Series Property,TM_SRS_PRPRTY,PD_SourceModel,SUBSURFACE AND WELLS,
8B95CB20-FF28-436B-A160-00172C61E9D7,Time Series Property,TM_SRS_PRPRTY,CSI,false,SHL_CDM_EntityPropertyExtension.CSI
8B95CB20-FF28-436B-A160-00172C61E9D7,Time Series Property,TM_SRS_PRPRTY,EntityUpdateDate,19/08/2021 Pass 3,SHL_CDM_EntityPropertyExtension.EntityUpdateDate
8B95CB20-FF28-436B-A160-00172C61E9D7,Time Series Property,TM_SRS_PRPRTY,MTED_EDaM_Business_Critical_Data,false,SHL_CDM_EntityPropertyExtension.MTED_EDaM_Business_Critical_Data
8B95CB20-FF28-436B-A160-00172C61E9D7,Time Series Property,TM_SRS_PRPRTY,MTED_Encryption_Required,false,SHL_CDM_EntityPropertyExtension.MTED_Encryption_Required
8B95CB20-FF28-436B-A160-00172C61E9D7,Time Series Property,TM_SRS_PRPRTY,PII,false,SHL_CDM_EntityPropertyExtension.PII
8B95CB20-FF28-436B-A160-00172C61E9D7,Time Series Property,TM_SRS_PRPRTY,Generation,true,SHL_CDM_EntityPropertyExtension.Generation
8B95CB20-FF28-436B-A160-00172C61E9D7,Time Series Property,TM_SRS_PRPRTY,MTED_EDaM_Design_Status,Approved,SHL_CDM_EntityPropertyExtension.MTED_EDaM_Design_Status
8B95CB20-FF28-436B-A160-00172C61E9D7,Time Series Property,TM_SRS_PRPRTY,MTED_Version_No,2021.2,SHL_CDM_EntityPropertyExtension.MTED_Version_No
8B95CB20-FF28-436B-A160-00172C61E9D7,Time Series Property,TM_SRS_PRPRTY,CommerciallySensitiveInformation,No Commercially Sensitive Information,BIM-core.CommerciallySensitiveInformation
8B95CB20-FF28-436B-A160-00172C61E9D7,Time Series Property,TM_SRS_PRPRTY,Criticality,No Critical Data,BIM-core.Criticality
8B95CB20-FF28-436B-A160-00172C61E9D7,Time Series Property,TM_SRS_PRPRTY,DataCategory,Structured,BIM-core.DataCategory
8B95CB20-FF28-436B-A160-00172C61E9D7,Time Series Property,TM_SRS_PRPRTY,DataConfidentiality,Internal,BIM-core.DataConfidentiality
8B95CB20-FF28-436B-A160-00172C61E9D7,Time Series Property,TM_SRS_PRPRTY,DesignStatus,Approved,BIM-core.DesignStatus
8B95CB20-FF28-436B-A160-00172C61E9D7,Time Series Property,TM_SRS_PRPRTY,EntityCategory,Transaction,BIM-core.EntityCategory
8B95CB20-FF28-436B-A160-00172C61E9D7,Time Series Property,TM_SRS_PRPRTY,EntityPersonalData,No Personal Data,BIM-core.EntityPersonalData
8B95CB20-FF28-436B-A160-00172C61E9D7,Time Series Property,TM_SRS_PRPRTY,FinancialPersonalData,No Financial Personal Data,BIM-core.FinancialPersonalData
8B95CB20-FF28-436B-A160-00172C61E9D7,Time Series Property,TM_SRS_PRPRTY,SensitivePersonalData,No Sensitive Personal Data,BIM-core.SensitivePersonalData
8B95CB20-FF28-436B-A160-00172C61E9D7,Time Series Property,TM_SRS_PRPRTY,DataArea,Reservoir,BIM-core.DataArea
8B95CB20-FF28-436B-A160-00172C61E9D7,Time Series Property,TM_SRS_PRPRTY,EnterpriseLevel,Yes,BIM-core.EnterpriseLevel
8B95CB20-FF28-436B-A160-00172C61E9D7,Time Series Property,TM_SRS_PRPRTY,ExchangeId,{063DFE3F-0C93-48A9-A9D9-C091C130151A},BIM-core.ExchangeId
B2558926-F6C8-4CF0-93B4-72DC5C73C616,Time Zone,TM_ZN,PD_ObjectID,B2558926-F6C8-4CF0-93B4-72DC5C73C616,
B2558926-F6C8-4CF0-93B4-72DC5C73C616,Time Zone,TM_ZN,PD_SourceExtraction,46603045,
B2558926-F6C8-4CF0-93B4-72DC5C73C616,Time Zone,TM_ZN,PD_SourceModel,SUBSURFACE AND WELLS,
B2558926-F6C8-4CF0-93B4-72DC5C73C616,Time Zone,TM_ZN,MTED_EDaM_Security_Classification,Restricted,SHL_CDM_EntityPropertyExtension.MTED_EDaM_Security_Classification
B2558926-F6C8-4CF0-93B4-72DC5C73C616,Time Zone,TM_ZN,MTED_Version_No,2021.2,SHL_CDM_EntityPropertyExtension.MTED_Version_No
B2558926-F6C8-4CF0-93B4-72DC5C73C616,Time Zone,TM_ZN,MTED_EDaM_Version_Date,,SHL_CDM_EntityPropertyExtension.MTED_EDaM_Version_Date
B2558926-F6C8-4CF0-93B4-72DC5C73C616,Time Zone,TM_ZN,MTED_EDaM_Data_Owner,,SHL_CDM_EntityPropertyExtension.MTED_EDaM_Data_Owner
B2558926-F6C8-4CF0-93B4-72DC5C73C616,Time Zone,TM_ZN,MTED_EDaM_Design_Status,Approved,SHL_CDM_EntityPropertyExtension.MTED_EDaM_Design_Status
B2558926-F6C8-4CF0-93B4-72DC5C73C616,Time Zone,TM_ZN,MTED_EDaM_Entity_Maps_To_Entity,,SHL_CDM_EntityPropertyExtension.MTED_EDaM_Entity_Maps_To_Entity
B2558926-F6C8-4CF0-93B4-72DC5C73C616,Time Zone,TM_ZN,CSI,false,SHL_CDM_EntityPropertyExtension.CSI
B2558926-F6C8-4CF0-93B4-72DC5C73C616,Time Zone,TM_ZN,MTED_EDaM_Entity_Data_Category,<unspecified>,SHL_CDM_EntityPropertyExtension.MTED_EDaM_Entity_Data_Category
B2558926-F6C8-4CF0-93B4-72DC5C73C616,Time Zone,TM_ZN,MTED_Encryption_Required,false,SHL_CDM_EntityPropertyExtension.MTED_Encryption_Required
B2558926-F6C8-4CF0-93B4-72DC5C73C616,Time Zone,TM_ZN,PII,false,SHL_CDM_EntityPropertyExtension.PII
B2558926-F6C8-4CF0-93B4-72DC5C73C616,Time Zone,TM_ZN,EntityUpdateDate,19/08/2021 Pass 3,SHL_CDM_EntityPropertyExtension.EntityUpdateDate
B2558926-F6C8-4CF0-93B4-72DC5C73C616,Time Zone,TM_ZN,MTED_EDaM_Business_Critical_Data,false,SHL_CDM_EntityPropertyExtension.MTED_EDaM_Business_Critical_Data
B2558926-F6C8-4CF0-93B4-72DC5C73C616,Time Zone,TM_ZN,MTED_EDaM_Entity_Availability_Indication,<unspecified>,SHL_CDM_EntityPropertyExtension.MTED_EDaM_Entity_Availability_Indication
B2558926-F6C8-4CF0-93B4-72DC5C73C616,Time Zone,TM_ZN,MTED_EDaM_Entity_Critical_Data,F,SHL_CDM_EntityPropertyExtension.MTED_EDaM_Entity_Critical_Data
B2558926-F6C8-4CF0-93B4-72DC5C73C616,Time Zone,TM_ZN,MTED_EDaM_Entity_Quality_Indication,<unspecified>,SHL_CDM_EntityPropertyExtension.MTED_EDaM_Entity_Quality_Indication
B2558926-F6C8-4CF0-93B4-72DC5C73C616,Time Zone,TM_ZN,Generation,true,SHL_CDM_EntityPropertyExtension.Generation
B2558926-F6C8-4CF0-93B4-72DC5C73C616,Time Zone,TM_ZN,CommerciallySensitiveInformation,No Commercially Sensitive Information,BIM-core.CommerciallySensitiveInformation
B2558926-F6C8-4CF0-93B4-72DC5C73C616,Time Zone,TM_ZN,Criticality,No Critical Data,BIM-core.Criticality
B2558926-F6C8-4CF0-93B4-72DC5C73C616,Time Zone,TM_ZN,DataCategory,Structured,BIM-core.DataCategory
B2558926-F6C8-4CF0-93B4-72DC5C73C616,Time Zone,TM_ZN,DataConfidentiality,Internal,BIM-core.DataConfidentiality
B2558926-F6C8-4CF0-93B4-72DC5C73C616,Time Zone,TM_ZN,DesignStatus,Approved,BIM-core.DesignStatus
B2558926-F6C8-4CF0-93B4-72DC5C73C616,Time Zone,TM_ZN,EntityCategory,External Reference,BIM-core.EntityCategory
B2558926-F6C8-4CF0-93B4-72DC5C73C616,Time Zone,TM_ZN,EntityPersonalData,No Personal Data,BIM-core.EntityPersonalData
B2558926-F6C8-4CF0-93B4-72DC5C73C616,Time Zone,TM_ZN,FinancialPersonalData,No Financial Personal Data,BIM-core.FinancialPersonalData
B2558926-F6C8-4CF0-93B4-72DC5C73C616,Time Zone,TM_ZN,SensitivePersonalData,No Sensitive Personal Data,BIM-core.SensitivePersonalData
B2558926-F6C8-4CF0-93B4-72DC5C73C616,Time Zone,TM_ZN,DataArea,Location,BIM-core.DataArea
B2558926-F6C8-4CF0-93B4-72DC5C73C616,Time Zone,TM_ZN,EnterpriseLevel,Yes,BIM-core.EnterpriseLevel
B2558926-F6C8-4CF0-93B4-72DC5C73C616,Time Zone,TM_ZN,ExchangeId,{001B35DB-EE20-4BB4-8719-CFD86372C57B},BIM-core.ExchangeId
4FB360CD-6C1C-464F-B878-5EE1F6AEBF13,Time Zone Alias,TM_ZN_ALS,PD_ObjectID,4FB360CD-6C1C-464F-B878-5EE1F6AEBF13,
4FB360CD-6C1C-464F-B878-5EE1F6AEBF13,Time Zone Alias,TM_ZN_ALS,PD_SourceExtraction,46603045,
4FB360CD-6C1C-464F-B878-5EE1F6AEBF13,Time Zone Alias,TM_ZN_ALS,PD_SourceModel,SUBSURFACE AND WELLS,
4FB360CD-6C1C-464F-B878-5EE1F6AEBF13,Time Zone Alias,TM_ZN_ALS,MTED_Version_No,2021.2,SHL_CDM_EntityPropertyExtension.MTED_Version_No
4FB360CD-6C1C-464F-B878-5EE1F6AEBF13,Time Zone Alias,TM_ZN_ALS,MTED_EDaM_Version_Date,,SHL_CDM_EntityPropertyExtension.MTED_EDaM_Version_Date
4FB360CD-6C1C-464F-B878-5EE1F6AEBF13,Time Zone Alias,TM_ZN_ALS,MTED_EDaM_Data_Owner,,SHL_CDM_EntityPropertyExtension.MTED_EDaM_Data_Owner
4FB360CD-6C1C-464F-B878-5EE1F6AEBF13,Time Zone Alias,TM_ZN_ALS,MTED_EDaM_Design_Status,Approved,SHL_CDM_EntityPropertyExtension.MTED_EDaM_Design_Status
4FB360CD-6C1C-464F-B878-5EE1F6AEBF13,Time Zone Alias,TM_ZN_ALS,CSI,false,SHL_CDM_EntityPropertyExtension.CSI
4FB360CD-6C1C-464F-B878-5EE1F6AEBF13,Time Zone Alias,TM_ZN_ALS,MTED_EDaM_Entity_Data_Category,<unspecified>,SHL_CDM_EntityPropertyExtension.MTED_EDaM_Entity_Data_Category
4FB360CD-6C1C-464F-B878-5EE1F6AEBF13,Time Zone Alias,TM_ZN_ALS,MTED_EDaM_Security_Classification,<unspecified>,SHL_CDM_EntityPropertyExtension.MTED_EDaM_Security_Classification
4FB360CD-6C1C-464F-B878-5EE1F6AEBF13,Time Zone Alias,TM_ZN_ALS,MTED_Encryption_Required,false,SHL_CDM_EntityPropertyExtension.MTED_Encryption_Required
4FB360CD-6C1C-464F-B878-5EE1F6AEBF13,Time Zone Alias,TM_ZN_ALS,PII,false,SHL_CDM_EntityPropertyExtension.PII
4FB360CD-6C1C-464F-B878-5EE1F6AEBF13,Time Zone Alias,TM_ZN_ALS,EntityUpdateDate,19/08/2021 Pass 3,SHL_CDM_EntityPropertyExtension.EntityUpdateDate
4FB360CD-6C1C-464F-B878-5EE1F6AEBF13,Time Zone Alias,TM_ZN_ALS,MTED_EDaM_Business_Critical_Data,false,SHL_CDM_EntityPropertyExtension.MTED_EDaM_Business_Critical_Data
4FB360CD-6C1C-464F-B878-5EE1F6AEBF13,Time Zone Alias,TM_ZN_ALS,MTED_EDaM_Entity_Availability_Indication,<unspecified>,SHL_CDM_EntityPropertyExtension.MTED_EDaM_Entity_Availability_Indication
4FB360CD-6C1C-464F-B878-5EE1F6AEBF13,Time Zone Alias,TM_ZN_ALS,MTED_EDaM_Entity_Critical_Data,<unspecified>,SHL_CDM_EntityPropertyExtension.MTED_EDaM_Entity_Critical_Data
4FB360CD-6C1C-464F-B878-5EE1F6AEBF13,Time Zone Alias,TM_ZN_ALS,MTED_EDaM_Entity_Quality_Indication,<unspecified>,SHL_CDM_EntityPropertyExtension.MTED_EDaM_Entity_Quality_Indication
4FB360CD-6C1C-464F-B878-5EE1F6AEBF13,Time Zone Alias,TM_ZN_ALS,Generation,true,SHL_CDM_EntityPropertyExtension.Generation
4FB360CD-6C1C-464F-B878-5EE1F6AEBF13,Time Zone Alias,TM_ZN_ALS,CommerciallySensitiveInformation,No Commercially Sensitive Information,BIM-core.CommerciallySensitiveInformation
4FB360CD-6C1C-464F-B878-5EE1F6AEBF13,Time Zone Alias,TM_ZN_ALS,Criticality,No Critical Data,BIM-core.Criticality
4FB360CD-6C1C-464F-B878-5EE1F6AEBF13,Time Zone Alias,TM_ZN_ALS,DataCategory,Structured,BIM-core.DataCategory
4FB360CD-6C1C-464F-B878-5EE1F6AEBF13,Time Zone Alias,TM_ZN_ALS,DataConfidentiality,Internal,BIM-core.DataConfidentiality
4FB360CD-6C1C-464F-B878-5EE1F6AEBF13,Time Zone Alias,TM_ZN_ALS,DesignStatus,Approved,BIM-core.DesignStatus
4FB360CD-6C1C-464F-B878-5EE1F6AEBF13,Time Zone Alias,TM_ZN_ALS,EntityCategory,External Reference,BIM-core.EntityCategory
4FB360CD-6C1C-464F-B878-5EE1F6AEBF13,Time Zone Alias,TM_ZN_ALS,EntityPersonalData,No Personal Data,BIM-core.EntityPersonalData
4FB360CD-6C1C-464F-B878-5EE1F6AEBF13,Time Zone Alias,TM_ZN_ALS,FinancialPersonalData,No Financial Personal Data,BIM-core.FinancialPersonalData
4FB360CD-6C1C-464F-B878-5EE1F6AEBF13,Time Zone Alias,TM_ZN_ALS,SensitivePersonalData,No Sensitive Personal Data,BIM-core.SensitivePersonalData
4FB360CD-6C1C-464F-B878-5EE1F6AEBF13,Time Zone Alias,TM_ZN_ALS,DataArea,Location,BIM-core.DataArea
4FB360CD-6C1C-464F-B878-5EE1F6AEBF13,Time Zone Alias,TM_ZN_ALS,EnterpriseLevel,Yes,BIM-core.EnterpriseLevel
4FB360CD-6C1C-464F-B878-5EE1F6AEBF13,Time Zone Alias,TM_ZN_ALS,ExchangeId,{7CA1E0A3-88FD-432E-B5C9-593C0F86A1A0},BIM-core.ExchangeId
8E5489D4-C4CB-4FAF-9951-95371A5B8ED0,Type 1 Capex Opex Report,TYP_1_CPX_OPX_RPRT,PD_ObjectID,8E5489D4-C4CB-4FAF-9951-95371A5B8ED0,
8E5489D4-C4CB-4FAF-9951-95371A5B8ED0,Type 1 Capex Opex Report,TYP_1_CPX_OPX_RPRT,PD_SourceExtraction,46603045,
8E5489D4-C4CB-4FAF-9951-95371A5B8ED0,Type 1 Capex Opex Report,TYP_1_CPX_OPX_RPRT,PD_SourceModel,SUBSURFACE AND WELLS,
8E5489D4-C4CB-4FAF-9951-95371A5B8ED0,Type 1 Capex Opex Report,TYP_1_CPX_OPX_RPRT,CSI,false,SHL_CDM_EntityPropertyExtension.CSI
8E5489D4-C4CB-4FAF-9951-95371A5B8ED0,Type 1 Capex Opex Report,TYP_1_CPX_OPX_RPRT,EntityUpdateDate,19/08/2021 Pass 3,SHL_CDM_EntityPropertyExtension.EntityUpdateDate
8E5489D4-C4CB-4FAF-9951-95371A5B8ED0,Type 1 Capex Opex Report,TYP_1_CPX_OPX_RPRT,MTED_EDaM_Business_Critical_Data,false,SHL_CDM_EntityPropertyExtension.MTED_EDaM_Business_Critical_Data
8E5489D4-C4CB-4FAF-9951-95371A5B8ED0,Type 1 Capex Opex Report,TYP_1_CPX_OPX_RPRT,MTED_Encryption_Required,false,SHL_CDM_EntityPropertyExtension.MTED_Encryption_Required
8E5489D4-C4CB-4FAF-9951-95371A5B8ED0,Type 1 Capex Opex Report,TYP_1_CPX_OPX_RPRT,PII,false,SHL_CDM_EntityPropertyExtension.PII
8E5489D4-C4CB-4FAF-9951-95371A5B8ED0,Type 1 Capex Opex Report,TYP_1_CPX_OPX_RPRT,Generation,true,SHL_CDM_EntityPropertyExtension.Generation
8E5489D4-C4CB-4FAF-9951-95371A5B8ED0,Type 1 Capex Opex Report,TYP_1_CPX_OPX_RPRT,MTED_EDaM_Design_Status,Approved,SHL_CDM_EntityPropertyExtension.MTED_EDaM_Design_Status
8E5489D4-C4CB-4FAF-9951-95371A5B8ED0,Type 1 Capex Opex Report,TYP_1_CPX_OPX_RPRT,MTED_Version_No,2021.2,SHL_CDM_EntityPropertyExtension.MTED_Version_No
8E5489D4-C4CB-4FAF-9951-95371A5B8ED0,Type 1 Capex Opex Report,TYP_1_CPX_OPX_RPRT,CommerciallySensitiveInformation,Commercially Sensitive Information,BIM-core.CommerciallySensitiveInformation
8E5489D4-C4CB-4FAF-9951-95371A5B8ED0,Type 1 Capex Opex Report,TYP_1_CPX_OPX_RPRT,Criticality,No Critical Data,BIM-core.Criticality
8E5489D4-C4CB-4FAF-9951-95371A5B8ED0,Type 1 Capex Opex Report,TYP_1_CPX_OPX_RPRT,DataCategory,Structured,BIM-core.DataCategory
8E5489D4-C4CB-4FAF-9951-95371A5B8ED0,Type 1 Capex Opex Report,TYP_1_CPX_OPX_RPRT,DataConfidentiality,Internal,BIM-core.DataConfidentiality
8E5489D4-C4CB-4FAF-9951-95371A5B8ED0,Type 1 Capex Opex Report,TYP_1_CPX_OPX_RPRT,DesignStatus,Approved,BIM-core.DesignStatus
8E5489D4-C4CB-4FAF-9951-95371A5B8ED0,Type 1 Capex Opex Report,TYP_1_CPX_OPX_RPRT,EntityCategory,Transaction,BIM-core.EntityCategory
8E5489D4-C4CB-4FAF-9951-95371A5B8ED0,Type 1 Capex Opex Report,TYP_1_CPX_OPX_RPRT,EntityPersonalData,No Personal Data,BIM-core.EntityPersonalData
8E5489D4-C4CB-4FAF-9951-95371A5B8ED0,Type 1 Capex Opex Report,TYP_1_CPX_OPX_RPRT,FinancialPersonalData,No Financial Personal Data,BIM-core.FinancialPersonalData
8E5489D4-C4CB-4FAF-9951-95371A5B8ED0,Type 1 Capex Opex Report,TYP_1_CPX_OPX_RPRT,SensitivePersonalData,No Sensitive Personal Data,BIM-core.SensitivePersonalData
8E5489D4-C4CB-4FAF-9951-95371A5B8ED0,Type 1 Capex Opex Report,TYP_1_CPX_OPX_RPRT,DataArea,Project Activity Study Lifecycle,BIM-core.DataArea
8E5489D4-C4CB-4FAF-9951-95371A5B8ED0,Type 1 Capex Opex Report,TYP_1_CPX_OPX_RPRT,EnterpriseLevel,Yes,BIM-core.EnterpriseLevel
8E5489D4-C4CB-4FAF-9951-95371A5B8ED0,Type 1 Capex Opex Report,TYP_1_CPX_OPX_RPRT,ExchangeId,{5B9F1B57-6F6F-4A3A-A8EF-B77635526316},BIM-core.ExchangeId
8E257256-353E-4621-8BED-6016C183225C,Type 2 Capex Opex Report,TYP_2_CPX_OPX_RPRT,PD_ObjectID,8E257256-353E-4621-8BED-6016C183225C,
8E257256-353E-4621-8BED-6016C183225C,Type 2 Capex Opex Report,TYP_2_CPX_OPX_RPRT,PD_SourceExtraction,46603045,
8E257256-353E-4621-8BED-6016C183225C,Type 2 Capex Opex Report,TYP_2_CPX_OPX_RPRT,PD_SourceModel,SUBSURFACE AND WELLS,
8E257256-353E-4621-8BED-6016C183225C,Type 2 Capex Opex Report,TYP_2_CPX_OPX_RPRT,CSI,false,SHL_CDM_EntityPropertyExtension.CSI
8E257256-353E-4621-8BED-6016C183225C,Type 2 Capex Opex Report,TYP_2_CPX_OPX_RPRT,EntityUpdateDate,19/08/2021 Pass 3,SHL_CDM_EntityPropertyExtension.EntityUpdateDate
8E257256-353E-4621-8BED-6016C183225C,Type 2 Capex Opex Report,TYP_2_CPX_OPX_RPRT,MTED_EDaM_Business_Critical_Data,false,SHL_CDM_EntityPropertyExtension.MTED_EDaM_Business_Critical_Data
8E257256-353E-4621-8BED-6016C183225C,Type 2 Capex Opex Report,TYP_2_CPX_OPX_RPRT,MTED_Encryption_Required,false,SHL_CDM_EntityPropertyExtension.MTED_Encryption_Required
8E257256-353E-4621-8BED-6016C183225C,Type 2 Capex Opex Report,TYP_2_CPX_OPX_RPRT,PII,false,SHL_CDM_EntityPropertyExtension.PII
8E257256-353E-4621-8BED-6016C183225C,Type 2 Capex Opex Report,TYP_2_CPX_OPX_RPRT,Generation,true,SHL_CDM_EntityPropertyExtension.Generation
8E257256-353E-4621-8BED-6016C183225C,Type 2 Capex Opex Report,TYP_2_CPX_OPX_RPRT,MTED_EDaM_Design_Status,Approved,SHL_CDM_EntityPropertyExtension.MTED_EDaM_Design_Status
8E257256-353E-4621-8BED-6016C183225C,Type 2 Capex Opex Report,TYP_2_CPX_OPX_RPRT,MTED_Version_No,2021.2,SHL_CDM_EntityPropertyExtension.MTED_Version_No
8E257256-353E-4621-8BED-6016C183225C,Type 2 Capex Opex Report,TYP_2_CPX_OPX_RPRT,CommerciallySensitiveInformation,Commercially Sensitive Information,BIM-core.CommerciallySensitiveInformation
8E257256-353E-4621-8BED-6016C183225C,Type 2 Capex Opex Report,TYP_2_CPX_OPX_RPRT,Criticality,No Critical Data,BIM-core.Criticality
8E257256-353E-4621-8BED-6016C183225C,Type 2 Capex Opex Report,TYP_2_CPX_OPX_RPRT,DataCategory,Structured,BIM-core.DataCategory
8E257256-353E-4621-8BED-6016C183225C,Type 2 Capex Opex Report,TYP_2_CPX_OPX_RPRT,DataConfidentiality,Internal,BIM-core.DataConfidentiality
8E257256-353E-4621-8BED-6016C183225C,Type 2 Capex Opex Report,TYP_2_CPX_OPX_RPRT,DesignStatus,Approved,BIM-core.DesignStatus
8E257256-353E-4621-8BED-6016C183225C,Type 2 Capex Opex Report,TYP_2_CPX_OPX_RPRT,EntityCategory,Transaction,BIM-core.EntityCategory
8E257256-353E-4621-8BED-6016C183225C,Type 2 Capex Opex Report,TYP_2_CPX_OPX_RPRT,EntityPersonalData,No Personal Data,BIM-core.EntityPersonalData
8E257256-353E-4621-8BED-6016C183225C,Type 2 Capex Opex Report,TYP_2_CPX_OPX_RPRT,FinancialPersonalData,No Financial Personal Data,BIM-core.FinancialPersonalData
8E257256-353E-4621-8BED-6016C183225C,Type 2 Capex Opex Report,TYP_2_CPX_OPX_RPRT,SensitivePersonalData,No Sensitive Personal Data,BIM-core.SensitivePersonalData
8E257256-353E-4621-8BED-6016C183225C,Type 2 Capex Opex Report,TYP_2_CPX_OPX_RPRT,DataArea,Project Activity Study Lifecycle,BIM-core.DataArea
8E257256-353E-4621-8BED-6016C183225C,Type 2 Capex Opex Report,TYP_2_CPX_OPX_RPRT,EnterpriseLevel,Yes,BIM-core.EnterpriseLevel
8E257256-353E-4621-8BED-6016C183225C,Type 2 Capex Opex Report,TYP_2_CPX_OPX_RPRT,ExchangeId,{BA8D91C8-330E-4D6E-AD8F-EAAD5048BE97},BIM-core.ExchangeId
A784464D-1B21-4250-9C5B-1042768E5233,Unit Of Measure,UNT_OF_MSR,PD_ObjectID,A784464D-1B21-4250-9C5B-1042768E5233,
A784464D-1B21-4250-9C5B-1042768E5233,Unit Of Measure,UNT_OF_MSR,PD_SourceExtraction,46603045,
A784464D-1B21-4250-9C5B-1042768E5233,Unit Of Measure,UNT_OF_MSR,PD_SourceModel,SUBSURFACE AND WELLS,
A784464D-1B21-4250-9C5B-1042768E5233,Unit Of Measure,UNT_OF_MSR,MTED_EDaM_Entity_Data_Category,<unspecified>,SHL_CDM_EntityPropertyExtension.MTED_EDaM_Entity_Data_Category
A784464D-1B21-4250-9C5B-1042768E5233,Unit Of Measure,UNT_OF_MSR,MTED_EDaM_Data_Owner,,SHL_CDM_EntityPropertyExtension.MTED_EDaM_Data_Owner
A784464D-1B21-4250-9C5B-1042768E5233,Unit Of Measure,UNT_OF_MSR,MTED_EDaM_Entity_Critical_Data,F,SHL_CDM_EntityPropertyExtension.MTED_EDaM_Entity_Critical_Data
A784464D-1B21-4250-9C5B-1042768E5233,Unit Of Measure,UNT_OF_MSR,MTED_EDaM_Entity_Quality_Indication,<unspecified>,SHL_CDM_EntityPropertyExtension.MTED_EDaM_Entity_Quality_Indication
A784464D-1B21-4250-9C5B-1042768E5233,Unit Of Measure,UNT_OF_MSR,MTED_EDaM_Entity_Availability_Indication,<unspecified>,SHL_CDM_EntityPropertyExtension.MTED_EDaM_Entity_Availability_Indication
A784464D-1B21-4250-9C5B-1042768E5233,Unit Of Measure,UNT_OF_MSR,MTED_EDaM_Security_Classification,Restricted,SHL_CDM_EntityPropertyExtension.MTED_EDaM_Security_Classification
A784464D-1B21-4250-9C5B-1042768E5233,Unit Of Measure,UNT_OF_MSR,MTED_EDaM_Design_Status,Approved,SHL_CDM_EntityPropertyExtension.MTED_EDaM_Design_Status
A784464D-1B21-4250-9C5B-1042768E5233,Unit Of Measure,UNT_OF_MSR,MTED_Version_No,2021.2,SHL_CDM_EntityPropertyExtension.MTED_Version_No
A784464D-1B21-4250-9C5B-1042768E5233,Unit Of Measure,UNT_OF_MSR,MTED_EDaM_Version_Date,,SHL_CDM_EntityPropertyExtension.MTED_EDaM_Version_Date
A784464D-1B21-4250-9C5B-1042768E5233,Unit Of Measure,UNT_OF_MSR,MTED_EDaM_Entity_Maps_To_Entity,,SHL_CDM_EntityPropertyExtension.MTED_EDaM_Entity_Maps_To_Entity
A784464D-1B21-4250-9C5B-1042768E5233,Unit Of Measure,UNT_OF_MSR,CSI,false,SHL_CDM_EntityPropertyExtension.CSI
A784464D-1B21-4250-9C5B-1042768E5233,Unit Of Measure,UNT_OF_MSR,MTED_EDaM_Business_Critical_Data,false,SHL_CDM_EntityPropertyExtension.MTED_EDaM_Business_Critical_Data
A784464D-1B21-4250-9C5B-1042768E5233,Unit Of Measure,UNT_OF_MSR,MTED_Encryption_Required,false,SHL_CDM_EntityPropertyExtension.MTED_Encryption_Required
A784464D-1B21-4250-9C5B-1042768E5233,Unit Of Measure,UNT_OF_MSR,PII,false,SHL_CDM_EntityPropertyExtension.PII
A784464D-1B21-4250-9C5B-1042768E5233,Unit Of Measure,UNT_OF_MSR,EntityUpdateDate,19/08/2021 Pass 3,SHL_CDM_EntityPropertyExtension.EntityUpdateDate
A784464D-1B21-4250-9C5B-1042768E5233,Unit Of Measure,UNT_OF_MSR,Generation,true,SHL_CDM_EntityPropertyExtension.Generation
A784464D-1B21-4250-9C5B-1042768E5233,Unit Of Measure,UNT_OF_MSR,DataConfidentiality,Confidential,BIM-core.DataConfidentiality
A784464D-1B21-4250-9C5B-1042768E5233,Unit Of Measure,UNT_OF_MSR,CommerciallySensitiveInformation,Commercially Sensitive Information,BIM-core.CommerciallySensitiveInformation
A784464D-1B21-4250-9C5B-1042768E5233,Unit Of Measure,UNT_OF_MSR,SensitivePersonalData,No Sensitive Personal Data,BIM-core.SensitivePersonalData
A784464D-1B21-4250-9C5B-1042768E5233,Unit Of Measure,UNT_OF_MSR,FinancialPersonalData,No Financial Personal Data,BIM-core.FinancialPersonalData
A784464D-1B21-4250-9C5B-1042768E5233,Unit Of Measure,UNT_OF_MSR,EntityPersonalData,No Personal Data,BIM-core.EntityPersonalData
A784464D-1B21-4250-9C5B-1042768E5233,Unit Of Measure,UNT_OF_MSR,DesignStatus,Approved,BIM-core.DesignStatus
A784464D-1B21-4250-9C5B-1042768E5233,Unit Of Measure,UNT_OF_MSR,DataCategory,Structured,BIM-core.DataCategory
A784464D-1B21-4250-9C5B-1042768E5233,Unit Of Measure,UNT_OF_MSR,Criticality,Critical Data,BIM-core.Criticality
A784464D-1B21-4250-9C5B-1042768E5233,Unit Of Measure,UNT_OF_MSR,EntityCategory,Master,BIM-core.EntityCategory
A784464D-1B21-4250-9C5B-1042768E5233,Unit Of Measure,UNT_OF_MSR,DataArea,Unit Of Measure,BIM-core.DataArea
A784464D-1B21-4250-9C5B-1042768E5233,Unit Of Measure,UNT_OF_MSR,EnterpriseLevel,No,BIM-core.EnterpriseLevel
A784464D-1B21-4250-9C5B-1042768E5233,Unit Of Measure,UNT_OF_MSR,ExchangeId,{58011DA5-5A13-4263-AFD8-657C05720397},BIM-core.ExchangeId
AE8B57C8-22F4-453D-A723-98E0BA3335AD,Unstructured Data,UNSTRCTRD_DT,PD_ObjectID,AE8B57C8-22F4-453D-A723-98E0BA3335AD,
AE8B57C8-22F4-453D-A723-98E0BA3335AD,Unstructured Data,UNSTRCTRD_DT,PD_SourceExtraction,46603045,
AE8B57C8-22F4-453D-A723-98E0BA3335AD,Unstructured Data,UNSTRCTRD_DT,PD_SourceModel,SUBSURFACE AND WELLS,
AE8B57C8-22F4-453D-A723-98E0BA3335AD,Unstructured Data,UNSTRCTRD_DT,MTED_EDaM_Entity_Data_Category,<unspecified>,SHL_CDM_EntityPropertyExtension.MTED_EDaM_Entity_Data_Category
AE8B57C8-22F4-453D-A723-98E0BA3335AD,Unstructured Data,UNSTRCTRD_DT,MTED_EDaM_Data_Owner,,SHL_CDM_EntityPropertyExtension.MTED_EDaM_Data_Owner
AE8B57C8-22F4-453D-A723-98E0BA3335AD,Unstructured Data,UNSTRCTRD_DT,MTED_EDaM_Entity_Critical_Data,<unspecified>,SHL_CDM_EntityPropertyExtension.MTED_EDaM_Entity_Critical_Data
AE8B57C8-22F4-453D-A723-98E0BA3335AD,Unstructured Data,UNSTRCTRD_DT,MTED_EDaM_Entity_Quality_Indication,<unspecified>,SHL_CDM_EntityPropertyExtension.MTED_EDaM_Entity_Quality_Indication
AE8B57C8-22F4-453D-A723-98E0BA3335AD,Unstructured Data,UNSTRCTRD_DT,MTED_EDaM_Entity_Availability_Indication,<unspecified>,SHL_CDM_EntityPropertyExtension.MTED_EDaM_Entity_Availability_Indication
AE8B57C8-22F4-453D-A723-98E0BA3335AD,Unstructured Data,UNSTRCTRD_DT,MTED_EDaM_Security_Classification,<unspecified>,SHL_CDM_EntityPropertyExtension.MTED_EDaM_Security_Classification
AE8B57C8-22F4-453D-A723-98E0BA3335AD,Unstructured Data,UNSTRCTRD_DT,MTED_EDaM_Design_Status,Approved,SHL_CDM_EntityPropertyExtension.MTED_EDaM_Design_Status
AE8B57C8-22F4-453D-A723-98E0BA3335AD,Unstructured Data,UNSTRCTRD_DT,MTED_Version_No,2021.2,SHL_CDM_EntityPropertyExtension.MTED_Version_No
AE8B57C8-22F4-453D-A723-98E0BA3335AD,Unstructured Data,UNSTRCTRD_DT,MTED_EDaM_Version_Date,,SHL_CDM_EntityPropertyExtension.MTED_EDaM_Version_Date
AE8B57C8-22F4-453D-A723-98E0BA3335AD,Unstructured Data,UNSTRCTRD_DT,CSI,false,SHL_CDM_EntityPropertyExtension.CSI
AE8B57C8-22F4-453D-A723-98E0BA3335AD,Unstructured Data,UNSTRCTRD_DT,MTED_EDaM_Business_Critical_Data,false,SHL_CDM_EntityPropertyExtension.MTED_EDaM_Business_Critical_Data
AE8B57C8-22F4-453D-A723-98E0BA3335AD,Unstructured Data,UNSTRCTRD_DT,MTED_Encryption_Required,false,SHL_CDM_EntityPropertyExtension.MTED_Encryption_Required
AE8B57C8-22F4-453D-A723-98E0BA3335AD,Unstructured Data,UNSTRCTRD_DT,PII,false,SHL_CDM_EntityPropertyExtension.PII
AE8B57C8-22F4-453D-A723-98E0BA3335AD,Unstructured Data,UNSTRCTRD_DT,EntityUpdateDate,19/08/2021 Pass 3,SHL_CDM_EntityPropertyExtension.EntityUpdateDate
AE8B57C8-22F4-453D-A723-98E0BA3335AD,Unstructured Data,UNSTRCTRD_DT,Generation,true,SHL_CDM_EntityPropertyExtension.Generation
AE8B57C8-22F4-453D-A723-98E0BA3335AD,Unstructured Data,UNSTRCTRD_DT,DataArea,IT Asset,BIM-core.DataArea
AE8B57C8-22F4-453D-A723-98E0BA3335AD,Unstructured Data,UNSTRCTRD_DT,EnterpriseLevel,No,BIM-core.EnterpriseLevel
AE8B57C8-22F4-453D-A723-98E0BA3335AD,Unstructured Data,UNSTRCTRD_DT,ExchangeId,{D09FE7B9-F950-4F1B-AF0B-A6F6D1159F87},BIM-core.ExchangeId
E18CAD27-FB20-41B1-A479-40EFD5C08FC6,Velocity Model,VELOCITY_MDL,PD_ObjectID,E18CAD27-FB20-41B1-A479-40EFD5C08FC6,
E18CAD27-FB20-41B1-A479-40EFD5C08FC6,Velocity Model,VELOCITY_MDL,PD_SourceExtraction,46603045,
E18CAD27-FB20-41B1-A479-40EFD5C08FC6,Velocity Model,VELOCITY_MDL,PD_SourceModel,SUBSURFACE AND WELLS,
E18CAD27-FB20-41B1-A479-40EFD5C08FC6,Velocity Model,VELOCITY_MDL,CommerciallySensitiveInformation,No Commercially Sensitive Information,BIM-core.CommerciallySensitiveInformation
E18CAD27-FB20-41B1-A479-40EFD5C08FC6,Velocity Model,VELOCITY_MDL,Criticality,No Critical Data,BIM-core.Criticality
E18CAD27-FB20-41B1-A479-40EFD5C08FC6,Velocity Model,VELOCITY_MDL,DataCategory,Structured,BIM-core.DataCategory
E18CAD27-FB20-41B1-A479-40EFD5C08FC6,Velocity Model,VELOCITY_MDL,DataConfidentiality,Internal,BIM-core.DataConfidentiality
E18CAD27-FB20-41B1-A479-40EFD5C08FC6,Velocity Model,VELOCITY_MDL,DesignStatus,Approved,BIM-core.DesignStatus
E18CAD27-FB20-41B1-A479-40EFD5C08FC6,Velocity Model,VELOCITY_MDL,EntityCategory,Transaction,BIM-core.EntityCategory
E18CAD27-FB20-41B1-A479-40EFD5C08FC6,Velocity Model,VELOCITY_MDL,EntityPersonalData,No Personal Data,BIM-core.EntityPersonalData
E18CAD27-FB20-41B1-A479-40EFD5C08FC6,Velocity Model,VELOCITY_MDL,FinancialPersonalData,No Financial Personal Data,BIM-core.FinancialPersonalData
E18CAD27-FB20-41B1-A479-40EFD5C08FC6,Velocity Model,VELOCITY_MDL,SensitivePersonalData,No Sensitive Personal Data,BIM-core.SensitivePersonalData
E18CAD27-FB20-41B1-A479-40EFD5C08FC6,Velocity Model,VELOCITY_MDL,DataArea,Geophysics,BIM-core.DataArea
E18CAD27-FB20-41B1-A479-40EFD5C08FC6,Velocity Model,VELOCITY_MDL,EnterpriseLevel,Yes,BIM-core.EnterpriseLevel
E18CAD27-FB20-41B1-A479-40EFD5C08FC6,Velocity Model,VELOCITY_MDL,ExchangeId,{97D5289E-7910-44AB-A586-5AC7B7A429C8},BIM-core.ExchangeId
46C57629-EE63-4D48-9730-AD8B5714BECF,Vendor,VNDR,PD_ObjectID,46C57629-EE63-4D48-9730-AD8B5714BECF,
46C57629-EE63-4D48-9730-AD8B5714BECF,Vendor,VNDR,PD_SourceExtraction,46603045,
46C57629-EE63-4D48-9730-AD8B5714BECF,Vendor,VNDR,PD_SourceModel,SUBSURFACE AND WELLS,
46C57629-EE63-4D48-9730-AD8B5714BECF,Vendor,VNDR,MTED_EDaM_Entity_Data_Category,Master,SHL_CDM_EntityPropertyExtension.MTED_EDaM_Entity_Data_Category
46C57629-EE63-4D48-9730-AD8B5714BECF,Vendor,VNDR,MTED_EDaM_Entity_Critical_Data,H,SHL_CDM_EntityPropertyExtension.MTED_EDaM_Entity_Critical_Data
46C57629-EE63-4D48-9730-AD8B5714BECF,Vendor,VNDR,MTED_EDaM_Security_Classification,Confidential,SHL_CDM_EntityPropertyExtension.MTED_EDaM_Security_Classification
46C57629-EE63-4D48-9730-AD8B5714BECF,Vendor,VNDR,MTED_Version_No,2021.2,SHL_CDM_EntityPropertyExtension.MTED_Version_No
46C57629-EE63-4D48-9730-AD8B5714BECF,Vendor,VNDR,MTED_EDaM_Version_Date,,SHL_CDM_EntityPropertyExtension.MTED_EDaM_Version_Date
46C57629-EE63-4D48-9730-AD8B5714BECF,Vendor,VNDR,MTED_EDaM_Data_Owner,,SHL_CDM_EntityPropertyExtension.MTED_EDaM_Data_Owner
46C57629-EE63-4D48-9730-AD8B5714BECF,Vendor,VNDR,MTED_EDaM_Design_Status,Approved,SHL_CDM_EntityPropertyExtension.MTED_EDaM_Design_Status
46C57629-EE63-4D48-9730-AD8B5714BECF,Vendor,VNDR,MTED_EDaM_Entity_Maps_To_Entity,,SHL_CDM_EntityPropertyExtension.MTED_EDaM_Entity_Maps_To_Entity
46C57629-EE63-4D48-9730-AD8B5714BECF,Vendor,VNDR,CSI,false,SHL_CDM_EntityPropertyExtension.CSI
46C57629-EE63-4D48-9730-AD8B5714BECF,Vendor,VNDR,MTED_Encryption_Required,false,SHL_CDM_EntityPropertyExtension.MTED_Encryption_Required
46C57629-EE63-4D48-9730-AD8B5714BECF,Vendor,VNDR,PII,false,SHL_CDM_EntityPropertyExtension.PII
46C57629-EE63-4D48-9730-AD8B5714BECF,Vendor,VNDR,MTED_EDaM_Business_Critical_Data,false,SHL_CDM_EntityPropertyExtension.MTED_EDaM_Business_Critical_Data
46C57629-EE63-4D48-9730-AD8B5714BECF,Vendor,VNDR,MTED_EDaM_Mapping_Level,,SHL_CDM_EntityPropertyExtension.MTED_EDaM_Mapping_Level
46C57629-EE63-4D48-9730-AD8B5714BECF,Vendor,VNDR,EntityUpdateDate,19/08/2021 Pass 3,SHL_CDM_EntityPropertyExtension.EntityUpdateDate
46C57629-EE63-4D48-9730-AD8B5714BECF,Vendor,VNDR,MTED_EDaM_Entity_Availability_Indication,<unspecified>,SHL_CDM_EntityPropertyExtension.MTED_EDaM_Entity_Availability_Indication
46C57629-EE63-4D48-9730-AD8B5714BECF,Vendor,VNDR,MTED_EDaM_Entity_Quality_Indication,<unspecified>,SHL_CDM_EntityPropertyExtension.MTED_EDaM_Entity_Quality_Indication
46C57629-EE63-4D48-9730-AD8B5714BECF,Vendor,VNDR,Generation,true,SHL_CDM_EntityPropertyExtension.Generation
46C57629-EE63-4D48-9730-AD8B5714BECF,Vendor,VNDR,CommerciallySensitiveInformation,Commercially Sensitive Information,BIM-core.CommerciallySensitiveInformation
46C57629-EE63-4D48-9730-AD8B5714BECF,Vendor,VNDR,Criticality,Critical Data,BIM-core.Criticality
46C57629-EE63-4D48-9730-AD8B5714BECF,Vendor,VNDR,DataCategory,Structured,BIM-core.DataCategory
46C57629-EE63-4D48-9730-AD8B5714BECF,Vendor,VNDR,DataConfidentiality,Internal,BIM-core.DataConfidentiality
46C57629-EE63-4D48-9730-AD8B5714BECF,Vendor,VNDR,DesignStatus,Approved,BIM-core.DesignStatus
46C57629-EE63-4D48-9730-AD8B5714BECF,Vendor,VNDR,EntityCategory,Master,BIM-core.EntityCategory
46C57629-EE63-4D48-9730-AD8B5714BECF,Vendor,VNDR,EntityPersonalData,No Personal Data,BIM-core.EntityPersonalData
46C57629-EE63-4D48-9730-AD8B5714BECF,Vendor,VNDR,FinancialPersonalData,No Financial Personal Data,BIM-core.FinancialPersonalData
46C57629-EE63-4D48-9730-AD8B5714BECF,Vendor,VNDR,SensitivePersonalData,No Sensitive Personal Data,BIM-core.SensitivePersonalData
46C57629-EE63-4D48-9730-AD8B5714BECF,Vendor,VNDR,DataArea,Vendor,BIM-core.DataArea
46C57629-EE63-4D48-9730-AD8B5714BECF,Vendor,VNDR,EnterpriseLevel,No,BIM-core.EnterpriseLevel
46C57629-EE63-4D48-9730-AD8B5714BECF,Vendor,VNDR,ExchangeId,{7190243B-44D4-4D73-B85B-AA74AF670D95},BIM-core.ExchangeId
E73261BB-1721-441D-9849-7304DD2417C1,Vertical Measurement,VRTCL_MSRMNT,PD_ObjectID,E73261BB-1721-441D-9849-7304DD2417C1,
E73261BB-1721-441D-9849-7304DD2417C1,Vertical Measurement,VRTCL_MSRMNT,PD_SourceExtraction,46603045,
E73261BB-1721-441D-9849-7304DD2417C1,Vertical Measurement,VRTCL_MSRMNT,PD_SourceModel,SUBSURFACE AND WELLS,
E73261BB-1721-441D-9849-7304DD2417C1,Vertical Measurement,VRTCL_MSRMNT,EntityCategory,Transaction,BIM-core.EntityCategory
E73261BB-1721-441D-9849-7304DD2417C1,Vertical Measurement,VRTCL_MSRMNT,DataCategory,Structured,BIM-core.DataCategory
E73261BB-1721-441D-9849-7304DD2417C1,Vertical Measurement,VRTCL_MSRMNT,Criticality,No Critical Data,BIM-core.Criticality
E73261BB-1721-441D-9849-7304DD2417C1,Vertical Measurement,VRTCL_MSRMNT,CommerciallySensitiveInformation,No Commercially Sensitive Information,BIM-core.CommerciallySensitiveInformation
E73261BB-1721-441D-9849-7304DD2417C1,Vertical Measurement,VRTCL_MSRMNT,DataConfidentiality,Internal,BIM-core.DataConfidentiality
E73261BB-1721-441D-9849-7304DD2417C1,Vertical Measurement,VRTCL_MSRMNT,EntityPersonalData,No Personal Data,BIM-core.EntityPersonalData
E73261BB-1721-441D-9849-7304DD2417C1,Vertical Measurement,VRTCL_MSRMNT,FinancialPersonalData,No Financial Personal Data,BIM-core.FinancialPersonalData
E73261BB-1721-441D-9849-7304DD2417C1,Vertical Measurement,VRTCL_MSRMNT,SensitivePersonalData,No Sensitive Personal Data,BIM-core.SensitivePersonalData
E73261BB-1721-441D-9849-7304DD2417C1,Vertical Measurement,VRTCL_MSRMNT,DesignStatus,Approved,BIM-core.DesignStatus
E73261BB-1721-441D-9849-7304DD2417C1,Vertical Measurement,VRTCL_MSRMNT,DataArea,Well,BIM-core.DataArea
E73261BB-1721-441D-9849-7304DD2417C1,Vertical Measurement,VRTCL_MSRMNT,EnterpriseLevel,Yes,BIM-core.EnterpriseLevel
E73261BB-1721-441D-9849-7304DD2417C1,Vertical Measurement,VRTCL_MSRMNT,ExchangeId,{52A22955-B385-4CFB-BBC6-8532FAED9D24},BIM-core.ExchangeId
5882654C-C98D-4669-B838-A6F42ADB34F5,Vessel Pathway Point,VSSL_PTHWY_PNT,PD_ObjectID,5882654C-C98D-4669-B838-A6F42ADB34F5,
5882654C-C98D-4669-B838-A6F42ADB34F5,Vessel Pathway Point,VSSL_PTHWY_PNT,PD_SourceExtraction,46603045,
5882654C-C98D-4669-B838-A6F42ADB34F5,Vessel Pathway Point,VSSL_PTHWY_PNT,PD_SourceModel,SUBSURFACE AND WELLS,
5882654C-C98D-4669-B838-A6F42ADB34F5,Vessel Pathway Point,VSSL_PTHWY_PNT,EntityUpdateDate,19/08/2021 Pass 3,SHL_CDM_EntityPropertyExtension.EntityUpdateDate
5882654C-C98D-4669-B838-A6F42ADB34F5,Vessel Pathway Point,VSSL_PTHWY_PNT,MTED_EDaM_Entity_Availability_Indication,<unspecified>,SHL_CDM_EntityPropertyExtension.MTED_EDaM_Entity_Availability_Indication
5882654C-C98D-4669-B838-A6F42ADB34F5,Vessel Pathway Point,VSSL_PTHWY_PNT,MTED_EDaM_Entity_Critical_Data,<unspecified>,SHL_CDM_EntityPropertyExtension.MTED_EDaM_Entity_Critical_Data
5882654C-C98D-4669-B838-A6F42ADB34F5,Vessel Pathway Point,VSSL_PTHWY_PNT,MTED_EDaM_Entity_Data_Category,<unspecified>,SHL_CDM_EntityPropertyExtension.MTED_EDaM_Entity_Data_Category
5882654C-C98D-4669-B838-A6F42ADB34F5,Vessel Pathway Point,VSSL_PTHWY_PNT,MTED_EDaM_Entity_Quality_Indication,<unspecified>,SHL_CDM_EntityPropertyExtension.MTED_EDaM_Entity_Quality_Indication
5882654C-C98D-4669-B838-A6F42ADB34F5,Vessel Pathway Point,VSSL_PTHWY_PNT,MTED_EDaM_Security_Classification,<unspecified>,SHL_CDM_EntityPropertyExtension.MTED_EDaM_Security_Classification
5882654C-C98D-4669-B838-A6F42ADB34F5,Vessel Pathway Point,VSSL_PTHWY_PNT,MTED_EDaM_Version_Date,,SHL_CDM_EntityPropertyExtension.MTED_EDaM_Version_Date
5882654C-C98D-4669-B838-A6F42ADB34F5,Vessel Pathway Point,VSSL_PTHWY_PNT,DataArea,Vessel,BIM-core.DataArea
5882654C-C98D-4669-B838-A6F42ADB34F5,Vessel Pathway Point,VSSL_PTHWY_PNT,EnterpriseLevel,No,BIM-core.EnterpriseLevel
5882654C-C98D-4669-B838-A6F42ADB34F5,Vessel Pathway Point,VSSL_PTHWY_PNT,ExchangeId,{B98F1492-2906-4E27-A8C8-080FF7F7EADC},BIM-core.ExchangeId
42FCFB7D-C06E-4EE1-98B7-8534F664E4BA,Waterway,WTRWY,PD_ObjectID,42FCFB7D-C06E-4EE1-98B7-8534F664E4BA,
42FCFB7D-C06E-4EE1-98B7-8534F664E4BA,Waterway,WTRWY,PD_SourceExtraction,46603045,
42FCFB7D-C06E-4EE1-98B7-8534F664E4BA,Waterway,WTRWY,PD_SourceModel,SUBSURFACE AND WELLS,
42FCFB7D-C06E-4EE1-98B7-8534F664E4BA,Waterway,WTRWY,EntityUpdateDate,19/08/2021 Pass 3,SHL_CDM_EntityPropertyExtension.EntityUpdateDate
42FCFB7D-C06E-4EE1-98B7-8534F664E4BA,Waterway,WTRWY,MTED_EDaM_Entity_Availability_Indication,<unspecified>,SHL_CDM_EntityPropertyExtension.MTED_EDaM_Entity_Availability_Indication
42FCFB7D-C06E-4EE1-98B7-8534F664E4BA,Waterway,WTRWY,MTED_EDaM_Entity_Critical_Data,F,SHL_CDM_EntityPropertyExtension.MTED_EDaM_Entity_Critical_Data
42FCFB7D-C06E-4EE1-98B7-8534F664E4BA,Waterway,WTRWY,MTED_EDaM_Entity_Data_Category,<unspecified>,SHL_CDM_EntityPropertyExtension.MTED_EDaM_Entity_Data_Category
42FCFB7D-C06E-4EE1-98B7-8534F664E4BA,Waterway,WTRWY,MTED_EDaM_Entity_Quality_Indication,<unspecified>,SHL_CDM_EntityPropertyExtension.MTED_EDaM_Entity_Quality_Indication
42FCFB7D-C06E-4EE1-98B7-8534F664E4BA,Waterway,WTRWY,MTED_EDaM_Security_Classification,Unrestricted,SHL_CDM_EntityPropertyExtension.MTED_EDaM_Security_Classification
42FCFB7D-C06E-4EE1-98B7-8534F664E4BA,Waterway,WTRWY,MTED_EDaM_Version_Date,,SHL_CDM_EntityPropertyExtension.MTED_EDaM_Version_Date
42FCFB7D-C06E-4EE1-98B7-8534F664E4BA,Waterway,WTRWY,DataArea,Vessel,BIM-core.DataArea
42FCFB7D-C06E-4EE1-98B7-8534F664E4BA,Waterway,WTRWY,EnterpriseLevel,No,BIM-core.EnterpriseLevel
42FCFB7D-C06E-4EE1-98B7-8534F664E4BA,Waterway,WTRWY,ExchangeId,{ABBB27B6-676C-41CF-B136-D087468985EF},BIM-core.ExchangeId
D75CC657-B957-4EFE-ADC7-14ECB88AD35F,Weather Reading,WEATHER_RDNG,PD_ObjectID,D75CC657-B957-4EFE-ADC7-14ECB88AD35F,
D75CC657-B957-4EFE-ADC7-14ECB88AD35F,Weather Reading,WEATHER_RDNG,PD_SourceExtraction,46603045,
D75CC657-B957-4EFE-ADC7-14ECB88AD35F,Weather Reading,WEATHER_RDNG,PD_SourceModel,SUBSURFACE AND WELLS,
D75CC657-B957-4EFE-ADC7-14ECB88AD35F,Weather Reading,WEATHER_RDNG,EntityCategory,Transaction,BIM-core.EntityCategory
D75CC657-B957-4EFE-ADC7-14ECB88AD35F,Weather Reading,WEATHER_RDNG,DataCategory,Structured,BIM-core.DataCategory
D75CC657-B957-4EFE-ADC7-14ECB88AD35F,Weather Reading,WEATHER_RDNG,Criticality,No Critical Data,BIM-core.Criticality
D75CC657-B957-4EFE-ADC7-14ECB88AD35F,Weather Reading,WEATHER_RDNG,CommerciallySensitiveInformation,No Commercially Sensitive Information,BIM-core.CommerciallySensitiveInformation
D75CC657-B957-4EFE-ADC7-14ECB88AD35F,Weather Reading,WEATHER_RDNG,DataConfidentiality,Internal,BIM-core.DataConfidentiality
D75CC657-B957-4EFE-ADC7-14ECB88AD35F,Weather Reading,WEATHER_RDNG,EntityPersonalData,No Personal Data,BIM-core.EntityPersonalData
D75CC657-B957-4EFE-ADC7-14ECB88AD35F,Weather Reading,WEATHER_RDNG,FinancialPersonalData,No Financial Personal Data,BIM-core.FinancialPersonalData
D75CC657-B957-4EFE-ADC7-14ECB88AD35F,Weather Reading,WEATHER_RDNG,SensitivePersonalData,No Sensitive Personal Data,BIM-core.SensitivePersonalData
D75CC657-B957-4EFE-ADC7-14ECB88AD35F,Weather Reading,WEATHER_RDNG,DesignStatus,Approved,BIM-core.DesignStatus
D75CC657-B957-4EFE-ADC7-14ECB88AD35F,Weather Reading,WEATHER_RDNG,DataArea,Well Activity,BIM-core.DataArea
D75CC657-B957-4EFE-ADC7-14ECB88AD35F,Weather Reading,WEATHER_RDNG,EnterpriseLevel,Yes,BIM-core.EnterpriseLevel
D75CC657-B957-4EFE-ADC7-14ECB88AD35F,Weather Reading,WEATHER_RDNG,ExchangeId,{755063E6-89E6-4FA0-B945-C7D09838E0D7},BIM-core.ExchangeId
DF73D4CD-6846-4ADC-A1A3-543DB397CB1D,Well,WLL,PD_ObjectID,DF73D4CD-6846-4ADC-A1A3-543DB397CB1D,
DF73D4CD-6846-4ADC-A1A3-543DB397CB1D,Well,WLL,PD_SourceExtraction,46603045,
DF73D4CD-6846-4ADC-A1A3-543DB397CB1D,Well,WLL,PD_SourceModel,SUBSURFACE AND WELLS,
DF73D4CD-6846-4ADC-A1A3-543DB397CB1D,Well,WLL,MTED_EDaM_Entity_Data_Category,<unspecified>,SHL_CDM_EntityPropertyExtension.MTED_EDaM_Entity_Data_Category
DF73D4CD-6846-4ADC-A1A3-543DB397CB1D,Well,WLL,MTED_EDaM_Data_Owner,,SHL_CDM_EntityPropertyExtension.MTED_EDaM_Data_Owner
DF73D4CD-6846-4ADC-A1A3-543DB397CB1D,Well,WLL,MTED_EDaM_Entity_Critical_Data,F,SHL_CDM_EntityPropertyExtension.MTED_EDaM_Entity_Critical_Data
DF73D4CD-6846-4ADC-A1A3-543DB397CB1D,Well,WLL,MTED_EDaM_Entity_Quality_Indication,<unspecified>,SHL_CDM_EntityPropertyExtension.MTED_EDaM_Entity_Quality_Indication
DF73D4CD-6846-4ADC-A1A3-543DB397CB1D,Well,WLL,MTED_EDaM_Entity_Availability_Indication,<unspecified>,SHL_CDM_EntityPropertyExtension.MTED_EDaM_Entity_Availability_Indication
DF73D4CD-6846-4ADC-A1A3-543DB397CB1D,Well,WLL,MTED_EDaM_Security_Classification,Most Confidential,SHL_CDM_EntityPropertyExtension.MTED_EDaM_Security_Classification
DF73D4CD-6846-4ADC-A1A3-543DB397CB1D,Well,WLL,MTED_EDaM_Design_Status,Approved,SHL_CDM_EntityPropertyExtension.MTED_EDaM_Design_Status
DF73D4CD-6846-4ADC-A1A3-543DB397CB1D,Well,WLL,MTED_Version_No,2021.2,SHL_CDM_EntityPropertyExtension.MTED_Version_No
DF73D4CD-6846-4ADC-A1A3-543DB397CB1D,Well,WLL,MTED_EDaM_Version_Date,,SHL_CDM_EntityPropertyExtension.MTED_EDaM_Version_Date
DF73D4CD-6846-4ADC-A1A3-543DB397CB1D,Well,WLL,CSI,false,SHL_CDM_EntityPropertyExtension.CSI
DF73D4CD-6846-4ADC-A1A3-543DB397CB1D,Well,WLL,MTED_EDaM_Business_Critical_Data,false,SHL_CDM_EntityPropertyExtension.MTED_EDaM_Business_Critical_Data
DF73D4CD-6846-4ADC-A1A3-543DB397CB1D,Well,WLL,MTED_Encryption_Required,false,SHL_CDM_EntityPropertyExtension.MTED_Encryption_Required
DF73D4CD-6846-4ADC-A1A3-543DB397CB1D,Well,WLL,PII,false,SHL_CDM_EntityPropertyExtension.PII
DF73D4CD-6846-4ADC-A1A3-543DB397CB1D,Well,WLL,EntityUpdateDate,19/08/2021 Pass 3,SHL_CDM_EntityPropertyExtension.EntityUpdateDate
DF73D4CD-6846-4ADC-A1A3-543DB397CB1D,Well,WLL,Generation,true,SHL_CDM_EntityPropertyExtension.Generation
DF73D4CD-6846-4ADC-A1A3-543DB397CB1D,Well,WLL,CommerciallySensitiveInformation,Commercially Sensitive Information,BIM-core.CommerciallySensitiveInformation
DF73D4CD-6846-4ADC-A1A3-543DB397CB1D,Well,WLL,Criticality,Critical Data,BIM-core.Criticality
DF73D4CD-6846-4ADC-A1A3-543DB397CB1D,Well,WLL,DataCategory,Structured,BIM-core.DataCategory
DF73D4CD-6846-4ADC-A1A3-543DB397CB1D,Well,WLL,DataConfidentiality,Internal,BIM-core.DataConfidentiality
DF73D4CD-6846-4ADC-A1A3-543DB397CB1D,Well,WLL,DesignStatus,Approved,BIM-core.DesignStatus
DF73D4CD-6846-4ADC-A1A3-543DB397CB1D,Well,WLL,EntityCategory,Master,BIM-core.EntityCategory
DF73D4CD-6846-4ADC-A1A3-543DB397CB1D,Well,WLL,EntityPersonalData,No Personal Data,BIM-core.EntityPersonalData
DF73D4CD-6846-4ADC-A1A3-543DB397CB1D,Well,WLL,FinancialPersonalData,No Financial Personal Data,BIM-core.FinancialPersonalData
DF73D4CD-6846-4ADC-A1A3-543DB397CB1D,Well,WLL,SensitivePersonalData,No Sensitive Personal Data,BIM-core.SensitivePersonalData
DF73D4CD-6846-4ADC-A1A3-543DB397CB1D,Well,WLL,DataArea,Well,BIM-core.DataArea
DF73D4CD-6846-4ADC-A1A3-543DB397CB1D,Well,WLL,EnterpriseLevel,Yes,BIM-core.EnterpriseLevel
DF73D4CD-6846-4ADC-A1A3-543DB397CB1D,Well,WLL,ExchangeId,{C4CD296B-3D7E-4D73-A641-210FE869253D},BIM-core.ExchangeId
3634C480-392D-43EA-9A32-165D1D250A76,Facility,FCLTY,PD_ObjectID,3634C480-392D-43EA-9A32-165D1D250A76,
3634C480-392D-43EA-9A32-165D1D250A76,Facility,FCLTY,PD_SourceExtraction,46603045,
3634C480-392D-43EA-9A32-165D1D250A76,Facility,FCLTY,PD_SourceModel,SUBSURFACE AND WELLS,
3634C480-392D-43EA-9A32-165D1D250A76,Facility,FCLTY,MTED_EDaM_Entity_Data_Category,Master,SHL_CDM_EntityPropertyExtension.MTED_EDaM_Entity_Data_Category
3634C480-392D-43EA-9A32-165D1D250A76,Facility,FCLTY,MTED_EDaM_Data_Owner,,SHL_CDM_EntityPropertyExtension.MTED_EDaM_Data_Owner
3634C480-392D-43EA-9A32-165D1D250A76,Facility,FCLTY,MTED_EDaM_Entity_Critical_Data,F,SHL_CDM_EntityPropertyExtension.MTED_EDaM_Entity_Critical_Data
3634C480-392D-43EA-9A32-165D1D250A76,Facility,FCLTY,MTED_EDaM_Entity_Quality_Indication,<unspecified>,SHL_CDM_EntityPropertyExtension.MTED_EDaM_Entity_Quality_Indication
3634C480-392D-43EA-9A32-165D1D250A76,Facility,FCLTY,MTED_EDaM_Entity_Availability_Indication,<unspecified>,SHL_CDM_EntityPropertyExtension.MTED_EDaM_Entity_Availability_Indication
3634C480-392D-43EA-9A32-165D1D250A76,Facility,FCLTY,MTED_EDaM_Security_Classification,Restricted,SHL_CDM_EntityPropertyExtension.MTED_EDaM_Security_Classification
3634C480-392D-43EA-9A32-165D1D250A76,Facility,FCLTY,MTED_EDaM_Design_Status,Approved,SHL_CDM_EntityPropertyExtension.MTED_EDaM_Design_Status
3634C480-392D-43EA-9A32-165D1D250A76,Facility,FCLTY,MTED_Version_No,2021.2,SHL_CDM_EntityPropertyExtension.MTED_Version_No
3634C480-392D-43EA-9A32-165D1D250A76,Facility,FCLTY,MTED_EDaM_Version_Date,,SHL_CDM_EntityPropertyExtension.MTED_EDaM_Version_Date
3634C480-392D-43EA-9A32-165D1D250A76,Facility,FCLTY,CSI,false,SHL_CDM_EntityPropertyExtension.CSI
3634C480-392D-43EA-9A32-165D1D250A76,Facility,FCLTY,MTED_EDaM_Business_Critical_Data,false,SHL_CDM_EntityPropertyExtension.MTED_EDaM_Business_Critical_Data
3634C480-392D-43EA-9A32-165D1D250A76,Facility,FCLTY,MTED_EDaM_Mapping_Level,,SHL_CDM_EntityPropertyExtension.MTED_EDaM_Mapping_Level
3634C480-392D-43EA-9A32-165D1D250A76,Facility,FCLTY,MTED_Encryption_Required,false,SHL_CDM_EntityPropertyExtension.MTED_Encryption_Required
3634C480-392D-43EA-9A32-165D1D250A76,Facility,FCLTY,PII,false,SHL_CDM_EntityPropertyExtension.PII
3634C480-392D-43EA-9A32-165D1D250A76,Facility,FCLTY,EntityUpdateDate,19/08/2021 Pass 3,SHL_CDM_EntityPropertyExtension.EntityUpdateDate
3634C480-392D-43EA-9A32-165D1D250A76,Facility,FCLTY,Generation,true,SHL_CDM_EntityPropertyExtension.Generation
3634C480-392D-43EA-9A32-165D1D250A76,Facility,FCLTY,CommerciallySensitiveInformation,No Commercially Sensitive Information,BIM-core.CommerciallySensitiveInformation
3634C480-392D-43EA-9A32-165D1D250A76,Facility,FCLTY,Criticality,Critical Data,BIM-core.Criticality
3634C480-392D-43EA-9A32-165D1D250A76,Facility,FCLTY,DataCategory,Structured,BIM-core.DataCategory
3634C480-392D-43EA-9A32-165D1D250A76,Facility,FCLTY,DataConfidentiality,Internal,BIM-core.DataConfidentiality
3634C480-392D-43EA-9A32-165D1D250A76,Facility,FCLTY,EntityCategory,Master,BIM-core.EntityCategory
3634C480-392D-43EA-9A32-165D1D250A76,Facility,FCLTY,EntityPersonalData,No Personal Data,BIM-core.EntityPersonalData
3634C480-392D-43EA-9A32-165D1D250A76,Facility,FCLTY,FinancialPersonalData,No Financial Personal Data,BIM-core.FinancialPersonalData
3634C480-392D-43EA-9A32-165D1D250A76,Facility,FCLTY,SensitivePersonalData,No Sensitive Personal Data,BIM-core.SensitivePersonalData
3634C480-392D-43EA-9A32-165D1D250A76,Facility,FCLTY,DesignStatus,Approved,BIM-core.DesignStatus
3634C480-392D-43EA-9A32-165D1D250A76,Facility,FCLTY,DataArea,Facility,BIM-core.DataArea
3634C480-392D-43EA-9A32-165D1D250A76,Facility,FCLTY,EnterpriseLevel,No,BIM-core.EnterpriseLevel
3634C480-392D-43EA-9A32-165D1D250A76,Facility,FCLTY,ExchangeId,{3CA9C276-0F10-4219-BCE4-91B9D07A8169},BIM-core.ExchangeId
24E5B9A3-46A9-4037-8DC5-547ADD7D32CA,Well Activity Measurement,WLL_ACTVTY_MSRMNT,PD_ObjectID,24E5B9A3-46A9-4037-8DC5-547ADD7D32CA,
24E5B9A3-46A9-4037-8DC5-547ADD7D32CA,Well Activity Measurement,WLL_ACTVTY_MSRMNT,PD_SourceExtraction,46603045,
24E5B9A3-46A9-4037-8DC5-547ADD7D32CA,Well Activity Measurement,WLL_ACTVTY_MSRMNT,PD_SourceModel,SUBSURFACE AND WELLS,
24E5B9A3-46A9-4037-8DC5-547ADD7D32CA,Well Activity Measurement,WLL_ACTVTY_MSRMNT,EntityUpdateDate,19/08/2021 Pass 3,SHL_CDM_EntityPropertyExtension.EntityUpdateDate
24E5B9A3-46A9-4037-8DC5-547ADD7D32CA,Well Activity Measurement,WLL_ACTVTY_MSRMNT,CommerciallySensitiveInformation,No Commercially Sensitive Information,BIM-core.CommerciallySensitiveInformation
24E5B9A3-46A9-4037-8DC5-547ADD7D32CA,Well Activity Measurement,WLL_ACTVTY_MSRMNT,Criticality,No Critical Data,BIM-core.Criticality
24E5B9A3-46A9-4037-8DC5-547ADD7D32CA,Well Activity Measurement,WLL_ACTVTY_MSRMNT,DataCategory,Structured,BIM-core.DataCategory
24E5B9A3-46A9-4037-8DC5-547ADD7D32CA,Well Activity Measurement,WLL_ACTVTY_MSRMNT,DataConfidentiality,Internal,BIM-core.DataConfidentiality
24E5B9A3-46A9-4037-8DC5-547ADD7D32CA,Well Activity Measurement,WLL_ACTVTY_MSRMNT,DesignStatus,Approved,BIM-core.DesignStatus
24E5B9A3-46A9-4037-8DC5-547ADD7D32CA,Well Activity Measurement,WLL_ACTVTY_MSRMNT,EntityCategory,Transaction,BIM-core.EntityCategory
24E5B9A3-46A9-4037-8DC5-547ADD7D32CA,Well Activity Measurement,WLL_ACTVTY_MSRMNT,EntityPersonalData,No Personal Data,BIM-core.EntityPersonalData
24E5B9A3-46A9-4037-8DC5-547ADD7D32CA,Well Activity Measurement,WLL_ACTVTY_MSRMNT,FinancialPersonalData,No Financial Personal Data,BIM-core.FinancialPersonalData
24E5B9A3-46A9-4037-8DC5-547ADD7D32CA,Well Activity Measurement,WLL_ACTVTY_MSRMNT,SensitivePersonalData,No Sensitive Personal Data,BIM-core.SensitivePersonalData
24E5B9A3-46A9-4037-8DC5-547ADD7D32CA,Well Activity Measurement,WLL_ACTVTY_MSRMNT,DataArea,Well Activity,BIM-core.DataArea
24E5B9A3-46A9-4037-8DC5-547ADD7D32CA,Well Activity Measurement,WLL_ACTVTY_MSRMNT,EnterpriseLevel,Yes,BIM-core.EnterpriseLevel
24E5B9A3-46A9-4037-8DC5-547ADD7D32CA,Well Activity Measurement,WLL_ACTVTY_MSRMNT,ExchangeId,{300900A2-E79B-4711-B258-166E5927CF71},BIM-core.ExchangeId
BCE78017-F17B-49D3-8625-8BE13DE17D72,Well Assembly Structures,WLL_ASSMBLY_STRCTRS,PD_ObjectID,BCE78017-F17B-49D3-8625-8BE13DE17D72,
BCE78017-F17B-49D3-8625-8BE13DE17D72,Well Assembly Structures,WLL_ASSMBLY_STRCTRS,PD_SourceExtraction,46603045,
BCE78017-F17B-49D3-8625-8BE13DE17D72,Well Assembly Structures,WLL_ASSMBLY_STRCTRS,PD_SourceModel,SUBSURFACE AND WELLS,
BCE78017-F17B-49D3-8625-8BE13DE17D72,Well Assembly Structures,WLL_ASSMBLY_STRCTRS,MTED_EDaM_Entity_Data_Category,<unspecified>,SHL_CDM_EntityPropertyExtension.MTED_EDaM_Entity_Data_Category
BCE78017-F17B-49D3-8625-8BE13DE17D72,Well Assembly Structures,WLL_ASSMBLY_STRCTRS,MTED_EDaM_Data_Owner,,SHL_CDM_EntityPropertyExtension.MTED_EDaM_Data_Owner
BCE78017-F17B-49D3-8625-8BE13DE17D72,Well Assembly Structures,WLL_ASSMBLY_STRCTRS,MTED_EDaM_Entity_Critical_Data,F,SHL_CDM_EntityPropertyExtension.MTED_EDaM_Entity_Critical_Data
BCE78017-F17B-49D3-8625-8BE13DE17D72,Well Assembly Structures,WLL_ASSMBLY_STRCTRS,MTED_EDaM_Entity_Quality_Indication,<unspecified>,SHL_CDM_EntityPropertyExtension.MTED_EDaM_Entity_Quality_Indication
BCE78017-F17B-49D3-8625-8BE13DE17D72,Well Assembly Structures,WLL_ASSMBLY_STRCTRS,MTED_EDaM_Entity_Availability_Indication,<unspecified>,SHL_CDM_EntityPropertyExtension.MTED_EDaM_Entity_Availability_Indication
BCE78017-F17B-49D3-8625-8BE13DE17D72,Well Assembly Structures,WLL_ASSMBLY_STRCTRS,MTED_EDaM_Security_Classification,Most Confidential,SHL_CDM_EntityPropertyExtension.MTED_EDaM_Security_Classification
BCE78017-F17B-49D3-8625-8BE13DE17D72,Well Assembly Structures,WLL_ASSMBLY_STRCTRS,MTED_EDaM_Design_Status,Approved,SHL_CDM_EntityPropertyExtension.MTED_EDaM_Design_Status
BCE78017-F17B-49D3-8625-8BE13DE17D72,Well Assembly Structures,WLL_ASSMBLY_STRCTRS,MTED_Version_No,2021.2,SHL_CDM_EntityPropertyExtension.MTED_Version_No
BCE78017-F17B-49D3-8625-8BE13DE17D72,Well Assembly Structures,WLL_ASSMBLY_STRCTRS,MTED_EDaM_Version_Date,1/3/2019,SHL_CDM_EntityPropertyExtension.MTED_EDaM_Version_Date
BCE78017-F17B-49D3-8625-8BE13DE17D72,Well Assembly Structures,WLL_ASSMBLY_STRCTRS,EntityUpdateDate,19/08/2021 Pass 3,SHL_CDM_EntityPropertyExtension.EntityUpdateDate
BCE78017-F17B-49D3-8625-8BE13DE17D72,Well Assembly Structures,WLL_ASSMBLY_STRCTRS,CSI,false,SHL_CDM_EntityPropertyExtension.CSI
BCE78017-F17B-49D3-8625-8BE13DE17D72,Well Assembly Structures,WLL_ASSMBLY_STRCTRS,MTED_EDaM_Business_Critical_Data,false,SHL_CDM_EntityPropertyExtension.MTED_EDaM_Business_Critical_Data
BCE78017-F17B-49D3-8625-8BE13DE17D72,Well Assembly Structures,WLL_ASSMBLY_STRCTRS,MTED_Encryption_Required,false,SHL_CDM_EntityPropertyExtension.MTED_Encryption_Required
BCE78017-F17B-49D3-8625-8BE13DE17D72,Well Assembly Structures,WLL_ASSMBLY_STRCTRS,PII,false,SHL_CDM_EntityPropertyExtension.PII
BCE78017-F17B-49D3-8625-8BE13DE17D72,Well Assembly Structures,WLL_ASSMBLY_STRCTRS,Generation,true,SHL_CDM_EntityPropertyExtension.Generation
BCE78017-F17B-49D3-8625-8BE13DE17D72,Well Assembly Structures,WLL_ASSMBLY_STRCTRS,CommerciallySensitiveInformation,No Commercially Sensitive Information,BIM-core.CommerciallySensitiveInformation
BCE78017-F17B-49D3-8625-8BE13DE17D72,Well Assembly Structures,WLL_ASSMBLY_STRCTRS,Criticality,No Critical Data,BIM-core.Criticality
BCE78017-F17B-49D3-8625-8BE13DE17D72,Well Assembly Structures,WLL_ASSMBLY_STRCTRS,DataCategory,Structured,BIM-core.DataCategory
BCE78017-F17B-49D3-8625-8BE13DE17D72,Well Assembly Structures,WLL_ASSMBLY_STRCTRS,DataConfidentiality,Internal,BIM-core.DataConfidentiality
BCE78017-F17B-49D3-8625-8BE13DE17D72,Well Assembly Structures,WLL_ASSMBLY_STRCTRS,DesignStatus,Approved,BIM-core.DesignStatus
BCE78017-F17B-49D3-8625-8BE13DE17D72,Well Assembly Structures,WLL_ASSMBLY_STRCTRS,EntityCategory,Master,BIM-core.EntityCategory
BCE78017-F17B-49D3-8625-8BE13DE17D72,Well Assembly Structures,WLL_ASSMBLY_STRCTRS,EntityPersonalData,No Personal Data,BIM-core.EntityPersonalData
BCE78017-F17B-49D3-8625-8BE13DE17D72,Well Assembly Structures,WLL_ASSMBLY_STRCTRS,FinancialPersonalData,No Financial Personal Data,BIM-core.FinancialPersonalData
BCE78017-F17B-49D3-8625-8BE13DE17D72,Well Assembly Structures,WLL_ASSMBLY_STRCTRS,SensitivePersonalData,No Sensitive Personal Data,BIM-core.SensitivePersonalData
BCE78017-F17B-49D3-8625-8BE13DE17D72,Well Assembly Structures,WLL_ASSMBLY_STRCTRS,DataArea,Well,BIM-core.DataArea
BCE78017-F17B-49D3-8625-8BE13DE17D72,Well Assembly Structures,WLL_ASSMBLY_STRCTRS,EnterpriseLevel,Yes,BIM-core.EnterpriseLevel
BCE78017-F17B-49D3-8625-8BE13DE17D72,Well Assembly Structures,WLL_ASSMBLY_STRCTRS,ExchangeId,{57B5E0A4-0F82-46EA-BFCE-69D5AF832EFF},BIM-core.ExchangeId
96E13291-F350-4F0F-9F7F-54882C346C58,Well Key Parameter,WLL_KY_PRMTR,PD_ObjectID,96E13291-F350-4F0F-9F7F-54882C346C58,
96E13291-F350-4F0F-9F7F-54882C346C58,Well Key Parameter,WLL_KY_PRMTR,PD_SourceExtraction,46603045,
96E13291-F350-4F0F-9F7F-54882C346C58,Well Key Parameter,WLL_KY_PRMTR,PD_SourceModel,SUBSURFACE AND WELLS,
96E13291-F350-4F0F-9F7F-54882C346C58,Well Key Parameter,WLL_KY_PRMTR,CSI,false,SHL_CDM_EntityPropertyExtension.CSI
96E13291-F350-4F0F-9F7F-54882C346C58,Well Key Parameter,WLL_KY_PRMTR,EntityUpdateDate,19/08/2021 Pass 3,SHL_CDM_EntityPropertyExtension.EntityUpdateDate
96E13291-F350-4F0F-9F7F-54882C346C58,Well Key Parameter,WLL_KY_PRMTR,MTED_EDaM_Business_Critical_Data,false,SHL_CDM_EntityPropertyExtension.MTED_EDaM_Business_Critical_Data
96E13291-F350-4F0F-9F7F-54882C346C58,Well Key Parameter,WLL_KY_PRMTR,MTED_Encryption_Required,false,SHL_CDM_EntityPropertyExtension.MTED_Encryption_Required
96E13291-F350-4F0F-9F7F-54882C346C58,Well Key Parameter,WLL_KY_PRMTR,PII,false,SHL_CDM_EntityPropertyExtension.PII
96E13291-F350-4F0F-9F7F-54882C346C58,Well Key Parameter,WLL_KY_PRMTR,Generation,true,SHL_CDM_EntityPropertyExtension.Generation
96E13291-F350-4F0F-9F7F-54882C346C58,Well Key Parameter,WLL_KY_PRMTR,MTED_EDaM_Design_Status,Approved,SHL_CDM_EntityPropertyExtension.MTED_EDaM_Design_Status
96E13291-F350-4F0F-9F7F-54882C346C58,Well Key Parameter,WLL_KY_PRMTR,MTED_Version_No,2021.2,SHL_CDM_EntityPropertyExtension.MTED_Version_No
96E13291-F350-4F0F-9F7F-54882C346C58,Well Key Parameter,WLL_KY_PRMTR,CommerciallySensitiveInformation,No Commercially Sensitive Information,BIM-core.CommerciallySensitiveInformation
96E13291-F350-4F0F-9F7F-54882C346C58,Well Key Parameter,WLL_KY_PRMTR,Criticality,No Critical Data,BIM-core.Criticality
96E13291-F350-4F0F-9F7F-54882C346C58,Well Key Parameter,WLL_KY_PRMTR,DataCategory,Structured,BIM-core.DataCategory
96E13291-F350-4F0F-9F7F-54882C346C58,Well Key Parameter,WLL_KY_PRMTR,DataConfidentiality,Internal,BIM-core.DataConfidentiality
96E13291-F350-4F0F-9F7F-54882C346C58,Well Key Parameter,WLL_KY_PRMTR,DesignStatus,Approved,BIM-core.DesignStatus
96E13291-F350-4F0F-9F7F-54882C346C58,Well Key Parameter,WLL_KY_PRMTR,EntityCategory,Master,BIM-core.EntityCategory
96E13291-F350-4F0F-9F7F-54882C346C58,Well Key Parameter,WLL_KY_PRMTR,EntityPersonalData,No Personal Data,BIM-core.EntityPersonalData
96E13291-F350-4F0F-9F7F-54882C346C58,Well Key Parameter,WLL_KY_PRMTR,FinancialPersonalData,No Financial Personal Data,BIM-core.FinancialPersonalData
96E13291-F350-4F0F-9F7F-54882C346C58,Well Key Parameter,WLL_KY_PRMTR,SensitivePersonalData,No Sensitive Personal Data,BIM-core.SensitivePersonalData
96E13291-F350-4F0F-9F7F-54882C346C58,Well Key Parameter,WLL_KY_PRMTR,DataArea,Project Activity Study Lifecycle,BIM-core.DataArea
96E13291-F350-4F0F-9F7F-54882C346C58,Well Key Parameter,WLL_KY_PRMTR,EnterpriseLevel,Yes,BIM-core.EnterpriseLevel
96E13291-F350-4F0F-9F7F-54882C346C58,Well Key Parameter,WLL_KY_PRMTR,ExchangeId,{E67ABC5F-119D-4EBF-8571-CE78FC0CB6C4},BIM-core.ExchangeId
888B63CC-BD1F-4EFD-97C5-C48EEBF1A455,Well Log,WLL_LG,PD_ObjectID,888B63CC-BD1F-4EFD-97C5-C48EEBF1A455,
888B63CC-BD1F-4EFD-97C5-C48EEBF1A455,Well Log,WLL_LG,PD_SourceExtraction,46603045,
888B63CC-BD1F-4EFD-97C5-C48EEBF1A455,Well Log,WLL_LG,PD_SourceModel,SUBSURFACE AND WELLS,
888B63CC-BD1F-4EFD-97C5-C48EEBF1A455,Well Log,WLL_LG,CSI,false,SHL_CDM_EntityPropertyExtension.CSI
888B63CC-BD1F-4EFD-97C5-C48EEBF1A455,Well Log,WLL_LG,EntityUpdateDate,19/08/2021 Pass 3,SHL_CDM_EntityPropertyExtension.EntityUpdateDate
888B63CC-BD1F-4EFD-97C5-C48EEBF1A455,Well Log,WLL_LG,MTED_EDaM_Business_Critical_Data,false,SHL_CDM_EntityPropertyExtension.MTED_EDaM_Business_Critical_Data
888B63CC-BD1F-4EFD-97C5-C48EEBF1A455,Well Log,WLL_LG,MTED_Encryption_Required,false,SHL_CDM_EntityPropertyExtension.MTED_Encryption_Required
888B63CC-BD1F-4EFD-97C5-C48EEBF1A455,Well Log,WLL_LG,PII,false,SHL_CDM_EntityPropertyExtension.PII
888B63CC-BD1F-4EFD-97C5-C48EEBF1A455,Well Log,WLL_LG,Generation,true,SHL_CDM_EntityPropertyExtension.Generation
888B63CC-BD1F-4EFD-97C5-C48EEBF1A455,Well Log,WLL_LG,MTED_EDaM_Design_Status,Approved,SHL_CDM_EntityPropertyExtension.MTED_EDaM_Design_Status
888B63CC-BD1F-4EFD-97C5-C48EEBF1A455,Well Log,WLL_LG,MTED_Version_No,2021.2,SHL_CDM_EntityPropertyExtension.MTED_Version_No
888B63CC-BD1F-4EFD-97C5-C48EEBF1A455,Well Log,WLL_LG,CommerciallySensitiveInformation,No Commercially Sensitive Information,BIM-core.CommerciallySensitiveInformation
888B63CC-BD1F-4EFD-97C5-C48EEBF1A455,Well Log,WLL_LG,Criticality,No Critical Data,BIM-core.Criticality
888B63CC-BD1F-4EFD-97C5-C48EEBF1A455,Well Log,WLL_LG,DataCategory,Structured,BIM-core.DataCategory
888B63CC-BD1F-4EFD-97C5-C48EEBF1A455,Well Log,WLL_LG,DataConfidentiality,Internal,BIM-core.DataConfidentiality
888B63CC-BD1F-4EFD-97C5-C48EEBF1A455,Well Log,WLL_LG,DesignStatus,Approved,BIM-core.DesignStatus
888B63CC-BD1F-4EFD-97C5-C48EEBF1A455,Well Log,WLL_LG,EntityCategory,Transaction,BIM-core.EntityCategory
888B63CC-BD1F-4EFD-97C5-C48EEBF1A455,Well Log,WLL_LG,EntityPersonalData,No Personal Data,BIM-core.EntityPersonalData
888B63CC-BD1F-4EFD-97C5-C48EEBF1A455,Well Log,WLL_LG,FinancialPersonalData,No Financial Personal Data,BIM-core.FinancialPersonalData
888B63CC-BD1F-4EFD-97C5-C48EEBF1A455,Well Log,WLL_LG,SensitivePersonalData,No Sensitive Personal Data,BIM-core.SensitivePersonalData
888B63CC-BD1F-4EFD-97C5-C48EEBF1A455,Well Log,WLL_LG,DataArea,Reservoir,BIM-core.DataArea
888B63CC-BD1F-4EFD-97C5-C48EEBF1A455,Well Log,WLL_LG,EnterpriseLevel,Yes,BIM-core.EnterpriseLevel
888B63CC-BD1F-4EFD-97C5-C48EEBF1A455,Well Log,WLL_LG,ExchangeId,{D91BF185-13E1-411F-AB07-B873923CB15D},BIM-core.ExchangeId
945C1365-44E6-4291-A2CB-193B50AEEB2E,Well Planning Designing,WLL_PLNNNG_DSGNNG,PD_ObjectID,945C1365-44E6-4291-A2CB-193B50AEEB2E,
945C1365-44E6-4291-A2CB-193B50AEEB2E,Well Planning Designing,WLL_PLNNNG_DSGNNG,PD_SourceExtraction,46603045,
945C1365-44E6-4291-A2CB-193B50AEEB2E,Well Planning Designing,WLL_PLNNNG_DSGNNG,PD_SourceModel,SUBSURFACE AND WELLS,
945C1365-44E6-4291-A2CB-193B50AEEB2E,Well Planning Designing,WLL_PLNNNG_DSGNNG,EntityUpdateDate,19/08/2021 Pass 3,SHL_CDM_EntityPropertyExtension.EntityUpdateDate
945C1365-44E6-4291-A2CB-193B50AEEB2E,Well Planning Designing,WLL_PLNNNG_DSGNNG,CommerciallySensitiveInformation,No Commercially Sensitive Information,BIM-core.CommerciallySensitiveInformation
945C1365-44E6-4291-A2CB-193B50AEEB2E,Well Planning Designing,WLL_PLNNNG_DSGNNG,Criticality,No Critical Data,BIM-core.Criticality
945C1365-44E6-4291-A2CB-193B50AEEB2E,Well Planning Designing,WLL_PLNNNG_DSGNNG,DataCategory,Structured,BIM-core.DataCategory
945C1365-44E6-4291-A2CB-193B50AEEB2E,Well Planning Designing,WLL_PLNNNG_DSGNNG,DataConfidentiality,Internal,BIM-core.DataConfidentiality
945C1365-44E6-4291-A2CB-193B50AEEB2E,Well Planning Designing,WLL_PLNNNG_DSGNNG,DesignStatus,Approved,BIM-core.DesignStatus
945C1365-44E6-4291-A2CB-193B50AEEB2E,Well Planning Designing,WLL_PLNNNG_DSGNNG,EntityCategory,Transaction,BIM-core.EntityCategory
945C1365-44E6-4291-A2CB-193B50AEEB2E,Well Planning Designing,WLL_PLNNNG_DSGNNG,EntityPersonalData,No Personal Data,BIM-core.EntityPersonalData
945C1365-44E6-4291-A2CB-193B50AEEB2E,Well Planning Designing,WLL_PLNNNG_DSGNNG,FinancialPersonalData,No Financial Personal Data,BIM-core.FinancialPersonalData
945C1365-44E6-4291-A2CB-193B50AEEB2E,Well Planning Designing,WLL_PLNNNG_DSGNNG,SensitivePersonalData,No Sensitive Personal Data,BIM-core.SensitivePersonalData
945C1365-44E6-4291-A2CB-193B50AEEB2E,Well Planning Designing,WLL_PLNNNG_DSGNNG,DataArea,Well Activity,BIM-core.DataArea
945C1365-44E6-4291-A2CB-193B50AEEB2E,Well Planning Designing,WLL_PLNNNG_DSGNNG,EnterpriseLevel,Yes,BIM-core.EnterpriseLevel
945C1365-44E6-4291-A2CB-193B50AEEB2E,Well Planning Designing,WLL_PLNNNG_DSGNNG,ExchangeId,{017C2755-396A-4DC8-A72F-27191843D7A3},BIM-core.ExchangeId
1632289D-A162-418B-BE94-4D32A829F586,Well Status,WLL_STTS,PD_ObjectID,1632289D-A162-418B-BE94-4D32A829F586,
1632289D-A162-418B-BE94-4D32A829F586,Well Status,WLL_STTS,PD_SourceExtraction,46603045,
1632289D-A162-418B-BE94-4D32A829F586,Well Status,WLL_STTS,PD_SourceModel,SUBSURFACE AND WELLS,
1632289D-A162-418B-BE94-4D32A829F586,Well Status,WLL_STTS,EntityUpdateDate,19/08/2021 Pass 3,SHL_CDM_EntityPropertyExtension.EntityUpdateDate
1632289D-A162-418B-BE94-4D32A829F586,Well Status,WLL_STTS,CommerciallySensitiveInformation,No Commercially Sensitive Information,BIM-core.CommerciallySensitiveInformation
1632289D-A162-418B-BE94-4D32A829F586,Well Status,WLL_STTS,Criticality,No Critical Data,BIM-core.Criticality
1632289D-A162-418B-BE94-4D32A829F586,Well Status,WLL_STTS,DataCategory,Structured,BIM-core.DataCategory
1632289D-A162-418B-BE94-4D32A829F586,Well Status,WLL_STTS,DataConfidentiality,Internal,BIM-core.DataConfidentiality
1632289D-A162-418B-BE94-4D32A829F586,Well Status,WLL_STTS,DesignStatus,Approved,BIM-core.DesignStatus
1632289D-A162-418B-BE94-4D32A829F586,Well Status,WLL_STTS,EntityCategory,Internal Reference,BIM-core.EntityCategory
1632289D-A162-418B-BE94-4D32A829F586,Well Status,WLL_STTS,EntityPersonalData,No Personal Data,BIM-core.EntityPersonalData
1632289D-A162-418B-BE94-4D32A829F586,Well Status,WLL_STTS,FinancialPersonalData,No Financial Personal Data,BIM-core.FinancialPersonalData
1632289D-A162-418B-BE94-4D32A829F586,Well Status,WLL_STTS,SensitivePersonalData,No Sensitive Personal Data,BIM-core.SensitivePersonalData
1632289D-A162-418B-BE94-4D32A829F586,Well Status,WLL_STTS,DataArea,Well,BIM-core.DataArea
1632289D-A162-418B-BE94-4D32A829F586,Well Status,WLL_STTS,EnterpriseLevel,Yes,BIM-core.EnterpriseLevel
1632289D-A162-418B-BE94-4D32A829F586,Well Status,WLL_STTS,ExchangeId,{20568363-7B1C-456A-AADE-AAFB5415C15C},BIM-core.ExchangeId
F17B39B4-F637-45D4-972F-8BB67174E2A2,Wellbore,WLLBR,PD_ObjectID,F17B39B4-F637-45D4-972F-8BB67174E2A2,
F17B39B4-F637-45D4-972F-8BB67174E2A2,Wellbore,WLLBR,PD_SourceExtraction,46603045,
F17B39B4-F637-45D4-972F-8BB67174E2A2,Wellbore,WLLBR,PD_SourceModel,SUBSURFACE AND WELLS,
F17B39B4-F637-45D4-972F-8BB67174E2A2,Wellbore,WLLBR,MTED_EDaM_Entity_Data_Category,<unspecified>,SHL_CDM_EntityPropertyExtension.MTED_EDaM_Entity_Data_Category
F17B39B4-F637-45D4-972F-8BB67174E2A2,Wellbore,WLLBR,MTED_EDaM_Data_Owner,,SHL_CDM_EntityPropertyExtension.MTED_EDaM_Data_Owner
F17B39B4-F637-45D4-972F-8BB67174E2A2,Wellbore,WLLBR,MTED_EDaM_Entity_Critical_Data,F,SHL_CDM_EntityPropertyExtension.MTED_EDaM_Entity_Critical_Data
F17B39B4-F637-45D4-972F-8BB67174E2A2,Wellbore,WLLBR,MTED_EDaM_Entity_Quality_Indication,<unspecified>,SHL_CDM_EntityPropertyExtension.MTED_EDaM_Entity_Quality_Indication
F17B39B4-F637-45D4-972F-8BB67174E2A2,Wellbore,WLLBR,MTED_EDaM_Entity_Availability_Indication,<unspecified>,SHL_CDM_EntityPropertyExtension.MTED_EDaM_Entity_Availability_Indication
F17B39B4-F637-45D4-972F-8BB67174E2A2,Wellbore,WLLBR,MTED_EDaM_Security_Classification,Most Confidential,SHL_CDM_EntityPropertyExtension.MTED_EDaM_Security_Classification
F17B39B4-F637-45D4-972F-8BB67174E2A2,Wellbore,WLLBR,MTED_EDaM_Design_Status,Approved,SHL_CDM_EntityPropertyExtension.MTED_EDaM_Design_Status
F17B39B4-F637-45D4-972F-8BB67174E2A2,Wellbore,WLLBR,MTED_Version_No,2021.2,SHL_CDM_EntityPropertyExtension.MTED_Version_No
F17B39B4-F637-45D4-972F-8BB67174E2A2,Wellbore,WLLBR,MTED_EDaM_Version_Date,,SHL_CDM_EntityPropertyExtension.MTED_EDaM_Version_Date
F17B39B4-F637-45D4-972F-8BB67174E2A2,Wellbore,WLLBR,CSI,false,SHL_CDM_EntityPropertyExtension.CSI
F17B39B4-F637-45D4-972F-8BB67174E2A2,Wellbore,WLLBR,MTED_EDaM_Business_Critical_Data,false,SHL_CDM_EntityPropertyExtension.MTED_EDaM_Business_Critical_Data
F17B39B4-F637-45D4-972F-8BB67174E2A2,Wellbore,WLLBR,MTED_Encryption_Required,false,SHL_CDM_EntityPropertyExtension.MTED_Encryption_Required
F17B39B4-F637-45D4-972F-8BB67174E2A2,Wellbore,WLLBR,PII,false,SHL_CDM_EntityPropertyExtension.PII
F17B39B4-F637-45D4-972F-8BB67174E2A2,Wellbore,WLLBR,EntityUpdateDate,19/08/2021 Pass 3,SHL_CDM_EntityPropertyExtension.EntityUpdateDate
F17B39B4-F637-45D4-972F-8BB67174E2A2,Wellbore,WLLBR,Generation,true,SHL_CDM_EntityPropertyExtension.Generation
F17B39B4-F637-45D4-972F-8BB67174E2A2,Wellbore,WLLBR,CommerciallySensitiveInformation,Commercially Sensitive Information,BIM-core.CommerciallySensitiveInformation
F17B39B4-F637-45D4-972F-8BB67174E2A2,Wellbore,WLLBR,Criticality,Critical Data,BIM-core.Criticality
F17B39B4-F637-45D4-972F-8BB67174E2A2,Wellbore,WLLBR,DataCategory,Structured,BIM-core.DataCategory
F17B39B4-F637-45D4-972F-8BB67174E2A2,Wellbore,WLLBR,DataConfidentiality,Internal,BIM-core.DataConfidentiality
F17B39B4-F637-45D4-972F-8BB67174E2A2,Wellbore,WLLBR,DesignStatus,Approved,BIM-core.DesignStatus
F17B39B4-F637-45D4-972F-8BB67174E2A2,Wellbore,WLLBR,EntityCategory,Master,BIM-core.EntityCategory
F17B39B4-F637-45D4-972F-8BB67174E2A2,Wellbore,WLLBR,EntityPersonalData,No Personal Data,BIM-core.EntityPersonalData
F17B39B4-F637-45D4-972F-8BB67174E2A2,Wellbore,WLLBR,FinancialPersonalData,No Financial Personal Data,BIM-core.FinancialPersonalData
F17B39B4-F637-45D4-972F-8BB67174E2A2,Wellbore,WLLBR,SensitivePersonalData,No Sensitive Personal Data,BIM-core.SensitivePersonalData
F17B39B4-F637-45D4-972F-8BB67174E2A2,Wellbore,WLLBR,DataArea,Well,BIM-core.DataArea
F17B39B4-F637-45D4-972F-8BB67174E2A2,Wellbore,WLLBR,EnterpriseLevel,Yes,BIM-core.EnterpriseLevel
F17B39B4-F637-45D4-972F-8BB67174E2A2,Wellbore,WLLBR,ExchangeId,{34CE83AC-C7AC-4C01-BE38-31B12230C23D},BIM-core.ExchangeId
11697AF7-C26A-4FE9-AD64-11C41E30F9B6,Wellbore Assembly,WLLBR_ASSMBLY,PD_ObjectID,11697AF7-C26A-4FE9-AD64-11C41E30F9B6,
11697AF7-C26A-4FE9-AD64-11C41E30F9B6,Wellbore Assembly,WLLBR_ASSMBLY,PD_SourceExtraction,46603045,
11697AF7-C26A-4FE9-AD64-11C41E30F9B6,Wellbore Assembly,WLLBR_ASSMBLY,PD_SourceModel,SUBSURFACE AND WELLS,
11697AF7-C26A-4FE9-AD64-11C41E30F9B6,Wellbore Assembly,WLLBR_ASSMBLY,MTED_EDaM_Entity_Data_Category,<unspecified>,SHL_CDM_EntityPropertyExtension.MTED_EDaM_Entity_Data_Category
11697AF7-C26A-4FE9-AD64-11C41E30F9B6,Wellbore Assembly,WLLBR_ASSMBLY,MTED_EDaM_Data_Owner,,SHL_CDM_EntityPropertyExtension.MTED_EDaM_Data_Owner
11697AF7-C26A-4FE9-AD64-11C41E30F9B6,Wellbore Assembly,WLLBR_ASSMBLY,MTED_EDaM_Entity_Critical_Data,F,SHL_CDM_EntityPropertyExtension.MTED_EDaM_Entity_Critical_Data
11697AF7-C26A-4FE9-AD64-11C41E30F9B6,Wellbore Assembly,WLLBR_ASSMBLY,MTED_EDaM_Entity_Quality_Indication,<unspecified>,SHL_CDM_EntityPropertyExtension.MTED_EDaM_Entity_Quality_Indication
11697AF7-C26A-4FE9-AD64-11C41E30F9B6,Wellbore Assembly,WLLBR_ASSMBLY,MTED_EDaM_Entity_Availability_Indication,<unspecified>,SHL_CDM_EntityPropertyExtension.MTED_EDaM_Entity_Availability_Indication
11697AF7-C26A-4FE9-AD64-11C41E30F9B6,Wellbore Assembly,WLLBR_ASSMBLY,MTED_EDaM_Security_Classification,Most Confidential,SHL_CDM_EntityPropertyExtension.MTED_EDaM_Security_Classification
11697AF7-C26A-4FE9-AD64-11C41E30F9B6,Wellbore Assembly,WLLBR_ASSMBLY,MTED_EDaM_Design_Status,Approved,SHL_CDM_EntityPropertyExtension.MTED_EDaM_Design_Status
11697AF7-C26A-4FE9-AD64-11C41E30F9B6,Wellbore Assembly,WLLBR_ASSMBLY,MTED_Version_No,2021.2,SHL_CDM_EntityPropertyExtension.MTED_Version_No
11697AF7-C26A-4FE9-AD64-11C41E30F9B6,Wellbore Assembly,WLLBR_ASSMBLY,MTED_EDaM_Version_Date,,SHL_CDM_EntityPropertyExtension.MTED_EDaM_Version_Date
11697AF7-C26A-4FE9-AD64-11C41E30F9B6,Wellbore Assembly,WLLBR_ASSMBLY,CSI,false,SHL_CDM_EntityPropertyExtension.CSI
11697AF7-C26A-4FE9-AD64-11C41E30F9B6,Wellbore Assembly,WLLBR_ASSMBLY,MTED_EDaM_Business_Critical_Data,false,SHL_CDM_EntityPropertyExtension.MTED_EDaM_Business_Critical_Data
11697AF7-C26A-4FE9-AD64-11C41E30F9B6,Wellbore Assembly,WLLBR_ASSMBLY,MTED_Encryption_Required,false,SHL_CDM_EntityPropertyExtension.MTED_Encryption_Required
11697AF7-C26A-4FE9-AD64-11C41E30F9B6,Wellbore Assembly,WLLBR_ASSMBLY,PII,false,SHL_CDM_EntityPropertyExtension.PII
11697AF7-C26A-4FE9-AD64-11C41E30F9B6,Wellbore Assembly,WLLBR_ASSMBLY,EntityUpdateDate,19/08/2021 Pass 3,SHL_CDM_EntityPropertyExtension.EntityUpdateDate
11697AF7-C26A-4FE9-AD64-11C41E30F9B6,Wellbore Assembly,WLLBR_ASSMBLY,Generation,true,SHL_CDM_EntityPropertyExtension.Generation
11697AF7-C26A-4FE9-AD64-11C41E30F9B6,Wellbore Assembly,WLLBR_ASSMBLY,CommerciallySensitiveInformation,No Commercially Sensitive Information,BIM-core.CommerciallySensitiveInformation
11697AF7-C26A-4FE9-AD64-11C41E30F9B6,Wellbore Assembly,WLLBR_ASSMBLY,Criticality,No Critical Data,BIM-core.Criticality
11697AF7-C26A-4FE9-AD64-11C41E30F9B6,Wellbore Assembly,WLLBR_ASSMBLY,DataCategory,Structured,BIM-core.DataCategory
11697AF7-C26A-4FE9-AD64-11C41E30F9B6,Wellbore Assembly,WLLBR_ASSMBLY,DataConfidentiality,Internal,BIM-core.DataConfidentiality
11697AF7-C26A-4FE9-AD64-11C41E30F9B6,Wellbore Assembly,WLLBR_ASSMBLY,DesignStatus,Approved,BIM-core.DesignStatus
11697AF7-C26A-4FE9-AD64-11C41E30F9B6,Wellbore Assembly,WLLBR_ASSMBLY,EntityCategory,Master,BIM-core.EntityCategory
11697AF7-C26A-4FE9-AD64-11C41E30F9B6,Wellbore Assembly,WLLBR_ASSMBLY,EntityPersonalData,No Personal Data,BIM-core.EntityPersonalData
11697AF7-C26A-4FE9-AD64-11C41E30F9B6,Wellbore Assembly,WLLBR_ASSMBLY,FinancialPersonalData,No Financial Personal Data,BIM-core.FinancialPersonalData
11697AF7-C26A-4FE9-AD64-11C41E30F9B6,Wellbore Assembly,WLLBR_ASSMBLY,SensitivePersonalData,No Sensitive Personal Data,BIM-core.SensitivePersonalData
11697AF7-C26A-4FE9-AD64-11C41E30F9B6,Wellbore Assembly,WLLBR_ASSMBLY,DataArea,Well,BIM-core.DataArea
11697AF7-C26A-4FE9-AD64-11C41E30F9B6,Wellbore Assembly,WLLBR_ASSMBLY,EnterpriseLevel,Yes,BIM-core.EnterpriseLevel
11697AF7-C26A-4FE9-AD64-11C41E30F9B6,Wellbore Assembly,WLLBR_ASSMBLY,ExchangeId,{9E84C790-96A7-4362-96FA-5C8617E6FC83},BIM-core.ExchangeId
A8FFDDC9-1A2F-415B-B12D-08E2EC7A070F,Wellbore Assembly Holdup Depth,WLLBR_ASSMBLY_HOLDUP_DPTH,PD_ObjectID,A8FFDDC9-1A2F-415B-B12D-08E2EC7A070F,
A8FFDDC9-1A2F-415B-B12D-08E2EC7A070F,Wellbore Assembly Holdup Depth,WLLBR_ASSMBLY_HOLDUP_DPTH,PD_SourceExtraction,46603045,
A8FFDDC9-1A2F-415B-B12D-08E2EC7A070F,Wellbore Assembly Holdup Depth,WLLBR_ASSMBLY_HOLDUP_DPTH,PD_SourceModel,SUBSURFACE AND WELLS,
A8FFDDC9-1A2F-415B-B12D-08E2EC7A070F,Wellbore Assembly Holdup Depth,WLLBR_ASSMBLY_HOLDUP_DPTH,DataCategory,Structured,BIM-core.DataCategory
A8FFDDC9-1A2F-415B-B12D-08E2EC7A070F,Wellbore Assembly Holdup Depth,WLLBR_ASSMBLY_HOLDUP_DPTH,EntityCategory,Transaction,BIM-core.EntityCategory
A8FFDDC9-1A2F-415B-B12D-08E2EC7A070F,Wellbore Assembly Holdup Depth,WLLBR_ASSMBLY_HOLDUP_DPTH,Criticality,No Critical Data,BIM-core.Criticality
A8FFDDC9-1A2F-415B-B12D-08E2EC7A070F,Wellbore Assembly Holdup Depth,WLLBR_ASSMBLY_HOLDUP_DPTH,CommerciallySensitiveInformation,No Commercially Sensitive Information,BIM-core.CommerciallySensitiveInformation
A8FFDDC9-1A2F-415B-B12D-08E2EC7A070F,Wellbore Assembly Holdup Depth,WLLBR_ASSMBLY_HOLDUP_DPTH,DataConfidentiality,Internal,BIM-core.DataConfidentiality
A8FFDDC9-1A2F-415B-B12D-08E2EC7A070F,Wellbore Assembly Holdup Depth,WLLBR_ASSMBLY_HOLDUP_DPTH,EntityPersonalData,No Personal Data,BIM-core.EntityPersonalData
A8FFDDC9-1A2F-415B-B12D-08E2EC7A070F,Wellbore Assembly Holdup Depth,WLLBR_ASSMBLY_HOLDUP_DPTH,FinancialPersonalData,No Financial Personal Data,BIM-core.FinancialPersonalData
A8FFDDC9-1A2F-415B-B12D-08E2EC7A070F,Wellbore Assembly Holdup Depth,WLLBR_ASSMBLY_HOLDUP_DPTH,SensitivePersonalData,No Sensitive Personal Data,BIM-core.SensitivePersonalData
A8FFDDC9-1A2F-415B-B12D-08E2EC7A070F,Wellbore Assembly Holdup Depth,WLLBR_ASSMBLY_HOLDUP_DPTH,DesignStatus,Approved,BIM-core.DesignStatus
A8FFDDC9-1A2F-415B-B12D-08E2EC7A070F,Wellbore Assembly Holdup Depth,WLLBR_ASSMBLY_HOLDUP_DPTH,DataArea,Well Equipment,BIM-core.DataArea
A8FFDDC9-1A2F-415B-B12D-08E2EC7A070F,Wellbore Assembly Holdup Depth,WLLBR_ASSMBLY_HOLDUP_DPTH,EnterpriseLevel,Yes,BIM-core.EnterpriseLevel
A8FFDDC9-1A2F-415B-B12D-08E2EC7A070F,Wellbore Assembly Holdup Depth,WLLBR_ASSMBLY_HOLDUP_DPTH,ExchangeId,{D8889AFE-4493-4F8C-B183-44EA47795D34},BIM-core.ExchangeId
EA286849-F547-4D01-885C-4FDE07966924,Wellbore Assembly Structure,WLLBR_ASSMBLY_STRCTR,PD_ObjectID,EA286849-F547-4D01-885C-4FDE07966924,
EA286849-F547-4D01-885C-4FDE07966924,Wellbore Assembly Structure,WLLBR_ASSMBLY_STRCTR,PD_SourceExtraction,46603045,
EA286849-F547-4D01-885C-4FDE07966924,Wellbore Assembly Structure,WLLBR_ASSMBLY_STRCTR,PD_SourceModel,SUBSURFACE AND WELLS,
EA286849-F547-4D01-885C-4FDE07966924,Wellbore Assembly Structure,WLLBR_ASSMBLY_STRCTR,EntityCategory,Master,BIM-core.EntityCategory
EA286849-F547-4D01-885C-4FDE07966924,Wellbore Assembly Structure,WLLBR_ASSMBLY_STRCTR,DataCategory,Structured,BIM-core.DataCategory
EA286849-F547-4D01-885C-4FDE07966924,Wellbore Assembly Structure,WLLBR_ASSMBLY_STRCTR,Criticality,No Critical Data,BIM-core.Criticality
EA286849-F547-4D01-885C-4FDE07966924,Wellbore Assembly Structure,WLLBR_ASSMBLY_STRCTR,CommerciallySensitiveInformation,No Commercially Sensitive Information,BIM-core.CommerciallySensitiveInformation
EA286849-F547-4D01-885C-4FDE07966924,Wellbore Assembly Structure,WLLBR_ASSMBLY_STRCTR,DataConfidentiality,Internal,BIM-core.DataConfidentiality
EA286849-F547-4D01-885C-4FDE07966924,Wellbore Assembly Structure,WLLBR_ASSMBLY_STRCTR,EntityPersonalData,No Personal Data,BIM-core.EntityPersonalData
EA286849-F547-4D01-885C-4FDE07966924,Wellbore Assembly Structure,WLLBR_ASSMBLY_STRCTR,FinancialPersonalData,No Financial Personal Data,BIM-core.FinancialPersonalData
EA286849-F547-4D01-885C-4FDE07966924,Wellbore Assembly Structure,WLLBR_ASSMBLY_STRCTR,SensitivePersonalData,No Sensitive Personal Data,BIM-core.SensitivePersonalData
EA286849-F547-4D01-885C-4FDE07966924,Wellbore Assembly Structure,WLLBR_ASSMBLY_STRCTR,DesignStatus,Approved,BIM-core.DesignStatus
EA286849-F547-4D01-885C-4FDE07966924,Wellbore Assembly Structure,WLLBR_ASSMBLY_STRCTR,DataArea,Well Equipment,BIM-core.DataArea
EA286849-F547-4D01-885C-4FDE07966924,Wellbore Assembly Structure,WLLBR_ASSMBLY_STRCTR,EnterpriseLevel,Yes,BIM-core.EnterpriseLevel
EA286849-F547-4D01-885C-4FDE07966924,Wellbore Assembly Structure,WLLBR_ASSMBLY_STRCTR,ExchangeId,{FA947295-C71B-4A82-8069-67B78EAA1D55},BIM-core.ExchangeId
98ADF45D-F92F-4D50-A701-5028C2E9EB9E,Wellbore Completion Eor Tax Credit Fluid Participation Percentage,WLLBR_CMPLTN_EOR_TX_CRDT_FLD_PRTCPTN_PRCNTG,PD_ObjectID,98ADF45D-F92F-4D50-A701-5028C2E9EB9E,
98ADF45D-F92F-4D50-A701-5028C2E9EB9E,Wellbore Completion Eor Tax Credit Fluid Participation Percentage,WLLBR_CMPLTN_EOR_TX_CRDT_FLD_PRTCPTN_PRCNTG,PD_SourceExtraction,46603045,
98ADF45D-F92F-4D50-A701-5028C2E9EB9E,Wellbore Completion Eor Tax Credit Fluid Participation Percentage,WLLBR_CMPLTN_EOR_TX_CRDT_FLD_PRTCPTN_PRCNTG,PD_SourceModel,SUBSURFACE AND WELLS,
98ADF45D-F92F-4D50-A701-5028C2E9EB9E,Wellbore Completion Eor Tax Credit Fluid Participation Percentage,WLLBR_CMPLTN_EOR_TX_CRDT_FLD_PRTCPTN_PRCNTG,CommerciallySensitiveInformation,No Commercially Sensitive Information,BIM-core.CommerciallySensitiveInformation
98ADF45D-F92F-4D50-A701-5028C2E9EB9E,Wellbore Completion Eor Tax Credit Fluid Participation Percentage,WLLBR_CMPLTN_EOR_TX_CRDT_FLD_PRTCPTN_PRCNTG,Criticality,No Critical Data,BIM-core.Criticality
98ADF45D-F92F-4D50-A701-5028C2E9EB9E,Wellbore Completion Eor Tax Credit Fluid Participation Percentage,WLLBR_CMPLTN_EOR_TX_CRDT_FLD_PRTCPTN_PRCNTG,DataCategory,Structured,BIM-core.DataCategory
98ADF45D-F92F-4D50-A701-5028C2E9EB9E,Wellbore Completion Eor Tax Credit Fluid Participation Percentage,WLLBR_CMPLTN_EOR_TX_CRDT_FLD_PRTCPTN_PRCNTG,DataConfidentiality,Internal,BIM-core.DataConfidentiality
98ADF45D-F92F-4D50-A701-5028C2E9EB9E,Wellbore Completion Eor Tax Credit Fluid Participation Percentage,WLLBR_CMPLTN_EOR_TX_CRDT_FLD_PRTCPTN_PRCNTG,EntityCategory,Transaction,BIM-core.EntityCategory
98ADF45D-F92F-4D50-A701-5028C2E9EB9E,Wellbore Completion Eor Tax Credit Fluid Participation Percentage,WLLBR_CMPLTN_EOR_TX_CRDT_FLD_PRTCPTN_PRCNTG,EntityPersonalData,No Personal Data,BIM-core.EntityPersonalData
98ADF45D-F92F-4D50-A701-5028C2E9EB9E,Wellbore Completion Eor Tax Credit Fluid Participation Percentage,WLLBR_CMPLTN_EOR_TX_CRDT_FLD_PRTCPTN_PRCNTG,FinancialPersonalData,No Financial Personal Data,BIM-core.FinancialPersonalData
98ADF45D-F92F-4D50-A701-5028C2E9EB9E,Wellbore Completion Eor Tax Credit Fluid Participation Percentage,WLLBR_CMPLTN_EOR_TX_CRDT_FLD_PRTCPTN_PRCNTG,SensitivePersonalData,No Sensitive Personal Data,BIM-core.SensitivePersonalData
98ADF45D-F92F-4D50-A701-5028C2E9EB9E,Wellbore Completion Eor Tax Credit Fluid Participation Percentage,WLLBR_CMPLTN_EOR_TX_CRDT_FLD_PRTCPTN_PRCNTG,DesignStatus,Approved,BIM-core.DesignStatus
98ADF45D-F92F-4D50-A701-5028C2E9EB9E,Wellbore Completion Eor Tax Credit Fluid Participation Percentage,WLLBR_CMPLTN_EOR_TX_CRDT_FLD_PRTCPTN_PRCNTG,DataArea,Completion,BIM-core.DataArea
98ADF45D-F92F-4D50-A701-5028C2E9EB9E,Wellbore Completion Eor Tax Credit Fluid Participation Percentage,WLLBR_CMPLTN_EOR_TX_CRDT_FLD_PRTCPTN_PRCNTG,EnterpriseLevel,Yes,BIM-core.EnterpriseLevel
98ADF45D-F92F-4D50-A701-5028C2E9EB9E,Wellbore Completion Eor Tax Credit Fluid Participation Percentage,WLLBR_CMPLTN_EOR_TX_CRDT_FLD_PRTCPTN_PRCNTG,ExchangeId,{89A106AB-C3D9-4CF0-A33F-E00BCCC14758},BIM-core.ExchangeId
19518173-476E-4D80-901C-AAEF0B8B2A78,Wellbore Completion Geologic Interval Fluid Participation Percentage,WLLBR_CMPLTN_GLGC_INTRVL_FLD_PARTICIPATION_PRCNTG,PD_ObjectID,19518173-476E-4D80-901C-AAEF0B8B2A78,
19518173-476E-4D80-901C-AAEF0B8B2A78,Wellbore Completion Geologic Interval Fluid Participation Percentage,WLLBR_CMPLTN_GLGC_INTRVL_FLD_PARTICIPATION_PRCNTG,PD_SourceExtraction,46603045,
19518173-476E-4D80-901C-AAEF0B8B2A78,Wellbore Completion Geologic Interval Fluid Participation Percentage,WLLBR_CMPLTN_GLGC_INTRVL_FLD_PARTICIPATION_PRCNTG,PD_SourceModel,SUBSURFACE AND WELLS,
19518173-476E-4D80-901C-AAEF0B8B2A78,Wellbore Completion Geologic Interval Fluid Participation Percentage,WLLBR_CMPLTN_GLGC_INTRVL_FLD_PARTICIPATION_PRCNTG,MTED_EDaM_Entity_Data_Category,<unspecified>,SHL_CDM_EntityPropertyExtension.MTED_EDaM_Entity_Data_Category
19518173-476E-4D80-901C-AAEF0B8B2A78,Wellbore Completion Geologic Interval Fluid Participation Percentage,WLLBR_CMPLTN_GLGC_INTRVL_FLD_PARTICIPATION_PRCNTG,MTED_EDaM_Entity_Critical_Data,<unspecified>,SHL_CDM_EntityPropertyExtension.MTED_EDaM_Entity_Critical_Data
19518173-476E-4D80-901C-AAEF0B8B2A78,Wellbore Completion Geologic Interval Fluid Participation Percentage,WLLBR_CMPLTN_GLGC_INTRVL_FLD_PARTICIPATION_PRCNTG,MTED_EDaM_Entity_Quality_Indication,<unspecified>,SHL_CDM_EntityPropertyExtension.MTED_EDaM_Entity_Quality_Indication
19518173-476E-4D80-901C-AAEF0B8B2A78,Wellbore Completion Geologic Interval Fluid Participation Percentage,WLLBR_CMPLTN_GLGC_INTRVL_FLD_PARTICIPATION_PRCNTG,MTED_EDaM_Entity_Availability_Indication,<unspecified>,SHL_CDM_EntityPropertyExtension.MTED_EDaM_Entity_Availability_Indication
19518173-476E-4D80-901C-AAEF0B8B2A78,Wellbore Completion Geologic Interval Fluid Participation Percentage,WLLBR_CMPLTN_GLGC_INTRVL_FLD_PARTICIPATION_PRCNTG,MTED_EDaM_Security_Classification,<unspecified>,SHL_CDM_EntityPropertyExtension.MTED_EDaM_Security_Classification
19518173-476E-4D80-901C-AAEF0B8B2A78,Wellbore Completion Geologic Interval Fluid Participation Percentage,WLLBR_CMPLTN_GLGC_INTRVL_FLD_PARTICIPATION_PRCNTG,MTED_EDaM_Design_Status,Approved,SHL_CDM_EntityPropertyExtension.MTED_EDaM_Design_Status
19518173-476E-4D80-901C-AAEF0B8B2A78,Wellbore Completion Geologic Interval Fluid Participation Percentage,WLLBR_CMPLTN_GLGC_INTRVL_FLD_PARTICIPATION_PRCNTG,EntityUpdateDate,19/08/2021 Pass 3,SHL_CDM_EntityPropertyExtension.EntityUpdateDate
19518173-476E-4D80-901C-AAEF0B8B2A78,Wellbore Completion Geologic Interval Fluid Participation Percentage,WLLBR_CMPLTN_GLGC_INTRVL_FLD_PARTICIPATION_PRCNTG,CSI,false,SHL_CDM_EntityPropertyExtension.CSI
19518173-476E-4D80-901C-AAEF0B8B2A78,Wellbore Completion Geologic Interval Fluid Participation Percentage,WLLBR_CMPLTN_GLGC_INTRVL_FLD_PARTICIPATION_PRCNTG,Generation,true,SHL_CDM_EntityPropertyExtension.Generation
19518173-476E-4D80-901C-AAEF0B8B2A78,Wellbore Completion Geologic Interval Fluid Participation Percentage,WLLBR_CMPLTN_GLGC_INTRVL_FLD_PARTICIPATION_PRCNTG,MTED_Encryption_Required,false,SHL_CDM_EntityPropertyExtension.MTED_Encryption_Required
19518173-476E-4D80-901C-AAEF0B8B2A78,Wellbore Completion Geologic Interval Fluid Participation Percentage,WLLBR_CMPLTN_GLGC_INTRVL_FLD_PARTICIPATION_PRCNTG,MTED_Version_No,2021.2,SHL_CDM_EntityPropertyExtension.MTED_Version_No
19518173-476E-4D80-901C-AAEF0B8B2A78,Wellbore Completion Geologic Interval Fluid Participation Percentage,WLLBR_CMPLTN_GLGC_INTRVL_FLD_PARTICIPATION_PRCNTG,PII,false,SHL_CDM_EntityPropertyExtension.PII
19518173-476E-4D80-901C-AAEF0B8B2A78,Wellbore Completion Geologic Interval Fluid Participation Percentage,WLLBR_CMPLTN_GLGC_INTRVL_FLD_PARTICIPATION_PRCNTG,CommerciallySensitiveInformation,No Commercially Sensitive Information,BIM-core.CommerciallySensitiveInformation
19518173-476E-4D80-901C-AAEF0B8B2A78,Wellbore Completion Geologic Interval Fluid Participation Percentage,WLLBR_CMPLTN_GLGC_INTRVL_FLD_PARTICIPATION_PRCNTG,Criticality,No Critical Data,BIM-core.Criticality
19518173-476E-4D80-901C-AAEF0B8B2A78,Wellbore Completion Geologic Interval Fluid Participation Percentage,WLLBR_CMPLTN_GLGC_INTRVL_FLD_PARTICIPATION_PRCNTG,DataCategory,Structured,BIM-core.DataCategory
19518173-476E-4D80-901C-AAEF0B8B2A78,Wellbore Completion Geologic Interval Fluid Participation Percentage,WLLBR_CMPLTN_GLGC_INTRVL_FLD_PARTICIPATION_PRCNTG,DataConfidentiality,Internal,BIM-core.DataConfidentiality
19518173-476E-4D80-901C-AAEF0B8B2A78,Wellbore Completion Geologic Interval Fluid Participation Percentage,WLLBR_CMPLTN_GLGC_INTRVL_FLD_PARTICIPATION_PRCNTG,DesignStatus,Approved,BIM-core.DesignStatus
19518173-476E-4D80-901C-AAEF0B8B2A78,Wellbore Completion Geologic Interval Fluid Participation Percentage,WLLBR_CMPLTN_GLGC_INTRVL_FLD_PARTICIPATION_PRCNTG,EntityCategory,Master,BIM-core.EntityCategory
19518173-476E-4D80-901C-AAEF0B8B2A78,Wellbore Completion Geologic Interval Fluid Participation Percentage,WLLBR_CMPLTN_GLGC_INTRVL_FLD_PARTICIPATION_PRCNTG,EntityPersonalData,No Personal Data,BIM-core.EntityPersonalData
19518173-476E-4D80-901C-AAEF0B8B2A78,Wellbore Completion Geologic Interval Fluid Participation Percentage,WLLBR_CMPLTN_GLGC_INTRVL_FLD_PARTICIPATION_PRCNTG,FinancialPersonalData,No Financial Personal Data,BIM-core.FinancialPersonalData
19518173-476E-4D80-901C-AAEF0B8B2A78,Wellbore Completion Geologic Interval Fluid Participation Percentage,WLLBR_CMPLTN_GLGC_INTRVL_FLD_PARTICIPATION_PRCNTG,SensitivePersonalData,No Sensitive Personal Data,BIM-core.SensitivePersonalData
19518173-476E-4D80-901C-AAEF0B8B2A78,Wellbore Completion Geologic Interval Fluid Participation Percentage,WLLBR_CMPLTN_GLGC_INTRVL_FLD_PARTICIPATION_PRCNTG,DataArea,Well,BIM-core.DataArea
19518173-476E-4D80-901C-AAEF0B8B2A78,Wellbore Completion Geologic Interval Fluid Participation Percentage,WLLBR_CMPLTN_GLGC_INTRVL_FLD_PARTICIPATION_PRCNTG,EnterpriseLevel,Yes,BIM-core.EnterpriseLevel
19518173-476E-4D80-901C-AAEF0B8B2A78,Wellbore Completion Geologic Interval Fluid Participation Percentage,WLLBR_CMPLTN_GLGC_INTRVL_FLD_PARTICIPATION_PRCNTG,ExchangeId,{F0E33913-002C-49BC-8917-8BFCF5391342},BIM-core.ExchangeId
D332705B-66BB-413B-9279-6354D6F545E1,Wellbore Completion Geologic Interval Reservoir Segment Fluid Participation Perc,WLLBR_CMPLTN_GLGC_INTRVL_RSRVR_SGMNT_FLD_PARTICIPATION_PERC,PD_ObjectID,D332705B-66BB-413B-9279-6354D6F545E1,
D332705B-66BB-413B-9279-6354D6F545E1,Wellbore Completion Geologic Interval Reservoir Segment Fluid Participation Perc,WLLBR_CMPLTN_GLGC_INTRVL_RSRVR_SGMNT_FLD_PARTICIPATION_PERC,PD_SourceExtraction,46603045,
D332705B-66BB-413B-9279-6354D6F545E1,Wellbore Completion Geologic Interval Reservoir Segment Fluid Participation Perc,WLLBR_CMPLTN_GLGC_INTRVL_RSRVR_SGMNT_FLD_PARTICIPATION_PERC,PD_SourceModel,SUBSURFACE AND WELLS,
D332705B-66BB-413B-9279-6354D6F545E1,Wellbore Completion Geologic Interval Reservoir Segment Fluid Participation Perc,WLLBR_CMPLTN_GLGC_INTRVL_RSRVR_SGMNT_FLD_PARTICIPATION_PERC,MTED_EDaM_Entity_Data_Category,<unspecified>,SHL_CDM_EntityPropertyExtension.MTED_EDaM_Entity_Data_Category
D332705B-66BB-413B-9279-6354D6F545E1,Wellbore Completion Geologic Interval Reservoir Segment Fluid Participation Perc,WLLBR_CMPLTN_GLGC_INTRVL_RSRVR_SGMNT_FLD_PARTICIPATION_PERC,MTED_EDaM_Entity_Critical_Data,<unspecified>,SHL_CDM_EntityPropertyExtension.MTED_EDaM_Entity_Critical_Data
D332705B-66BB-413B-9279-6354D6F545E1,Wellbore Completion Geologic Interval Reservoir Segment Fluid Participation Perc,WLLBR_CMPLTN_GLGC_INTRVL_RSRVR_SGMNT_FLD_PARTICIPATION_PERC,MTED_EDaM_Entity_Quality_Indication,<unspecified>,SHL_CDM_EntityPropertyExtension.MTED_EDaM_Entity_Quality_Indication
D332705B-66BB-413B-9279-6354D6F545E1,Wellbore Completion Geologic Interval Reservoir Segment Fluid Participation Perc,WLLBR_CMPLTN_GLGC_INTRVL_RSRVR_SGMNT_FLD_PARTICIPATION_PERC,MTED_EDaM_Entity_Availability_Indication,<unspecified>,SHL_CDM_EntityPropertyExtension.MTED_EDaM_Entity_Availability_Indication
D332705B-66BB-413B-9279-6354D6F545E1,Wellbore Completion Geologic Interval Reservoir Segment Fluid Participation Perc,WLLBR_CMPLTN_GLGC_INTRVL_RSRVR_SGMNT_FLD_PARTICIPATION_PERC,MTED_EDaM_Security_Classification,<unspecified>,SHL_CDM_EntityPropertyExtension.MTED_EDaM_Security_Classification
D332705B-66BB-413B-9279-6354D6F545E1,Wellbore Completion Geologic Interval Reservoir Segment Fluid Participation Perc,WLLBR_CMPLTN_GLGC_INTRVL_RSRVR_SGMNT_FLD_PARTICIPATION_PERC,MTED_EDaM_Design_Status,Approved,SHL_CDM_EntityPropertyExtension.MTED_EDaM_Design_Status
D332705B-66BB-413B-9279-6354D6F545E1,Wellbore Completion Geologic Interval Reservoir Segment Fluid Participation Perc,WLLBR_CMPLTN_GLGC_INTRVL_RSRVR_SGMNT_FLD_PARTICIPATION_PERC,EntityUpdateDate,19/08/2021 Pass 3,SHL_CDM_EntityPropertyExtension.EntityUpdateDate
D332705B-66BB-413B-9279-6354D6F545E1,Wellbore Completion Geologic Interval Reservoir Segment Fluid Participation Perc,WLLBR_CMPLTN_GLGC_INTRVL_RSRVR_SGMNT_FLD_PARTICIPATION_PERC,CSI,false,SHL_CDM_EntityPropertyExtension.CSI
D332705B-66BB-413B-9279-6354D6F545E1,Wellbore Completion Geologic Interval Reservoir Segment Fluid Participation Perc,WLLBR_CMPLTN_GLGC_INTRVL_RSRVR_SGMNT_FLD_PARTICIPATION_PERC,Generation,true,SHL_CDM_EntityPropertyExtension.Generation
D332705B-66BB-413B-9279-6354D6F545E1,Wellbore Completion Geologic Interval Reservoir Segment Fluid Participation Perc,WLLBR_CMPLTN_GLGC_INTRVL_RSRVR_SGMNT_FLD_PARTICIPATION_PERC,MTED_Encryption_Required,false,SHL_CDM_EntityPropertyExtension.MTED_Encryption_Required
D332705B-66BB-413B-9279-6354D6F545E1,Wellbore Completion Geologic Interval Reservoir Segment Fluid Participation Perc,WLLBR_CMPLTN_GLGC_INTRVL_RSRVR_SGMNT_FLD_PARTICIPATION_PERC,MTED_Version_No,2021.2,SHL_CDM_EntityPropertyExtension.MTED_Version_No
D332705B-66BB-413B-9279-6354D6F545E1,Wellbore Completion Geologic Interval Reservoir Segment Fluid Participation Perc,WLLBR_CMPLTN_GLGC_INTRVL_RSRVR_SGMNT_FLD_PARTICIPATION_PERC,PII,false,SHL_CDM_EntityPropertyExtension.PII
D332705B-66BB-413B-9279-6354D6F545E1,Wellbore Completion Geologic Interval Reservoir Segment Fluid Participation Perc,WLLBR_CMPLTN_GLGC_INTRVL_RSRVR_SGMNT_FLD_PARTICIPATION_PERC,CommerciallySensitiveInformation,No Commercially Sensitive Information,BIM-core.CommerciallySensitiveInformation
D332705B-66BB-413B-9279-6354D6F545E1,Wellbore Completion Geologic Interval Reservoir Segment Fluid Participation Perc,WLLBR_CMPLTN_GLGC_INTRVL_RSRVR_SGMNT_FLD_PARTICIPATION_PERC,Criticality,No Critical Data,BIM-core.Criticality
D332705B-66BB-413B-9279-6354D6F545E1,Wellbore Completion Geologic Interval Reservoir Segment Fluid Participation Perc,WLLBR_CMPLTN_GLGC_INTRVL_RSRVR_SGMNT_FLD_PARTICIPATION_PERC,DataCategory,Structured,BIM-core.DataCategory
D332705B-66BB-413B-9279-6354D6F545E1,Wellbore Completion Geologic Interval Reservoir Segment Fluid Participation Perc,WLLBR_CMPLTN_GLGC_INTRVL_RSRVR_SGMNT_FLD_PARTICIPATION_PERC,DataConfidentiality,Internal,BIM-core.DataConfidentiality
D332705B-66BB-413B-9279-6354D6F545E1,Wellbore Completion Geologic Interval Reservoir Segment Fluid Participation Perc,WLLBR_CMPLTN_GLGC_INTRVL_RSRVR_SGMNT_FLD_PARTICIPATION_PERC,DesignStatus,Approved,BIM-core.DesignStatus
D332705B-66BB-413B-9279-6354D6F545E1,Wellbore Completion Geologic Interval Reservoir Segment Fluid Participation Perc,WLLBR_CMPLTN_GLGC_INTRVL_RSRVR_SGMNT_FLD_PARTICIPATION_PERC,EntityCategory,Intersection,BIM-core.EntityCategory
D332705B-66BB-413B-9279-6354D6F545E1,Wellbore Completion Geologic Interval Reservoir Segment Fluid Participation Perc,WLLBR_CMPLTN_GLGC_INTRVL_RSRVR_SGMNT_FLD_PARTICIPATION_PERC,EntityPersonalData,No Personal Data,BIM-core.EntityPersonalData
D332705B-66BB-413B-9279-6354D6F545E1,Wellbore Completion Geologic Interval Reservoir Segment Fluid Participation Perc,WLLBR_CMPLTN_GLGC_INTRVL_RSRVR_SGMNT_FLD_PARTICIPATION_PERC,FinancialPersonalData,No Financial Personal Data,BIM-core.FinancialPersonalData
D332705B-66BB-413B-9279-6354D6F545E1,Wellbore Completion Geologic Interval Reservoir Segment Fluid Participation Perc,WLLBR_CMPLTN_GLGC_INTRVL_RSRVR_SGMNT_FLD_PARTICIPATION_PERC,SensitivePersonalData,No Sensitive Personal Data,BIM-core.SensitivePersonalData
D332705B-66BB-413B-9279-6354D6F545E1,Wellbore Completion Geologic Interval Reservoir Segment Fluid Participation Perc,WLLBR_CMPLTN_GLGC_INTRVL_RSRVR_SGMNT_FLD_PARTICIPATION_PERC,DataArea,Completion,BIM-core.DataArea
D332705B-66BB-413B-9279-6354D6F545E1,Wellbore Completion Geologic Interval Reservoir Segment Fluid Participation Perc,WLLBR_CMPLTN_GLGC_INTRVL_RSRVR_SGMNT_FLD_PARTICIPATION_PERC,EnterpriseLevel,Yes,BIM-core.EnterpriseLevel
D332705B-66BB-413B-9279-6354D6F545E1,Wellbore Completion Geologic Interval Reservoir Segment Fluid Participation Perc,WLLBR_CMPLTN_GLGC_INTRVL_RSRVR_SGMNT_FLD_PARTICIPATION_PERC,ExchangeId,{6FB2B0A0-2763-47B7-9126-8D8EEDE389AF},BIM-core.ExchangeId
9140F001-0402-4C53-A82A-87DC8F90E58C,Wellbore Composite Directional Surveys,WLLBR_CMPST_DRCTNL_SRVYS,PD_ObjectID,9140F001-0402-4C53-A82A-87DC8F90E58C,
9140F001-0402-4C53-A82A-87DC8F90E58C,Wellbore Composite Directional Surveys,WLLBR_CMPST_DRCTNL_SRVYS,PD_SourceExtraction,46603045,
9140F001-0402-4C53-A82A-87DC8F90E58C,Wellbore Composite Directional Surveys,WLLBR_CMPST_DRCTNL_SRVYS,PD_SourceModel,SUBSURFACE AND WELLS,
9140F001-0402-4C53-A82A-87DC8F90E58C,Wellbore Composite Directional Surveys,WLLBR_CMPST_DRCTNL_SRVYS,MTED_EDaM_Entity_Data_Category,<unspecified>,SHL_CDM_EntityPropertyExtension.MTED_EDaM_Entity_Data_Category
9140F001-0402-4C53-A82A-87DC8F90E58C,Wellbore Composite Directional Surveys,WLLBR_CMPST_DRCTNL_SRVYS,MTED_EDaM_Data_Owner,,SHL_CDM_EntityPropertyExtension.MTED_EDaM_Data_Owner
9140F001-0402-4C53-A82A-87DC8F90E58C,Wellbore Composite Directional Surveys,WLLBR_CMPST_DRCTNL_SRVYS,MTED_EDaM_Entity_Critical_Data,F,SHL_CDM_EntityPropertyExtension.MTED_EDaM_Entity_Critical_Data
9140F001-0402-4C53-A82A-87DC8F90E58C,Wellbore Composite Directional Surveys,WLLBR_CMPST_DRCTNL_SRVYS,MTED_EDaM_Entity_Quality_Indication,<unspecified>,SHL_CDM_EntityPropertyExtension.MTED_EDaM_Entity_Quality_Indication
9140F001-0402-4C53-A82A-87DC8F90E58C,Wellbore Composite Directional Surveys,WLLBR_CMPST_DRCTNL_SRVYS,MTED_EDaM_Entity_Availability_Indication,<unspecified>,SHL_CDM_EntityPropertyExtension.MTED_EDaM_Entity_Availability_Indication
9140F001-0402-4C53-A82A-87DC8F90E58C,Wellbore Composite Directional Surveys,WLLBR_CMPST_DRCTNL_SRVYS,MTED_EDaM_Security_Classification,Most Confidential,SHL_CDM_EntityPropertyExtension.MTED_EDaM_Security_Classification
9140F001-0402-4C53-A82A-87DC8F90E58C,Wellbore Composite Directional Surveys,WLLBR_CMPST_DRCTNL_SRVYS,MTED_EDaM_Design_Status,Approved,SHL_CDM_EntityPropertyExtension.MTED_EDaM_Design_Status
9140F001-0402-4C53-A82A-87DC8F90E58C,Wellbore Composite Directional Surveys,WLLBR_CMPST_DRCTNL_SRVYS,MTED_Version_No,2021.2,SHL_CDM_EntityPropertyExtension.MTED_Version_No
9140F001-0402-4C53-A82A-87DC8F90E58C,Wellbore Composite Directional Surveys,WLLBR_CMPST_DRCTNL_SRVYS,MTED_EDaM_Version_Date,1/3/2019,SHL_CDM_EntityPropertyExtension.MTED_EDaM_Version_Date
9140F001-0402-4C53-A82A-87DC8F90E58C,Wellbore Composite Directional Surveys,WLLBR_CMPST_DRCTNL_SRVYS,EntityUpdateDate,19/08/2021 Pass 3,SHL_CDM_EntityPropertyExtension.EntityUpdateDate
9140F001-0402-4C53-A82A-87DC8F90E58C,Wellbore Composite Directional Surveys,WLLBR_CMPST_DRCTNL_SRVYS,CSI,false,SHL_CDM_EntityPropertyExtension.CSI
9140F001-0402-4C53-A82A-87DC8F90E58C,Wellbore Composite Directional Surveys,WLLBR_CMPST_DRCTNL_SRVYS,Generation,true,SHL_CDM_EntityPropertyExtension.Generation
9140F001-0402-4C53-A82A-87DC8F90E58C,Wellbore Composite Directional Surveys,WLLBR_CMPST_DRCTNL_SRVYS,MTED_Encryption_Required,false,SHL_CDM_EntityPropertyExtension.MTED_Encryption_Required
9140F001-0402-4C53-A82A-87DC8F90E58C,Wellbore Composite Directional Surveys,WLLBR_CMPST_DRCTNL_SRVYS,PII,false,SHL_CDM_EntityPropertyExtension.PII
9140F001-0402-4C53-A82A-87DC8F90E58C,Wellbore Composite Directional Surveys,WLLBR_CMPST_DRCTNL_SRVYS,CommerciallySensitiveInformation,No Commercially Sensitive Information,BIM-core.CommerciallySensitiveInformation
9140F001-0402-4C53-A82A-87DC8F90E58C,Wellbore Composite Directional Surveys,WLLBR_CMPST_DRCTNL_SRVYS,Criticality,No Critical Data,BIM-core.Criticality
9140F001-0402-4C53-A82A-87DC8F90E58C,Wellbore Composite Directional Surveys,WLLBR_CMPST_DRCTNL_SRVYS,DataCategory,Structured,BIM-core.DataCategory
9140F001-0402-4C53-A82A-87DC8F90E58C,Wellbore Composite Directional Surveys,WLLBR_CMPST_DRCTNL_SRVYS,DataConfidentiality,Internal,BIM-core.DataConfidentiality
9140F001-0402-4C53-A82A-87DC8F90E58C,Wellbore Composite Directional Surveys,WLLBR_CMPST_DRCTNL_SRVYS,DesignStatus,Approved,BIM-core.DesignStatus
9140F001-0402-4C53-A82A-87DC8F90E58C,Wellbore Composite Directional Surveys,WLLBR_CMPST_DRCTNL_SRVYS,EntityCategory,Transaction,BIM-core.EntityCategory
9140F001-0402-4C53-A82A-87DC8F90E58C,Wellbore Composite Directional Surveys,WLLBR_CMPST_DRCTNL_SRVYS,EntityPersonalData,No Personal Data,BIM-core.EntityPersonalData
9140F001-0402-4C53-A82A-87DC8F90E58C,Wellbore Composite Directional Surveys,WLLBR_CMPST_DRCTNL_SRVYS,FinancialPersonalData,No Financial Personal Data,BIM-core.FinancialPersonalData
9140F001-0402-4C53-A82A-87DC8F90E58C,Wellbore Composite Directional Surveys,WLLBR_CMPST_DRCTNL_SRVYS,SensitivePersonalData,No Sensitive Personal Data,BIM-core.SensitivePersonalData
9140F001-0402-4C53-A82A-87DC8F90E58C,Wellbore Composite Directional Surveys,WLLBR_CMPST_DRCTNL_SRVYS,DataArea,Well,BIM-core.DataArea
9140F001-0402-4C53-A82A-87DC8F90E58C,Wellbore Composite Directional Surveys,WLLBR_CMPST_DRCTNL_SRVYS,EnterpriseLevel,Yes,BIM-core.EnterpriseLevel
9140F001-0402-4C53-A82A-87DC8F90E58C,Wellbore Composite Directional Surveys,WLLBR_CMPST_DRCTNL_SRVYS,ExchangeId,{7CB8F537-61BF-4B8F-BF73-228382E46DCF},BIM-core.ExchangeId
571918C3-66F8-45B4-B10D-D24682633D1B,Wellbore Depth,WLLBR_DPTH,PD_ObjectID,571918C3-66F8-45B4-B10D-D24682633D1B,
571918C3-66F8-45B4-B10D-D24682633D1B,Wellbore Depth,WLLBR_DPTH,PD_SourceExtraction,46603045,
571918C3-66F8-45B4-B10D-D24682633D1B,Wellbore Depth,WLLBR_DPTH,PD_SourceModel,SUBSURFACE AND WELLS,
571918C3-66F8-45B4-B10D-D24682633D1B,Wellbore Depth,WLLBR_DPTH,MTED_EDaM_Entity_Data_Category,<unspecified>,SHL_CDM_EntityPropertyExtension.MTED_EDaM_Entity_Data_Category
571918C3-66F8-45B4-B10D-D24682633D1B,Wellbore Depth,WLLBR_DPTH,MTED_EDaM_Data_Owner,,SHL_CDM_EntityPropertyExtension.MTED_EDaM_Data_Owner
571918C3-66F8-45B4-B10D-D24682633D1B,Wellbore Depth,WLLBR_DPTH,MTED_EDaM_Entity_Critical_Data,F,SHL_CDM_EntityPropertyExtension.MTED_EDaM_Entity_Critical_Data
571918C3-66F8-45B4-B10D-D24682633D1B,Wellbore Depth,WLLBR_DPTH,MTED_EDaM_Entity_Quality_Indication,<unspecified>,SHL_CDM_EntityPropertyExtension.MTED_EDaM_Entity_Quality_Indication
571918C3-66F8-45B4-B10D-D24682633D1B,Wellbore Depth,WLLBR_DPTH,MTED_EDaM_Entity_Availability_Indication,<unspecified>,SHL_CDM_EntityPropertyExtension.MTED_EDaM_Entity_Availability_Indication
571918C3-66F8-45B4-B10D-D24682633D1B,Wellbore Depth,WLLBR_DPTH,MTED_EDaM_Security_Classification,Most Confidential,SHL_CDM_EntityPropertyExtension.MTED_EDaM_Security_Classification
571918C3-66F8-45B4-B10D-D24682633D1B,Wellbore Depth,WLLBR_DPTH,MTED_EDaM_Design_Status,,SHL_CDM_EntityPropertyExtension.MTED_EDaM_Design_Status
571918C3-66F8-45B4-B10D-D24682633D1B,Wellbore Depth,WLLBR_DPTH,MTED_Version_No,,SHL_CDM_EntityPropertyExtension.MTED_Version_No
571918C3-66F8-45B4-B10D-D24682633D1B,Wellbore Depth,WLLBR_DPTH,MTED_EDaM_Version_Date,,SHL_CDM_EntityPropertyExtension.MTED_EDaM_Version_Date
571918C3-66F8-45B4-B10D-D24682633D1B,Wellbore Depth,WLLBR_DPTH,EntityUpdateDate,19/08/2021 Pass 3,SHL_CDM_EntityPropertyExtension.EntityUpdateDate
571918C3-66F8-45B4-B10D-D24682633D1B,Wellbore Depth,WLLBR_DPTH,CommerciallySensitiveInformation,No Commercially Sensitive Information,BIM-core.CommerciallySensitiveInformation
571918C3-66F8-45B4-B10D-D24682633D1B,Wellbore Depth,WLLBR_DPTH,Criticality,No Critical Data,BIM-core.Criticality
571918C3-66F8-45B4-B10D-D24682633D1B,Wellbore Depth,WLLBR_DPTH,DataCategory,Structured,BIM-core.DataCategory
571918C3-66F8-45B4-B10D-D24682633D1B,Wellbore Depth,WLLBR_DPTH,DataConfidentiality,Internal,BIM-core.DataConfidentiality
571918C3-66F8-45B4-B10D-D24682633D1B,Wellbore Depth,WLLBR_DPTH,DesignStatus,Approved,BIM-core.DesignStatus
571918C3-66F8-45B4-B10D-D24682633D1B,Wellbore Depth,WLLBR_DPTH,EntityCategory,Master,BIM-core.EntityCategory
571918C3-66F8-45B4-B10D-D24682633D1B,Wellbore Depth,WLLBR_DPTH,EntityPersonalData,No Personal Data,BIM-core.EntityPersonalData
571918C3-66F8-45B4-B10D-D24682633D1B,Wellbore Depth,WLLBR_DPTH,FinancialPersonalData,No Financial Personal Data,BIM-core.FinancialPersonalData
571918C3-66F8-45B4-B10D-D24682633D1B,Wellbore Depth,WLLBR_DPTH,SensitivePersonalData,No Sensitive Personal Data,BIM-core.SensitivePersonalData
571918C3-66F8-45B4-B10D-D24682633D1B,Wellbore Depth,WLLBR_DPTH,DataArea,Well,BIM-core.DataArea
571918C3-66F8-45B4-B10D-D24682633D1B,Wellbore Depth,WLLBR_DPTH,EnterpriseLevel,Yes,BIM-core.EnterpriseLevel
571918C3-66F8-45B4-B10D-D24682633D1B,Wellbore Depth,WLLBR_DPTH,ExchangeId,{FA68939D-7522-44C5-912D-A750BF656A9D},BIM-core.ExchangeId
A785B803-8932-4AC0-9255-5FA7C7C1D4F7,Wellbore Depth Type,WLLBR_DPTH_TYP,PD_ObjectID,A785B803-8932-4AC0-9255-5FA7C7C1D4F7,
A785B803-8932-4AC0-9255-5FA7C7C1D4F7,Wellbore Depth Type,WLLBR_DPTH_TYP,PD_SourceExtraction,46603045,
A785B803-8932-4AC0-9255-5FA7C7C1D4F7,Wellbore Depth Type,WLLBR_DPTH_TYP,PD_SourceModel,SUBSURFACE AND WELLS,
A785B803-8932-4AC0-9255-5FA7C7C1D4F7,Wellbore Depth Type,WLLBR_DPTH_TYP,MTED_EDaM_Entity_Data_Category,<unspecified>,SHL_CDM_EntityPropertyExtension.MTED_EDaM_Entity_Data_Category
A785B803-8932-4AC0-9255-5FA7C7C1D4F7,Wellbore Depth Type,WLLBR_DPTH_TYP,MTED_EDaM_Data_Owner,,SHL_CDM_EntityPropertyExtension.MTED_EDaM_Data_Owner
A785B803-8932-4AC0-9255-5FA7C7C1D4F7,Wellbore Depth Type,WLLBR_DPTH_TYP,MTED_EDaM_Entity_Critical_Data,<unspecified>,SHL_CDM_EntityPropertyExtension.MTED_EDaM_Entity_Critical_Data
A785B803-8932-4AC0-9255-5FA7C7C1D4F7,Wellbore Depth Type,WLLBR_DPTH_TYP,MTED_EDaM_Entity_Quality_Indication,<unspecified>,SHL_CDM_EntityPropertyExtension.MTED_EDaM_Entity_Quality_Indication
A785B803-8932-4AC0-9255-5FA7C7C1D4F7,Wellbore Depth Type,WLLBR_DPTH_TYP,MTED_EDaM_Entity_Availability_Indication,<unspecified>,SHL_CDM_EntityPropertyExtension.MTED_EDaM_Entity_Availability_Indication
A785B803-8932-4AC0-9255-5FA7C7C1D4F7,Wellbore Depth Type,WLLBR_DPTH_TYP,MTED_EDaM_Security_Classification,<unspecified>,SHL_CDM_EntityPropertyExtension.MTED_EDaM_Security_Classification
A785B803-8932-4AC0-9255-5FA7C7C1D4F7,Wellbore Depth Type,WLLBR_DPTH_TYP,MTED_EDaM_Design_Status,,SHL_CDM_EntityPropertyExtension.MTED_EDaM_Design_Status
A785B803-8932-4AC0-9255-5FA7C7C1D4F7,Wellbore Depth Type,WLLBR_DPTH_TYP,MTED_Version_No,,SHL_CDM_EntityPropertyExtension.MTED_Version_No
A785B803-8932-4AC0-9255-5FA7C7C1D4F7,Wellbore Depth Type,WLLBR_DPTH_TYP,MTED_EDaM_Version_Date,,SHL_CDM_EntityPropertyExtension.MTED_EDaM_Version_Date
A785B803-8932-4AC0-9255-5FA7C7C1D4F7,Wellbore Depth Type,WLLBR_DPTH_TYP,EntityUpdateDate,19/08/2021 Pass 3,SHL_CDM_EntityPropertyExtension.EntityUpdateDate
A785B803-8932-4AC0-9255-5FA7C7C1D4F7,Wellbore Depth Type,WLLBR_DPTH_TYP,CommerciallySensitiveInformation,No Commercially Sensitive Information,BIM-core.CommerciallySensitiveInformation
A785B803-8932-4AC0-9255-5FA7C7C1D4F7,Wellbore Depth Type,WLLBR_DPTH_TYP,Criticality,No Critical Data,BIM-core.Criticality
A785B803-8932-4AC0-9255-5FA7C7C1D4F7,Wellbore Depth Type,WLLBR_DPTH_TYP,DataCategory,Structured,BIM-core.DataCategory
A785B803-8932-4AC0-9255-5FA7C7C1D4F7,Wellbore Depth Type,WLLBR_DPTH_TYP,DataConfidentiality,Internal,BIM-core.DataConfidentiality
A785B803-8932-4AC0-9255-5FA7C7C1D4F7,Wellbore Depth Type,WLLBR_DPTH_TYP,DesignStatus,Approved,BIM-core.DesignStatus
A785B803-8932-4AC0-9255-5FA7C7C1D4F7,Wellbore Depth Type,WLLBR_DPTH_TYP,EntityCategory,Internal Reference,BIM-core.EntityCategory
A785B803-8932-4AC0-9255-5FA7C7C1D4F7,Wellbore Depth Type,WLLBR_DPTH_TYP,EntityPersonalData,No Personal Data,BIM-core.EntityPersonalData
A785B803-8932-4AC0-9255-5FA7C7C1D4F7,Wellbore Depth Type,WLLBR_DPTH_TYP,FinancialPersonalData,No Financial Personal Data,BIM-core.FinancialPersonalData
A785B803-8932-4AC0-9255-5FA7C7C1D4F7,Wellbore Depth Type,WLLBR_DPTH_TYP,SensitivePersonalData,No Sensitive Personal Data,BIM-core.SensitivePersonalData
A785B803-8932-4AC0-9255-5FA7C7C1D4F7,Wellbore Depth Type,WLLBR_DPTH_TYP,DataArea,Well,BIM-core.DataArea
A785B803-8932-4AC0-9255-5FA7C7C1D4F7,Wellbore Depth Type,WLLBR_DPTH_TYP,EnterpriseLevel,Yes,BIM-core.EnterpriseLevel
A785B803-8932-4AC0-9255-5FA7C7C1D4F7,Wellbore Depth Type,WLLBR_DPTH_TYP,ExchangeId,{7E9E7A3E-1D67-4A36-92E0-BBC744BA51D5},BIM-core.ExchangeId
B1D7CC75-42CE-440C-B9D5-FD8D38489572,Wellbore Geologic Interval,WLLBR_GLGC_INTRVL,PD_ObjectID,B1D7CC75-42CE-440C-B9D5-FD8D38489572,
B1D7CC75-42CE-440C-B9D5-FD8D38489572,Wellbore Geologic Interval,WLLBR_GLGC_INTRVL,PD_SourceExtraction,46603045,
B1D7CC75-42CE-440C-B9D5-FD8D38489572,Wellbore Geologic Interval,WLLBR_GLGC_INTRVL,PD_SourceModel,SUBSURFACE AND WELLS,
B1D7CC75-42CE-440C-B9D5-FD8D38489572,Wellbore Geologic Interval,WLLBR_GLGC_INTRVL,MTED_EDaM_Entity_Data_Category,<unspecified>,SHL_CDM_EntityPropertyExtension.MTED_EDaM_Entity_Data_Category
B1D7CC75-42CE-440C-B9D5-FD8D38489572,Wellbore Geologic Interval,WLLBR_GLGC_INTRVL,MTED_EDaM_Entity_Critical_Data,F,SHL_CDM_EntityPropertyExtension.MTED_EDaM_Entity_Critical_Data
B1D7CC75-42CE-440C-B9D5-FD8D38489572,Wellbore Geologic Interval,WLLBR_GLGC_INTRVL,MTED_EDaM_Entity_Quality_Indication,<unspecified>,SHL_CDM_EntityPropertyExtension.MTED_EDaM_Entity_Quality_Indication
B1D7CC75-42CE-440C-B9D5-FD8D38489572,Wellbore Geologic Interval,WLLBR_GLGC_INTRVL,MTED_EDaM_Entity_Availability_Indication,<unspecified>,SHL_CDM_EntityPropertyExtension.MTED_EDaM_Entity_Availability_Indication
B1D7CC75-42CE-440C-B9D5-FD8D38489572,Wellbore Geologic Interval,WLLBR_GLGC_INTRVL,MTED_EDaM_Security_Classification,Most Confidential,SHL_CDM_EntityPropertyExtension.MTED_EDaM_Security_Classification
B1D7CC75-42CE-440C-B9D5-FD8D38489572,Wellbore Geologic Interval,WLLBR_GLGC_INTRVL,MTED_EDaM_Design_Status,Approved,SHL_CDM_EntityPropertyExtension.MTED_EDaM_Design_Status
B1D7CC75-42CE-440C-B9D5-FD8D38489572,Wellbore Geologic Interval,WLLBR_GLGC_INTRVL,CSI,false,SHL_CDM_EntityPropertyExtension.CSI
B1D7CC75-42CE-440C-B9D5-FD8D38489572,Wellbore Geologic Interval,WLLBR_GLGC_INTRVL,MTED_EDaM_Business_Critical_Data,false,SHL_CDM_EntityPropertyExtension.MTED_EDaM_Business_Critical_Data
B1D7CC75-42CE-440C-B9D5-FD8D38489572,Wellbore Geologic Interval,WLLBR_GLGC_INTRVL,MTED_Encryption_Required,false,SHL_CDM_EntityPropertyExtension.MTED_Encryption_Required
B1D7CC75-42CE-440C-B9D5-FD8D38489572,Wellbore Geologic Interval,WLLBR_GLGC_INTRVL,PII,false,SHL_CDM_EntityPropertyExtension.PII
B1D7CC75-42CE-440C-B9D5-FD8D38489572,Wellbore Geologic Interval,WLLBR_GLGC_INTRVL,EntityUpdateDate,19/08/2021 Pass 3,SHL_CDM_EntityPropertyExtension.EntityUpdateDate
B1D7CC75-42CE-440C-B9D5-FD8D38489572,Wellbore Geologic Interval,WLLBR_GLGC_INTRVL,Generation,true,SHL_CDM_EntityPropertyExtension.Generation
B1D7CC75-42CE-440C-B9D5-FD8D38489572,Wellbore Geologic Interval,WLLBR_GLGC_INTRVL,MTED_Version_No,2021.2,SHL_CDM_EntityPropertyExtension.MTED_Version_No
B1D7CC75-42CE-440C-B9D5-FD8D38489572,Wellbore Geologic Interval,WLLBR_GLGC_INTRVL,CommerciallySensitiveInformation,No Commercially Sensitive Information,BIM-core.CommerciallySensitiveInformation
B1D7CC75-42CE-440C-B9D5-FD8D38489572,Wellbore Geologic Interval,WLLBR_GLGC_INTRVL,Criticality,No Critical Data,BIM-core.Criticality
B1D7CC75-42CE-440C-B9D5-FD8D38489572,Wellbore Geologic Interval,WLLBR_GLGC_INTRVL,DataCategory,Structured,BIM-core.DataCategory
B1D7CC75-42CE-440C-B9D5-FD8D38489572,Wellbore Geologic Interval,WLLBR_GLGC_INTRVL,DataConfidentiality,Internal,BIM-core.DataConfidentiality
B1D7CC75-42CE-440C-B9D5-FD8D38489572,Wellbore Geologic Interval,WLLBR_GLGC_INTRVL,DesignStatus,Approved,BIM-core.DesignStatus
B1D7CC75-42CE-440C-B9D5-FD8D38489572,Wellbore Geologic Interval,WLLBR_GLGC_INTRVL,EntityCategory,Intersection,BIM-core.EntityCategory
B1D7CC75-42CE-440C-B9D5-FD8D38489572,Wellbore Geologic Interval,WLLBR_GLGC_INTRVL,EntityPersonalData,No Personal Data,BIM-core.EntityPersonalData
B1D7CC75-42CE-440C-B9D5-FD8D38489572,Wellbore Geologic Interval,WLLBR_GLGC_INTRVL,FinancialPersonalData,No Financial Personal Data,BIM-core.FinancialPersonalData
B1D7CC75-42CE-440C-B9D5-FD8D38489572,Wellbore Geologic Interval,WLLBR_GLGC_INTRVL,SensitivePersonalData,No Sensitive Personal Data,BIM-core.SensitivePersonalData
B1D7CC75-42CE-440C-B9D5-FD8D38489572,Wellbore Geologic Interval,WLLBR_GLGC_INTRVL,DataArea,Well,BIM-core.DataArea
B1D7CC75-42CE-440C-B9D5-FD8D38489572,Wellbore Geologic Interval,WLLBR_GLGC_INTRVL,EnterpriseLevel,Yes,BIM-core.EnterpriseLevel
B1D7CC75-42CE-440C-B9D5-FD8D38489572,Wellbore Geologic Interval,WLLBR_GLGC_INTRVL,ExchangeId,{B9DE79CF-E0EE-4D52-83AC-13DC0F0666F2},BIM-core.ExchangeId
D182D1FE-0B42-4782-85B9-9B9B93EF45C3,Wellbore Interval,WLLBR_INTRVL,PD_ObjectID,D182D1FE-0B42-4782-85B9-9B9B93EF45C3,
D182D1FE-0B42-4782-85B9-9B9B93EF45C3,Wellbore Interval,WLLBR_INTRVL,PD_SourceExtraction,46603045,
D182D1FE-0B42-4782-85B9-9B9B93EF45C3,Wellbore Interval,WLLBR_INTRVL,PD_SourceModel,SUBSURFACE AND WELLS,
D182D1FE-0B42-4782-85B9-9B9B93EF45C3,Wellbore Interval,WLLBR_INTRVL,EntityCategory,Transaction,BIM-core.EntityCategory
D182D1FE-0B42-4782-85B9-9B9B93EF45C3,Wellbore Interval,WLLBR_INTRVL,DataCategory,Structured,BIM-core.DataCategory
D182D1FE-0B42-4782-85B9-9B9B93EF45C3,Wellbore Interval,WLLBR_INTRVL,Criticality,No Critical Data,BIM-core.Criticality
D182D1FE-0B42-4782-85B9-9B9B93EF45C3,Wellbore Interval,WLLBR_INTRVL,CommerciallySensitiveInformation,No Commercially Sensitive Information,BIM-core.CommerciallySensitiveInformation
D182D1FE-0B42-4782-85B9-9B9B93EF45C3,Wellbore Interval,WLLBR_INTRVL,DataConfidentiality,Internal,BIM-core.DataConfidentiality
D182D1FE-0B42-4782-85B9-9B9B93EF45C3,Wellbore Interval,WLLBR_INTRVL,EntityPersonalData,No Personal Data,BIM-core.EntityPersonalData
D182D1FE-0B42-4782-85B9-9B9B93EF45C3,Wellbore Interval,WLLBR_INTRVL,FinancialPersonalData,No Financial Personal Data,BIM-core.FinancialPersonalData
D182D1FE-0B42-4782-85B9-9B9B93EF45C3,Wellbore Interval,WLLBR_INTRVL,SensitivePersonalData,No Sensitive Personal Data,BIM-core.SensitivePersonalData
D182D1FE-0B42-4782-85B9-9B9B93EF45C3,Wellbore Interval,WLLBR_INTRVL,DesignStatus,Approved,BIM-core.DesignStatus
D182D1FE-0B42-4782-85B9-9B9B93EF45C3,Wellbore Interval,WLLBR_INTRVL,DataArea,Geology/Petrophysics,BIM-core.DataArea
D182D1FE-0B42-4782-85B9-9B9B93EF45C3,Wellbore Interval,WLLBR_INTRVL,EnterpriseLevel,Yes,BIM-core.EnterpriseLevel
D182D1FE-0B42-4782-85B9-9B9B93EF45C3,Wellbore Interval,WLLBR_INTRVL,ExchangeId,{7FC3D80E-962B-46EA-AC28-222007AA5DAA},BIM-core.ExchangeId
23758886-8D01-4560-9E01-FAF11EBF36A1,Wellbore Interval Set,WLLBR_INTRVL_ST,PD_ObjectID,23758886-8D01-4560-9E01-FAF11EBF36A1,
23758886-8D01-4560-9E01-FAF11EBF36A1,Wellbore Interval Set,WLLBR_INTRVL_ST,PD_SourceExtraction,46603045,
23758886-8D01-4560-9E01-FAF11EBF36A1,Wellbore Interval Set,WLLBR_INTRVL_ST,PD_SourceModel,SUBSURFACE AND WELLS,
23758886-8D01-4560-9E01-FAF11EBF36A1,Wellbore Interval Set,WLLBR_INTRVL_ST,EntityCategory,Transaction,BIM-core.EntityCategory
23758886-8D01-4560-9E01-FAF11EBF36A1,Wellbore Interval Set,WLLBR_INTRVL_ST,DataCategory,Structured,BIM-core.DataCategory
23758886-8D01-4560-9E01-FAF11EBF36A1,Wellbore Interval Set,WLLBR_INTRVL_ST,Criticality,No Critical Data,BIM-core.Criticality
23758886-8D01-4560-9E01-FAF11EBF36A1,Wellbore Interval Set,WLLBR_INTRVL_ST,CommerciallySensitiveInformation,No Commercially Sensitive Information,BIM-core.CommerciallySensitiveInformation
23758886-8D01-4560-9E01-FAF11EBF36A1,Wellbore Interval Set,WLLBR_INTRVL_ST,DataConfidentiality,Internal,BIM-core.DataConfidentiality
23758886-8D01-4560-9E01-FAF11EBF36A1,Wellbore Interval Set,WLLBR_INTRVL_ST,EntityPersonalData,No Personal Data,BIM-core.EntityPersonalData
23758886-8D01-4560-9E01-FAF11EBF36A1,Wellbore Interval Set,WLLBR_INTRVL_ST,FinancialPersonalData,No Financial Personal Data,BIM-core.FinancialPersonalData
23758886-8D01-4560-9E01-FAF11EBF36A1,Wellbore Interval Set,WLLBR_INTRVL_ST,SensitivePersonalData,No Sensitive Personal Data,BIM-core.SensitivePersonalData
23758886-8D01-4560-9E01-FAF11EBF36A1,Wellbore Interval Set,WLLBR_INTRVL_ST,DesignStatus,Approved,BIM-core.DesignStatus
23758886-8D01-4560-9E01-FAF11EBF36A1,Wellbore Interval Set,WLLBR_INTRVL_ST,DataArea,Geology/Petrophysics,BIM-core.DataArea
23758886-8D01-4560-9E01-FAF11EBF36A1,Wellbore Interval Set,WLLBR_INTRVL_ST,EnterpriseLevel,Yes,BIM-core.EnterpriseLevel
23758886-8D01-4560-9E01-FAF11EBF36A1,Wellbore Interval Set,WLLBR_INTRVL_ST,ExchangeId,{95D64223-CA89-49A3-BBF8-CDF24ED9A303},BIM-core.ExchangeId
17173908-54BB-45CA-9C57-808DE4247E7C,Wellbore Marker,WLLBR_MRKR,PD_ObjectID,17173908-54BB-45CA-9C57-808DE4247E7C,
17173908-54BB-45CA-9C57-808DE4247E7C,Wellbore Marker,WLLBR_MRKR,PD_SourceExtraction,46603045,
17173908-54BB-45CA-9C57-808DE4247E7C,Wellbore Marker,WLLBR_MRKR,PD_SourceModel,SUBSURFACE AND WELLS,
17173908-54BB-45CA-9C57-808DE4247E7C,Wellbore Marker,WLLBR_MRKR,EntityCategory,Transaction,BIM-core.EntityCategory
17173908-54BB-45CA-9C57-808DE4247E7C,Wellbore Marker,WLLBR_MRKR,DataCategory,Structured,BIM-core.DataCategory
17173908-54BB-45CA-9C57-808DE4247E7C,Wellbore Marker,WLLBR_MRKR,Criticality,No Critical Data,BIM-core.Criticality
17173908-54BB-45CA-9C57-808DE4247E7C,Wellbore Marker,WLLBR_MRKR,CommerciallySensitiveInformation,No Commercially Sensitive Information,BIM-core.CommerciallySensitiveInformation
17173908-54BB-45CA-9C57-808DE4247E7C,Wellbore Marker,WLLBR_MRKR,DataConfidentiality,Internal,BIM-core.DataConfidentiality
17173908-54BB-45CA-9C57-808DE4247E7C,Wellbore Marker,WLLBR_MRKR,EntityPersonalData,No Personal Data,BIM-core.EntityPersonalData
17173908-54BB-45CA-9C57-808DE4247E7C,Wellbore Marker,WLLBR_MRKR,FinancialPersonalData,No Financial Personal Data,BIM-core.FinancialPersonalData
17173908-54BB-45CA-9C57-808DE4247E7C,Wellbore Marker,WLLBR_MRKR,SensitivePersonalData,No Sensitive Personal Data,BIM-core.SensitivePersonalData
17173908-54BB-45CA-9C57-808DE4247E7C,Wellbore Marker,WLLBR_MRKR,DesignStatus,Approved,BIM-core.DesignStatus
17173908-54BB-45CA-9C57-808DE4247E7C,Wellbore Marker,WLLBR_MRKR,DataArea,Geology/Petrophysics,BIM-core.DataArea
17173908-54BB-45CA-9C57-808DE4247E7C,Wellbore Marker,WLLBR_MRKR,EnterpriseLevel,Yes,BIM-core.EnterpriseLevel
17173908-54BB-45CA-9C57-808DE4247E7C,Wellbore Marker,WLLBR_MRKR,ExchangeId,{7EB3B978-5D43-434D-92EC-8F46D74A0DE0},BIM-core.ExchangeId
9AF2AD22-F288-49B8-8EE4-6BF3504FD7D6,Wellbore Marker Pick,WLLBR_MRKR_PCK,PD_ObjectID,9AF2AD22-F288-49B8-8EE4-6BF3504FD7D6,
9AF2AD22-F288-49B8-8EE4-6BF3504FD7D6,Wellbore Marker Pick,WLLBR_MRKR_PCK,PD_SourceExtraction,46603045,
9AF2AD22-F288-49B8-8EE4-6BF3504FD7D6,Wellbore Marker Pick,WLLBR_MRKR_PCK,PD_SourceModel,SUBSURFACE AND WELLS,
9AF2AD22-F288-49B8-8EE4-6BF3504FD7D6,Wellbore Marker Pick,WLLBR_MRKR_PCK,MTED_EDaM_Entity_Data_Category,<unspecified>,SHL_CDM_EntityPropertyExtension.MTED_EDaM_Entity_Data_Category
9AF2AD22-F288-49B8-8EE4-6BF3504FD7D6,Wellbore Marker Pick,WLLBR_MRKR_PCK,MTED_EDaM_Entity_Critical_Data,<unspecified>,SHL_CDM_EntityPropertyExtension.MTED_EDaM_Entity_Critical_Data
9AF2AD22-F288-49B8-8EE4-6BF3504FD7D6,Wellbore Marker Pick,WLLBR_MRKR_PCK,MTED_EDaM_Entity_Quality_Indication,<unspecified>,SHL_CDM_EntityPropertyExtension.MTED_EDaM_Entity_Quality_Indication
9AF2AD22-F288-49B8-8EE4-6BF3504FD7D6,Wellbore Marker Pick,WLLBR_MRKR_PCK,MTED_EDaM_Entity_Availability_Indication,<unspecified>,SHL_CDM_EntityPropertyExtension.MTED_EDaM_Entity_Availability_Indication
9AF2AD22-F288-49B8-8EE4-6BF3504FD7D6,Wellbore Marker Pick,WLLBR_MRKR_PCK,MTED_EDaM_Security_Classification,<unspecified>,SHL_CDM_EntityPropertyExtension.MTED_EDaM_Security_Classification
9AF2AD22-F288-49B8-8EE4-6BF3504FD7D6,Wellbore Marker Pick,WLLBR_MRKR_PCK,MTED_EDaM_Design_Status,Approved,SHL_CDM_EntityPropertyExtension.MTED_EDaM_Design_Status
9AF2AD22-F288-49B8-8EE4-6BF3504FD7D6,Wellbore Marker Pick,WLLBR_MRKR_PCK,CSI,false,SHL_CDM_EntityPropertyExtension.CSI
9AF2AD22-F288-49B8-8EE4-6BF3504FD7D6,Wellbore Marker Pick,WLLBR_MRKR_PCK,MTED_EDaM_Business_Critical_Data,false,SHL_CDM_EntityPropertyExtension.MTED_EDaM_Business_Critical_Data
9AF2AD22-F288-49B8-8EE4-6BF3504FD7D6,Wellbore Marker Pick,WLLBR_MRKR_PCK,MTED_Encryption_Required,false,SHL_CDM_EntityPropertyExtension.MTED_Encryption_Required
9AF2AD22-F288-49B8-8EE4-6BF3504FD7D6,Wellbore Marker Pick,WLLBR_MRKR_PCK,PII,false,SHL_CDM_EntityPropertyExtension.PII
9AF2AD22-F288-49B8-8EE4-6BF3504FD7D6,Wellbore Marker Pick,WLLBR_MRKR_PCK,EntityUpdateDate,19/08/2021 Pass 3,SHL_CDM_EntityPropertyExtension.EntityUpdateDate
9AF2AD22-F288-49B8-8EE4-6BF3504FD7D6,Wellbore Marker Pick,WLLBR_MRKR_PCK,Generation,true,SHL_CDM_EntityPropertyExtension.Generation
9AF2AD22-F288-49B8-8EE4-6BF3504FD7D6,Wellbore Marker Pick,WLLBR_MRKR_PCK,MTED_Version_No,2021.2,SHL_CDM_EntityPropertyExtension.MTED_Version_No
9AF2AD22-F288-49B8-8EE4-6BF3504FD7D6,Wellbore Marker Pick,WLLBR_MRKR_PCK,CommerciallySensitiveInformation,No Commercially Sensitive Information,BIM-core.CommerciallySensitiveInformation
9AF2AD22-F288-49B8-8EE4-6BF3504FD7D6,Wellbore Marker Pick,WLLBR_MRKR_PCK,Criticality,No Critical Data,BIM-core.Criticality
9AF2AD22-F288-49B8-8EE4-6BF3504FD7D6,Wellbore Marker Pick,WLLBR_MRKR_PCK,DataCategory,Structured,BIM-core.DataCategory
9AF2AD22-F288-49B8-8EE4-6BF3504FD7D6,Wellbore Marker Pick,WLLBR_MRKR_PCK,DataConfidentiality,Internal,BIM-core.DataConfidentiality
9AF2AD22-F288-49B8-8EE4-6BF3504FD7D6,Wellbore Marker Pick,WLLBR_MRKR_PCK,DesignStatus,Approved,BIM-core.DesignStatus
9AF2AD22-F288-49B8-8EE4-6BF3504FD7D6,Wellbore Marker Pick,WLLBR_MRKR_PCK,EntityCategory,Master,BIM-core.EntityCategory
9AF2AD22-F288-49B8-8EE4-6BF3504FD7D6,Wellbore Marker Pick,WLLBR_MRKR_PCK,EntityPersonalData,No Personal Data,BIM-core.EntityPersonalData
9AF2AD22-F288-49B8-8EE4-6BF3504FD7D6,Wellbore Marker Pick,WLLBR_MRKR_PCK,FinancialPersonalData,No Financial Personal Data,BIM-core.FinancialPersonalData
9AF2AD22-F288-49B8-8EE4-6BF3504FD7D6,Wellbore Marker Pick,WLLBR_MRKR_PCK,SensitivePersonalData,No Sensitive Personal Data,BIM-core.SensitivePersonalData
9AF2AD22-F288-49B8-8EE4-6BF3504FD7D6,Wellbore Marker Pick,WLLBR_MRKR_PCK,DataArea,Reservoir,BIM-core.DataArea
9AF2AD22-F288-49B8-8EE4-6BF3504FD7D6,Wellbore Marker Pick,WLLBR_MRKR_PCK,EnterpriseLevel,Yes,BIM-core.EnterpriseLevel
9AF2AD22-F288-49B8-8EE4-6BF3504FD7D6,Wellbore Marker Pick,WLLBR_MRKR_PCK,ExchangeId,{99AE6C92-2433-428D-BB64-1503E795E0FE},BIM-core.ExchangeId
3F43999B-7065-4CF0-9937-A0DEEBA194FC,Wellbore Marker Set,WLLBR_MRKR_ST,PD_ObjectID,3F43999B-7065-4CF0-9937-A0DEEBA194FC,
3F43999B-7065-4CF0-9937-A0DEEBA194FC,Wellbore Marker Set,WLLBR_MRKR_ST,PD_SourceExtraction,46603045,
3F43999B-7065-4CF0-9937-A0DEEBA194FC,Wellbore Marker Set,WLLBR_MRKR_ST,PD_SourceModel,SUBSURFACE AND WELLS,
3F43999B-7065-4CF0-9937-A0DEEBA194FC,Wellbore Marker Set,WLLBR_MRKR_ST,EntityCategory,Transaction,BIM-core.EntityCategory
3F43999B-7065-4CF0-9937-A0DEEBA194FC,Wellbore Marker Set,WLLBR_MRKR_ST,DataCategory,Structured,BIM-core.DataCategory
3F43999B-7065-4CF0-9937-A0DEEBA194FC,Wellbore Marker Set,WLLBR_MRKR_ST,Criticality,No Critical Data,BIM-core.Criticality
3F43999B-7065-4CF0-9937-A0DEEBA194FC,Wellbore Marker Set,WLLBR_MRKR_ST,CommerciallySensitiveInformation,No Commercially Sensitive Information,BIM-core.CommerciallySensitiveInformation
3F43999B-7065-4CF0-9937-A0DEEBA194FC,Wellbore Marker Set,WLLBR_MRKR_ST,DataConfidentiality,Internal,BIM-core.DataConfidentiality
3F43999B-7065-4CF0-9937-A0DEEBA194FC,Wellbore Marker Set,WLLBR_MRKR_ST,EntityPersonalData,No Personal Data,BIM-core.EntityPersonalData
3F43999B-7065-4CF0-9937-A0DEEBA194FC,Wellbore Marker Set,WLLBR_MRKR_ST,FinancialPersonalData,No Financial Personal Data,BIM-core.FinancialPersonalData
3F43999B-7065-4CF0-9937-A0DEEBA194FC,Wellbore Marker Set,WLLBR_MRKR_ST,SensitivePersonalData,No Sensitive Personal Data,BIM-core.SensitivePersonalData
3F43999B-7065-4CF0-9937-A0DEEBA194FC,Wellbore Marker Set,WLLBR_MRKR_ST,DesignStatus,Approved,BIM-core.DesignStatus
3F43999B-7065-4CF0-9937-A0DEEBA194FC,Wellbore Marker Set,WLLBR_MRKR_ST,DataArea,Geology/Petrophysics,BIM-core.DataArea
3F43999B-7065-4CF0-9937-A0DEEBA194FC,Wellbore Marker Set,WLLBR_MRKR_ST,EnterpriseLevel,Yes,BIM-core.EnterpriseLevel
3F43999B-7065-4CF0-9937-A0DEEBA194FC,Wellbore Marker Set,WLLBR_MRKR_ST,ExchangeId,{8F7E9711-4C75-410E-8445-F054A6CE6F9B},BIM-core.ExchangeId
64C46DAD-777C-4964-9FB8-ED7D99B56013,Wellbore Opening,WLLBR_OPNNG,PD_ObjectID,64C46DAD-777C-4964-9FB8-ED7D99B56013,
64C46DAD-777C-4964-9FB8-ED7D99B56013,Wellbore Opening,WLLBR_OPNNG,PD_SourceExtraction,46603045,
64C46DAD-777C-4964-9FB8-ED7D99B56013,Wellbore Opening,WLLBR_OPNNG,PD_SourceModel,SUBSURFACE AND WELLS,
64C46DAD-777C-4964-9FB8-ED7D99B56013,Wellbore Opening,WLLBR_OPNNG,MTED_EDaM_Entity_Data_Category,<unspecified>,SHL_CDM_EntityPropertyExtension.MTED_EDaM_Entity_Data_Category
64C46DAD-777C-4964-9FB8-ED7D99B56013,Wellbore Opening,WLLBR_OPNNG,MTED_EDaM_Data_Owner,,SHL_CDM_EntityPropertyExtension.MTED_EDaM_Data_Owner
64C46DAD-777C-4964-9FB8-ED7D99B56013,Wellbore Opening,WLLBR_OPNNG,MTED_EDaM_Entity_Critical_Data,F,SHL_CDM_EntityPropertyExtension.MTED_EDaM_Entity_Critical_Data
64C46DAD-777C-4964-9FB8-ED7D99B56013,Wellbore Opening,WLLBR_OPNNG,MTED_EDaM_Entity_Quality_Indication,<unspecified>,SHL_CDM_EntityPropertyExtension.MTED_EDaM_Entity_Quality_Indication
64C46DAD-777C-4964-9FB8-ED7D99B56013,Wellbore Opening,WLLBR_OPNNG,MTED_EDaM_Entity_Availability_Indication,<unspecified>,SHL_CDM_EntityPropertyExtension.MTED_EDaM_Entity_Availability_Indication
64C46DAD-777C-4964-9FB8-ED7D99B56013,Wellbore Opening,WLLBR_OPNNG,MTED_EDaM_Security_Classification,Most Confidential,SHL_CDM_EntityPropertyExtension.MTED_EDaM_Security_Classification
64C46DAD-777C-4964-9FB8-ED7D99B56013,Wellbore Opening,WLLBR_OPNNG,MTED_EDaM_Design_Status,Approved,SHL_CDM_EntityPropertyExtension.MTED_EDaM_Design_Status
64C46DAD-777C-4964-9FB8-ED7D99B56013,Wellbore Opening,WLLBR_OPNNG,MTED_Version_No,2021.2,SHL_CDM_EntityPropertyExtension.MTED_Version_No
64C46DAD-777C-4964-9FB8-ED7D99B56013,Wellbore Opening,WLLBR_OPNNG,MTED_EDaM_Version_Date,,SHL_CDM_EntityPropertyExtension.MTED_EDaM_Version_Date
64C46DAD-777C-4964-9FB8-ED7D99B56013,Wellbore Opening,WLLBR_OPNNG,CSI,false,SHL_CDM_EntityPropertyExtension.CSI
64C46DAD-777C-4964-9FB8-ED7D99B56013,Wellbore Opening,WLLBR_OPNNG,MTED_EDaM_Business_Critical_Data,false,SHL_CDM_EntityPropertyExtension.MTED_EDaM_Business_Critical_Data
64C46DAD-777C-4964-9FB8-ED7D99B56013,Wellbore Opening,WLLBR_OPNNG,MTED_Encryption_Required,false,SHL_CDM_EntityPropertyExtension.MTED_Encryption_Required
64C46DAD-777C-4964-9FB8-ED7D99B56013,Wellbore Opening,WLLBR_OPNNG,PII,false,SHL_CDM_EntityPropertyExtension.PII
64C46DAD-777C-4964-9FB8-ED7D99B56013,Wellbore Opening,WLLBR_OPNNG,EntityUpdateDate,19/08/2021 Pass 3,SHL_CDM_EntityPropertyExtension.EntityUpdateDate
64C46DAD-777C-4964-9FB8-ED7D99B56013,Wellbore Opening,WLLBR_OPNNG,Generation,true,SHL_CDM_EntityPropertyExtension.Generation
64C46DAD-777C-4964-9FB8-ED7D99B56013,Wellbore Opening,WLLBR_OPNNG,CommerciallySensitiveInformation,No Commercially Sensitive Information,BIM-core.CommerciallySensitiveInformation
64C46DAD-777C-4964-9FB8-ED7D99B56013,Wellbore Opening,WLLBR_OPNNG,Criticality,No Critical Data,BIM-core.Criticality
64C46DAD-777C-4964-9FB8-ED7D99B56013,Wellbore Opening,WLLBR_OPNNG,DataCategory,Structured,BIM-core.DataCategory
64C46DAD-777C-4964-9FB8-ED7D99B56013,Wellbore Opening,WLLBR_OPNNG,DataConfidentiality,Internal,BIM-core.DataConfidentiality
64C46DAD-777C-4964-9FB8-ED7D99B56013,Wellbore Opening,WLLBR_OPNNG,DesignStatus,Approved,BIM-core.DesignStatus
64C46DAD-777C-4964-9FB8-ED7D99B56013,Wellbore Opening,WLLBR_OPNNG,EntityCategory,Master,BIM-core.EntityCategory
64C46DAD-777C-4964-9FB8-ED7D99B56013,Wellbore Opening,WLLBR_OPNNG,EntityPersonalData,No Personal Data,BIM-core.EntityPersonalData
64C46DAD-777C-4964-9FB8-ED7D99B56013,Wellbore Opening,WLLBR_OPNNG,FinancialPersonalData,No Financial Personal Data,BIM-core.FinancialPersonalData
64C46DAD-777C-4964-9FB8-ED7D99B56013,Wellbore Opening,WLLBR_OPNNG,SensitivePersonalData,No Sensitive Personal Data,BIM-core.SensitivePersonalData
64C46DAD-777C-4964-9FB8-ED7D99B56013,Wellbore Opening,WLLBR_OPNNG,DataArea,Well,BIM-core.DataArea
64C46DAD-777C-4964-9FB8-ED7D99B56013,Wellbore Opening,WLLBR_OPNNG,EnterpriseLevel,Yes,BIM-core.EnterpriseLevel
64C46DAD-777C-4964-9FB8-ED7D99B56013,Wellbore Opening,WLLBR_OPNNG,ExchangeId,{F22201D2-5938-49B0-AABD-3D9FE9E3BE7A},BIM-core.ExchangeId
626B0C2C-3E83-4190-801C-74BB44D4ED0C,Wellbore Opening Status,WLLBR_OPNNG_STTS,PD_ObjectID,626B0C2C-3E83-4190-801C-74BB44D4ED0C,
626B0C2C-3E83-4190-801C-74BB44D4ED0C,Wellbore Opening Status,WLLBR_OPNNG_STTS,PD_SourceExtraction,46603045,
626B0C2C-3E83-4190-801C-74BB44D4ED0C,Wellbore Opening Status,WLLBR_OPNNG_STTS,PD_SourceModel,SUBSURFACE AND WELLS,
626B0C2C-3E83-4190-801C-74BB44D4ED0C,Wellbore Opening Status,WLLBR_OPNNG_STTS,MTED_EDaM_Entity_Data_Category,<unspecified>,SHL_CDM_EntityPropertyExtension.MTED_EDaM_Entity_Data_Category
626B0C2C-3E83-4190-801C-74BB44D4ED0C,Wellbore Opening Status,WLLBR_OPNNG_STTS,MTED_EDaM_Data_Owner,,SHL_CDM_EntityPropertyExtension.MTED_EDaM_Data_Owner
626B0C2C-3E83-4190-801C-74BB44D4ED0C,Wellbore Opening Status,WLLBR_OPNNG_STTS,MTED_EDaM_Entity_Critical_Data,F,SHL_CDM_EntityPropertyExtension.MTED_EDaM_Entity_Critical_Data
626B0C2C-3E83-4190-801C-74BB44D4ED0C,Wellbore Opening Status,WLLBR_OPNNG_STTS,MTED_EDaM_Entity_Quality_Indication,<unspecified>,SHL_CDM_EntityPropertyExtension.MTED_EDaM_Entity_Quality_Indication
626B0C2C-3E83-4190-801C-74BB44D4ED0C,Wellbore Opening Status,WLLBR_OPNNG_STTS,MTED_EDaM_Entity_Availability_Indication,<unspecified>,SHL_CDM_EntityPropertyExtension.MTED_EDaM_Entity_Availability_Indication
626B0C2C-3E83-4190-801C-74BB44D4ED0C,Wellbore Opening Status,WLLBR_OPNNG_STTS,MTED_EDaM_Security_Classification,Most Confidential,SHL_CDM_EntityPropertyExtension.MTED_EDaM_Security_Classification
626B0C2C-3E83-4190-801C-74BB44D4ED0C,Wellbore Opening Status,WLLBR_OPNNG_STTS,MTED_EDaM_Design_Status,Approved,SHL_CDM_EntityPropertyExtension.MTED_EDaM_Design_Status
626B0C2C-3E83-4190-801C-74BB44D4ED0C,Wellbore Opening Status,WLLBR_OPNNG_STTS,MTED_Version_No,2021.2,SHL_CDM_EntityPropertyExtension.MTED_Version_No
626B0C2C-3E83-4190-801C-74BB44D4ED0C,Wellbore Opening Status,WLLBR_OPNNG_STTS,MTED_EDaM_Version_Date,,SHL_CDM_EntityPropertyExtension.MTED_EDaM_Version_Date
626B0C2C-3E83-4190-801C-74BB44D4ED0C,Wellbore Opening Status,WLLBR_OPNNG_STTS,CSI,false,SHL_CDM_EntityPropertyExtension.CSI
626B0C2C-3E83-4190-801C-74BB44D4ED0C,Wellbore Opening Status,WLLBR_OPNNG_STTS,MTED_EDaM_Business_Critical_Data,false,SHL_CDM_EntityPropertyExtension.MTED_EDaM_Business_Critical_Data
626B0C2C-3E83-4190-801C-74BB44D4ED0C,Wellbore Opening Status,WLLBR_OPNNG_STTS,MTED_Encryption_Required,false,SHL_CDM_EntityPropertyExtension.MTED_Encryption_Required
626B0C2C-3E83-4190-801C-74BB44D4ED0C,Wellbore Opening Status,WLLBR_OPNNG_STTS,PII,false,SHL_CDM_EntityPropertyExtension.PII
626B0C2C-3E83-4190-801C-74BB44D4ED0C,Wellbore Opening Status,WLLBR_OPNNG_STTS,EntityUpdateDate,19/08/2021 Pass 3,SHL_CDM_EntityPropertyExtension.EntityUpdateDate
626B0C2C-3E83-4190-801C-74BB44D4ED0C,Wellbore Opening Status,WLLBR_OPNNG_STTS,Generation,true,SHL_CDM_EntityPropertyExtension.Generation
626B0C2C-3E83-4190-801C-74BB44D4ED0C,Wellbore Opening Status,WLLBR_OPNNG_STTS,CommerciallySensitiveInformation,No Commercially Sensitive Information,BIM-core.CommerciallySensitiveInformation
626B0C2C-3E83-4190-801C-74BB44D4ED0C,Wellbore Opening Status,WLLBR_OPNNG_STTS,Criticality,No Critical Data,BIM-core.Criticality
626B0C2C-3E83-4190-801C-74BB44D4ED0C,Wellbore Opening Status,WLLBR_OPNNG_STTS,DataCategory,Structured,BIM-core.DataCategory
626B0C2C-3E83-4190-801C-74BB44D4ED0C,Wellbore Opening Status,WLLBR_OPNNG_STTS,DataConfidentiality,Internal,BIM-core.DataConfidentiality
626B0C2C-3E83-4190-801C-74BB44D4ED0C,Wellbore Opening Status,WLLBR_OPNNG_STTS,DesignStatus,Approved,BIM-core.DesignStatus
626B0C2C-3E83-4190-801C-74BB44D4ED0C,Wellbore Opening Status,WLLBR_OPNNG_STTS,EntityCategory,Internal Reference,BIM-core.EntityCategory
626B0C2C-3E83-4190-801C-74BB44D4ED0C,Wellbore Opening Status,WLLBR_OPNNG_STTS,EntityPersonalData,No Personal Data,BIM-core.EntityPersonalData
626B0C2C-3E83-4190-801C-74BB44D4ED0C,Wellbore Opening Status,WLLBR_OPNNG_STTS,FinancialPersonalData,No Financial Personal Data,BIM-core.FinancialPersonalData
626B0C2C-3E83-4190-801C-74BB44D4ED0C,Wellbore Opening Status,WLLBR_OPNNG_STTS,SensitivePersonalData,No Sensitive Personal Data,BIM-core.SensitivePersonalData
626B0C2C-3E83-4190-801C-74BB44D4ED0C,Wellbore Opening Status,WLLBR_OPNNG_STTS,DataArea,Well,BIM-core.DataArea
626B0C2C-3E83-4190-801C-74BB44D4ED0C,Wellbore Opening Status,WLLBR_OPNNG_STTS,EnterpriseLevel,Yes,BIM-core.EnterpriseLevel
626B0C2C-3E83-4190-801C-74BB44D4ED0C,Wellbore Opening Status,WLLBR_OPNNG_STTS,ExchangeId,{71635E03-56FE-42F3-93DD-2FE92DD7D88F},BIM-core.ExchangeId
ECA3BC20-657B-42C5-ABD7-5415D0206A06,Wellbore Path,WLLBR_PTH,PD_ObjectID,ECA3BC20-657B-42C5-ABD7-5415D0206A06,
ECA3BC20-657B-42C5-ABD7-5415D0206A06,Wellbore Path,WLLBR_PTH,PD_SourceExtraction,46603045,
ECA3BC20-657B-42C5-ABD7-5415D0206A06,Wellbore Path,WLLBR_PTH,PD_SourceModel,SUBSURFACE AND WELLS,
ECA3BC20-657B-42C5-ABD7-5415D0206A06,Wellbore Path,WLLBR_PTH,EntityUpdateDate,19/08/2021 Pass 3,SHL_CDM_EntityPropertyExtension.EntityUpdateDate
ECA3BC20-657B-42C5-ABD7-5415D0206A06,Wellbore Path,WLLBR_PTH,CommerciallySensitiveInformation,No Commercially Sensitive Information,BIM-core.CommerciallySensitiveInformation
ECA3BC20-657B-42C5-ABD7-5415D0206A06,Wellbore Path,WLLBR_PTH,Criticality,No Critical Data,BIM-core.Criticality
ECA3BC20-657B-42C5-ABD7-5415D0206A06,Wellbore Path,WLLBR_PTH,DataCategory,Structured,BIM-core.DataCategory
ECA3BC20-657B-42C5-ABD7-5415D0206A06,Wellbore Path,WLLBR_PTH,DataConfidentiality,Internal,BIM-core.DataConfidentiality
ECA3BC20-657B-42C5-ABD7-5415D0206A06,Wellbore Path,WLLBR_PTH,DesignStatus,Approved,BIM-core.DesignStatus
ECA3BC20-657B-42C5-ABD7-5415D0206A06,Wellbore Path,WLLBR_PTH,EntityCategory,Master,BIM-core.EntityCategory
ECA3BC20-657B-42C5-ABD7-5415D0206A06,Wellbore Path,WLLBR_PTH,EntityPersonalData,No Personal Data,BIM-core.EntityPersonalData
ECA3BC20-657B-42C5-ABD7-5415D0206A06,Wellbore Path,WLLBR_PTH,FinancialPersonalData,No Financial Personal Data,BIM-core.FinancialPersonalData
ECA3BC20-657B-42C5-ABD7-5415D0206A06,Wellbore Path,WLLBR_PTH,SensitivePersonalData,No Sensitive Personal Data,BIM-core.SensitivePersonalData
ECA3BC20-657B-42C5-ABD7-5415D0206A06,Wellbore Path,WLLBR_PTH,DataArea,Wellbore,BIM-core.DataArea
ECA3BC20-657B-42C5-ABD7-5415D0206A06,Wellbore Path,WLLBR_PTH,EnterpriseLevel,Yes,BIM-core.EnterpriseLevel
ECA3BC20-657B-42C5-ABD7-5415D0206A06,Wellbore Path,WLLBR_PTH,ExchangeId,{0ED0AD54-328F-4530-B77F-F81400CA6FC6},BIM-core.ExchangeId
FD261710-DFDE-4A6E-832B-A5910BF91D79,Wellbore Path Point,WLLBR_PTH_PNT,PD_ObjectID,FD261710-DFDE-4A6E-832B-A5910BF91D79,
FD261710-DFDE-4A6E-832B-A5910BF91D79,Wellbore Path Point,WLLBR_PTH_PNT,PD_SourceExtraction,46603045,
FD261710-DFDE-4A6E-832B-A5910BF91D79,Wellbore Path Point,WLLBR_PTH_PNT,PD_SourceModel,SUBSURFACE AND WELLS,
FD261710-DFDE-4A6E-832B-A5910BF91D79,Wellbore Path Point,WLLBR_PTH_PNT,CSI,false,SHL_CDM_EntityPropertyExtension.CSI
FD261710-DFDE-4A6E-832B-A5910BF91D79,Wellbore Path Point,WLLBR_PTH_PNT,MTED_EDaM_Business_Critical_Data,false,SHL_CDM_EntityPropertyExtension.MTED_EDaM_Business_Critical_Data
FD261710-DFDE-4A6E-832B-A5910BF91D79,Wellbore Path Point,WLLBR_PTH_PNT,MTED_Encryption_Required,false,SHL_CDM_EntityPropertyExtension.MTED_Encryption_Required
FD261710-DFDE-4A6E-832B-A5910BF91D79,Wellbore Path Point,WLLBR_PTH_PNT,PII,false,SHL_CDM_EntityPropertyExtension.PII
FD261710-DFDE-4A6E-832B-A5910BF91D79,Wellbore Path Point,WLLBR_PTH_PNT,EntityUpdateDate,19/08/2021 Pass 3,SHL_CDM_EntityPropertyExtension.EntityUpdateDate
FD261710-DFDE-4A6E-832B-A5910BF91D79,Wellbore Path Point,WLLBR_PTH_PNT,CommerciallySensitiveInformation,No Commercially Sensitive Information,BIM-core.CommerciallySensitiveInformation
FD261710-DFDE-4A6E-832B-A5910BF91D79,Wellbore Path Point,WLLBR_PTH_PNT,Criticality,No Critical Data,BIM-core.Criticality
FD261710-DFDE-4A6E-832B-A5910BF91D79,Wellbore Path Point,WLLBR_PTH_PNT,DataCategory,Structured,BIM-core.DataCategory
FD261710-DFDE-4A6E-832B-A5910BF91D79,Wellbore Path Point,WLLBR_PTH_PNT,DataConfidentiality,Internal,BIM-core.DataConfidentiality
FD261710-DFDE-4A6E-832B-A5910BF91D79,Wellbore Path Point,WLLBR_PTH_PNT,DesignStatus,Approved,BIM-core.DesignStatus
FD261710-DFDE-4A6E-832B-A5910BF91D79,Wellbore Path Point,WLLBR_PTH_PNT,EntityCategory,Transaction,BIM-core.EntityCategory
FD261710-DFDE-4A6E-832B-A5910BF91D79,Wellbore Path Point,WLLBR_PTH_PNT,EntityPersonalData,No Personal Data,BIM-core.EntityPersonalData
FD261710-DFDE-4A6E-832B-A5910BF91D79,Wellbore Path Point,WLLBR_PTH_PNT,FinancialPersonalData,No Financial Personal Data,BIM-core.FinancialPersonalData
FD261710-DFDE-4A6E-832B-A5910BF91D79,Wellbore Path Point,WLLBR_PTH_PNT,SensitivePersonalData,No Sensitive Personal Data,BIM-core.SensitivePersonalData
FD261710-DFDE-4A6E-832B-A5910BF91D79,Wellbore Path Point,WLLBR_PTH_PNT,DataArea,Wellbore,BIM-core.DataArea
FD261710-DFDE-4A6E-832B-A5910BF91D79,Wellbore Path Point,WLLBR_PTH_PNT,EnterpriseLevel,Yes,BIM-core.EnterpriseLevel
FD261710-DFDE-4A6E-832B-A5910BF91D79,Wellbore Path Point,WLLBR_PTH_PNT,ExchangeId,{045F7B58-4EF6-42F4-9780-760480DF9018},BIM-core.ExchangeId
F92363C2-C9CA-4A6E-B1CF-11A11C721937,Wellbore Segment,WLLBR_SGMNT,PD_ObjectID,F92363C2-C9CA-4A6E-B1CF-11A11C721937,
F92363C2-C9CA-4A6E-B1CF-11A11C721937,Wellbore Segment,WLLBR_SGMNT,PD_SourceExtraction,46603045,
F92363C2-C9CA-4A6E-B1CF-11A11C721937,Wellbore Segment,WLLBR_SGMNT,PD_SourceModel,SUBSURFACE AND WELLS,
F92363C2-C9CA-4A6E-B1CF-11A11C721937,Wellbore Segment,WLLBR_SGMNT,MTED_EDaM_Entity_Data_Category,<unspecified>,SHL_CDM_EntityPropertyExtension.MTED_EDaM_Entity_Data_Category
F92363C2-C9CA-4A6E-B1CF-11A11C721937,Wellbore Segment,WLLBR_SGMNT,MTED_EDaM_Data_Owner,,SHL_CDM_EntityPropertyExtension.MTED_EDaM_Data_Owner
F92363C2-C9CA-4A6E-B1CF-11A11C721937,Wellbore Segment,WLLBR_SGMNT,MTED_EDaM_Entity_Critical_Data,F,SHL_CDM_EntityPropertyExtension.MTED_EDaM_Entity_Critical_Data
F92363C2-C9CA-4A6E-B1CF-11A11C721937,Wellbore Segment,WLLBR_SGMNT,MTED_EDaM_Entity_Quality_Indication,<unspecified>,SHL_CDM_EntityPropertyExtension.MTED_EDaM_Entity_Quality_Indication
F92363C2-C9CA-4A6E-B1CF-11A11C721937,Wellbore Segment,WLLBR_SGMNT,MTED_EDaM_Entity_Availability_Indication,<unspecified>,SHL_CDM_EntityPropertyExtension.MTED_EDaM_Entity_Availability_Indication
F92363C2-C9CA-4A6E-B1CF-11A11C721937,Wellbore Segment,WLLBR_SGMNT,MTED_EDaM_Security_Classification,Most Confidential,SHL_CDM_EntityPropertyExtension.MTED_EDaM_Security_Classification
F92363C2-C9CA-4A6E-B1CF-11A11C721937,Wellbore Segment,WLLBR_SGMNT,MTED_EDaM_Design_Status,Approved,SHL_CDM_EntityPropertyExtension.MTED_EDaM_Design_Status
F92363C2-C9CA-4A6E-B1CF-11A11C721937,Wellbore Segment,WLLBR_SGMNT,MTED_Version_No,2021.2,SHL_CDM_EntityPropertyExtension.MTED_Version_No
F92363C2-C9CA-4A6E-B1CF-11A11C721937,Wellbore Segment,WLLBR_SGMNT,MTED_EDaM_Version_Date,,SHL_CDM_EntityPropertyExtension.MTED_EDaM_Version_Date
F92363C2-C9CA-4A6E-B1CF-11A11C721937,Wellbore Segment,WLLBR_SGMNT,CSI,false,SHL_CDM_EntityPropertyExtension.CSI
F92363C2-C9CA-4A6E-B1CF-11A11C721937,Wellbore Segment,WLLBR_SGMNT,MTED_EDaM_Business_Critical_Data,false,SHL_CDM_EntityPropertyExtension.MTED_EDaM_Business_Critical_Data
F92363C2-C9CA-4A6E-B1CF-11A11C721937,Wellbore Segment,WLLBR_SGMNT,MTED_Encryption_Required,false,SHL_CDM_EntityPropertyExtension.MTED_Encryption_Required
F92363C2-C9CA-4A6E-B1CF-11A11C721937,Wellbore Segment,WLLBR_SGMNT,PII,false,SHL_CDM_EntityPropertyExtension.PII
F92363C2-C9CA-4A6E-B1CF-11A11C721937,Wellbore Segment,WLLBR_SGMNT,EntityUpdateDate,19/08/2021 Pass 3,SHL_CDM_EntityPropertyExtension.EntityUpdateDate
F92363C2-C9CA-4A6E-B1CF-11A11C721937,Wellbore Segment,WLLBR_SGMNT,Generation,true,SHL_CDM_EntityPropertyExtension.Generation
F92363C2-C9CA-4A6E-B1CF-11A11C721937,Wellbore Segment,WLLBR_SGMNT,CommerciallySensitiveInformation,No Commercially Sensitive Information,BIM-core.CommerciallySensitiveInformation
F92363C2-C9CA-4A6E-B1CF-11A11C721937,Wellbore Segment,WLLBR_SGMNT,Criticality,No Critical Data,BIM-core.Criticality
F92363C2-C9CA-4A6E-B1CF-11A11C721937,Wellbore Segment,WLLBR_SGMNT,DataCategory,Structured,BIM-core.DataCategory
F92363C2-C9CA-4A6E-B1CF-11A11C721937,Wellbore Segment,WLLBR_SGMNT,DataConfidentiality,Internal,BIM-core.DataConfidentiality
F92363C2-C9CA-4A6E-B1CF-11A11C721937,Wellbore Segment,WLLBR_SGMNT,DesignStatus,Approved,BIM-core.DesignStatus
F92363C2-C9CA-4A6E-B1CF-11A11C721937,Wellbore Segment,WLLBR_SGMNT,EntityCategory,Master,BIM-core.EntityCategory
F92363C2-C9CA-4A6E-B1CF-11A11C721937,Wellbore Segment,WLLBR_SGMNT,EntityPersonalData,No Personal Data,BIM-core.EntityPersonalData
F92363C2-C9CA-4A6E-B1CF-11A11C721937,Wellbore Segment,WLLBR_SGMNT,FinancialPersonalData,No Financial Personal Data,BIM-core.FinancialPersonalData
F92363C2-C9CA-4A6E-B1CF-11A11C721937,Wellbore Segment,WLLBR_SGMNT,SensitivePersonalData,No Sensitive Personal Data,BIM-core.SensitivePersonalData
F92363C2-C9CA-4A6E-B1CF-11A11C721937,Wellbore Segment,WLLBR_SGMNT,DataArea,Well,BIM-core.DataArea
F92363C2-C9CA-4A6E-B1CF-11A11C721937,Wellbore Segment,WLLBR_SGMNT,EnterpriseLevel,Yes,BIM-core.EnterpriseLevel
F92363C2-C9CA-4A6E-B1CF-11A11C721937,Wellbore Segment,WLLBR_SGMNT,ExchangeId,{62E53A9E-ED80-43CE-B406-ED3FA8A867CC},BIM-core.ExchangeId
69F19F79-0B04-41B3-9EF4-9094DFFF46DE,Wellbore Status Information,WLLBR_STTS_INFRMTN,PD_ObjectID,69F19F79-0B04-41B3-9EF4-9094DFFF46DE,
69F19F79-0B04-41B3-9EF4-9094DFFF46DE,Wellbore Status Information,WLLBR_STTS_INFRMTN,PD_SourceExtraction,46603045,
69F19F79-0B04-41B3-9EF4-9094DFFF46DE,Wellbore Status Information,WLLBR_STTS_INFRMTN,PD_SourceModel,SUBSURFACE AND WELLS,
69F19F79-0B04-41B3-9EF4-9094DFFF46DE,Wellbore Status Information,WLLBR_STTS_INFRMTN,EntityCategory,Transaction,BIM-core.EntityCategory
69F19F79-0B04-41B3-9EF4-9094DFFF46DE,Wellbore Status Information,WLLBR_STTS_INFRMTN,DataCategory,Structured,BIM-core.DataCategory
69F19F79-0B04-41B3-9EF4-9094DFFF46DE,Wellbore Status Information,WLLBR_STTS_INFRMTN,Criticality,No Critical Data,BIM-core.Criticality
69F19F79-0B04-41B3-9EF4-9094DFFF46DE,Wellbore Status Information,WLLBR_STTS_INFRMTN,CommerciallySensitiveInformation,No Commercially Sensitive Information,BIM-core.CommerciallySensitiveInformation
69F19F79-0B04-41B3-9EF4-9094DFFF46DE,Wellbore Status Information,WLLBR_STTS_INFRMTN,DataConfidentiality,Internal,BIM-core.DataConfidentiality
69F19F79-0B04-41B3-9EF4-9094DFFF46DE,Wellbore Status Information,WLLBR_STTS_INFRMTN,EntityPersonalData,No Personal Data,BIM-core.EntityPersonalData
69F19F79-0B04-41B3-9EF4-9094DFFF46DE,Wellbore Status Information,WLLBR_STTS_INFRMTN,FinancialPersonalData,No Financial Personal Data,BIM-core.FinancialPersonalData
69F19F79-0B04-41B3-9EF4-9094DFFF46DE,Wellbore Status Information,WLLBR_STTS_INFRMTN,SensitivePersonalData,No Sensitive Personal Data,BIM-core.SensitivePersonalData
69F19F79-0B04-41B3-9EF4-9094DFFF46DE,Wellbore Status Information,WLLBR_STTS_INFRMTN,DesignStatus,Approved,BIM-core.DesignStatus
69F19F79-0B04-41B3-9EF4-9094DFFF46DE,Wellbore Status Information,WLLBR_STTS_INFRMTN,DataArea,Well Activity,BIM-core.DataArea
69F19F79-0B04-41B3-9EF4-9094DFFF46DE,Wellbore Status Information,WLLBR_STTS_INFRMTN,EnterpriseLevel,Yes,BIM-core.EnterpriseLevel
69F19F79-0B04-41B3-9EF4-9094DFFF46DE,Wellbore Status Information,WLLBR_STTS_INFRMTN,ExchangeId,{9A71AD4A-396F-485A-AD34-9AF286A0163E},BIM-core.ExchangeId
BDD72FBB-6953-4C55-AECF-7DBD3046FE46,Wellbore Trajectory,WLLBR_TRAJECTORY,PD_ObjectID,BDD72FBB-6953-4C55-AECF-7DBD3046FE46,
BDD72FBB-6953-4C55-AECF-7DBD3046FE46,Wellbore Trajectory,WLLBR_TRAJECTORY,PD_SourceExtraction,46603045,
BDD72FBB-6953-4C55-AECF-7DBD3046FE46,Wellbore Trajectory,WLLBR_TRAJECTORY,PD_SourceModel,SUBSURFACE AND WELLS,
BDD72FBB-6953-4C55-AECF-7DBD3046FE46,Wellbore Trajectory,WLLBR_TRAJECTORY,DesignStatus,Approved,BIM-core.DesignStatus
BDD72FBB-6953-4C55-AECF-7DBD3046FE46,Wellbore Trajectory,WLLBR_TRAJECTORY,EntityCategory,Transaction,BIM-core.EntityCategory
BDD72FBB-6953-4C55-AECF-7DBD3046FE46,Wellbore Trajectory,WLLBR_TRAJECTORY,DataCategory,Structured,BIM-core.DataCategory
BDD72FBB-6953-4C55-AECF-7DBD3046FE46,Wellbore Trajectory,WLLBR_TRAJECTORY,Criticality,No Critical Data,BIM-core.Criticality
BDD72FBB-6953-4C55-AECF-7DBD3046FE46,Wellbore Trajectory,WLLBR_TRAJECTORY,CommerciallySensitiveInformation,No Commercially Sensitive Information,BIM-core.CommerciallySensitiveInformation
BDD72FBB-6953-4C55-AECF-7DBD3046FE46,Wellbore Trajectory,WLLBR_TRAJECTORY,DataConfidentiality,Internal,BIM-core.DataConfidentiality
BDD72FBB-6953-4C55-AECF-7DBD3046FE46,Wellbore Trajectory,WLLBR_TRAJECTORY,EntityPersonalData,No Personal Data,BIM-core.EntityPersonalData
BDD72FBB-6953-4C55-AECF-7DBD3046FE46,Wellbore Trajectory,WLLBR_TRAJECTORY,FinancialPersonalData,No Financial Personal Data,BIM-core.FinancialPersonalData
BDD72FBB-6953-4C55-AECF-7DBD3046FE46,Wellbore Trajectory,WLLBR_TRAJECTORY,SensitivePersonalData,No Sensitive Personal Data,BIM-core.SensitivePersonalData
BDD72FBB-6953-4C55-AECF-7DBD3046FE46,Wellbore Trajectory,WLLBR_TRAJECTORY,DataArea,Wellbore,BIM-core.DataArea
BDD72FBB-6953-4C55-AECF-7DBD3046FE46,Wellbore Trajectory,WLLBR_TRAJECTORY,EnterpriseLevel,Yes,BIM-core.EnterpriseLevel
BDD72FBB-6953-4C55-AECF-7DBD3046FE46,Wellbore Trajectory,WLLBR_TRAJECTORY,ExchangeId,{F43BD5DE-0F5A-46AF-BBA9-AB9CA309F5CB},BIM-core.ExchangeId
A06EB1A2-107E-49A9-B371-910B2D14CFF0,Wellpad,WLLPD,PD_ObjectID,A06EB1A2-107E-49A9-B371-910B2D14CFF0,
A06EB1A2-107E-49A9-B371-910B2D14CFF0,Wellpad,WLLPD,PD_SourceExtraction,46603045,
A06EB1A2-107E-49A9-B371-910B2D14CFF0,Wellpad,WLLPD,PD_SourceModel,SUBSURFACE AND WELLS,
A06EB1A2-107E-49A9-B371-910B2D14CFF0,Wellpad,WLLPD,MTED_EDaM_Entity_Data_Category,<unspecified>,SHL_CDM_EntityPropertyExtension.MTED_EDaM_Entity_Data_Category
A06EB1A2-107E-49A9-B371-910B2D14CFF0,Wellpad,WLLPD,MTED_EDaM_Entity_Critical_Data,<unspecified>,SHL_CDM_EntityPropertyExtension.MTED_EDaM_Entity_Critical_Data
A06EB1A2-107E-49A9-B371-910B2D14CFF0,Wellpad,WLLPD,MTED_EDaM_Entity_Quality_Indication,<unspecified>,SHL_CDM_EntityPropertyExtension.MTED_EDaM_Entity_Quality_Indication
A06EB1A2-107E-49A9-B371-910B2D14CFF0,Wellpad,WLLPD,MTED_EDaM_Entity_Availability_Indication,<unspecified>,SHL_CDM_EntityPropertyExtension.MTED_EDaM_Entity_Availability_Indication
A06EB1A2-107E-49A9-B371-910B2D14CFF0,Wellpad,WLLPD,MTED_EDaM_Security_Classification,<unspecified>,SHL_CDM_EntityPropertyExtension.MTED_EDaM_Security_Classification
A06EB1A2-107E-49A9-B371-910B2D14CFF0,Wellpad,WLLPD,MTED_EDaM_Design_Status,Approved,SHL_CDM_EntityPropertyExtension.MTED_EDaM_Design_Status
A06EB1A2-107E-49A9-B371-910B2D14CFF0,Wellpad,WLLPD,CSI,false,SHL_CDM_EntityPropertyExtension.CSI
A06EB1A2-107E-49A9-B371-910B2D14CFF0,Wellpad,WLLPD,MTED_EDaM_Business_Critical_Data,false,SHL_CDM_EntityPropertyExtension.MTED_EDaM_Business_Critical_Data
A06EB1A2-107E-49A9-B371-910B2D14CFF0,Wellpad,WLLPD,MTED_Encryption_Required,false,SHL_CDM_EntityPropertyExtension.MTED_Encryption_Required
A06EB1A2-107E-49A9-B371-910B2D14CFF0,Wellpad,WLLPD,PII,false,SHL_CDM_EntityPropertyExtension.PII
A06EB1A2-107E-49A9-B371-910B2D14CFF0,Wellpad,WLLPD,EntityUpdateDate,19/08/2021 Pass 3,SHL_CDM_EntityPropertyExtension.EntityUpdateDate
A06EB1A2-107E-49A9-B371-910B2D14CFF0,Wellpad,WLLPD,Generation,true,SHL_CDM_EntityPropertyExtension.Generation
A06EB1A2-107E-49A9-B371-910B2D14CFF0,Wellpad,WLLPD,MTED_Version_No,2021.2,SHL_CDM_EntityPropertyExtension.MTED_Version_No
A06EB1A2-107E-49A9-B371-910B2D14CFF0,Wellpad,WLLPD,CommerciallySensitiveInformation,No Commercially Sensitive Information,BIM-core.CommerciallySensitiveInformation
A06EB1A2-107E-49A9-B371-910B2D14CFF0,Wellpad,WLLPD,Criticality,No Critical Data,BIM-core.Criticality
A06EB1A2-107E-49A9-B371-910B2D14CFF0,Wellpad,WLLPD,DataCategory,Structured,BIM-core.DataCategory
A06EB1A2-107E-49A9-B371-910B2D14CFF0,Wellpad,WLLPD,DataConfidentiality,Internal,BIM-core.DataConfidentiality
A06EB1A2-107E-49A9-B371-910B2D14CFF0,Wellpad,WLLPD,DesignStatus,Approved,BIM-core.DesignStatus
A06EB1A2-107E-49A9-B371-910B2D14CFF0,Wellpad,WLLPD,EntityCategory,Master,BIM-core.EntityCategory
A06EB1A2-107E-49A9-B371-910B2D14CFF0,Wellpad,WLLPD,EntityPersonalData,No Personal Data,BIM-core.EntityPersonalData
A06EB1A2-107E-49A9-B371-910B2D14CFF0,Wellpad,WLLPD,FinancialPersonalData,No Financial Personal Data,BIM-core.FinancialPersonalData
A06EB1A2-107E-49A9-B371-910B2D14CFF0,Wellpad,WLLPD,SensitivePersonalData,No Sensitive Personal Data,BIM-core.SensitivePersonalData
A06EB1A2-107E-49A9-B371-910B2D14CFF0,Wellpad,WLLPD,DataArea,Well,BIM-core.DataArea
A06EB1A2-107E-49A9-B371-910B2D14CFF0,Wellpad,WLLPD,EnterpriseLevel,Yes,BIM-core.EnterpriseLevel
A06EB1A2-107E-49A9-B371-910B2D14CFF0,Wellpad,WLLPD,ExchangeId,{8C48EAE3-309C-45ED-8AEC-646EF96A1C16},BIM-core.ExchangeId
E773DD15-6B54-4D7E-84BD-13348FDF0B6D,Directional Survey,DRCTNL_SRVY,PD_ObjectID,E773DD15-6B54-4D7E-84BD-13348FDF0B6D,
E773DD15-6B54-4D7E-84BD-13348FDF0B6D,Directional Survey,DRCTNL_SRVY,PD_SourceExtraction,46603045,
E773DD15-6B54-4D7E-84BD-13348FDF0B6D,Directional Survey,DRCTNL_SRVY,PD_SourceModel,SUBSURFACE AND WELLS,
E773DD15-6B54-4D7E-84BD-13348FDF0B6D,Directional Survey,DRCTNL_SRVY,MTED_EDaM_Entity_Data_Category,<unspecified>,SHL_CDM_EntityPropertyExtension.MTED_EDaM_Entity_Data_Category
E773DD15-6B54-4D7E-84BD-13348FDF0B6D,Directional Survey,DRCTNL_SRVY,MTED_EDaM_Data_Owner,,SHL_CDM_EntityPropertyExtension.MTED_EDaM_Data_Owner
E773DD15-6B54-4D7E-84BD-13348FDF0B6D,Directional Survey,DRCTNL_SRVY,MTED_EDaM_Entity_Critical_Data,F,SHL_CDM_EntityPropertyExtension.MTED_EDaM_Entity_Critical_Data
E773DD15-6B54-4D7E-84BD-13348FDF0B6D,Directional Survey,DRCTNL_SRVY,MTED_EDaM_Entity_Quality_Indication,<unspecified>,SHL_CDM_EntityPropertyExtension.MTED_EDaM_Entity_Quality_Indication
E773DD15-6B54-4D7E-84BD-13348FDF0B6D,Directional Survey,DRCTNL_SRVY,MTED_EDaM_Entity_Availability_Indication,<unspecified>,SHL_CDM_EntityPropertyExtension.MTED_EDaM_Entity_Availability_Indication
E773DD15-6B54-4D7E-84BD-13348FDF0B6D,Directional Survey,DRCTNL_SRVY,MTED_EDaM_Security_Classification,Most Confidential,SHL_CDM_EntityPropertyExtension.MTED_EDaM_Security_Classification
E773DD15-6B54-4D7E-84BD-13348FDF0B6D,Directional Survey,DRCTNL_SRVY,MTED_EDaM_Design_Status,Approved,SHL_CDM_EntityPropertyExtension.MTED_EDaM_Design_Status
E773DD15-6B54-4D7E-84BD-13348FDF0B6D,Directional Survey,DRCTNL_SRVY,MTED_Version_No,2021.2,SHL_CDM_EntityPropertyExtension.MTED_Version_No
E773DD15-6B54-4D7E-84BD-13348FDF0B6D,Directional Survey,DRCTNL_SRVY,MTED_EDaM_Version_Date,,SHL_CDM_EntityPropertyExtension.MTED_EDaM_Version_Date
E773DD15-6B54-4D7E-84BD-13348FDF0B6D,Directional Survey,DRCTNL_SRVY,CSI,false,SHL_CDM_EntityPropertyExtension.CSI
E773DD15-6B54-4D7E-84BD-13348FDF0B6D,Directional Survey,DRCTNL_SRVY,MTED_EDaM_Business_Critical_Data,false,SHL_CDM_EntityPropertyExtension.MTED_EDaM_Business_Critical_Data
E773DD15-6B54-4D7E-84BD-13348FDF0B6D,Directional Survey,DRCTNL_SRVY,MTED_Encryption_Required,false,SHL_CDM_EntityPropertyExtension.MTED_Encryption_Required
E773DD15-6B54-4D7E-84BD-13348FDF0B6D,Directional Survey,DRCTNL_SRVY,PII,false,SHL_CDM_EntityPropertyExtension.PII
E773DD15-6B54-4D7E-84BD-13348FDF0B6D,Directional Survey,DRCTNL_SRVY,EntityUpdateDate,19/08/2021 Pass 3,SHL_CDM_EntityPropertyExtension.EntityUpdateDate
E773DD15-6B54-4D7E-84BD-13348FDF0B6D,Directional Survey,DRCTNL_SRVY,Generation,true,SHL_CDM_EntityPropertyExtension.Generation
E773DD15-6B54-4D7E-84BD-13348FDF0B6D,Directional Survey,DRCTNL_SRVY,CommerciallySensitiveInformation,No Commercially Sensitive Information,BIM-core.CommerciallySensitiveInformation
E773DD15-6B54-4D7E-84BD-13348FDF0B6D,Directional Survey,DRCTNL_SRVY,Criticality,No Critical Data,BIM-core.Criticality
E773DD15-6B54-4D7E-84BD-13348FDF0B6D,Directional Survey,DRCTNL_SRVY,DataCategory,Structured,BIM-core.DataCategory
E773DD15-6B54-4D7E-84BD-13348FDF0B6D,Directional Survey,DRCTNL_SRVY,DataConfidentiality,Internal,BIM-core.DataConfidentiality
E773DD15-6B54-4D7E-84BD-13348FDF0B6D,Directional Survey,DRCTNL_SRVY,DesignStatus,Approved,BIM-core.DesignStatus
E773DD15-6B54-4D7E-84BD-13348FDF0B6D,Directional Survey,DRCTNL_SRVY,EntityCategory,Transaction,BIM-core.EntityCategory
E773DD15-6B54-4D7E-84BD-13348FDF0B6D,Directional Survey,DRCTNL_SRVY,EntityPersonalData,No Personal Data,BIM-core.EntityPersonalData
E773DD15-6B54-4D7E-84BD-13348FDF0B6D,Directional Survey,DRCTNL_SRVY,FinancialPersonalData,No Financial Personal Data,BIM-core.FinancialPersonalData
E773DD15-6B54-4D7E-84BD-13348FDF0B6D,Directional Survey,DRCTNL_SRVY,SensitivePersonalData,No Sensitive Personal Data,BIM-core.SensitivePersonalData
E773DD15-6B54-4D7E-84BD-13348FDF0B6D,Directional Survey,DRCTNL_SRVY,DataArea,Wellbore,BIM-core.DataArea
E773DD15-6B54-4D7E-84BD-13348FDF0B6D,Directional Survey,DRCTNL_SRVY,EnterpriseLevel,Yes,BIM-core.EnterpriseLevel
E773DD15-6B54-4D7E-84BD-13348FDF0B6D,Directional Survey,DRCTNL_SRVY,ExchangeId,{DD93A2CB-2AC9-4188-BCEE-2B125F276DE1},BIM-core.ExchangeId
C3F138D1-1FA5-4220-998F-364C3264E4F6,Work Activity Nature Type,WRK_ACTVTY_NTR_TYP,PD_ObjectID,C3F138D1-1FA5-4220-998F-364C3264E4F6,
C3F138D1-1FA5-4220-998F-364C3264E4F6,Work Activity Nature Type,WRK_ACTVTY_NTR_TYP,PD_SourceExtraction,46603045,
C3F138D1-1FA5-4220-998F-364C3264E4F6,Work Activity Nature Type,WRK_ACTVTY_NTR_TYP,PD_SourceModel,SUBSURFACE AND WELLS,
C3F138D1-1FA5-4220-998F-364C3264E4F6,Work Activity Nature Type,WRK_ACTVTY_NTR_TYP,MTED_EDaM_Entity_Data_Category,<unspecified>,SHL_CDM_EntityPropertyExtension.MTED_EDaM_Entity_Data_Category
C3F138D1-1FA5-4220-998F-364C3264E4F6,Work Activity Nature Type,WRK_ACTVTY_NTR_TYP,MTED_EDaM_Data_Owner,,SHL_CDM_EntityPropertyExtension.MTED_EDaM_Data_Owner
C3F138D1-1FA5-4220-998F-364C3264E4F6,Work Activity Nature Type,WRK_ACTVTY_NTR_TYP,MTED_EDaM_Entity_Critical_Data,<unspecified>,SHL_CDM_EntityPropertyExtension.MTED_EDaM_Entity_Critical_Data
C3F138D1-1FA5-4220-998F-364C3264E4F6,Work Activity Nature Type,WRK_ACTVTY_NTR_TYP,MTED_EDaM_Entity_Quality_Indication,<unspecified>,SHL_CDM_EntityPropertyExtension.MTED_EDaM_Entity_Quality_Indication
C3F138D1-1FA5-4220-998F-364C3264E4F6,Work Activity Nature Type,WRK_ACTVTY_NTR_TYP,MTED_EDaM_Entity_Availability_Indication,<unspecified>,SHL_CDM_EntityPropertyExtension.MTED_EDaM_Entity_Availability_Indication
C3F138D1-1FA5-4220-998F-364C3264E4F6,Work Activity Nature Type,WRK_ACTVTY_NTR_TYP,MTED_EDaM_Security_Classification,<unspecified>,SHL_CDM_EntityPropertyExtension.MTED_EDaM_Security_Classification
C3F138D1-1FA5-4220-998F-364C3264E4F6,Work Activity Nature Type,WRK_ACTVTY_NTR_TYP,MTED_EDaM_Design_Status,Approved,SHL_CDM_EntityPropertyExtension.MTED_EDaM_Design_Status
C3F138D1-1FA5-4220-998F-364C3264E4F6,Work Activity Nature Type,WRK_ACTVTY_NTR_TYP,MTED_Version_No,2021.2,SHL_CDM_EntityPropertyExtension.MTED_Version_No
C3F138D1-1FA5-4220-998F-364C3264E4F6,Work Activity Nature Type,WRK_ACTVTY_NTR_TYP,MTED_EDaM_Version_Date,,SHL_CDM_EntityPropertyExtension.MTED_EDaM_Version_Date
C3F138D1-1FA5-4220-998F-364C3264E4F6,Work Activity Nature Type,WRK_ACTVTY_NTR_TYP,CSI,false,SHL_CDM_EntityPropertyExtension.CSI
C3F138D1-1FA5-4220-998F-364C3264E4F6,Work Activity Nature Type,WRK_ACTVTY_NTR_TYP,MTED_EDaM_Business_Critical_Data,false,SHL_CDM_EntityPropertyExtension.MTED_EDaM_Business_Critical_Data
C3F138D1-1FA5-4220-998F-364C3264E4F6,Work Activity Nature Type,WRK_ACTVTY_NTR_TYP,MTED_Encryption_Required,false,SHL_CDM_EntityPropertyExtension.MTED_Encryption_Required
C3F138D1-1FA5-4220-998F-364C3264E4F6,Work Activity Nature Type,WRK_ACTVTY_NTR_TYP,PII,false,SHL_CDM_EntityPropertyExtension.PII
C3F138D1-1FA5-4220-998F-364C3264E4F6,Work Activity Nature Type,WRK_ACTVTY_NTR_TYP,EntityUpdateDate,19/08/2021 Pass 3,SHL_CDM_EntityPropertyExtension.EntityUpdateDate
C3F138D1-1FA5-4220-998F-364C3264E4F6,Work Activity Nature Type,WRK_ACTVTY_NTR_TYP,Generation,true,SHL_CDM_EntityPropertyExtension.Generation
C3F138D1-1FA5-4220-998F-364C3264E4F6,Work Activity Nature Type,WRK_ACTVTY_NTR_TYP,CommerciallySensitiveInformation,No Commercially Sensitive Information,BIM-core.CommerciallySensitiveInformation
C3F138D1-1FA5-4220-998F-364C3264E4F6,Work Activity Nature Type,WRK_ACTVTY_NTR_TYP,Criticality,No Critical Data,BIM-core.Criticality
C3F138D1-1FA5-4220-998F-364C3264E4F6,Work Activity Nature Type,WRK_ACTVTY_NTR_TYP,DataCategory,Structured,BIM-core.DataCategory
C3F138D1-1FA5-4220-998F-364C3264E4F6,Work Activity Nature Type,WRK_ACTVTY_NTR_TYP,DataConfidentiality,Internal,BIM-core.DataConfidentiality
C3F138D1-1FA5-4220-998F-364C3264E4F6,Work Activity Nature Type,WRK_ACTVTY_NTR_TYP,EntityCategory,Internal Reference,BIM-core.EntityCategory
C3F138D1-1FA5-4220-998F-364C3264E4F6,Work Activity Nature Type,WRK_ACTVTY_NTR_TYP,EntityPersonalData,No Personal Data,BIM-core.EntityPersonalData
C3F138D1-1FA5-4220-998F-364C3264E4F6,Work Activity Nature Type,WRK_ACTVTY_NTR_TYP,FinancialPersonalData,No Financial Personal Data,BIM-core.FinancialPersonalData
C3F138D1-1FA5-4220-998F-364C3264E4F6,Work Activity Nature Type,WRK_ACTVTY_NTR_TYP,SensitivePersonalData,No Sensitive Personal Data,BIM-core.SensitivePersonalData
C3F138D1-1FA5-4220-998F-364C3264E4F6,Work Activity Nature Type,WRK_ACTVTY_NTR_TYP,DesignStatus,Approved,BIM-core.DesignStatus
C3F138D1-1FA5-4220-998F-364C3264E4F6,Work Activity Nature Type,WRK_ACTVTY_NTR_TYP,DataArea,"Work Order, Activity & Schedule",BIM-core.DataArea
C3F138D1-1FA5-4220-998F-364C3264E4F6,Work Activity Nature Type,WRK_ACTVTY_NTR_TYP,EnterpriseLevel,No,BIM-core.EnterpriseLevel
C3F138D1-1FA5-4220-998F-364C3264E4F6,Work Activity Nature Type,WRK_ACTVTY_NTR_TYP,ExchangeId,{7ADCC6D1-EDBC-4705-9A41-F17C191A4C04},BIM-core.ExchangeId
7F6043BC-B596-4C8F-9D9D-329EBE25BB22,Work Product,WRK_PRDCT,PD_ObjectID,7F6043BC-B596-4C8F-9D9D-329EBE25BB22,
7F6043BC-B596-4C8F-9D9D-329EBE25BB22,Work Product,WRK_PRDCT,PD_SourceExtraction,46603045,
7F6043BC-B596-4C8F-9D9D-329EBE25BB22,Work Product,WRK_PRDCT,PD_SourceModel,SUBSURFACE AND WELLS,
7F6043BC-B596-4C8F-9D9D-329EBE25BB22,Work Product,WRK_PRDCT,EntityCategory,Master,BIM-core.EntityCategory
7F6043BC-B596-4C8F-9D9D-329EBE25BB22,Work Product,WRK_PRDCT,DataCategory,Structured,BIM-core.DataCategory
7F6043BC-B596-4C8F-9D9D-329EBE25BB22,Work Product,WRK_PRDCT,Criticality,No Critical Data,BIM-core.Criticality
7F6043BC-B596-4C8F-9D9D-329EBE25BB22,Work Product,WRK_PRDCT,CommerciallySensitiveInformation,No Commercially Sensitive Information,BIM-core.CommerciallySensitiveInformation
7F6043BC-B596-4C8F-9D9D-329EBE25BB22,Work Product,WRK_PRDCT,DataConfidentiality,Internal,BIM-core.DataConfidentiality
7F6043BC-B596-4C8F-9D9D-329EBE25BB22,Work Product,WRK_PRDCT,EntityPersonalData,No Personal Data,BIM-core.EntityPersonalData
7F6043BC-B596-4C8F-9D9D-329EBE25BB22,Work Product,WRK_PRDCT,FinancialPersonalData,No Financial Personal Data,BIM-core.FinancialPersonalData
7F6043BC-B596-4C8F-9D9D-329EBE25BB22,Work Product,WRK_PRDCT,SensitivePersonalData,No Sensitive Personal Data,BIM-core.SensitivePersonalData
7F6043BC-B596-4C8F-9D9D-329EBE25BB22,Work Product,WRK_PRDCT,DesignStatus,Approved,BIM-core.DesignStatus
7F6043BC-B596-4C8F-9D9D-329EBE25BB22,Work Product,WRK_PRDCT,DataArea,Geology/Petrophysics,BIM-core.DataArea
7F6043BC-B596-4C8F-9D9D-329EBE25BB22,Work Product,WRK_PRDCT,EnterpriseLevel,Yes,BIM-core.EnterpriseLevel
7F6043BC-B596-4C8F-9D9D-329EBE25BB22,Work Product,WRK_PRDCT,ExchangeId,{9C20D0BB-3446-4BF1-B66A-8CCAABE521AF},BIM-core.ExchangeId
7886CECB-1658-4871-9E12-9934AE8E4463,Work Product Component,WRK_PRDCT_CMPNNT,PD_ObjectID,7886CECB-1658-4871-9E12-9934AE8E4463,
7886CECB-1658-4871-9E12-9934AE8E4463,Work Product Component,WRK_PRDCT_CMPNNT,PD_SourceExtraction,46603045,
7886CECB-1658-4871-9E12-9934AE8E4463,Work Product Component,WRK_PRDCT_CMPNNT,PD_SourceModel,SUBSURFACE AND WELLS,
7886CECB-1658-4871-9E12-9934AE8E4463,Work Product Component,WRK_PRDCT_CMPNNT,EntityCategory,Transaction,BIM-core.EntityCategory
7886CECB-1658-4871-9E12-9934AE8E4463,Work Product Component,WRK_PRDCT_CMPNNT,DataCategory,Structured,BIM-core.DataCategory
7886CECB-1658-4871-9E12-9934AE8E4463,Work Product Component,WRK_PRDCT_CMPNNT,Criticality,No Critical Data,BIM-core.Criticality
7886CECB-1658-4871-9E12-9934AE8E4463,Work Product Component,WRK_PRDCT_CMPNNT,CommerciallySensitiveInformation,No Commercially Sensitive Information,BIM-core.CommerciallySensitiveInformation
7886CECB-1658-4871-9E12-9934AE8E4463,Work Product Component,WRK_PRDCT_CMPNNT,DataConfidentiality,Internal,BIM-core.DataConfidentiality
7886CECB-1658-4871-9E12-9934AE8E4463,Work Product Component,WRK_PRDCT_CMPNNT,EntityPersonalData,No Personal Data,BIM-core.EntityPersonalData
7886CECB-1658-4871-9E12-9934AE8E4463,Work Product Component,WRK_PRDCT_CMPNNT,FinancialPersonalData,No Financial Personal Data,BIM-core.FinancialPersonalData
7886CECB-1658-4871-9E12-9934AE8E4463,Work Product Component,WRK_PRDCT_CMPNNT,SensitivePersonalData,No Sensitive Personal Data,BIM-core.SensitivePersonalData
7886CECB-1658-4871-9E12-9934AE8E4463,Work Product Component,WRK_PRDCT_CMPNNT,DesignStatus,Approved,BIM-core.DesignStatus
7886CECB-1658-4871-9E12-9934AE8E4463,Work Product Component,WRK_PRDCT_CMPNNT,DataArea,Geology/Petrophysics,BIM-core.DataArea
7886CECB-1658-4871-9E12-9934AE8E4463,Work Product Component,WRK_PRDCT_CMPNNT,EnterpriseLevel,Yes,BIM-core.EnterpriseLevel
7886CECB-1658-4871-9E12-9934AE8E4463,Work Product Component,WRK_PRDCT_CMPNNT,ExchangeId,{145D88EF-0338-41E1-BCB2-EB6EF6F7588E},BIM-core.ExchangeId
7B8B6931-5617-4226-A9D4-D4D41B05DF2F,Zero Depth Point,ZR_DPTH_PNT,PD_ObjectID,7B8B6931-5617-4226-A9D4-D4D41B05DF2F,
7B8B6931-5617-4226-A9D4-D4D41B05DF2F,Zero Depth Point,ZR_DPTH_PNT,PD_SourceExtraction,46603045,
7B8B6931-5617-4226-A9D4-D4D41B05DF2F,Zero Depth Point,ZR_DPTH_PNT,PD_SourceModel,SUBSURFACE AND WELLS,
7B8B6931-5617-4226-A9D4-D4D41B05DF2F,Zero Depth Point,ZR_DPTH_PNT,EntityUpdateDate,19/08/2021 Pass 3,SHL_CDM_EntityPropertyExtension.EntityUpdateDate
7B8B6931-5617-4226-A9D4-D4D41B05DF2F,Zero Depth Point,ZR_DPTH_PNT,CommerciallySensitiveInformation,No Commercially Sensitive Information,BIM-core.CommerciallySensitiveInformation
7B8B6931-5617-4226-A9D4-D4D41B05DF2F,Zero Depth Point,ZR_DPTH_PNT,Criticality,No Critical Data,BIM-core.Criticality
7B8B6931-5617-4226-A9D4-D4D41B05DF2F,Zero Depth Point,ZR_DPTH_PNT,DataCategory,Structured,BIM-core.DataCategory
7B8B6931-5617-4226-A9D4-D4D41B05DF2F,Zero Depth Point,ZR_DPTH_PNT,DataConfidentiality,Internal,BIM-core.DataConfidentiality
7B8B6931-5617-4226-A9D4-D4D41B05DF2F,Zero Depth Point,ZR_DPTH_PNT,DesignStatus,Approved,BIM-core.DesignStatus
7B8B6931-5617-4226-A9D4-D4D41B05DF2F,Zero Depth Point,ZR_DPTH_PNT,EntityCategory,Transaction,BIM-core.EntityCategory
7B8B6931-5617-4226-A9D4-D4D41B05DF2F,Zero Depth Point,ZR_DPTH_PNT,EntityPersonalData,No Personal Data,BIM-core.EntityPersonalData
7B8B6931-5617-4226-A9D4-D4D41B05DF2F,Zero Depth Point,ZR_DPTH_PNT,FinancialPersonalData,No Financial Personal Data,BIM-core.FinancialPersonalData
7B8B6931-5617-4226-A9D4-D4D41B05DF2F,Zero Depth Point,ZR_DPTH_PNT,SensitivePersonalData,No Sensitive Personal Data,BIM-core.SensitivePersonalData
7B8B6931-5617-4226-A9D4-D4D41B05DF2F,Zero Depth Point,ZR_DPTH_PNT,DataArea,SSW Facility,BIM-core.DataArea
7B8B6931-5617-4226-A9D4-D4D41B05DF2F,Zero Depth Point,ZR_DPTH_PNT,EnterpriseLevel,Yes,BIM-core.EnterpriseLevel
7B8B6931-5617-4226-A9D4-D4D41B05DF2F,Zero Depth Point,ZR_DPTH_PNT,ExchangeId,{7D13435F-766C-404A-93E2-FD7A6DA3FCBF},BIM-core.ExchangeId
69552CA4-E95A-4FD3-ACF8-78DBBAFEEFFF,Drilling Incident,DRLLNG_INCDNT,PD_ObjectID,69552CA4-E95A-4FD3-ACF8-78DBBAFEEFFF,
69552CA4-E95A-4FD3-ACF8-78DBBAFEEFFF,Drilling Incident,DRLLNG_INCDNT,PD_SourceExtraction,46603045,
69552CA4-E95A-4FD3-ACF8-78DBBAFEEFFF,Drilling Incident,DRLLNG_INCDNT,PD_SourceModel,SUBSURFACE AND WELLS,
69552CA4-E95A-4FD3-ACF8-78DBBAFEEFFF,Drilling Incident,DRLLNG_INCDNT,EntityCategory,Transaction,BIM-core.EntityCategory
69552CA4-E95A-4FD3-ACF8-78DBBAFEEFFF,Drilling Incident,DRLLNG_INCDNT,DataCategory,Structured,BIM-core.DataCategory
69552CA4-E95A-4FD3-ACF8-78DBBAFEEFFF,Drilling Incident,DRLLNG_INCDNT,Criticality,No Critical Data,BIM-core.Criticality
69552CA4-E95A-4FD3-ACF8-78DBBAFEEFFF,Drilling Incident,DRLLNG_INCDNT,CommerciallySensitiveInformation,No Commercially Sensitive Information,BIM-core.CommerciallySensitiveInformation
69552CA4-E95A-4FD3-ACF8-78DBBAFEEFFF,Drilling Incident,DRLLNG_INCDNT,DataConfidentiality,Internal,BIM-core.DataConfidentiality
69552CA4-E95A-4FD3-ACF8-78DBBAFEEFFF,Drilling Incident,DRLLNG_INCDNT,EntityPersonalData,No Personal Data,BIM-core.EntityPersonalData
69552CA4-E95A-4FD3-ACF8-78DBBAFEEFFF,Drilling Incident,DRLLNG_INCDNT,FinancialPersonalData,No Financial Personal Data,BIM-core.FinancialPersonalData
69552CA4-E95A-4FD3-ACF8-78DBBAFEEFFF,Drilling Incident,DRLLNG_INCDNT,SensitivePersonalData,No Sensitive Personal Data,BIM-core.SensitivePersonalData
69552CA4-E95A-4FD3-ACF8-78DBBAFEEFFF,Drilling Incident,DRLLNG_INCDNT,DesignStatus,Approved,BIM-core.DesignStatus
69552CA4-E95A-4FD3-ACF8-78DBBAFEEFFF,Drilling Incident,DRLLNG_INCDNT,DataArea,Well Activity,BIM-core.DataArea
69552CA4-E95A-4FD3-ACF8-78DBBAFEEFFF,Drilling Incident,DRLLNG_INCDNT,EnterpriseLevel,Yes,BIM-core.EnterpriseLevel
69552CA4-E95A-4FD3-ACF8-78DBBAFEEFFF,Drilling Incident,DRLLNG_INCDNT,ExchangeId,{EACDC767-78CF-4028-838A-79B94ADC9DB8},BIM-core.ExchangeId
733CC11B-2FC0-495C-B3BF-0A729E3EB51E,Drilling Fluid,DRLLNG_FLD,PD_ObjectID,733CC11B-2FC0-495C-B3BF-0A729E3EB51E,
733CC11B-2FC0-495C-B3BF-0A729E3EB51E,Drilling Fluid,DRLLNG_FLD,PD_SourceExtraction,46603045,
733CC11B-2FC0-495C-B3BF-0A729E3EB51E,Drilling Fluid,DRLLNG_FLD,PD_SourceModel,SUBSURFACE AND WELLS,
733CC11B-2FC0-495C-B3BF-0A729E3EB51E,Drilling Fluid,DRLLNG_FLD,DesignStatus,Approved,BIM-core.DesignStatus
733CC11B-2FC0-495C-B3BF-0A729E3EB51E,Drilling Fluid,DRLLNG_FLD,EntityCategory,Transaction,BIM-core.EntityCategory
733CC11B-2FC0-495C-B3BF-0A729E3EB51E,Drilling Fluid,DRLLNG_FLD,DataCategory,Structured,BIM-core.DataCategory
733CC11B-2FC0-495C-B3BF-0A729E3EB51E,Drilling Fluid,DRLLNG_FLD,Criticality,No Critical Data,BIM-core.Criticality
733CC11B-2FC0-495C-B3BF-0A729E3EB51E,Drilling Fluid,DRLLNG_FLD,CommerciallySensitiveInformation,No Commercially Sensitive Information,BIM-core.CommerciallySensitiveInformation
733CC11B-2FC0-495C-B3BF-0A729E3EB51E,Drilling Fluid,DRLLNG_FLD,DataConfidentiality,Internal,BIM-core.DataConfidentiality
733CC11B-2FC0-495C-B3BF-0A729E3EB51E,Drilling Fluid,DRLLNG_FLD,EntityPersonalData,No Personal Data,BIM-core.EntityPersonalData
733CC11B-2FC0-495C-B3BF-0A729E3EB51E,Drilling Fluid,DRLLNG_FLD,FinancialPersonalData,No Financial Personal Data,BIM-core.FinancialPersonalData
733CC11B-2FC0-495C-B3BF-0A729E3EB51E,Drilling Fluid,DRLLNG_FLD,SensitivePersonalData,No Sensitive Personal Data,BIM-core.SensitivePersonalData
733CC11B-2FC0-495C-B3BF-0A729E3EB51E,Drilling Fluid,DRLLNG_FLD,DataArea,Wellbore,BIM-core.DataArea
733CC11B-2FC0-495C-B3BF-0A729E3EB51E,Drilling Fluid,DRLLNG_FLD,EnterpriseLevel,Yes,BIM-core.EnterpriseLevel
733CC11B-2FC0-495C-B3BF-0A729E3EB51E,Drilling Fluid,DRLLNG_FLD,ExchangeId,{08C1731B-B12F-4E79-939D-8F63C84F225D},BIM-core.ExchangeId
E5DF6DED-DBC3-47F4-BF42-B092F7A715D7,Drilling,DRLLNG,PD_ObjectID,E5DF6DED-DBC3-47F4-BF42-B092F7A715D7,
E5DF6DED-DBC3-47F4-BF42-B092F7A715D7,Drilling,DRLLNG,PD_SourceExtraction,46603045,
E5DF6DED-DBC3-47F4-BF42-B092F7A715D7,Drilling,DRLLNG,PD_SourceModel,SUBSURFACE AND WELLS,
E5DF6DED-DBC3-47F4-BF42-B092F7A715D7,Drilling,DRLLNG,EntityUpdateDate,19/08/2021 Pass 3,SHL_CDM_EntityPropertyExtension.EntityUpdateDate
E5DF6DED-DBC3-47F4-BF42-B092F7A715D7,Drilling,DRLLNG,CommerciallySensitiveInformation,No Commercially Sensitive Information,BIM-core.CommerciallySensitiveInformation
E5DF6DED-DBC3-47F4-BF42-B092F7A715D7,Drilling,DRLLNG,Criticality,No Critical Data,BIM-core.Criticality
E5DF6DED-DBC3-47F4-BF42-B092F7A715D7,Drilling,DRLLNG,DataCategory,Structured,BIM-core.DataCategory
E5DF6DED-DBC3-47F4-BF42-B092F7A715D7,Drilling,DRLLNG,DataConfidentiality,Internal,BIM-core.DataConfidentiality
E5DF6DED-DBC3-47F4-BF42-B092F7A715D7,Drilling,DRLLNG,DesignStatus,Approved,BIM-core.DesignStatus
E5DF6DED-DBC3-47F4-BF42-B092F7A715D7,Drilling,DRLLNG,EntityCategory,Transaction,BIM-core.EntityCategory
E5DF6DED-DBC3-47F4-BF42-B092F7A715D7,Drilling,DRLLNG,EntityPersonalData,No Personal Data,BIM-core.EntityPersonalData
E5DF6DED-DBC3-47F4-BF42-B092F7A715D7,Drilling,DRLLNG,FinancialPersonalData,No Financial Personal Data,BIM-core.FinancialPersonalData
E5DF6DED-DBC3-47F4-BF42-B092F7A715D7,Drilling,DRLLNG,SensitivePersonalData,No Sensitive Personal Data,BIM-core.SensitivePersonalData
E5DF6DED-DBC3-47F4-BF42-B092F7A715D7,Drilling,DRLLNG,DataArea,Well Activity,BIM-core.DataArea
E5DF6DED-DBC3-47F4-BF42-B092F7A715D7,Drilling,DRLLNG,EnterpriseLevel,Yes,BIM-core.EnterpriseLevel
E5DF6DED-DBC3-47F4-BF42-B092F7A715D7,Drilling,DRLLNG,ExchangeId,{DBF23B7D-B8BB-46C2-BBE8-3E298BF71740},BIM-core.ExchangeId
EB25812E-2292-4A36-919E-CA9DA5BC2D6E,Drill Bit Condition,DRILL_BIT_CNDTN,PD_ObjectID,EB25812E-2292-4A36-919E-CA9DA5BC2D6E,
EB25812E-2292-4A36-919E-CA9DA5BC2D6E,Drill Bit Condition,DRILL_BIT_CNDTN,PD_SourceExtraction,46603045,
EB25812E-2292-4A36-919E-CA9DA5BC2D6E,Drill Bit Condition,DRILL_BIT_CNDTN,PD_SourceModel,SUBSURFACE AND WELLS,
EB25812E-2292-4A36-919E-CA9DA5BC2D6E,Drill Bit Condition,DRILL_BIT_CNDTN,CommerciallySensitiveInformation,No Commercially Sensitive Information,BIM-core.CommerciallySensitiveInformation
EB25812E-2292-4A36-919E-CA9DA5BC2D6E,Drill Bit Condition,DRILL_BIT_CNDTN,Criticality,No Critical Data,BIM-core.Criticality
EB25812E-2292-4A36-919E-CA9DA5BC2D6E,Drill Bit Condition,DRILL_BIT_CNDTN,DataCategory,Structured,BIM-core.DataCategory
EB25812E-2292-4A36-919E-CA9DA5BC2D6E,Drill Bit Condition,DRILL_BIT_CNDTN,DataConfidentiality,Internal,BIM-core.DataConfidentiality
EB25812E-2292-4A36-919E-CA9DA5BC2D6E,Drill Bit Condition,DRILL_BIT_CNDTN,DesignStatus,Approved,BIM-core.DesignStatus
EB25812E-2292-4A36-919E-CA9DA5BC2D6E,Drill Bit Condition,DRILL_BIT_CNDTN,EntityCategory,Transaction,BIM-core.EntityCategory
EB25812E-2292-4A36-919E-CA9DA5BC2D6E,Drill Bit Condition,DRILL_BIT_CNDTN,EntityPersonalData,No Personal Data,BIM-core.EntityPersonalData
EB25812E-2292-4A36-919E-CA9DA5BC2D6E,Drill Bit Condition,DRILL_BIT_CNDTN,FinancialPersonalData,No Financial Personal Data,BIM-core.FinancialPersonalData
EB25812E-2292-4A36-919E-CA9DA5BC2D6E,Drill Bit Condition,DRILL_BIT_CNDTN,SensitivePersonalData,No Sensitive Personal Data,BIM-core.SensitivePersonalData
EB25812E-2292-4A36-919E-CA9DA5BC2D6E,Drill Bit Condition,DRILL_BIT_CNDTN,DataArea,Well Activity,BIM-core.DataArea
EB25812E-2292-4A36-919E-CA9DA5BC2D6E,Drill Bit Condition,DRILL_BIT_CNDTN,EnterpriseLevel,Yes,BIM-core.EnterpriseLevel
EB25812E-2292-4A36-919E-CA9DA5BC2D6E,Drill Bit Condition,DRILL_BIT_CNDTN,ExchangeId,{FBC7B463-CEC1-4475-9FA4-3A048A1FBB74},BIM-core.ExchangeId
11C6FE6B-BD40-420A-9701-8ED27505AB78,Domain Type,DMN_TYP,PD_ObjectID,11C6FE6B-BD40-420A-9701-8ED27505AB78,
11C6FE6B-BD40-420A-9701-8ED27505AB78,Domain Type,DMN_TYP,PD_SourceExtraction,46603045,
11C6FE6B-BD40-420A-9701-8ED27505AB78,Domain Type,DMN_TYP,PD_SourceModel,SUBSURFACE AND WELLS,
11C6FE6B-BD40-420A-9701-8ED27505AB78,Domain Type,DMN_TYP,CommerciallySensitiveInformation,No Commercially Sensitive Information,BIM-core.CommerciallySensitiveInformation
11C6FE6B-BD40-420A-9701-8ED27505AB78,Domain Type,DMN_TYP,Criticality,No Critical Data,BIM-core.Criticality
11C6FE6B-BD40-420A-9701-8ED27505AB78,Domain Type,DMN_TYP,DataCategory,Structured,BIM-core.DataCategory
11C6FE6B-BD40-420A-9701-8ED27505AB78,Domain Type,DMN_TYP,DataConfidentiality,Internal,BIM-core.DataConfidentiality
11C6FE6B-BD40-420A-9701-8ED27505AB78,Domain Type,DMN_TYP,DesignStatus,Approved,BIM-core.DesignStatus
11C6FE6B-BD40-420A-9701-8ED27505AB78,Domain Type,DMN_TYP,EntityCategory,Internal Reference,BIM-core.EntityCategory
11C6FE6B-BD40-420A-9701-8ED27505AB78,Domain Type,DMN_TYP,EntityPersonalData,No Personal Data,BIM-core.EntityPersonalData
11C6FE6B-BD40-420A-9701-8ED27505AB78,Domain Type,DMN_TYP,FinancialPersonalData,No Financial Personal Data,BIM-core.FinancialPersonalData
11C6FE6B-BD40-420A-9701-8ED27505AB78,Domain Type,DMN_TYP,SensitivePersonalData,No Sensitive Personal Data,BIM-core.SensitivePersonalData
11C6FE6B-BD40-420A-9701-8ED27505AB78,Domain Type,DMN_TYP,DataArea,Geophysics,BIM-core.DataArea
11C6FE6B-BD40-420A-9701-8ED27505AB78,Domain Type,DMN_TYP,EnterpriseLevel,Yes,BIM-core.EnterpriseLevel
11C6FE6B-BD40-420A-9701-8ED27505AB78,Domain Type,DMN_TYP,ExchangeId,{431D7549-7B83-4BEF-A020-46C7CDD62601},BIM-core.ExchangeId
DF5A3F19-B480-4E9B-BFEE-CDC5EEA85AC0,Document,DCMNT,PD_ObjectID,DF5A3F19-B480-4E9B-BFEE-CDC5EEA85AC0,
DF5A3F19-B480-4E9B-BFEE-CDC5EEA85AC0,Document,DCMNT,PD_SourceExtraction,46603045,
DF5A3F19-B480-4E9B-BFEE-CDC5EEA85AC0,Document,DCMNT,PD_SourceModel,SUBSURFACE AND WELLS,
DF5A3F19-B480-4E9B-BFEE-CDC5EEA85AC0,Document,DCMNT,CSI,false,SHL_CDM_EntityPropertyExtension.CSI
DF5A3F19-B480-4E9B-BFEE-CDC5EEA85AC0,Document,DCMNT,EntityUpdateDate,19/08/2021 Pass 3,SHL_CDM_EntityPropertyExtension.EntityUpdateDate
DF5A3F19-B480-4E9B-BFEE-CDC5EEA85AC0,Document,DCMNT,MTED_EDaM_Business_Critical_Data,false,SHL_CDM_EntityPropertyExtension.MTED_EDaM_Business_Critical_Data
DF5A3F19-B480-4E9B-BFEE-CDC5EEA85AC0,Document,DCMNT,MTED_Encryption_Required,false,SHL_CDM_EntityPropertyExtension.MTED_Encryption_Required
DF5A3F19-B480-4E9B-BFEE-CDC5EEA85AC0,Document,DCMNT,PII,false,SHL_CDM_EntityPropertyExtension.PII
DF5A3F19-B480-4E9B-BFEE-CDC5EEA85AC0,Document,DCMNT,MTED_EDaM_Design_Status,Approved,SHL_CDM_EntityPropertyExtension.MTED_EDaM_Design_Status
DF5A3F19-B480-4E9B-BFEE-CDC5EEA85AC0,Document,DCMNT,MTED_Version_No,2021.2,SHL_CDM_EntityPropertyExtension.MTED_Version_No
DF5A3F19-B480-4E9B-BFEE-CDC5EEA85AC0,Document,DCMNT,Generation,true,SHL_CDM_EntityPropertyExtension.Generation
DF5A3F19-B480-4E9B-BFEE-CDC5EEA85AC0,Document,DCMNT,CommerciallySensitiveInformation,No Commercially Sensitive Information,BIM-core.CommerciallySensitiveInformation
DF5A3F19-B480-4E9B-BFEE-CDC5EEA85AC0,Document,DCMNT,Criticality,No Critical Data,BIM-core.Criticality
DF5A3F19-B480-4E9B-BFEE-CDC5EEA85AC0,Document,DCMNT,DataCategory,Unstructured,BIM-core.DataCategory
DF5A3F19-B480-4E9B-BFEE-CDC5EEA85AC0,Document,DCMNT,DataConfidentiality,Internal,BIM-core.DataConfidentiality
DF5A3F19-B480-4E9B-BFEE-CDC5EEA85AC0,Document,DCMNT,DesignStatus,Approved,BIM-core.DesignStatus
DF5A3F19-B480-4E9B-BFEE-CDC5EEA85AC0,Document,DCMNT,EntityCategory,Transaction,BIM-core.EntityCategory
DF5A3F19-B480-4E9B-BFEE-CDC5EEA85AC0,Document,DCMNT,EntityPersonalData,No Personal Data,BIM-core.EntityPersonalData
DF5A3F19-B480-4E9B-BFEE-CDC5EEA85AC0,Document,DCMNT,FinancialPersonalData,No Financial Personal Data,BIM-core.FinancialPersonalData
DF5A3F19-B480-4E9B-BFEE-CDC5EEA85AC0,Document,DCMNT,SensitivePersonalData,No Sensitive Personal Data,BIM-core.SensitivePersonalData
DF5A3F19-B480-4E9B-BFEE-CDC5EEA85AC0,Document,DCMNT,DataArea,Project Activity Study Lifecycle,BIM-core.DataArea
DF5A3F19-B480-4E9B-BFEE-CDC5EEA85AC0,Document,DCMNT,EnterpriseLevel,Yes,BIM-core.EnterpriseLevel
DF5A3F19-B480-4E9B-BFEE-CDC5EEA85AC0,Document,DCMNT,ExchangeId,{07767F30-ED15-4390-998E-590AA8CEE84C},BIM-core.ExchangeId
D114BCE7-0D63-4CD2-85CE-9EBE83FA7E68,Directional Survey Point,DRCTNL_SRVY_PNT,PD_ObjectID,D114BCE7-0D63-4CD2-85CE-9EBE83FA7E68,
D114BCE7-0D63-4CD2-85CE-9EBE83FA7E68,Directional Survey Point,DRCTNL_SRVY_PNT,PD_SourceExtraction,46603045,
D114BCE7-0D63-4CD2-85CE-9EBE83FA7E68,Directional Survey Point,DRCTNL_SRVY_PNT,PD_SourceModel,SUBSURFACE AND WELLS,
D114BCE7-0D63-4CD2-85CE-9EBE83FA7E68,Directional Survey Point,DRCTNL_SRVY_PNT,MTED_EDaM_Entity_Data_Category,<unspecified>,SHL_CDM_EntityPropertyExtension.MTED_EDaM_Entity_Data_Category
D114BCE7-0D63-4CD2-85CE-9EBE83FA7E68,Directional Survey Point,DRCTNL_SRVY_PNT,MTED_EDaM_Data_Owner,,SHL_CDM_EntityPropertyExtension.MTED_EDaM_Data_Owner
D114BCE7-0D63-4CD2-85CE-9EBE83FA7E68,Directional Survey Point,DRCTNL_SRVY_PNT,MTED_EDaM_Entity_Critical_Data,F,SHL_CDM_EntityPropertyExtension.MTED_EDaM_Entity_Critical_Data
D114BCE7-0D63-4CD2-85CE-9EBE83FA7E68,Directional Survey Point,DRCTNL_SRVY_PNT,MTED_EDaM_Entity_Quality_Indication,<unspecified>,SHL_CDM_EntityPropertyExtension.MTED_EDaM_Entity_Quality_Indication
D114BCE7-0D63-4CD2-85CE-9EBE83FA7E68,Directional Survey Point,DRCTNL_SRVY_PNT,MTED_EDaM_Entity_Availability_Indication,<unspecified>,SHL_CDM_EntityPropertyExtension.MTED_EDaM_Entity_Availability_Indication
D114BCE7-0D63-4CD2-85CE-9EBE83FA7E68,Directional Survey Point,DRCTNL_SRVY_PNT,MTED_EDaM_Security_Classification,Most Confidential,SHL_CDM_EntityPropertyExtension.MTED_EDaM_Security_Classification
D114BCE7-0D63-4CD2-85CE-9EBE83FA7E68,Directional Survey Point,DRCTNL_SRVY_PNT,MTED_EDaM_Design_Status,Approved,SHL_CDM_EntityPropertyExtension.MTED_EDaM_Design_Status
D114BCE7-0D63-4CD2-85CE-9EBE83FA7E68,Directional Survey Point,DRCTNL_SRVY_PNT,MTED_Version_No,2021.2,SHL_CDM_EntityPropertyExtension.MTED_Version_No
D114BCE7-0D63-4CD2-85CE-9EBE83FA7E68,Directional Survey Point,DRCTNL_SRVY_PNT,MTED_EDaM_Version_Date,,SHL_CDM_EntityPropertyExtension.MTED_EDaM_Version_Date
D114BCE7-0D63-4CD2-85CE-9EBE83FA7E68,Directional Survey Point,DRCTNL_SRVY_PNT,CSI,false,SHL_CDM_EntityPropertyExtension.CSI
D114BCE7-0D63-4CD2-85CE-9EBE83FA7E68,Directional Survey Point,DRCTNL_SRVY_PNT,MTED_EDaM_Business_Critical_Data,false,SHL_CDM_EntityPropertyExtension.MTED_EDaM_Business_Critical_Data
D114BCE7-0D63-4CD2-85CE-9EBE83FA7E68,Directional Survey Point,DRCTNL_SRVY_PNT,MTED_Encryption_Required,false,SHL_CDM_EntityPropertyExtension.MTED_Encryption_Required
D114BCE7-0D63-4CD2-85CE-9EBE83FA7E68,Directional Survey Point,DRCTNL_SRVY_PNT,PII,false,SHL_CDM_EntityPropertyExtension.PII
D114BCE7-0D63-4CD2-85CE-9EBE83FA7E68,Directional Survey Point,DRCTNL_SRVY_PNT,EntityUpdateDate,19/08/2021 Pass 3,SHL_CDM_EntityPropertyExtension.EntityUpdateDate
D114BCE7-0D63-4CD2-85CE-9EBE83FA7E68,Directional Survey Point,DRCTNL_SRVY_PNT,Generation,true,SHL_CDM_EntityPropertyExtension.Generation
D114BCE7-0D63-4CD2-85CE-9EBE83FA7E68,Directional Survey Point,DRCTNL_SRVY_PNT,CommerciallySensitiveInformation,No Commercially Sensitive Information,BIM-core.CommerciallySensitiveInformation
D114BCE7-0D63-4CD2-85CE-9EBE83FA7E68,Directional Survey Point,DRCTNL_SRVY_PNT,Criticality,No Critical Data,BIM-core.Criticality
D114BCE7-0D63-4CD2-85CE-9EBE83FA7E68,Directional Survey Point,DRCTNL_SRVY_PNT,DataCategory,Structured,BIM-core.DataCategory
D114BCE7-0D63-4CD2-85CE-9EBE83FA7E68,Directional Survey Point,DRCTNL_SRVY_PNT,DataConfidentiality,Internal,BIM-core.DataConfidentiality
D114BCE7-0D63-4CD2-85CE-9EBE83FA7E68,Directional Survey Point,DRCTNL_SRVY_PNT,DesignStatus,Approved,BIM-core.DesignStatus
D114BCE7-0D63-4CD2-85CE-9EBE83FA7E68,Directional Survey Point,DRCTNL_SRVY_PNT,EntityCategory,Transaction,BIM-core.EntityCategory
D114BCE7-0D63-4CD2-85CE-9EBE83FA7E68,Directional Survey Point,DRCTNL_SRVY_PNT,EntityPersonalData,No Personal Data,BIM-core.EntityPersonalData
D114BCE7-0D63-4CD2-85CE-9EBE83FA7E68,Directional Survey Point,DRCTNL_SRVY_PNT,FinancialPersonalData,No Financial Personal Data,BIM-core.FinancialPersonalData
D114BCE7-0D63-4CD2-85CE-9EBE83FA7E68,Directional Survey Point,DRCTNL_SRVY_PNT,SensitivePersonalData,No Sensitive Personal Data,BIM-core.SensitivePersonalData
D114BCE7-0D63-4CD2-85CE-9EBE83FA7E68,Directional Survey Point,DRCTNL_SRVY_PNT,DataArea,Wellbore,BIM-core.DataArea
D114BCE7-0D63-4CD2-85CE-9EBE83FA7E68,Directional Survey Point,DRCTNL_SRVY_PNT,EnterpriseLevel,Yes,BIM-core.EnterpriseLevel
D114BCE7-0D63-4CD2-85CE-9EBE83FA7E68,Directional Survey Point,DRCTNL_SRVY_PNT,ExchangeId,{3186593D-7FE7-41B4-B071-5C83537D0F63},BIM-core.ExchangeId
129F8FA6-9163-4A01-860C-04197C271192,Well Activity,WLL_ACTVTY,PD_ObjectID,129F8FA6-9163-4A01-860C-04197C271192,
129F8FA6-9163-4A01-860C-04197C271192,Well Activity,WLL_ACTVTY,PD_SourceExtraction,46603045,
129F8FA6-9163-4A01-860C-04197C271192,Well Activity,WLL_ACTVTY,PD_SourceModel,SUBSURFACE AND WELLS,
129F8FA6-9163-4A01-860C-04197C271192,Well Activity,WLL_ACTVTY,CSI,false,SHL_CDM_EntityPropertyExtension.CSI
129F8FA6-9163-4A01-860C-04197C271192,Well Activity,WLL_ACTVTY,EntityUpdateDate,19/08/2021 Pass 3,SHL_CDM_EntityPropertyExtension.EntityUpdateDate
129F8FA6-9163-4A01-860C-04197C271192,Well Activity,WLL_ACTVTY,MTED_EDaM_Business_Critical_Data,false,SHL_CDM_EntityPropertyExtension.MTED_EDaM_Business_Critical_Data
129F8FA6-9163-4A01-860C-04197C271192,Well Activity,WLL_ACTVTY,MTED_Encryption_Required,false,SHL_CDM_EntityPropertyExtension.MTED_Encryption_Required
129F8FA6-9163-4A01-860C-04197C271192,Well Activity,WLL_ACTVTY,PII,false,SHL_CDM_EntityPropertyExtension.PII
129F8FA6-9163-4A01-860C-04197C271192,Well Activity,WLL_ACTVTY,MTED_EDaM_Design_Status,Approved,SHL_CDM_EntityPropertyExtension.MTED_EDaM_Design_Status
129F8FA6-9163-4A01-860C-04197C271192,Well Activity,WLL_ACTVTY,MTED_Version_No,2021.2,SHL_CDM_EntityPropertyExtension.MTED_Version_No
129F8FA6-9163-4A01-860C-04197C271192,Well Activity,WLL_ACTVTY,Generation,true,SHL_CDM_EntityPropertyExtension.Generation
129F8FA6-9163-4A01-860C-04197C271192,Well Activity,WLL_ACTVTY,CommerciallySensitiveInformation,No Commercially Sensitive Information,BIM-core.CommerciallySensitiveInformation
129F8FA6-9163-4A01-860C-04197C271192,Well Activity,WLL_ACTVTY,Criticality,No Critical Data,BIM-core.Criticality
129F8FA6-9163-4A01-860C-04197C271192,Well Activity,WLL_ACTVTY,DataCategory,Structured,BIM-core.DataCategory
129F8FA6-9163-4A01-860C-04197C271192,Well Activity,WLL_ACTVTY,DataConfidentiality,Internal,BIM-core.DataConfidentiality
129F8FA6-9163-4A01-860C-04197C271192,Well Activity,WLL_ACTVTY,DesignStatus,Approved,BIM-core.DesignStatus
129F8FA6-9163-4A01-860C-04197C271192,Well Activity,WLL_ACTVTY,EntityCategory,Transaction,BIM-core.EntityCategory
129F8FA6-9163-4A01-860C-04197C271192,Well Activity,WLL_ACTVTY,EntityPersonalData,No Personal Data,BIM-core.EntityPersonalData
129F8FA6-9163-4A01-860C-04197C271192,Well Activity,WLL_ACTVTY,FinancialPersonalData,No Financial Personal Data,BIM-core.FinancialPersonalData
129F8FA6-9163-4A01-860C-04197C271192,Well Activity,WLL_ACTVTY,SensitivePersonalData,No Sensitive Personal Data,BIM-core.SensitivePersonalData
129F8FA6-9163-4A01-860C-04197C271192,Well Activity,WLL_ACTVTY,DataArea,Well Activity,BIM-core.DataArea
129F8FA6-9163-4A01-860C-04197C271192,Well Activity,WLL_ACTVTY,EnterpriseLevel,Yes,BIM-core.EnterpriseLevel
129F8FA6-9163-4A01-860C-04197C271192,Well Activity,WLL_ACTVTY,ExchangeId,{164B99F0-1F54-43FF-BDC0-0A36634EF864},BIM-core.ExchangeId
271B3089-C72E-4181-A0F9-9CD5FEC72816,Dimension Type,DMNSN_TYP,PD_ObjectID,271B3089-C72E-4181-A0F9-9CD5FEC72816,
271B3089-C72E-4181-A0F9-9CD5FEC72816,Dimension Type,DMNSN_TYP,PD_SourceExtraction,46603045,
271B3089-C72E-4181-A0F9-9CD5FEC72816,Dimension Type,DMNSN_TYP,PD_SourceModel,SUBSURFACE AND WELLS,
271B3089-C72E-4181-A0F9-9CD5FEC72816,Dimension Type,DMNSN_TYP,CommerciallySensitiveInformation,No Commercially Sensitive Information,BIM-core.CommerciallySensitiveInformation
271B3089-C72E-4181-A0F9-9CD5FEC72816,Dimension Type,DMNSN_TYP,Criticality,No Critical Data,BIM-core.Criticality
271B3089-C72E-4181-A0F9-9CD5FEC72816,Dimension Type,DMNSN_TYP,DataCategory,Structured,BIM-core.DataCategory
271B3089-C72E-4181-A0F9-9CD5FEC72816,Dimension Type,DMNSN_TYP,DataConfidentiality,Internal,BIM-core.DataConfidentiality
271B3089-C72E-4181-A0F9-9CD5FEC72816,Dimension Type,DMNSN_TYP,DesignStatus,Approved,BIM-core.DesignStatus
271B3089-C72E-4181-A0F9-9CD5FEC72816,Dimension Type,DMNSN_TYP,EntityCategory,Internal Reference,BIM-core.EntityCategory
271B3089-C72E-4181-A0F9-9CD5FEC72816,Dimension Type,DMNSN_TYP,EntityPersonalData,No Personal Data,BIM-core.EntityPersonalData
271B3089-C72E-4181-A0F9-9CD5FEC72816,Dimension Type,DMNSN_TYP,FinancialPersonalData,No Financial Personal Data,BIM-core.FinancialPersonalData
271B3089-C72E-4181-A0F9-9CD5FEC72816,Dimension Type,DMNSN_TYP,SensitivePersonalData,No Sensitive Personal Data,BIM-core.SensitivePersonalData
271B3089-C72E-4181-A0F9-9CD5FEC72816,Dimension Type,DMNSN_TYP,DataArea,Geophysics,BIM-core.DataArea
271B3089-C72E-4181-A0F9-9CD5FEC72816,Dimension Type,DMNSN_TYP,EnterpriseLevel,Yes,BIM-core.EnterpriseLevel
271B3089-C72E-4181-A0F9-9CD5FEC72816,Dimension Type,DMNSN_TYP,ExchangeId,{25E96AE5-621C-40E3-8944-A4BD032EF99D},BIM-core.ExchangeId
026FA286-C57A-4F47-8D39-FC1B4AF3F22C,Definitive Directional Survey,DFNTV_DRCTNL_SRVY,PD_ObjectID,026FA286-C57A-4F47-8D39-FC1B4AF3F22C,
026FA286-C57A-4F47-8D39-FC1B4AF3F22C,Definitive Directional Survey,DFNTV_DRCTNL_SRVY,PD_SourceExtraction,46603045,
026FA286-C57A-4F47-8D39-FC1B4AF3F22C,Definitive Directional Survey,DFNTV_DRCTNL_SRVY,PD_SourceModel,SUBSURFACE AND WELLS,
026FA286-C57A-4F47-8D39-FC1B4AF3F22C,Definitive Directional Survey,DFNTV_DRCTNL_SRVY,EntityUpdateDate,19/08/2021 Pass 3,SHL_CDM_EntityPropertyExtension.EntityUpdateDate
026FA286-C57A-4F47-8D39-FC1B4AF3F22C,Definitive Directional Survey,DFNTV_DRCTNL_SRVY,CommerciallySensitiveInformation,No Commercially Sensitive Information,BIM-core.CommerciallySensitiveInformation
026FA286-C57A-4F47-8D39-FC1B4AF3F22C,Definitive Directional Survey,DFNTV_DRCTNL_SRVY,Criticality,No Critical Data,BIM-core.Criticality
026FA286-C57A-4F47-8D39-FC1B4AF3F22C,Definitive Directional Survey,DFNTV_DRCTNL_SRVY,DataCategory,Structured,BIM-core.DataCategory
026FA286-C57A-4F47-8D39-FC1B4AF3F22C,Definitive Directional Survey,DFNTV_DRCTNL_SRVY,DataConfidentiality,Internal,BIM-core.DataConfidentiality
026FA286-C57A-4F47-8D39-FC1B4AF3F22C,Definitive Directional Survey,DFNTV_DRCTNL_SRVY,DesignStatus,Approved,BIM-core.DesignStatus
026FA286-C57A-4F47-8D39-FC1B4AF3F22C,Definitive Directional Survey,DFNTV_DRCTNL_SRVY,EntityCategory,Transaction,BIM-core.EntityCategory
026FA286-C57A-4F47-8D39-FC1B4AF3F22C,Definitive Directional Survey,DFNTV_DRCTNL_SRVY,EntityPersonalData,No Personal Data,BIM-core.EntityPersonalData
026FA286-C57A-4F47-8D39-FC1B4AF3F22C,Definitive Directional Survey,DFNTV_DRCTNL_SRVY,FinancialPersonalData,No Financial Personal Data,BIM-core.FinancialPersonalData
026FA286-C57A-4F47-8D39-FC1B4AF3F22C,Definitive Directional Survey,DFNTV_DRCTNL_SRVY,SensitivePersonalData,No Sensitive Personal Data,BIM-core.SensitivePersonalData
026FA286-C57A-4F47-8D39-FC1B4AF3F22C,Definitive Directional Survey,DFNTV_DRCTNL_SRVY,DataArea,Wellbore,BIM-core.DataArea
026FA286-C57A-4F47-8D39-FC1B4AF3F22C,Definitive Directional Survey,DFNTV_DRCTNL_SRVY,EnterpriseLevel,Yes,BIM-core.EnterpriseLevel
026FA286-C57A-4F47-8D39-FC1B4AF3F22C,Definitive Directional Survey,DFNTV_DRCTNL_SRVY,ExchangeId,{920E4CAE-CE2D-46AA-A21C-FA074A5A8DFB},BIM-core.ExchangeId
350DE9B8-8A41-4B2C-80D2-59D39265E46C,Decommissioning Abandoning,DCMMSSNNG_ABNDNNG,PD_ObjectID,350DE9B8-8A41-4B2C-80D2-59D39265E46C,
350DE9B8-8A41-4B2C-80D2-59D39265E46C,Decommissioning Abandoning,DCMMSSNNG_ABNDNNG,PD_SourceExtraction,46603045,
350DE9B8-8A41-4B2C-80D2-59D39265E46C,Decommissioning Abandoning,DCMMSSNNG_ABNDNNG,PD_SourceModel,SUBSURFACE AND WELLS,
350DE9B8-8A41-4B2C-80D2-59D39265E46C,Decommissioning Abandoning,DCMMSSNNG_ABNDNNG,EntityUpdateDate,19/08/2021 Pass 3,SHL_CDM_EntityPropertyExtension.EntityUpdateDate
350DE9B8-8A41-4B2C-80D2-59D39265E46C,Decommissioning Abandoning,DCMMSSNNG_ABNDNNG,CommerciallySensitiveInformation,No Commercially Sensitive Information,BIM-core.CommerciallySensitiveInformation
350DE9B8-8A41-4B2C-80D2-59D39265E46C,Decommissioning Abandoning,DCMMSSNNG_ABNDNNG,Criticality,No Critical Data,BIM-core.Criticality
350DE9B8-8A41-4B2C-80D2-59D39265E46C,Decommissioning Abandoning,DCMMSSNNG_ABNDNNG,DataCategory,Structured,BIM-core.DataCategory
350DE9B8-8A41-4B2C-80D2-59D39265E46C,Decommissioning Abandoning,DCMMSSNNG_ABNDNNG,DataConfidentiality,Internal,BIM-core.DataConfidentiality
350DE9B8-8A41-4B2C-80D2-59D39265E46C,Decommissioning Abandoning,DCMMSSNNG_ABNDNNG,DesignStatus,Approved,BIM-core.DesignStatus
350DE9B8-8A41-4B2C-80D2-59D39265E46C,Decommissioning Abandoning,DCMMSSNNG_ABNDNNG,EntityCategory,Transaction,BIM-core.EntityCategory
350DE9B8-8A41-4B2C-80D2-59D39265E46C,Decommissioning Abandoning,DCMMSSNNG_ABNDNNG,EntityPersonalData,No Personal Data,BIM-core.EntityPersonalData
350DE9B8-8A41-4B2C-80D2-59D39265E46C,Decommissioning Abandoning,DCMMSSNNG_ABNDNNG,FinancialPersonalData,No Financial Personal Data,BIM-core.FinancialPersonalData
350DE9B8-8A41-4B2C-80D2-59D39265E46C,Decommissioning Abandoning,DCMMSSNNG_ABNDNNG,SensitivePersonalData,No Sensitive Personal Data,BIM-core.SensitivePersonalData
350DE9B8-8A41-4B2C-80D2-59D39265E46C,Decommissioning Abandoning,DCMMSSNNG_ABNDNNG,DataArea,Well Activity,BIM-core.DataArea
350DE9B8-8A41-4B2C-80D2-59D39265E46C,Decommissioning Abandoning,DCMMSSNNG_ABNDNNG,EnterpriseLevel,Yes,BIM-core.EnterpriseLevel
350DE9B8-8A41-4B2C-80D2-59D39265E46C,Decommissioning Abandoning,DCMMSSNNG_ABNDNNG,ExchangeId,{72E5A25F-02E3-4702-A449-34B40D91D3F4},BIM-core.ExchangeId
12BBC1F2-CBF3-43AD-9C70-2F34FB3E6DE1,Decline Curve,DCLN_CRV,PD_ObjectID,12BBC1F2-CBF3-43AD-9C70-2F34FB3E6DE1,
12BBC1F2-CBF3-43AD-9C70-2F34FB3E6DE1,Decline Curve,DCLN_CRV,PD_SourceExtraction,46603045,
12BBC1F2-CBF3-43AD-9C70-2F34FB3E6DE1,Decline Curve,DCLN_CRV,PD_SourceModel,SUBSURFACE AND WELLS,
12BBC1F2-CBF3-43AD-9C70-2F34FB3E6DE1,Decline Curve,DCLN_CRV,CSI,false,SHL_CDM_EntityPropertyExtension.CSI
12BBC1F2-CBF3-43AD-9C70-2F34FB3E6DE1,Decline Curve,DCLN_CRV,EntityUpdateDate,19/08/2021 Pass 3,SHL_CDM_EntityPropertyExtension.EntityUpdateDate
12BBC1F2-CBF3-43AD-9C70-2F34FB3E6DE1,Decline Curve,DCLN_CRV,MTED_EDaM_Business_Critical_Data,false,SHL_CDM_EntityPropertyExtension.MTED_EDaM_Business_Critical_Data
12BBC1F2-CBF3-43AD-9C70-2F34FB3E6DE1,Decline Curve,DCLN_CRV,MTED_Encryption_Required,false,SHL_CDM_EntityPropertyExtension.MTED_Encryption_Required
12BBC1F2-CBF3-43AD-9C70-2F34FB3E6DE1,Decline Curve,DCLN_CRV,PII,false,SHL_CDM_EntityPropertyExtension.PII
12BBC1F2-CBF3-43AD-9C70-2F34FB3E6DE1,Decline Curve,DCLN_CRV,Generation,true,SHL_CDM_EntityPropertyExtension.Generation
12BBC1F2-CBF3-43AD-9C70-2F34FB3E6DE1,Decline Curve,DCLN_CRV,MTED_EDaM_Design_Status,Approved,SHL_CDM_EntityPropertyExtension.MTED_EDaM_Design_Status
12BBC1F2-CBF3-43AD-9C70-2F34FB3E6DE1,Decline Curve,DCLN_CRV,MTED_Version_No,2021.2,SHL_CDM_EntityPropertyExtension.MTED_Version_No
12BBC1F2-CBF3-43AD-9C70-2F34FB3E6DE1,Decline Curve,DCLN_CRV,CommerciallySensitiveInformation,No Commercially Sensitive Information,BIM-core.CommerciallySensitiveInformation
12BBC1F2-CBF3-43AD-9C70-2F34FB3E6DE1,Decline Curve,DCLN_CRV,Criticality,No Critical Data,BIM-core.Criticality
12BBC1F2-CBF3-43AD-9C70-2F34FB3E6DE1,Decline Curve,DCLN_CRV,DataCategory,Structured,BIM-core.DataCategory
12BBC1F2-CBF3-43AD-9C70-2F34FB3E6DE1,Decline Curve,DCLN_CRV,DataConfidentiality,Internal,BIM-core.DataConfidentiality
12BBC1F2-CBF3-43AD-9C70-2F34FB3E6DE1,Decline Curve,DCLN_CRV,EntityCategory,Transaction,BIM-core.EntityCategory
12BBC1F2-CBF3-43AD-9C70-2F34FB3E6DE1,Decline Curve,DCLN_CRV,EntityPersonalData,No Personal Data,BIM-core.EntityPersonalData
12BBC1F2-CBF3-43AD-9C70-2F34FB3E6DE1,Decline Curve,DCLN_CRV,FinancialPersonalData,No Financial Personal Data,BIM-core.FinancialPersonalData
12BBC1F2-CBF3-43AD-9C70-2F34FB3E6DE1,Decline Curve,DCLN_CRV,SensitivePersonalData,No Sensitive Personal Data,BIM-core.SensitivePersonalData
12BBC1F2-CBF3-43AD-9C70-2F34FB3E6DE1,Decline Curve,DCLN_CRV,DataArea,Production Forecast & Plan,BIM-core.DataArea
12BBC1F2-CBF3-43AD-9C70-2F34FB3E6DE1,Decline Curve,DCLN_CRV,EnterpriseLevel,No,BIM-core.EnterpriseLevel
12BBC1F2-CBF3-43AD-9C70-2F34FB3E6DE1,Decline Curve,DCLN_CRV,ExchangeId,{39D040C9-D3AC-4E07-9C47-309DC8F35E78},BIM-core.ExchangeId
DA9D669E-B82F-4BB2-90A8-BB4182ACE602,Data Rule,DT_RL,PD_ObjectID,DA9D669E-B82F-4BB2-90A8-BB4182ACE602,
DA9D669E-B82F-4BB2-90A8-BB4182ACE602,Data Rule,DT_RL,PD_SourceExtraction,46603045,
DA9D669E-B82F-4BB2-90A8-BB4182ACE602,Data Rule,DT_RL,PD_SourceModel,SUBSURFACE AND WELLS,
DA9D669E-B82F-4BB2-90A8-BB4182ACE602,Data Rule,DT_RL,DataArea,Data Quality,BIM-core.DataArea
DA9D669E-B82F-4BB2-90A8-BB4182ACE602,Data Rule,DT_RL,EnterpriseLevel,Yes,BIM-core.EnterpriseLevel
DA9D669E-B82F-4BB2-90A8-BB4182ACE602,Data Rule,DT_RL,ExchangeId,{9E0ECCDA-E3E4-43AF-AA19-6BC72F5AC546},BIM-core.ExchangeId
A8A6D310-AB01-486D-9D07-873AD92C319A,Data Quality,DT_QLTY,PD_ObjectID,A8A6D310-AB01-486D-9D07-873AD92C319A,
A8A6D310-AB01-486D-9D07-873AD92C319A,Data Quality,DT_QLTY,PD_SourceExtraction,46603045,
A8A6D310-AB01-486D-9D07-873AD92C319A,Data Quality,DT_QLTY,PD_SourceModel,SUBSURFACE AND WELLS,
A8A6D310-AB01-486D-9D07-873AD92C319A,Data Quality,DT_QLTY,DataArea,Data Quality,BIM-core.DataArea
A8A6D310-AB01-486D-9D07-873AD92C319A,Data Quality,DT_QLTY,EnterpriseLevel,Yes,BIM-core.EnterpriseLevel
A8A6D310-AB01-486D-9D07-873AD92C319A,Data Quality,DT_QLTY,ExchangeId,{C0DAF2B8-CE40-4F04-97FB-30E791D9E432},BIM-core.ExchangeId
151C9061-A0CB-4738-9F62-FF7DD7335DA1,Cyclic Steam Request,CYCLIC_STEAM_RQST,PD_ObjectID,151C9061-A0CB-4738-9F62-FF7DD7335DA1,
151C9061-A0CB-4738-9F62-FF7DD7335DA1,Cyclic Steam Request,CYCLIC_STEAM_RQST,PD_SourceExtraction,46603045,
151C9061-A0CB-4738-9F62-FF7DD7335DA1,Cyclic Steam Request,CYCLIC_STEAM_RQST,PD_SourceModel,SUBSURFACE AND WELLS,
151C9061-A0CB-4738-9F62-FF7DD7335DA1,Cyclic Steam Request,CYCLIC_STEAM_RQST,CommerciallySensitiveInformation,No Commercially Sensitive Information,BIM-core.CommerciallySensitiveInformation
151C9061-A0CB-4738-9F62-FF7DD7335DA1,Cyclic Steam Request,CYCLIC_STEAM_RQST,Criticality,No Critical Data,BIM-core.Criticality
151C9061-A0CB-4738-9F62-FF7DD7335DA1,Cyclic Steam Request,CYCLIC_STEAM_RQST,DataCategory,Structured,BIM-core.DataCategory
151C9061-A0CB-4738-9F62-FF7DD7335DA1,Cyclic Steam Request,CYCLIC_STEAM_RQST,DataConfidentiality,Internal,BIM-core.DataConfidentiality
151C9061-A0CB-4738-9F62-FF7DD7335DA1,Cyclic Steam Request,CYCLIC_STEAM_RQST,EntityCategory,Transaction,BIM-core.EntityCategory
151C9061-A0CB-4738-9F62-FF7DD7335DA1,Cyclic Steam Request,CYCLIC_STEAM_RQST,EntityPersonalData,No Personal Data,BIM-core.EntityPersonalData
151C9061-A0CB-4738-9F62-FF7DD7335DA1,Cyclic Steam Request,CYCLIC_STEAM_RQST,FinancialPersonalData,No Financial Personal Data,BIM-core.FinancialPersonalData
151C9061-A0CB-4738-9F62-FF7DD7335DA1,Cyclic Steam Request,CYCLIC_STEAM_RQST,SensitivePersonalData,No Sensitive Personal Data,BIM-core.SensitivePersonalData
151C9061-A0CB-4738-9F62-FF7DD7335DA1,Cyclic Steam Request,CYCLIC_STEAM_RQST,DesignStatus,Approved,BIM-core.DesignStatus
151C9061-A0CB-4738-9F62-FF7DD7335DA1,Cyclic Steam Request,CYCLIC_STEAM_RQST,DataArea,Reservoir,BIM-core.DataArea
151C9061-A0CB-4738-9F62-FF7DD7335DA1,Cyclic Steam Request,CYCLIC_STEAM_RQST,EnterpriseLevel,Yes,BIM-core.EnterpriseLevel
151C9061-A0CB-4738-9F62-FF7DD7335DA1,Cyclic Steam Request,CYCLIC_STEAM_RQST,ExchangeId,{7D2FC37D-B463-47CF-96BE-149AD5E7BD07},BIM-core.ExchangeId
591FC07F-8C1D-4EA7-B7B8-710C5F0F40A1,Currency,CRRNCY,PD_ObjectID,591FC07F-8C1D-4EA7-B7B8-710C5F0F40A1,
591FC07F-8C1D-4EA7-B7B8-710C5F0F40A1,Currency,CRRNCY,PD_SourceExtraction,46603045,
591FC07F-8C1D-4EA7-B7B8-710C5F0F40A1,Currency,CRRNCY,PD_SourceModel,SUBSURFACE AND WELLS,
591FC07F-8C1D-4EA7-B7B8-710C5F0F40A1,Currency,CRRNCY,MTED_EDaM_Entity_Data_Category,<unspecified>,SHL_CDM_EntityPropertyExtension.MTED_EDaM_Entity_Data_Category
591FC07F-8C1D-4EA7-B7B8-710C5F0F40A1,Currency,CRRNCY,MTED_EDaM_Data_Owner,,SHL_CDM_EntityPropertyExtension.MTED_EDaM_Data_Owner
591FC07F-8C1D-4EA7-B7B8-710C5F0F40A1,Currency,CRRNCY,MTED_EDaM_Entity_Critical_Data,F,SHL_CDM_EntityPropertyExtension.MTED_EDaM_Entity_Critical_Data
591FC07F-8C1D-4EA7-B7B8-710C5F0F40A1,Currency,CRRNCY,MTED_EDaM_Entity_Quality_Indication,<unspecified>,SHL_CDM_EntityPropertyExtension.MTED_EDaM_Entity_Quality_Indication
591FC07F-8C1D-4EA7-B7B8-710C5F0F40A1,Currency,CRRNCY,MTED_EDaM_Entity_Availability_Indication,<unspecified>,SHL_CDM_EntityPropertyExtension.MTED_EDaM_Entity_Availability_Indication
591FC07F-8C1D-4EA7-B7B8-710C5F0F40A1,Currency,CRRNCY,MTED_EDaM_Security_Classification,Unrestricted,SHL_CDM_EntityPropertyExtension.MTED_EDaM_Security_Classification
591FC07F-8C1D-4EA7-B7B8-710C5F0F40A1,Currency,CRRNCY,MTED_EDaM_Design_Status,,SHL_CDM_EntityPropertyExtension.MTED_EDaM_Design_Status
591FC07F-8C1D-4EA7-B7B8-710C5F0F40A1,Currency,CRRNCY,MTED_Version_No,,SHL_CDM_EntityPropertyExtension.MTED_Version_No
591FC07F-8C1D-4EA7-B7B8-710C5F0F40A1,Currency,CRRNCY,MTED_EDaM_Version_Date,,SHL_CDM_EntityPropertyExtension.MTED_EDaM_Version_Date
591FC07F-8C1D-4EA7-B7B8-710C5F0F40A1,Currency,CRRNCY,CSI,false,SHL_CDM_EntityPropertyExtension.CSI
591FC07F-8C1D-4EA7-B7B8-710C5F0F40A1,Currency,CRRNCY,MTED_EDaM_Business_Critical_Data,false,SHL_CDM_EntityPropertyExtension.MTED_EDaM_Business_Critical_Data
591FC07F-8C1D-4EA7-B7B8-710C5F0F40A1,Currency,CRRNCY,MTED_EDaM_Entity_Maps_To_Entity,"""01_EDC_Area"".""Financial Rate""",SHL_CDM_EntityPropertyExtension.MTED_EDaM_Entity_Maps_To_Entity
591FC07F-8C1D-4EA7-B7B8-710C5F0F40A1,Currency,CRRNCY,MTED_Encryption_Required,false,SHL_CDM_EntityPropertyExtension.MTED_Encryption_Required
591FC07F-8C1D-4EA7-B7B8-710C5F0F40A1,Currency,CRRNCY,PII,false,SHL_CDM_EntityPropertyExtension.PII
591FC07F-8C1D-4EA7-B7B8-710C5F0F40A1,Currency,CRRNCY,EntityUpdateDate,19/08/2021 Pass 3,SHL_CDM_EntityPropertyExtension.EntityUpdateDate
591FC07F-8C1D-4EA7-B7B8-710C5F0F40A1,Currency,CRRNCY,CommerciallySensitiveInformation,No Commercially Sensitive Information,BIM-core.CommerciallySensitiveInformation
591FC07F-8C1D-4EA7-B7B8-710C5F0F40A1,Currency,CRRNCY,Criticality,Critical Data,BIM-core.Criticality
591FC07F-8C1D-4EA7-B7B8-710C5F0F40A1,Currency,CRRNCY,DataCategory,Structured,BIM-core.DataCategory
591FC07F-8C1D-4EA7-B7B8-710C5F0F40A1,Currency,CRRNCY,DataConfidentiality,Internal,BIM-core.DataConfidentiality
591FC07F-8C1D-4EA7-B7B8-710C5F0F40A1,Currency,CRRNCY,DesignStatus,Approved,BIM-core.DesignStatus
591FC07F-8C1D-4EA7-B7B8-710C5F0F40A1,Currency,CRRNCY,EntityCategory,External Reference,BIM-core.EntityCategory
591FC07F-8C1D-4EA7-B7B8-710C5F0F40A1,Currency,CRRNCY,EntityPersonalData,No Personal Data,BIM-core.EntityPersonalData
591FC07F-8C1D-4EA7-B7B8-710C5F0F40A1,Currency,CRRNCY,FinancialPersonalData,No Financial Personal Data,BIM-core.FinancialPersonalData
591FC07F-8C1D-4EA7-B7B8-710C5F0F40A1,Currency,CRRNCY,SensitivePersonalData,No Sensitive Personal Data,BIM-core.SensitivePersonalData
591FC07F-8C1D-4EA7-B7B8-710C5F0F40A1,Currency,CRRNCY,DataArea,Exchange Rate,BIM-core.DataArea
591FC07F-8C1D-4EA7-B7B8-710C5F0F40A1,Currency,CRRNCY,EnterpriseLevel,No,BIM-core.EnterpriseLevel
591FC07F-8C1D-4EA7-B7B8-710C5F0F40A1,Currency,CRRNCY,ExchangeId,{A92BD1DF-E927-484B-9B9F-B1BFA2E26CF8},BIM-core.ExchangeId
378E42F6-34AD-4784-8C5F-A2A79F992945,Country,CNTRY,PD_ObjectID,378E42F6-34AD-4784-8C5F-A2A79F992945,
378E42F6-34AD-4784-8C5F-A2A79F992945,Country,CNTRY,PD_SourceExtraction,46603045,
378E42F6-34AD-4784-8C5F-A2A79F992945,Country,CNTRY,PD_SourceModel,SUBSURFACE AND WELLS,
378E42F6-34AD-4784-8C5F-A2A79F992945,Country,CNTRY,MTED_EDaM_Entity_Data_Category,<unspecified>,SHL_CDM_EntityPropertyExtension.MTED_EDaM_Entity_Data_Category
378E42F6-34AD-4784-8C5F-A2A79F992945,Country,CNTRY,MTED_EDaM_Data_Owner,,SHL_CDM_EntityPropertyExtension.MTED_EDaM_Data_Owner
378E42F6-34AD-4784-8C5F-A2A79F992945,Country,CNTRY,MTED_EDaM_Entity_Critical_Data,F,SHL_CDM_EntityPropertyExtension.MTED_EDaM_Entity_Critical_Data
378E42F6-34AD-4784-8C5F-A2A79F992945,Country,CNTRY,MTED_EDaM_Entity_Quality_Indication,<unspecified>,SHL_CDM_EntityPropertyExtension.MTED_EDaM_Entity_Quality_Indication
378E42F6-34AD-4784-8C5F-A2A79F992945,Country,CNTRY,MTED_EDaM_Entity_Availability_Indication,<unspecified>,SHL_CDM_EntityPropertyExtension.MTED_EDaM_Entity_Availability_Indication
378E42F6-34AD-4784-8C5F-A2A79F992945,Country,CNTRY,MTED_EDaM_Security_Classification,Restricted,SHL_CDM_EntityPropertyExtension.MTED_EDaM_Security_Classification
378E42F6-34AD-4784-8C5F-A2A79F992945,Country,CNTRY,MTED_EDaM_Design_Status,Approved,SHL_CDM_EntityPropertyExtension.MTED_EDaM_Design_Status
378E42F6-34AD-4784-8C5F-A2A79F992945,Country,CNTRY,MTED_Version_No,2021.2,SHL_CDM_EntityPropertyExtension.MTED_Version_No
378E42F6-34AD-4784-8C5F-A2A79F992945,Country,CNTRY,MTED_EDaM_Version_Date,,SHL_CDM_EntityPropertyExtension.MTED_EDaM_Version_Date
378E42F6-34AD-4784-8C5F-A2A79F992945,Country,CNTRY,CSI,false,SHL_CDM_EntityPropertyExtension.CSI
378E42F6-34AD-4784-8C5F-A2A79F992945,Country,CNTRY,MTED_Encryption_Required,false,SHL_CDM_EntityPropertyExtension.MTED_Encryption_Required
378E42F6-34AD-4784-8C5F-A2A79F992945,Country,CNTRY,PII,false,SHL_CDM_EntityPropertyExtension.PII
378E42F6-34AD-4784-8C5F-A2A79F992945,Country,CNTRY,MTED_EDaM_Business_Critical_Data,false,SHL_CDM_EntityPropertyExtension.MTED_EDaM_Business_Critical_Data
378E42F6-34AD-4784-8C5F-A2A79F992945,Country,CNTRY,EntityUpdateDate,19/08/2021 Pass 3,SHL_CDM_EntityPropertyExtension.EntityUpdateDate
378E42F6-34AD-4784-8C5F-A2A79F992945,Country,CNTRY,Generation,true,SHL_CDM_EntityPropertyExtension.Generation
378E42F6-34AD-4784-8C5F-A2A79F992945,Country,CNTRY,CommerciallySensitiveInformation,No Commercially Sensitive Information,BIM-core.CommerciallySensitiveInformation
378E42F6-34AD-4784-8C5F-A2A79F992945,Country,CNTRY,Criticality,No Critical Data,BIM-core.Criticality
378E42F6-34AD-4784-8C5F-A2A79F992945,Country,CNTRY,DataCategory,Structured,BIM-core.DataCategory
378E42F6-34AD-4784-8C5F-A2A79F992945,Country,CNTRY,DataConfidentiality,Internal,BIM-core.DataConfidentiality
378E42F6-34AD-4784-8C5F-A2A79F992945,Country,CNTRY,DesignStatus,Approved,BIM-core.DesignStatus
378E42F6-34AD-4784-8C5F-A2A79F992945,Country,CNTRY,EntityCategory,External Reference,BIM-core.EntityCategory
378E42F6-34AD-4784-8C5F-A2A79F992945,Country,CNTRY,EntityPersonalData,No Personal Data,BIM-core.EntityPersonalData
378E42F6-34AD-4784-8C5F-A2A79F992945,Country,CNTRY,FinancialPersonalData,No Financial Personal Data,BIM-core.FinancialPersonalData
378E42F6-34AD-4784-8C5F-A2A79F992945,Country,CNTRY,SensitivePersonalData,No Sensitive Personal Data,BIM-core.SensitivePersonalData
378E42F6-34AD-4784-8C5F-A2A79F992945,Country,CNTRY,DataArea,Location,BIM-core.DataArea
378E42F6-34AD-4784-8C5F-A2A79F992945,Country,CNTRY,EnterpriseLevel,Yes,BIM-core.EnterpriseLevel
378E42F6-34AD-4784-8C5F-A2A79F992945,Country,CNTRY,ExchangeId,{1021AE50-46DA-4896-B95D-86CF49AD0E7C},BIM-core.ExchangeId
8ED59011-3E1F-4D90-BDFB-66DAB4DA61AB,Counterparty,CNTRPRTY,PD_ObjectID,8ED59011-3E1F-4D90-BDFB-66DAB4DA61AB,
8ED59011-3E1F-4D90-BDFB-66DAB4DA61AB,Counterparty,CNTRPRTY,PD_SourceExtraction,46603045,
8ED59011-3E1F-4D90-BDFB-66DAB4DA61AB,Counterparty,CNTRPRTY,PD_SourceModel,SUBSURFACE AND WELLS,
8ED59011-3E1F-4D90-BDFB-66DAB4DA61AB,Counterparty,CNTRPRTY,MTED_EDaM_Entity_Availability_Indication,<unspecified>,SHL_CDM_EntityPropertyExtension.MTED_EDaM_Entity_Availability_Indication
8ED59011-3E1F-4D90-BDFB-66DAB4DA61AB,Counterparty,CNTRPRTY,MTED_EDaM_Entity_Critical_Data,F,SHL_CDM_EntityPropertyExtension.MTED_EDaM_Entity_Critical_Data
8ED59011-3E1F-4D90-BDFB-66DAB4DA61AB,Counterparty,CNTRPRTY,MTED_EDaM_Entity_Data_Category,<unspecified>,SHL_CDM_EntityPropertyExtension.MTED_EDaM_Entity_Data_Category
8ED59011-3E1F-4D90-BDFB-66DAB4DA61AB,Counterparty,CNTRPRTY,MTED_EDaM_Entity_Quality_Indication,<unspecified>,SHL_CDM_EntityPropertyExtension.MTED_EDaM_Entity_Quality_Indication
8ED59011-3E1F-4D90-BDFB-66DAB4DA61AB,Counterparty,CNTRPRTY,MTED_EDaM_Security_Classification,Restricted,SHL_CDM_EntityPropertyExtension.MTED_EDaM_Security_Classification
8ED59011-3E1F-4D90-BDFB-66DAB4DA61AB,Counterparty,CNTRPRTY,MTED_EDaM_Version_Date,,SHL_CDM_EntityPropertyExtension.MTED_EDaM_Version_Date
8ED59011-3E1F-4D90-BDFB-66DAB4DA61AB,Counterparty,CNTRPRTY,CSI,false,SHL_CDM_EntityPropertyExtension.CSI
8ED59011-3E1F-4D90-BDFB-66DAB4DA61AB,Counterparty,CNTRPRTY,EntityUpdateDate,19/08/2021 Pass 3,SHL_CDM_EntityPropertyExtension.EntityUpdateDate
8ED59011-3E1F-4D90-BDFB-66DAB4DA61AB,Counterparty,CNTRPRTY,MTED_EDaM_Business_Critical_Data,false,SHL_CDM_EntityPropertyExtension.MTED_EDaM_Business_Critical_Data
8ED59011-3E1F-4D90-BDFB-66DAB4DA61AB,Counterparty,CNTRPRTY,MTED_Encryption_Required,false,SHL_CDM_EntityPropertyExtension.MTED_Encryption_Required
8ED59011-3E1F-4D90-BDFB-66DAB4DA61AB,Counterparty,CNTRPRTY,PII,false,SHL_CDM_EntityPropertyExtension.PII
8ED59011-3E1F-4D90-BDFB-66DAB4DA61AB,Counterparty,CNTRPRTY,MTED_EDaM_Design_Status,Approved,SHL_CDM_EntityPropertyExtension.MTED_EDaM_Design_Status
8ED59011-3E1F-4D90-BDFB-66DAB4DA61AB,Counterparty,CNTRPRTY,MTED_Version_No,2021.2,SHL_CDM_EntityPropertyExtension.MTED_Version_No
8ED59011-3E1F-4D90-BDFB-66DAB4DA61AB,Counterparty,CNTRPRTY,Generation,true,SHL_CDM_EntityPropertyExtension.Generation
8ED59011-3E1F-4D90-BDFB-66DAB4DA61AB,Counterparty,CNTRPRTY,DataArea,Counterparty,BIM-core.DataArea
8ED59011-3E1F-4D90-BDFB-66DAB4DA61AB,Counterparty,CNTRPRTY,EnterpriseLevel,No,BIM-core.EnterpriseLevel
8ED59011-3E1F-4D90-BDFB-66DAB4DA61AB,Counterparty,CNTRPRTY,ExchangeId,{74E7FF32-1958-470D-9A01-693A9A8588DF},BIM-core.ExchangeId
16C6BE09-D2C4-460F-90EB-9773971EB860,Cost Information,CST_INFRMTN,PD_ObjectID,16C6BE09-D2C4-460F-90EB-9773971EB860,
16C6BE09-D2C4-460F-90EB-9773971EB860,Cost Information,CST_INFRMTN,PD_SourceExtraction,46603045,
16C6BE09-D2C4-460F-90EB-9773971EB860,Cost Information,CST_INFRMTN,PD_SourceModel,SUBSURFACE AND WELLS,
16C6BE09-D2C4-460F-90EB-9773971EB860,Cost Information,CST_INFRMTN,EntityCategory,Transaction,BIM-core.EntityCategory
16C6BE09-D2C4-460F-90EB-9773971EB860,Cost Information,CST_INFRMTN,DataCategory,Structured,BIM-core.DataCategory
16C6BE09-D2C4-460F-90EB-9773971EB860,Cost Information,CST_INFRMTN,Criticality,No Critical Data,BIM-core.Criticality
16C6BE09-D2C4-460F-90EB-9773971EB860,Cost Information,CST_INFRMTN,CommerciallySensitiveInformation,No Commercially Sensitive Information,BIM-core.CommerciallySensitiveInformation
16C6BE09-D2C4-460F-90EB-9773971EB860,Cost Information,CST_INFRMTN,DataConfidentiality,Internal,BIM-core.DataConfidentiality
16C6BE09-D2C4-460F-90EB-9773971EB860,Cost Information,CST_INFRMTN,EntityPersonalData,No Personal Data,BIM-core.EntityPersonalData
16C6BE09-D2C4-460F-90EB-9773971EB860,Cost Information,CST_INFRMTN,FinancialPersonalData,No Financial Personal Data,BIM-core.FinancialPersonalData
16C6BE09-D2C4-460F-90EB-9773971EB860,Cost Information,CST_INFRMTN,SensitivePersonalData,No Sensitive Personal Data,BIM-core.SensitivePersonalData
16C6BE09-D2C4-460F-90EB-9773971EB860,Cost Information,CST_INFRMTN,DesignStatus,Approved,BIM-core.DesignStatus
16C6BE09-D2C4-460F-90EB-9773971EB860,Cost Information,CST_INFRMTN,DataArea,Well Activity,BIM-core.DataArea
16C6BE09-D2C4-460F-90EB-9773971EB860,Cost Information,CST_INFRMTN,EnterpriseLevel,Yes,BIM-core.EnterpriseLevel
16C6BE09-D2C4-460F-90EB-9773971EB860,Cost Information,CST_INFRMTN,ExchangeId,{1F226303-6651-4831-B603-5E2640774EA9},BIM-core.ExchangeId
EFF24D21-09EF-42DE-9F55-9804924D92A5,Coring,CRNG,PD_ObjectID,EFF24D21-09EF-42DE-9F55-9804924D92A5,
EFF24D21-09EF-42DE-9F55-9804924D92A5,Coring,CRNG,PD_SourceExtraction,46603045,
EFF24D21-09EF-42DE-9F55-9804924D92A5,Coring,CRNG,PD_SourceModel,SUBSURFACE AND WELLS,
EFF24D21-09EF-42DE-9F55-9804924D92A5,Coring,CRNG,DesignStatus,Approved,BIM-core.DesignStatus
EFF24D21-09EF-42DE-9F55-9804924D92A5,Coring,CRNG,EntityCategory,Transaction,BIM-core.EntityCategory
EFF24D21-09EF-42DE-9F55-9804924D92A5,Coring,CRNG,DataCategory,Structured,BIM-core.DataCategory
EFF24D21-09EF-42DE-9F55-9804924D92A5,Coring,CRNG,Criticality,No Critical Data,BIM-core.Criticality
EFF24D21-09EF-42DE-9F55-9804924D92A5,Coring,CRNG,CommerciallySensitiveInformation,No Commercially Sensitive Information,BIM-core.CommerciallySensitiveInformation
EFF24D21-09EF-42DE-9F55-9804924D92A5,Coring,CRNG,DataConfidentiality,Internal,BIM-core.DataConfidentiality
EFF24D21-09EF-42DE-9F55-9804924D92A5,Coring,CRNG,EntityPersonalData,No Personal Data,BIM-core.EntityPersonalData
EFF24D21-09EF-42DE-9F55-9804924D92A5,Coring,CRNG,FinancialPersonalData,No Financial Personal Data,BIM-core.FinancialPersonalData
EFF24D21-09EF-42DE-9F55-9804924D92A5,Coring,CRNG,SensitivePersonalData,No Sensitive Personal Data,BIM-core.SensitivePersonalData
EFF24D21-09EF-42DE-9F55-9804924D92A5,Coring,CRNG,DataArea,Wellbore,BIM-core.DataArea
EFF24D21-09EF-42DE-9F55-9804924D92A5,Coring,CRNG,EnterpriseLevel,Yes,BIM-core.EnterpriseLevel
EFF24D21-09EF-42DE-9F55-9804924D92A5,Coring,CRNG,ExchangeId,{DA80700A-7FE0-488B-A231-9F80FBC5A214},BIM-core.ExchangeId
0F89AEA6-2411-4477-8B50-3508971451F8,Coordinate Reference System,COORDINATE_RFRNC_SYSTM,PD_ObjectID,0F89AEA6-2411-4477-8B50-3508971451F8,
0F89AEA6-2411-4477-8B50-3508971451F8,Coordinate Reference System,COORDINATE_RFRNC_SYSTM,PD_SourceExtraction,46603045,
0F89AEA6-2411-4477-8B50-3508971451F8,Coordinate Reference System,COORDINATE_RFRNC_SYSTM,PD_SourceModel,SUBSURFACE AND WELLS,
0F89AEA6-2411-4477-8B50-3508971451F8,Coordinate Reference System,COORDINATE_RFRNC_SYSTM,CommerciallySensitiveInformation,No Commercially Sensitive Information,BIM-core.CommerciallySensitiveInformation
0F89AEA6-2411-4477-8B50-3508971451F8,Coordinate Reference System,COORDINATE_RFRNC_SYSTM,Criticality,No Critical Data,BIM-core.Criticality
0F89AEA6-2411-4477-8B50-3508971451F8,Coordinate Reference System,COORDINATE_RFRNC_SYSTM,DataCategory,Structured,BIM-core.DataCategory
0F89AEA6-2411-4477-8B50-3508971451F8,Coordinate Reference System,COORDINATE_RFRNC_SYSTM,DataConfidentiality,Internal,BIM-core.DataConfidentiality
0F89AEA6-2411-4477-8B50-3508971451F8,Coordinate Reference System,COORDINATE_RFRNC_SYSTM,EntityCategory,Master,BIM-core.EntityCategory
0F89AEA6-2411-4477-8B50-3508971451F8,Coordinate Reference System,COORDINATE_RFRNC_SYSTM,EntityPersonalData,No Personal Data,BIM-core.EntityPersonalData
0F89AEA6-2411-4477-8B50-3508971451F8,Coordinate Reference System,COORDINATE_RFRNC_SYSTM,FinancialPersonalData,No Financial Personal Data,BIM-core.FinancialPersonalData
0F89AEA6-2411-4477-8B50-3508971451F8,Coordinate Reference System,COORDINATE_RFRNC_SYSTM,SensitivePersonalData,No Sensitive Personal Data,BIM-core.SensitivePersonalData
0F89AEA6-2411-4477-8B50-3508971451F8,Coordinate Reference System,COORDINATE_RFRNC_SYSTM,DesignStatus,Approved,BIM-core.DesignStatus
0F89AEA6-2411-4477-8B50-3508971451F8,Coordinate Reference System,COORDINATE_RFRNC_SYSTM,DataArea,Well,BIM-core.DataArea
0F89AEA6-2411-4477-8B50-3508971451F8,Coordinate Reference System,COORDINATE_RFRNC_SYSTM,EnterpriseLevel,Yes,BIM-core.EnterpriseLevel
0F89AEA6-2411-4477-8B50-3508971451F8,Coordinate Reference System,COORDINATE_RFRNC_SYSTM,ExchangeId,{C800CFED-6C2D-4065-B3F8-0487DBF5CAB4},BIM-core.ExchangeId
5F462EBC-721B-4B54-B9D1-54FAE29612F9,Conventional Coring,CONVENTIONAL_CRNG,PD_ObjectID,5F462EBC-721B-4B54-B9D1-54FAE29612F9,
5F462EBC-721B-4B54-B9D1-54FAE29612F9,Conventional Coring,CONVENTIONAL_CRNG,PD_SourceExtraction,46603045,
5F462EBC-721B-4B54-B9D1-54FAE29612F9,Conventional Coring,CONVENTIONAL_CRNG,PD_SourceModel,SUBSURFACE AND WELLS,
5F462EBC-721B-4B54-B9D1-54FAE29612F9,Conventional Coring,CONVENTIONAL_CRNG,DesignStatus,Approved,BIM-core.DesignStatus
5F462EBC-721B-4B54-B9D1-54FAE29612F9,Conventional Coring,CONVENTIONAL_CRNG,EntityCategory,Master,BIM-core.EntityCategory
5F462EBC-721B-4B54-B9D1-54FAE29612F9,Conventional Coring,CONVENTIONAL_CRNG,DataCategory,Structured,BIM-core.DataCategory
5F462EBC-721B-4B54-B9D1-54FAE29612F9,Conventional Coring,CONVENTIONAL_CRNG,Criticality,No Critical Data,BIM-core.Criticality
5F462EBC-721B-4B54-B9D1-54FAE29612F9,Conventional Coring,CONVENTIONAL_CRNG,CommerciallySensitiveInformation,No Commercially Sensitive Information,BIM-core.CommerciallySensitiveInformation
5F462EBC-721B-4B54-B9D1-54FAE29612F9,Conventional Coring,CONVENTIONAL_CRNG,DataConfidentiality,Internal,BIM-core.DataConfidentiality
5F462EBC-721B-4B54-B9D1-54FAE29612F9,Conventional Coring,CONVENTIONAL_CRNG,EntityPersonalData,No Personal Data,BIM-core.EntityPersonalData
5F462EBC-721B-4B54-B9D1-54FAE29612F9,Conventional Coring,CONVENTIONAL_CRNG,FinancialPersonalData,No Financial Personal Data,BIM-core.FinancialPersonalData
5F462EBC-721B-4B54-B9D1-54FAE29612F9,Conventional Coring,CONVENTIONAL_CRNG,SensitivePersonalData,No Sensitive Personal Data,BIM-core.SensitivePersonalData
5F462EBC-721B-4B54-B9D1-54FAE29612F9,Conventional Coring,CONVENTIONAL_CRNG,DataArea,Wellbore,BIM-core.DataArea
5F462EBC-721B-4B54-B9D1-54FAE29612F9,Conventional Coring,CONVENTIONAL_CRNG,EnterpriseLevel,Yes,BIM-core.EnterpriseLevel
5F462EBC-721B-4B54-B9D1-54FAE29612F9,Conventional Coring,CONVENTIONAL_CRNG,ExchangeId,{9AAF36AC-42BF-4155-8FE9-35C07C9C5EBF},BIM-core.ExchangeId
AA45DEBE-9C26-443B-B0DC-91E5C7045A91,Conventional Core Section,CNVNTNL_CR_SCTN,PD_ObjectID,AA45DEBE-9C26-443B-B0DC-91E5C7045A91,
AA45DEBE-9C26-443B-B0DC-91E5C7045A91,Conventional Core Section,CNVNTNL_CR_SCTN,PD_SourceExtraction,46603045,
AA45DEBE-9C26-443B-B0DC-91E5C7045A91,Conventional Core Section,CNVNTNL_CR_SCTN,PD_SourceModel,SUBSURFACE AND WELLS,
AA45DEBE-9C26-443B-B0DC-91E5C7045A91,Conventional Core Section,CNVNTNL_CR_SCTN,DesignStatus,Approved,BIM-core.DesignStatus
AA45DEBE-9C26-443B-B0DC-91E5C7045A91,Conventional Core Section,CNVNTNL_CR_SCTN,EntityCategory,Transaction,BIM-core.EntityCategory
AA45DEBE-9C26-443B-B0DC-91E5C7045A91,Conventional Core Section,CNVNTNL_CR_SCTN,DataCategory,Structured,BIM-core.DataCategory
AA45DEBE-9C26-443B-B0DC-91E5C7045A91,Conventional Core Section,CNVNTNL_CR_SCTN,Criticality,No Critical Data,BIM-core.Criticality
AA45DEBE-9C26-443B-B0DC-91E5C7045A91,Conventional Core Section,CNVNTNL_CR_SCTN,CommerciallySensitiveInformation,No Commercially Sensitive Information,BIM-core.CommerciallySensitiveInformation
AA45DEBE-9C26-443B-B0DC-91E5C7045A91,Conventional Core Section,CNVNTNL_CR_SCTN,DataConfidentiality,Internal,BIM-core.DataConfidentiality
AA45DEBE-9C26-443B-B0DC-91E5C7045A91,Conventional Core Section,CNVNTNL_CR_SCTN,EntityPersonalData,No Personal Data,BIM-core.EntityPersonalData
AA45DEBE-9C26-443B-B0DC-91E5C7045A91,Conventional Core Section,CNVNTNL_CR_SCTN,FinancialPersonalData,No Financial Personal Data,BIM-core.FinancialPersonalData
AA45DEBE-9C26-443B-B0DC-91E5C7045A91,Conventional Core Section,CNVNTNL_CR_SCTN,SensitivePersonalData,No Sensitive Personal Data,BIM-core.SensitivePersonalData
AA45DEBE-9C26-443B-B0DC-91E5C7045A91,Conventional Core Section,CNVNTNL_CR_SCTN,DataArea,Wellbore,BIM-core.DataArea
AA45DEBE-9C26-443B-B0DC-91E5C7045A91,Conventional Core Section,CNVNTNL_CR_SCTN,EnterpriseLevel,Yes,BIM-core.EnterpriseLevel
AA45DEBE-9C26-443B-B0DC-91E5C7045A91,Conventional Core Section,CNVNTNL_CR_SCTN,ExchangeId,{BCD4BEFB-75D2-43A8-B21B-595B8BCD4116},BIM-core.ExchangeId
3CF8CE54-E20B-4A2F-AA4F-9FECD63534D4,Connection Port,CNNCTN_PRT,PD_ObjectID,3CF8CE54-E20B-4A2F-AA4F-9FECD63534D4,
3CF8CE54-E20B-4A2F-AA4F-9FECD63534D4,Connection Port,CNNCTN_PRT,PD_SourceExtraction,46603045,
3CF8CE54-E20B-4A2F-AA4F-9FECD63534D4,Connection Port,CNNCTN_PRT,PD_SourceModel,SUBSURFACE AND WELLS,
3CF8CE54-E20B-4A2F-AA4F-9FECD63534D4,Connection Port,CNNCTN_PRT,CSI,false,SHL_CDM_EntityPropertyExtension.CSI
3CF8CE54-E20B-4A2F-AA4F-9FECD63534D4,Connection Port,CNNCTN_PRT,MTED_EDaM_Business_Critical_Data,false,SHL_CDM_EntityPropertyExtension.MTED_EDaM_Business_Critical_Data
3CF8CE54-E20B-4A2F-AA4F-9FECD63534D4,Connection Port,CNNCTN_PRT,MTED_EDaM_Entity_Availability_Indication,<unspecified>,SHL_CDM_EntityPropertyExtension.MTED_EDaM_Entity_Availability_Indication
3CF8CE54-E20B-4A2F-AA4F-9FECD63534D4,Connection Port,CNNCTN_PRT,MTED_EDaM_Entity_Critical_Data,F,SHL_CDM_EntityPropertyExtension.MTED_EDaM_Entity_Critical_Data
3CF8CE54-E20B-4A2F-AA4F-9FECD63534D4,Connection Port,CNNCTN_PRT,MTED_EDaM_Entity_Data_Category,<unspecified>,SHL_CDM_EntityPropertyExtension.MTED_EDaM_Entity_Data_Category
3CF8CE54-E20B-4A2F-AA4F-9FECD63534D4,Connection Port,CNNCTN_PRT,MTED_EDaM_Entity_Quality_Indication,<unspecified>,SHL_CDM_EntityPropertyExtension.MTED_EDaM_Entity_Quality_Indication
3CF8CE54-E20B-4A2F-AA4F-9FECD63534D4,Connection Port,CNNCTN_PRT,MTED_EDaM_Security_Classification,Restricted,SHL_CDM_EntityPropertyExtension.MTED_EDaM_Security_Classification
3CF8CE54-E20B-4A2F-AA4F-9FECD63534D4,Connection Port,CNNCTN_PRT,MTED_Encryption_Required,false,SHL_CDM_EntityPropertyExtension.MTED_Encryption_Required
3CF8CE54-E20B-4A2F-AA4F-9FECD63534D4,Connection Port,CNNCTN_PRT,PII,false,SHL_CDM_EntityPropertyExtension.PII
3CF8CE54-E20B-4A2F-AA4F-9FECD63534D4,Connection Port,CNNCTN_PRT,EntityUpdateDate,19/08/2021 Pass 3,SHL_CDM_EntityPropertyExtension.EntityUpdateDate
3CF8CE54-E20B-4A2F-AA4F-9FECD63534D4,Connection Port,CNNCTN_PRT,MTED_EDaM_Design_Status,Approved,SHL_CDM_EntityPropertyExtension.MTED_EDaM_Design_Status
3CF8CE54-E20B-4A2F-AA4F-9FECD63534D4,Connection Port,CNNCTN_PRT,MTED_Version_No,2021.2,SHL_CDM_EntityPropertyExtension.MTED_Version_No
3CF8CE54-E20B-4A2F-AA4F-9FECD63534D4,Connection Port,CNNCTN_PRT,Generation,true,SHL_CDM_EntityPropertyExtension.Generation
3CF8CE54-E20B-4A2F-AA4F-9FECD63534D4,Connection Port,CNNCTN_PRT,CommerciallySensitiveInformation,No Commercially Sensitive Information,BIM-core.CommerciallySensitiveInformation
3CF8CE54-E20B-4A2F-AA4F-9FECD63534D4,Connection Port,CNNCTN_PRT,Criticality,No Critical Data,BIM-core.Criticality
3CF8CE54-E20B-4A2F-AA4F-9FECD63534D4,Connection Port,CNNCTN_PRT,DataCategory,Structured,BIM-core.DataCategory
3CF8CE54-E20B-4A2F-AA4F-9FECD63534D4,Connection Port,CNNCTN_PRT,DataConfidentiality,Internal,BIM-core.DataConfidentiality
3CF8CE54-E20B-4A2F-AA4F-9FECD63534D4,Connection Port,CNNCTN_PRT,EntityCategory,Master,BIM-core.EntityCategory
3CF8CE54-E20B-4A2F-AA4F-9FECD63534D4,Connection Port,CNNCTN_PRT,EntityPersonalData,No Personal Data,BIM-core.EntityPersonalData
3CF8CE54-E20B-4A2F-AA4F-9FECD63534D4,Connection Port,CNNCTN_PRT,FinancialPersonalData,No Financial Personal Data,BIM-core.FinancialPersonalData
3CF8CE54-E20B-4A2F-AA4F-9FECD63534D4,Connection Port,CNNCTN_PRT,SensitivePersonalData,No Sensitive Personal Data,BIM-core.SensitivePersonalData
3CF8CE54-E20B-4A2F-AA4F-9FECD63534D4,Connection Port,CNNCTN_PRT,DataArea,Production Measurement,BIM-core.DataArea
3CF8CE54-E20B-4A2F-AA4F-9FECD63534D4,Connection Port,CNNCTN_PRT,EnterpriseLevel,No,BIM-core.EnterpriseLevel
3CF8CE54-E20B-4A2F-AA4F-9FECD63534D4,Connection Port,CNNCTN_PRT,ExchangeId,{B1F54298-3E3C-49B6-9E17-1DAE6F78057A},BIM-core.ExchangeId
0464EE7A-CA7D-427E-99C9-106BCDC9CA1C,Concession,CNCSSN,PD_ObjectID,0464EE7A-CA7D-427E-99C9-106BCDC9CA1C,
0464EE7A-CA7D-427E-99C9-106BCDC9CA1C,Concession,CNCSSN,PD_SourceExtraction,46603045,
0464EE7A-CA7D-427E-99C9-106BCDC9CA1C,Concession,CNCSSN,PD_SourceModel,SUBSURFACE AND WELLS,
0464EE7A-CA7D-427E-99C9-106BCDC9CA1C,Concession,CNCSSN,CSI,false,SHL_CDM_EntityPropertyExtension.CSI
0464EE7A-CA7D-427E-99C9-106BCDC9CA1C,Concession,CNCSSN,EntityUpdateDate,19/08/2021 Pass 3,SHL_CDM_EntityPropertyExtension.EntityUpdateDate
0464EE7A-CA7D-427E-99C9-106BCDC9CA1C,Concession,CNCSSN,MTED_EDaM_Business_Critical_Data,false,SHL_CDM_EntityPropertyExtension.MTED_EDaM_Business_Critical_Data
0464EE7A-CA7D-427E-99C9-106BCDC9CA1C,Concession,CNCSSN,MTED_Encryption_Required,false,SHL_CDM_EntityPropertyExtension.MTED_Encryption_Required
0464EE7A-CA7D-427E-99C9-106BCDC9CA1C,Concession,CNCSSN,PII,false,SHL_CDM_EntityPropertyExtension.PII
0464EE7A-CA7D-427E-99C9-106BCDC9CA1C,Concession,CNCSSN,Generation,true,SHL_CDM_EntityPropertyExtension.Generation
0464EE7A-CA7D-427E-99C9-106BCDC9CA1C,Concession,CNCSSN,MTED_EDaM_Design_Status,Approved,SHL_CDM_EntityPropertyExtension.MTED_EDaM_Design_Status
0464EE7A-CA7D-427E-99C9-106BCDC9CA1C,Concession,CNCSSN,MTED_Version_No,2021.2,SHL_CDM_EntityPropertyExtension.MTED_Version_No
0464EE7A-CA7D-427E-99C9-106BCDC9CA1C,Concession,CNCSSN,CommerciallySensitiveInformation,No Commercially Sensitive Information,BIM-core.CommerciallySensitiveInformation
0464EE7A-CA7D-427E-99C9-106BCDC9CA1C,Concession,CNCSSN,Criticality,No Critical Data,BIM-core.Criticality
0464EE7A-CA7D-427E-99C9-106BCDC9CA1C,Concession,CNCSSN,DataCategory,Structured,BIM-core.DataCategory
0464EE7A-CA7D-427E-99C9-106BCDC9CA1C,Concession,CNCSSN,DataConfidentiality,Internal,BIM-core.DataConfidentiality
0464EE7A-CA7D-427E-99C9-106BCDC9CA1C,Concession,CNCSSN,DesignStatus,Approved,BIM-core.DesignStatus
0464EE7A-CA7D-427E-99C9-106BCDC9CA1C,Concession,CNCSSN,EntityCategory,Transaction,BIM-core.EntityCategory
0464EE7A-CA7D-427E-99C9-106BCDC9CA1C,Concession,CNCSSN,EntityPersonalData,No Personal Data,BIM-core.EntityPersonalData
0464EE7A-CA7D-427E-99C9-106BCDC9CA1C,Concession,CNCSSN,FinancialPersonalData,No Financial Personal Data,BIM-core.FinancialPersonalData
0464EE7A-CA7D-427E-99C9-106BCDC9CA1C,Concession,CNCSSN,SensitivePersonalData,No Sensitive Personal Data,BIM-core.SensitivePersonalData
0464EE7A-CA7D-427E-99C9-106BCDC9CA1C,Concession,CNCSSN,DataArea,Production Forecast,BIM-core.DataArea
0464EE7A-CA7D-427E-99C9-106BCDC9CA1C,Concession,CNCSSN,EnterpriseLevel,Yes,BIM-core.EnterpriseLevel
0464EE7A-CA7D-427E-99C9-106BCDC9CA1C,Concession,CNCSSN,ExchangeId,{FB9F7926-307F-4173-9B1B-C20C44A09C49},BIM-core.ExchangeId
90A7B7D9-6931-499A-B264-91EEE3AF78E4,Concept Select Report,CNCPT_SLCT_RPRT,PD_ObjectID,90A7B7D9-6931-499A-B264-91EEE3AF78E4,
90A7B7D9-6931-499A-B264-91EEE3AF78E4,Concept Select Report,CNCPT_SLCT_RPRT,PD_SourceExtraction,46603045,
90A7B7D9-6931-499A-B264-91EEE3AF78E4,Concept Select Report,CNCPT_SLCT_RPRT,PD_SourceModel,SUBSURFACE AND WELLS,
90A7B7D9-6931-499A-B264-91EEE3AF78E4,Concept Select Report,CNCPT_SLCT_RPRT,CSI,false,SHL_CDM_EntityPropertyExtension.CSI
90A7B7D9-6931-499A-B264-91EEE3AF78E4,Concept Select Report,CNCPT_SLCT_RPRT,EntityUpdateDate,19/08/2021 Pass 3,SHL_CDM_EntityPropertyExtension.EntityUpdateDate
90A7B7D9-6931-499A-B264-91EEE3AF78E4,Concept Select Report,CNCPT_SLCT_RPRT,MTED_EDaM_Business_Critical_Data,false,SHL_CDM_EntityPropertyExtension.MTED_EDaM_Business_Critical_Data
90A7B7D9-6931-499A-B264-91EEE3AF78E4,Concept Select Report,CNCPT_SLCT_RPRT,MTED_Encryption_Required,false,SHL_CDM_EntityPropertyExtension.MTED_Encryption_Required
90A7B7D9-6931-499A-B264-91EEE3AF78E4,Concept Select Report,CNCPT_SLCT_RPRT,PII,false,SHL_CDM_EntityPropertyExtension.PII
90A7B7D9-6931-499A-B264-91EEE3AF78E4,Concept Select Report,CNCPT_SLCT_RPRT,Generation,true,SHL_CDM_EntityPropertyExtension.Generation
90A7B7D9-6931-499A-B264-91EEE3AF78E4,Concept Select Report,CNCPT_SLCT_RPRT,MTED_EDaM_Design_Status,Approved,SHL_CDM_EntityPropertyExtension.MTED_EDaM_Design_Status
90A7B7D9-6931-499A-B264-91EEE3AF78E4,Concept Select Report,CNCPT_SLCT_RPRT,MTED_Version_No,2021.2,SHL_CDM_EntityPropertyExtension.MTED_Version_No
90A7B7D9-6931-499A-B264-91EEE3AF78E4,Concept Select Report,CNCPT_SLCT_RPRT,CommerciallySensitiveInformation,Commercially Sensitive Information,BIM-core.CommerciallySensitiveInformation
90A7B7D9-6931-499A-B264-91EEE3AF78E4,Concept Select Report,CNCPT_SLCT_RPRT,Criticality,No Critical Data,BIM-core.Criticality
90A7B7D9-6931-499A-B264-91EEE3AF78E4,Concept Select Report,CNCPT_SLCT_RPRT,DataCategory,Structured,BIM-core.DataCategory
90A7B7D9-6931-499A-B264-91EEE3AF78E4,Concept Select Report,CNCPT_SLCT_RPRT,DataConfidentiality,Internal,BIM-core.DataConfidentiality
90A7B7D9-6931-499A-B264-91EEE3AF78E4,Concept Select Report,CNCPT_SLCT_RPRT,DesignStatus,Approved,BIM-core.DesignStatus
90A7B7D9-6931-499A-B264-91EEE3AF78E4,Concept Select Report,CNCPT_SLCT_RPRT,EntityCategory,Transaction,BIM-core.EntityCategory
90A7B7D9-6931-499A-B264-91EEE3AF78E4,Concept Select Report,CNCPT_SLCT_RPRT,EntityPersonalData,No Personal Data,BIM-core.EntityPersonalData
90A7B7D9-6931-499A-B264-91EEE3AF78E4,Concept Select Report,CNCPT_SLCT_RPRT,FinancialPersonalData,No Financial Personal Data,BIM-core.FinancialPersonalData
90A7B7D9-6931-499A-B264-91EEE3AF78E4,Concept Select Report,CNCPT_SLCT_RPRT,SensitivePersonalData,No Sensitive Personal Data,BIM-core.SensitivePersonalData
90A7B7D9-6931-499A-B264-91EEE3AF78E4,Concept Select Report,CNCPT_SLCT_RPRT,DataArea,Project Activity Study Lifecycle,BIM-core.DataArea
90A7B7D9-6931-499A-B264-91EEE3AF78E4,Concept Select Report,CNCPT_SLCT_RPRT,EnterpriseLevel,Yes,BIM-core.EnterpriseLevel
90A7B7D9-6931-499A-B264-91EEE3AF78E4,Concept Select Report,CNCPT_SLCT_RPRT,ExchangeId,{1DE3F53D-4279-4D37-B255-ABE6C4E2D606},BIM-core.ExchangeId
D915672C-AFC5-4291-90B0-ACE50EB597D9,Concept Engineering Document,CNCPT_ENGNRNG_DCMNT,PD_ObjectID,D915672C-AFC5-4291-90B0-ACE50EB597D9,
D915672C-AFC5-4291-90B0-ACE50EB597D9,Concept Engineering Document,CNCPT_ENGNRNG_DCMNT,PD_SourceExtraction,46603045,
D915672C-AFC5-4291-90B0-ACE50EB597D9,Concept Engineering Document,CNCPT_ENGNRNG_DCMNT,PD_SourceModel,SUBSURFACE AND WELLS,
D915672C-AFC5-4291-90B0-ACE50EB597D9,Concept Engineering Document,CNCPT_ENGNRNG_DCMNT,CSI,false,SHL_CDM_EntityPropertyExtension.CSI
D915672C-AFC5-4291-90B0-ACE50EB597D9,Concept Engineering Document,CNCPT_ENGNRNG_DCMNT,EntityUpdateDate,19/08/2021 Pass 3,SHL_CDM_EntityPropertyExtension.EntityUpdateDate
D915672C-AFC5-4291-90B0-ACE50EB597D9,Concept Engineering Document,CNCPT_ENGNRNG_DCMNT,MTED_EDaM_Business_Critical_Data,false,SHL_CDM_EntityPropertyExtension.MTED_EDaM_Business_Critical_Data
D915672C-AFC5-4291-90B0-ACE50EB597D9,Concept Engineering Document,CNCPT_ENGNRNG_DCMNT,MTED_Encryption_Required,false,SHL_CDM_EntityPropertyExtension.MTED_Encryption_Required
D915672C-AFC5-4291-90B0-ACE50EB597D9,Concept Engineering Document,CNCPT_ENGNRNG_DCMNT,PII,false,SHL_CDM_EntityPropertyExtension.PII
D915672C-AFC5-4291-90B0-ACE50EB597D9,Concept Engineering Document,CNCPT_ENGNRNG_DCMNT,Generation,true,SHL_CDM_EntityPropertyExtension.Generation
D915672C-AFC5-4291-90B0-ACE50EB597D9,Concept Engineering Document,CNCPT_ENGNRNG_DCMNT,MTED_EDaM_Design_Status,Approved,SHL_CDM_EntityPropertyExtension.MTED_EDaM_Design_Status
D915672C-AFC5-4291-90B0-ACE50EB597D9,Concept Engineering Document,CNCPT_ENGNRNG_DCMNT,MTED_Version_No,2021.2,SHL_CDM_EntityPropertyExtension.MTED_Version_No
D915672C-AFC5-4291-90B0-ACE50EB597D9,Concept Engineering Document,CNCPT_ENGNRNG_DCMNT,CommerciallySensitiveInformation,Commercially Sensitive Information,BIM-core.CommerciallySensitiveInformation
D915672C-AFC5-4291-90B0-ACE50EB597D9,Concept Engineering Document,CNCPT_ENGNRNG_DCMNT,Criticality,No Critical Data,BIM-core.Criticality
D915672C-AFC5-4291-90B0-ACE50EB597D9,Concept Engineering Document,CNCPT_ENGNRNG_DCMNT,DataCategory,Unstructured,BIM-core.DataCategory
D915672C-AFC5-4291-90B0-ACE50EB597D9,Concept Engineering Document,CNCPT_ENGNRNG_DCMNT,DataConfidentiality,Internal,BIM-core.DataConfidentiality
D915672C-AFC5-4291-90B0-ACE50EB597D9,Concept Engineering Document,CNCPT_ENGNRNG_DCMNT,DesignStatus,Approved,BIM-core.DesignStatus
D915672C-AFC5-4291-90B0-ACE50EB597D9,Concept Engineering Document,CNCPT_ENGNRNG_DCMNT,EntityCategory,Transaction,BIM-core.EntityCategory
D915672C-AFC5-4291-90B0-ACE50EB597D9,Concept Engineering Document,CNCPT_ENGNRNG_DCMNT,EntityPersonalData,No Personal Data,BIM-core.EntityPersonalData
D915672C-AFC5-4291-90B0-ACE50EB597D9,Concept Engineering Document,CNCPT_ENGNRNG_DCMNT,FinancialPersonalData,No Financial Personal Data,BIM-core.FinancialPersonalData
D915672C-AFC5-4291-90B0-ACE50EB597D9,Concept Engineering Document,CNCPT_ENGNRNG_DCMNT,SensitivePersonalData,No Sensitive Personal Data,BIM-core.SensitivePersonalData
D915672C-AFC5-4291-90B0-ACE50EB597D9,Concept Engineering Document,CNCPT_ENGNRNG_DCMNT,DataArea,Project Activity Study Lifecycle,BIM-core.DataArea
D915672C-AFC5-4291-90B0-ACE50EB597D9,Concept Engineering Document,CNCPT_ENGNRNG_DCMNT,EnterpriseLevel,Yes,BIM-core.EnterpriseLevel
D915672C-AFC5-4291-90B0-ACE50EB597D9,Concept Engineering Document,CNCPT_ENGNRNG_DCMNT,ExchangeId,{F39A1134-73E4-48D8-B0C5-39250D37C624},BIM-core.ExchangeId
6568622E-4819-4392-9C2D-3D83AD94779A,Composite Directional Survey,CMPST_DRCTNL_SRVY,PD_ObjectID,6568622E-4819-4392-9C2D-3D83AD94779A,
6568622E-4819-4392-9C2D-3D83AD94779A,Composite Directional Survey,CMPST_DRCTNL_SRVY,PD_SourceExtraction,46603045,
6568622E-4819-4392-9C2D-3D83AD94779A,Composite Directional Survey,CMPST_DRCTNL_SRVY,PD_SourceModel,SUBSURFACE AND WELLS,
6568622E-4819-4392-9C2D-3D83AD94779A,Composite Directional Survey,CMPST_DRCTNL_SRVY,EntityUpdateDate,19/08/2021 Pass 3,SHL_CDM_EntityPropertyExtension.EntityUpdateDate
6568622E-4819-4392-9C2D-3D83AD94779A,Composite Directional Survey,CMPST_DRCTNL_SRVY,CommerciallySensitiveInformation,No Commercially Sensitive Information,BIM-core.CommerciallySensitiveInformation
6568622E-4819-4392-9C2D-3D83AD94779A,Composite Directional Survey,CMPST_DRCTNL_SRVY,Criticality,No Critical Data,BIM-core.Criticality
6568622E-4819-4392-9C2D-3D83AD94779A,Composite Directional Survey,CMPST_DRCTNL_SRVY,DataCategory,Structured,BIM-core.DataCategory
6568622E-4819-4392-9C2D-3D83AD94779A,Composite Directional Survey,CMPST_DRCTNL_SRVY,DataConfidentiality,Internal,BIM-core.DataConfidentiality
6568622E-4819-4392-9C2D-3D83AD94779A,Composite Directional Survey,CMPST_DRCTNL_SRVY,DesignStatus,Approved,BIM-core.DesignStatus
6568622E-4819-4392-9C2D-3D83AD94779A,Composite Directional Survey,CMPST_DRCTNL_SRVY,EntityCategory,Transaction,BIM-core.EntityCategory
6568622E-4819-4392-9C2D-3D83AD94779A,Composite Directional Survey,CMPST_DRCTNL_SRVY,EntityPersonalData,No Personal Data,BIM-core.EntityPersonalData
6568622E-4819-4392-9C2D-3D83AD94779A,Composite Directional Survey,CMPST_DRCTNL_SRVY,FinancialPersonalData,No Financial Personal Data,BIM-core.FinancialPersonalData
6568622E-4819-4392-9C2D-3D83AD94779A,Composite Directional Survey,CMPST_DRCTNL_SRVY,SensitivePersonalData,No Sensitive Personal Data,BIM-core.SensitivePersonalData
6568622E-4819-4392-9C2D-3D83AD94779A,Composite Directional Survey,CMPST_DRCTNL_SRVY,DataArea,Wellbore,BIM-core.DataArea
6568622E-4819-4392-9C2D-3D83AD94779A,Composite Directional Survey,CMPST_DRCTNL_SRVY,EnterpriseLevel,Yes,BIM-core.EnterpriseLevel
6568622E-4819-4392-9C2D-3D83AD94779A,Composite Directional Survey,CMPST_DRCTNL_SRVY,ExchangeId,{197BC8E9-76E8-4C9B-87F7-B43349850A49},BIM-core.ExchangeId
0E8A4ABD-9726-486E-B0F7-3523320E5672,Survey Section,SRVY_SECTION,PD_ObjectID,0E8A4ABD-9726-486E-B0F7-3523320E5672,
0E8A4ABD-9726-486E-B0F7-3523320E5672,Survey Section,SRVY_SECTION,PD_SourceExtraction,46603045,
0E8A4ABD-9726-486E-B0F7-3523320E5672,Survey Section,SRVY_SECTION,PD_SourceModel,SUBSURFACE AND WELLS,
0E8A4ABD-9726-486E-B0F7-3523320E5672,Survey Section,SRVY_SECTION,DesignStatus,Approved,BIM-core.DesignStatus
0E8A4ABD-9726-486E-B0F7-3523320E5672,Survey Section,SRVY_SECTION,EntityCategory,Transaction,BIM-core.EntityCategory
0E8A4ABD-9726-486E-B0F7-3523320E5672,Survey Section,SRVY_SECTION,DataCategory,Structured,BIM-core.DataCategory
0E8A4ABD-9726-486E-B0F7-3523320E5672,Survey Section,SRVY_SECTION,Criticality,No Critical Data,BIM-core.Criticality
0E8A4ABD-9726-486E-B0F7-3523320E5672,Survey Section,SRVY_SECTION,CommerciallySensitiveInformation,No Commercially Sensitive Information,BIM-core.CommerciallySensitiveInformation
0E8A4ABD-9726-486E-B0F7-3523320E5672,Survey Section,SRVY_SECTION,DataConfidentiality,Internal,BIM-core.DataConfidentiality
0E8A4ABD-9726-486E-B0F7-3523320E5672,Survey Section,SRVY_SECTION,EntityPersonalData,No Personal Data,BIM-core.EntityPersonalData
0E8A4ABD-9726-486E-B0F7-3523320E5672,Survey Section,SRVY_SECTION,FinancialPersonalData,No Financial Personal Data,BIM-core.FinancialPersonalData
0E8A4ABD-9726-486E-B0F7-3523320E5672,Survey Section,SRVY_SECTION,SensitivePersonalData,No Sensitive Personal Data,BIM-core.SensitivePersonalData
0E8A4ABD-9726-486E-B0F7-3523320E5672,Survey Section,SRVY_SECTION,DataArea,Wellbore,BIM-core.DataArea
0E8A4ABD-9726-486E-B0F7-3523320E5672,Survey Section,SRVY_SECTION,EnterpriseLevel,Yes,BIM-core.EnterpriseLevel
0E8A4ABD-9726-486E-B0F7-3523320E5672,Survey Section,SRVY_SECTION,ExchangeId,{212650D9-E54A-497B-A1D9-4EE28240289A},BIM-core.ExchangeId
03CEFC0C-9AD7-47AD-AD5E-710F00DD784B,Survey Program,SRVY_PRGRM,PD_ObjectID,03CEFC0C-9AD7-47AD-AD5E-710F00DD784B,
03CEFC0C-9AD7-47AD-AD5E-710F00DD784B,Survey Program,SRVY_PRGRM,PD_SourceExtraction,46603045,
03CEFC0C-9AD7-47AD-AD5E-710F00DD784B,Survey Program,SRVY_PRGRM,PD_SourceModel,SUBSURFACE AND WELLS,
03CEFC0C-9AD7-47AD-AD5E-710F00DD784B,Survey Program,SRVY_PRGRM,DesignStatus,Approved,BIM-core.DesignStatus
03CEFC0C-9AD7-47AD-AD5E-710F00DD784B,Survey Program,SRVY_PRGRM,EntityCategory,Master,BIM-core.EntityCategory
03CEFC0C-9AD7-47AD-AD5E-710F00DD784B,Survey Program,SRVY_PRGRM,DataCategory,Structured,BIM-core.DataCategory
03CEFC0C-9AD7-47AD-AD5E-710F00DD784B,Survey Program,SRVY_PRGRM,Criticality,No Critical Data,BIM-core.Criticality
03CEFC0C-9AD7-47AD-AD5E-710F00DD784B,Survey Program,SRVY_PRGRM,CommerciallySensitiveInformation,No Commercially Sensitive Information,BIM-core.CommerciallySensitiveInformation
03CEFC0C-9AD7-47AD-AD5E-710F00DD784B,Survey Program,SRVY_PRGRM,DataConfidentiality,Internal,BIM-core.DataConfidentiality
03CEFC0C-9AD7-47AD-AD5E-710F00DD784B,Survey Program,SRVY_PRGRM,EntityPersonalData,No Personal Data,BIM-core.EntityPersonalData
03CEFC0C-9AD7-47AD-AD5E-710F00DD784B,Survey Program,SRVY_PRGRM,FinancialPersonalData,No Financial Personal Data,BIM-core.FinancialPersonalData
03CEFC0C-9AD7-47AD-AD5E-710F00DD784B,Survey Program,SRVY_PRGRM,SensitivePersonalData,No Sensitive Personal Data,BIM-core.SensitivePersonalData
03CEFC0C-9AD7-47AD-AD5E-710F00DD784B,Survey Program,SRVY_PRGRM,DataArea,Wellbore,BIM-core.DataArea
03CEFC0C-9AD7-47AD-AD5E-710F00DD784B,Survey Program,SRVY_PRGRM,EnterpriseLevel,Yes,BIM-core.EnterpriseLevel
03CEFC0C-9AD7-47AD-AD5E-710F00DD784B,Survey Program,SRVY_PRGRM,ExchangeId,{D403C36D-9CEA-4510-B502-69E29EF0AEDE},BIM-core.ExchangeId
CE538575-7854-4CEF-A662-D9E283B41214,Surface Facility Key Parameter,SRFC_FCLTY_KY_PRMTR,PD_ObjectID,CE538575-7854-4CEF-A662-D9E283B41214,
CE538575-7854-4CEF-A662-D9E283B41214,Surface Facility Key Parameter,SRFC_FCLTY_KY_PRMTR,PD_SourceExtraction,46603045,
CE538575-7854-4CEF-A662-D9E283B41214,Surface Facility Key Parameter,SRFC_FCLTY_KY_PRMTR,PD_SourceModel,SUBSURFACE AND WELLS,
CE538575-7854-4CEF-A662-D9E283B41214,Surface Facility Key Parameter,SRFC_FCLTY_KY_PRMTR,CSI,false,SHL_CDM_EntityPropertyExtension.CSI
CE538575-7854-4CEF-A662-D9E283B41214,Surface Facility Key Parameter,SRFC_FCLTY_KY_PRMTR,EntityUpdateDate,19/08/2021 Pass 3,SHL_CDM_EntityPropertyExtension.EntityUpdateDate
CE538575-7854-4CEF-A662-D9E283B41214,Surface Facility Key Parameter,SRFC_FCLTY_KY_PRMTR,MTED_EDaM_Business_Critical_Data,false,SHL_CDM_EntityPropertyExtension.MTED_EDaM_Business_Critical_Data
CE538575-7854-4CEF-A662-D9E283B41214,Surface Facility Key Parameter,SRFC_FCLTY_KY_PRMTR,MTED_Encryption_Required,false,SHL_CDM_EntityPropertyExtension.MTED_Encryption_Required
CE538575-7854-4CEF-A662-D9E283B41214,Surface Facility Key Parameter,SRFC_FCLTY_KY_PRMTR,PII,false,SHL_CDM_EntityPropertyExtension.PII
CE538575-7854-4CEF-A662-D9E283B41214,Surface Facility Key Parameter,SRFC_FCLTY_KY_PRMTR,MTED_EDaM_Design_Status,Approved,SHL_CDM_EntityPropertyExtension.MTED_EDaM_Design_Status
CE538575-7854-4CEF-A662-D9E283B41214,Surface Facility Key Parameter,SRFC_FCLTY_KY_PRMTR,MTED_Version_No,2021.2,SHL_CDM_EntityPropertyExtension.MTED_Version_No
CE538575-7854-4CEF-A662-D9E283B41214,Surface Facility Key Parameter,SRFC_FCLTY_KY_PRMTR,Generation,true,SHL_CDM_EntityPropertyExtension.Generation
CE538575-7854-4CEF-A662-D9E283B41214,Surface Facility Key Parameter,SRFC_FCLTY_KY_PRMTR,CommerciallySensitiveInformation,No Commercially Sensitive Information,BIM-core.CommerciallySensitiveInformation
CE538575-7854-4CEF-A662-D9E283B41214,Surface Facility Key Parameter,SRFC_FCLTY_KY_PRMTR,Criticality,No Critical Data,BIM-core.Criticality
CE538575-7854-4CEF-A662-D9E283B41214,Surface Facility Key Parameter,SRFC_FCLTY_KY_PRMTR,DataCategory,Structured,BIM-core.DataCategory
CE538575-7854-4CEF-A662-D9E283B41214,Surface Facility Key Parameter,SRFC_FCLTY_KY_PRMTR,DataConfidentiality,Internal,BIM-core.DataConfidentiality
CE538575-7854-4CEF-A662-D9E283B41214,Surface Facility Key Parameter,SRFC_FCLTY_KY_PRMTR,DesignStatus,Approved,BIM-core.DesignStatus
CE538575-7854-4CEF-A662-D9E283B41214,Surface Facility Key Parameter,SRFC_FCLTY_KY_PRMTR,EntityCategory,Master,BIM-core.EntityCategory
CE538575-7854-4CEF-A662-D9E283B41214,Surface Facility Key Parameter,SRFC_FCLTY_KY_PRMTR,EntityPersonalData,No Personal Data,BIM-core.EntityPersonalData
CE538575-7854-4CEF-A662-D9E283B41214,Surface Facility Key Parameter,SRFC_FCLTY_KY_PRMTR,FinancialPersonalData,No Financial Personal Data,BIM-core.FinancialPersonalData
CE538575-7854-4CEF-A662-D9E283B41214,Surface Facility Key Parameter,SRFC_FCLTY_KY_PRMTR,SensitivePersonalData,No Sensitive Personal Data,BIM-core.SensitivePersonalData
CE538575-7854-4CEF-A662-D9E283B41214,Surface Facility Key Parameter,SRFC_FCLTY_KY_PRMTR,DataArea,Project Activity Study Lifecycle,BIM-core.DataArea
CE538575-7854-4CEF-A662-D9E283B41214,Surface Facility Key Parameter,SRFC_FCLTY_KY_PRMTR,EnterpriseLevel,Yes,BIM-core.EnterpriseLevel
CE538575-7854-4CEF-A662-D9E283B41214,Surface Facility Key Parameter,SRFC_FCLTY_KY_PRMTR,ExchangeId,{F5AE1A12-F28F-4E23-86D1-E24B1DF963BB},BIM-core.ExchangeId
9049D0EB-3908-4E54-9279-F0179D42B84C,Surface Facility Concept,SRFC_FCLTY_CNCPT,PD_ObjectID,9049D0EB-3908-4E54-9279-F0179D42B84C,
9049D0EB-3908-4E54-9279-F0179D42B84C,Surface Facility Concept,SRFC_FCLTY_CNCPT,PD_SourceExtraction,46603045,
9049D0EB-3908-4E54-9279-F0179D42B84C,Surface Facility Concept,SRFC_FCLTY_CNCPT,PD_SourceModel,SUBSURFACE AND WELLS,
9049D0EB-3908-4E54-9279-F0179D42B84C,Surface Facility Concept,SRFC_FCLTY_CNCPT,CSI,false,SHL_CDM_EntityPropertyExtension.CSI
9049D0EB-3908-4E54-9279-F0179D42B84C,Surface Facility Concept,SRFC_FCLTY_CNCPT,MTED_EDaM_Business_Critical_Data,false,SHL_CDM_EntityPropertyExtension.MTED_EDaM_Business_Critical_Data
9049D0EB-3908-4E54-9279-F0179D42B84C,Surface Facility Concept,SRFC_FCLTY_CNCPT,MTED_Encryption_Required,false,SHL_CDM_EntityPropertyExtension.MTED_Encryption_Required
9049D0EB-3908-4E54-9279-F0179D42B84C,Surface Facility Concept,SRFC_FCLTY_CNCPT,PII,false,SHL_CDM_EntityPropertyExtension.PII
9049D0EB-3908-4E54-9279-F0179D42B84C,Surface Facility Concept,SRFC_FCLTY_CNCPT,EntityUpdateDate,19/08/2021 Pass 3,SHL_CDM_EntityPropertyExtension.EntityUpdateDate
9049D0EB-3908-4E54-9279-F0179D42B84C,Surface Facility Concept,SRFC_FCLTY_CNCPT,MTED_EDaM_Design_Status,Approved,SHL_CDM_EntityPropertyExtension.MTED_EDaM_Design_Status
9049D0EB-3908-4E54-9279-F0179D42B84C,Surface Facility Concept,SRFC_FCLTY_CNCPT,MTED_Version_No,2021.2,SHL_CDM_EntityPropertyExtension.MTED_Version_No
9049D0EB-3908-4E54-9279-F0179D42B84C,Surface Facility Concept,SRFC_FCLTY_CNCPT,Generation,true,SHL_CDM_EntityPropertyExtension.Generation
9049D0EB-3908-4E54-9279-F0179D42B84C,Surface Facility Concept,SRFC_FCLTY_CNCPT,CommerciallySensitiveInformation,No Commercially Sensitive Information,BIM-core.CommerciallySensitiveInformation
9049D0EB-3908-4E54-9279-F0179D42B84C,Surface Facility Concept,SRFC_FCLTY_CNCPT,Criticality,No Critical Data,BIM-core.Criticality
9049D0EB-3908-4E54-9279-F0179D42B84C,Surface Facility Concept,SRFC_FCLTY_CNCPT,DataCategory,Structured,BIM-core.DataCategory
9049D0EB-3908-4E54-9279-F0179D42B84C,Surface Facility Concept,SRFC_FCLTY_CNCPT,DataConfidentiality,Internal,BIM-core.DataConfidentiality
9049D0EB-3908-4E54-9279-F0179D42B84C,Surface Facility Concept,SRFC_FCLTY_CNCPT,DesignStatus,Approved,BIM-core.DesignStatus
9049D0EB-3908-4E54-9279-F0179D42B84C,Surface Facility Concept,SRFC_FCLTY_CNCPT,EntityCategory,Master,BIM-core.EntityCategory
9049D0EB-3908-4E54-9279-F0179D42B84C,Surface Facility Concept,SRFC_FCLTY_CNCPT,EntityPersonalData,No Personal Data,BIM-core.EntityPersonalData
9049D0EB-3908-4E54-9279-F0179D42B84C,Surface Facility Concept,SRFC_FCLTY_CNCPT,FinancialPersonalData,No Financial Personal Data,BIM-core.FinancialPersonalData
9049D0EB-3908-4E54-9279-F0179D42B84C,Surface Facility Concept,SRFC_FCLTY_CNCPT,SensitivePersonalData,No Sensitive Personal Data,BIM-core.SensitivePersonalData
9049D0EB-3908-4E54-9279-F0179D42B84C,Surface Facility Concept,SRFC_FCLTY_CNCPT,DataArea,Project Activity Study Lifecycle,BIM-core.DataArea
9049D0EB-3908-4E54-9279-F0179D42B84C,Surface Facility Concept,SRFC_FCLTY_CNCPT,EnterpriseLevel,Yes,BIM-core.EnterpriseLevel
9049D0EB-3908-4E54-9279-F0179D42B84C,Surface Facility Concept,SRFC_FCLTY_CNCPT,ExchangeId,{298E50A6-8193-4ACD-AFBA-25B6E9355C48},BIM-core.ExchangeId
C7C41ADB-5191-4FB8-97D5-DF6B085133E6,Surface Facility,SRFC_FCLTY,PD_ObjectID,C7C41ADB-5191-4FB8-97D5-DF6B085133E6,
C7C41ADB-5191-4FB8-97D5-DF6B085133E6,Surface Facility,SRFC_FCLTY,PD_SourceExtraction,46603045,
C7C41ADB-5191-4FB8-97D5-DF6B085133E6,Surface Facility,SRFC_FCLTY,PD_SourceModel,SUBSURFACE AND WELLS,
C7C41ADB-5191-4FB8-97D5-DF6B085133E6,Surface Facility,SRFC_FCLTY,CSI,false,SHL_CDM_EntityPropertyExtension.CSI
C7C41ADB-5191-4FB8-97D5-DF6B085133E6,Surface Facility,SRFC_FCLTY,EntityUpdateDate,19/08/2021 Pass 3,SHL_CDM_EntityPropertyExtension.EntityUpdateDate
C7C41ADB-5191-4FB8-97D5-DF6B085133E6,Surface Facility,SRFC_FCLTY,MTED_EDaM_Business_Critical_Data,false,SHL_CDM_EntityPropertyExtension.MTED_EDaM_Business_Critical_Data
C7C41ADB-5191-4FB8-97D5-DF6B085133E6,Surface Facility,SRFC_FCLTY,MTED_Encryption_Required,false,SHL_CDM_EntityPropertyExtension.MTED_Encryption_Required
C7C41ADB-5191-4FB8-97D5-DF6B085133E6,Surface Facility,SRFC_FCLTY,PII,false,SHL_CDM_EntityPropertyExtension.PII
C7C41ADB-5191-4FB8-97D5-DF6B085133E6,Surface Facility,SRFC_FCLTY,MTED_EDaM_Design_Status,Approved,SHL_CDM_EntityPropertyExtension.MTED_EDaM_Design_Status
C7C41ADB-5191-4FB8-97D5-DF6B085133E6,Surface Facility,SRFC_FCLTY,MTED_Version_No,2021.2,SHL_CDM_EntityPropertyExtension.MTED_Version_No
C7C41ADB-5191-4FB8-97D5-DF6B085133E6,Surface Facility,SRFC_FCLTY,Generation,true,SHL_CDM_EntityPropertyExtension.Generation
C7C41ADB-5191-4FB8-97D5-DF6B085133E6,Surface Facility,SRFC_FCLTY,CommerciallySensitiveInformation,No Commercially Sensitive Information,BIM-core.CommerciallySensitiveInformation
C7C41ADB-5191-4FB8-97D5-DF6B085133E6,Surface Facility,SRFC_FCLTY,Criticality,No Critical Data,BIM-core.Criticality
C7C41ADB-5191-4FB8-97D5-DF6B085133E6,Surface Facility,SRFC_FCLTY,DataCategory,Structured,BIM-core.DataCategory
C7C41ADB-5191-4FB8-97D5-DF6B085133E6,Surface Facility,SRFC_FCLTY,DataConfidentiality,Internal,BIM-core.DataConfidentiality
C7C41ADB-5191-4FB8-97D5-DF6B085133E6,Surface Facility,SRFC_FCLTY,DesignStatus,Approved,BIM-core.DesignStatus
C7C41ADB-5191-4FB8-97D5-DF6B085133E6,Surface Facility,SRFC_FCLTY,EntityCategory,Master,BIM-core.EntityCategory
C7C41ADB-5191-4FB8-97D5-DF6B085133E6,Surface Facility,SRFC_FCLTY,EntityPersonalData,No Personal Data,BIM-core.EntityPersonalData
C7C41ADB-5191-4FB8-97D5-DF6B085133E6,Surface Facility,SRFC_FCLTY,FinancialPersonalData,No Financial Personal Data,BIM-core.FinancialPersonalData
C7C41ADB-5191-4FB8-97D5-DF6B085133E6,Surface Facility,SRFC_FCLTY,SensitivePersonalData,No Sensitive Personal Data,BIM-core.SensitivePersonalData
C7C41ADB-5191-4FB8-97D5-DF6B085133E6,Surface Facility,SRFC_FCLTY,DataArea,Project Activity Study Lifecycle,BIM-core.DataArea
C7C41ADB-5191-4FB8-97D5-DF6B085133E6,Surface Facility,SRFC_FCLTY,EnterpriseLevel,Yes,BIM-core.EnterpriseLevel
C7C41ADB-5191-4FB8-97D5-DF6B085133E6,Surface Facility,SRFC_FCLTY,ExchangeId,{CB0084BF-7A6E-4B7A-AA50-E211E2F7CA54},BIM-core.ExchangeId
3D182054-D1F8-47F6-8DE9-239B9CC0AC55,4D Seismic,4D_SSMC,PD_ObjectID,3D182054-D1F8-47F6-8DE9-239B9CC0AC55,
3D182054-D1F8-47F6-8DE9-239B9CC0AC55,4D Seismic,4D_SSMC,PD_SourceExtraction,46603045,
3D182054-D1F8-47F6-8DE9-239B9CC0AC55,4D Seismic,4D_SSMC,PD_SourceModel,SUBSURFACE AND WELLS,
3D182054-D1F8-47F6-8DE9-239B9CC0AC55,4D Seismic,4D_SSMC,CSI,false,SHL_CDM_EntityPropertyExtension.CSI
3D182054-D1F8-47F6-8DE9-239B9CC0AC55,4D Seismic,4D_SSMC,EntityUpdateDate,19/08/2021 Pass 3,SHL_CDM_EntityPropertyExtension.EntityUpdateDate
3D182054-D1F8-47F6-8DE9-239B9CC0AC55,4D Seismic,4D_SSMC,MTED_EDaM_Business_Critical_Data,false,SHL_CDM_EntityPropertyExtension.MTED_EDaM_Business_Critical_Data
3D182054-D1F8-47F6-8DE9-239B9CC0AC55,4D Seismic,4D_SSMC,MTED_Encryption_Required,false,SHL_CDM_EntityPropertyExtension.MTED_Encryption_Required
3D182054-D1F8-47F6-8DE9-239B9CC0AC55,4D Seismic,4D_SSMC,PII,false,SHL_CDM_EntityPropertyExtension.PII
3D182054-D1F8-47F6-8DE9-239B9CC0AC55,4D Seismic,4D_SSMC,Generation,true,SHL_CDM_EntityPropertyExtension.Generation
3D182054-D1F8-47F6-8DE9-239B9CC0AC55,4D Seismic,4D_SSMC,MTED_EDaM_Design_Status,Approved,SHL_CDM_EntityPropertyExtension.MTED_EDaM_Design_Status
3D182054-D1F8-47F6-8DE9-239B9CC0AC55,4D Seismic,4D_SSMC,MTED_Version_No,2021.2,SHL_CDM_EntityPropertyExtension.MTED_Version_No
3D182054-D1F8-47F6-8DE9-239B9CC0AC55,4D Seismic,4D_SSMC,CommerciallySensitiveInformation,No Commercially Sensitive Information,BIM-core.CommerciallySensitiveInformation
3D182054-D1F8-47F6-8DE9-239B9CC0AC55,4D Seismic,4D_SSMC,Criticality,No Critical Data,BIM-core.Criticality
3D182054-D1F8-47F6-8DE9-239B9CC0AC55,4D Seismic,4D_SSMC,DataCategory,Structured,BIM-core.DataCategory
3D182054-D1F8-47F6-8DE9-239B9CC0AC55,4D Seismic,4D_SSMC,DataConfidentiality,Internal,BIM-core.DataConfidentiality
3D182054-D1F8-47F6-8DE9-239B9CC0AC55,4D Seismic,4D_SSMC,DesignStatus,Approved,BIM-core.DesignStatus
3D182054-D1F8-47F6-8DE9-239B9CC0AC55,4D Seismic,4D_SSMC,EntityCategory,Transaction,BIM-core.EntityCategory
3D182054-D1F8-47F6-8DE9-239B9CC0AC55,4D Seismic,4D_SSMC,EntityPersonalData,No Personal Data,BIM-core.EntityPersonalData
3D182054-D1F8-47F6-8DE9-239B9CC0AC55,4D Seismic,4D_SSMC,FinancialPersonalData,No Financial Personal Data,BIM-core.FinancialPersonalData
3D182054-D1F8-47F6-8DE9-239B9CC0AC55,4D Seismic,4D_SSMC,SensitivePersonalData,No Sensitive Personal Data,BIM-core.SensitivePersonalData
3D182054-D1F8-47F6-8DE9-239B9CC0AC55,4D Seismic,4D_SSMC,DataArea,Geophysics,BIM-core.DataArea
3D182054-D1F8-47F6-8DE9-239B9CC0AC55,4D Seismic,4D_SSMC,EnterpriseLevel,Yes,BIM-core.EnterpriseLevel
3D182054-D1F8-47F6-8DE9-239B9CC0AC55,4D Seismic,4D_SSMC,ExchangeId,{D606AD10-775C-4D29-AA22-0C6717963DCD},BIM-core.ExchangeId
B7945B6B-F2D2-4D89-9394-5DE5A87E4C70,Acreage,ACRG,PD_ObjectID,B7945B6B-F2D2-4D89-9394-5DE5A87E4C70,
B7945B6B-F2D2-4D89-9394-5DE5A87E4C70,Acreage,ACRG,PD_SourceExtraction,46603045,
B7945B6B-F2D2-4D89-9394-5DE5A87E4C70,Acreage,ACRG,PD_SourceModel,SUBSURFACE AND WELLS,
B7945B6B-F2D2-4D89-9394-5DE5A87E4C70,Acreage,ACRG,CSI,false,SHL_CDM_EntityPropertyExtension.CSI
B7945B6B-F2D2-4D89-9394-5DE5A87E4C70,Acreage,ACRG,EntityUpdateDate,19/08/2021 Pass 3,SHL_CDM_EntityPropertyExtension.EntityUpdateDate
B7945B6B-F2D2-4D89-9394-5DE5A87E4C70,Acreage,ACRG,MTED_EDaM_Business_Critical_Data,false,SHL_CDM_EntityPropertyExtension.MTED_EDaM_Business_Critical_Data
B7945B6B-F2D2-4D89-9394-5DE5A87E4C70,Acreage,ACRG,MTED_Encryption_Required,false,SHL_CDM_EntityPropertyExtension.MTED_Encryption_Required
B7945B6B-F2D2-4D89-9394-5DE5A87E4C70,Acreage,ACRG,PII,false,SHL_CDM_EntityPropertyExtension.PII
B7945B6B-F2D2-4D89-9394-5DE5A87E4C70,Acreage,ACRG,Generation,true,SHL_CDM_EntityPropertyExtension.Generation
B7945B6B-F2D2-4D89-9394-5DE5A87E4C70,Acreage,ACRG,MTED_EDaM_Design_Status,Approved,SHL_CDM_EntityPropertyExtension.MTED_EDaM_Design_Status
B7945B6B-F2D2-4D89-9394-5DE5A87E4C70,Acreage,ACRG,MTED_Version_No,2021.2,SHL_CDM_EntityPropertyExtension.MTED_Version_No
B7945B6B-F2D2-4D89-9394-5DE5A87E4C70,Acreage,ACRG,CommerciallySensitiveInformation,No Commercially Sensitive Information,BIM-core.CommerciallySensitiveInformation
B7945B6B-F2D2-4D89-9394-5DE5A87E4C70,Acreage,ACRG,Criticality,No Critical Data,BIM-core.Criticality
B7945B6B-F2D2-4D89-9394-5DE5A87E4C70,Acreage,ACRG,DataCategory,Structured,BIM-core.DataCategory
B7945B6B-F2D2-4D89-9394-5DE5A87E4C70,Acreage,ACRG,DataConfidentiality,Internal,BIM-core.DataConfidentiality
B7945B6B-F2D2-4D89-9394-5DE5A87E4C70,Acreage,ACRG,DesignStatus,Approved,BIM-core.DesignStatus
B7945B6B-F2D2-4D89-9394-5DE5A87E4C70,Acreage,ACRG,EntityCategory,Transaction,BIM-core.EntityCategory
B7945B6B-F2D2-4D89-9394-5DE5A87E4C70,Acreage,ACRG,EntityPersonalData,No Personal Data,BIM-core.EntityPersonalData
B7945B6B-F2D2-4D89-9394-5DE5A87E4C70,Acreage,ACRG,FinancialPersonalData,No Financial Personal Data,BIM-core.FinancialPersonalData
B7945B6B-F2D2-4D89-9394-5DE5A87E4C70,Acreage,ACRG,SensitivePersonalData,No Sensitive Personal Data,BIM-core.SensitivePersonalData
B7945B6B-F2D2-4D89-9394-5DE5A87E4C70,Acreage,ACRG,DataArea,Production Forecast,BIM-core.DataArea
B7945B6B-F2D2-4D89-9394-5DE5A87E4C70,Acreage,ACRG,EnterpriseLevel,Yes,BIM-core.EnterpriseLevel
B7945B6B-F2D2-4D89-9394-5DE5A87E4C70,Acreage,ACRG,ExchangeId,{B2928760-B257-4392-83D1-9EE699A7C553},BIM-core.ExchangeId
E69CBDA0-6C09-4C65-9B10-E23FBFA006AB,Amplitude Vs Offset,AMPLTD_VS_OFFST,PD_ObjectID,E69CBDA0-6C09-4C65-9B10-E23FBFA006AB,
E69CBDA0-6C09-4C65-9B10-E23FBFA006AB,Amplitude Vs Offset,AMPLTD_VS_OFFST,PD_SourceExtraction,46603045,
E69CBDA0-6C09-4C65-9B10-E23FBFA006AB,Amplitude Vs Offset,AMPLTD_VS_OFFST,PD_SourceModel,SUBSURFACE AND WELLS,
E69CBDA0-6C09-4C65-9B10-E23FBFA006AB,Amplitude Vs Offset,AMPLTD_VS_OFFST,CommerciallySensitiveInformation,No Commercially Sensitive Information,BIM-core.CommerciallySensitiveInformation
E69CBDA0-6C09-4C65-9B10-E23FBFA006AB,Amplitude Vs Offset,AMPLTD_VS_OFFST,Criticality,No Critical Data,BIM-core.Criticality
E69CBDA0-6C09-4C65-9B10-E23FBFA006AB,Amplitude Vs Offset,AMPLTD_VS_OFFST,DataCategory,Structured,BIM-core.DataCategory
E69CBDA0-6C09-4C65-9B10-E23FBFA006AB,Amplitude Vs Offset,AMPLTD_VS_OFFST,DataConfidentiality,Internal,BIM-core.DataConfidentiality
E69CBDA0-6C09-4C65-9B10-E23FBFA006AB,Amplitude Vs Offset,AMPLTD_VS_OFFST,DesignStatus,Approved,BIM-core.DesignStatus
E69CBDA0-6C09-4C65-9B10-E23FBFA006AB,Amplitude Vs Offset,AMPLTD_VS_OFFST,EntityCategory,Transaction,BIM-core.EntityCategory
E69CBDA0-6C09-4C65-9B10-E23FBFA006AB,Amplitude Vs Offset,AMPLTD_VS_OFFST,EntityPersonalData,No Personal Data,BIM-core.EntityPersonalData
E69CBDA0-6C09-4C65-9B10-E23FBFA006AB,Amplitude Vs Offset,AMPLTD_VS_OFFST,FinancialPersonalData,No Financial Personal Data,BIM-core.FinancialPersonalData
E69CBDA0-6C09-4C65-9B10-E23FBFA006AB,Amplitude Vs Offset,AMPLTD_VS_OFFST,SensitivePersonalData,No Sensitive Personal Data,BIM-core.SensitivePersonalData
E69CBDA0-6C09-4C65-9B10-E23FBFA006AB,Amplitude Vs Offset,AMPLTD_VS_OFFST,DataArea,Geophysics,BIM-core.DataArea
E69CBDA0-6C09-4C65-9B10-E23FBFA006AB,Amplitude Vs Offset,AMPLTD_VS_OFFST,EnterpriseLevel,Yes,BIM-core.EnterpriseLevel
E69CBDA0-6C09-4C65-9B10-E23FBFA006AB,Amplitude Vs Offset,AMPLTD_VS_OFFST,ExchangeId,{9A1AAB3A-92C9-4D61-B0B9-E08391B7A4CB},BIM-core.ExchangeId
47F8475B-BB3A-49CD-9179-56E8B0D4BA4E,Asset,ASST,PD_ObjectID,47F8475B-BB3A-49CD-9179-56E8B0D4BA4E,
47F8475B-BB3A-49CD-9179-56E8B0D4BA4E,Asset,ASST,PD_SourceExtraction,46603045,
47F8475B-BB3A-49CD-9179-56E8B0D4BA4E,Asset,ASST,PD_SourceModel,SUBSURFACE AND WELLS,
47F8475B-BB3A-49CD-9179-56E8B0D4BA4E,Asset,ASST,MTED_EDaM_Entity_Data_Category,<unspecified>,SHL_CDM_EntityPropertyExtension.MTED_EDaM_Entity_Data_Category
47F8475B-BB3A-49CD-9179-56E8B0D4BA4E,Asset,ASST,MTED_EDaM_Data_Owner,,SHL_CDM_EntityPropertyExtension.MTED_EDaM_Data_Owner
47F8475B-BB3A-49CD-9179-56E8B0D4BA4E,Asset,ASST,MTED_EDaM_Entity_Critical_Data,<unspecified>,SHL_CDM_EntityPropertyExtension.MTED_EDaM_Entity_Critical_Data
47F8475B-BB3A-49CD-9179-56E8B0D4BA4E,Asset,ASST,MTED_EDaM_Entity_Quality_Indication,<unspecified>,SHL_CDM_EntityPropertyExtension.MTED_EDaM_Entity_Quality_Indication
47F8475B-BB3A-49CD-9179-56E8B0D4BA4E,Asset,ASST,MTED_EDaM_Entity_Availability_Indication,<unspecified>,SHL_CDM_EntityPropertyExtension.MTED_EDaM_Entity_Availability_Indication
47F8475B-BB3A-49CD-9179-56E8B0D4BA4E,Asset,ASST,MTED_EDaM_Security_Classification,<unspecified>,SHL_CDM_EntityPropertyExtension.MTED_EDaM_Security_Classification
47F8475B-BB3A-49CD-9179-56E8B0D4BA4E,Asset,ASST,MTED_EDaM_Design_Status,Approved,SHL_CDM_EntityPropertyExtension.MTED_EDaM_Design_Status
47F8475B-BB3A-49CD-9179-56E8B0D4BA4E,Asset,ASST,MTED_Version_No,2021.2,SHL_CDM_EntityPropertyExtension.MTED_Version_No
47F8475B-BB3A-49CD-9179-56E8B0D4BA4E,Asset,ASST,MTED_EDaM_Version_Date,,SHL_CDM_EntityPropertyExtension.MTED_EDaM_Version_Date
47F8475B-BB3A-49CD-9179-56E8B0D4BA4E,Asset,ASST,CSI,false,SHL_CDM_EntityPropertyExtension.CSI
47F8475B-BB3A-49CD-9179-56E8B0D4BA4E,Asset,ASST,MTED_EDaM_Business_Critical_Data,false,SHL_CDM_EntityPropertyExtension.MTED_EDaM_Business_Critical_Data
47F8475B-BB3A-49CD-9179-56E8B0D4BA4E,Asset,ASST,MTED_Encryption_Required,false,SHL_CDM_EntityPropertyExtension.MTED_Encryption_Required
47F8475B-BB3A-49CD-9179-56E8B0D4BA4E,Asset,ASST,PII,false,SHL_CDM_EntityPropertyExtension.PII
47F8475B-BB3A-49CD-9179-56E8B0D4BA4E,Asset,ASST,EntityUpdateDate,19/08/2021 Pass 3,SHL_CDM_EntityPropertyExtension.EntityUpdateDate
47F8475B-BB3A-49CD-9179-56E8B0D4BA4E,Asset,ASST,Generation,true,SHL_CDM_EntityPropertyExtension.Generation
47F8475B-BB3A-49CD-9179-56E8B0D4BA4E,Asset,ASST,CommerciallySensitiveInformation,Commercially Sensitive Information,BIM-core.CommerciallySensitiveInformation
47F8475B-BB3A-49CD-9179-56E8B0D4BA4E,Asset,ASST,Criticality,Critical Data,BIM-core.Criticality
47F8475B-BB3A-49CD-9179-56E8B0D4BA4E,Asset,ASST,DataCategory,Structured,BIM-core.DataCategory
47F8475B-BB3A-49CD-9179-56E8B0D4BA4E,Asset,ASST,DataConfidentiality,Confidential,BIM-core.DataConfidentiality
47F8475B-BB3A-49CD-9179-56E8B0D4BA4E,Asset,ASST,EntityCategory,Master,BIM-core.EntityCategory
47F8475B-BB3A-49CD-9179-56E8B0D4BA4E,Asset,ASST,EntityPersonalData,No Personal Data,BIM-core.EntityPersonalData
47F8475B-BB3A-49CD-9179-56E8B0D4BA4E,Asset,ASST,FinancialPersonalData,No Financial Personal Data,BIM-core.FinancialPersonalData
47F8475B-BB3A-49CD-9179-56E8B0D4BA4E,Asset,ASST,SensitivePersonalData,No Sensitive Personal Data,BIM-core.SensitivePersonalData
47F8475B-BB3A-49CD-9179-56E8B0D4BA4E,Asset,ASST,DataArea,Surface Facility Engineering,BIM-core.DataArea
47F8475B-BB3A-49CD-9179-56E8B0D4BA4E,Asset,ASST,EnterpriseLevel,No,BIM-core.EnterpriseLevel
47F8475B-BB3A-49CD-9179-56E8B0D4BA4E,Asset,ASST,ExchangeId,{89115DB0-448C-40A9-A569-3474F9A61540},BIM-core.ExchangeId
821D653D-58F9-4C6C-8690-121135F8B716,Asset Domain,ASST_DMN,PD_ObjectID,821D653D-58F9-4C6C-8690-121135F8B716,
821D653D-58F9-4C6C-8690-121135F8B716,Asset Domain,ASST_DMN,PD_SourceExtraction,46603045,
821D653D-58F9-4C6C-8690-121135F8B716,Asset Domain,ASST_DMN,PD_SourceModel,SUBSURFACE AND WELLS,
821D653D-58F9-4C6C-8690-121135F8B716,Asset Domain,ASST_DMN,MTED_EDaM_Entity_Data_Category,<unspecified>,SHL_CDM_EntityPropertyExtension.MTED_EDaM_Entity_Data_Category
821D653D-58F9-4C6C-8690-121135F8B716,Asset Domain,ASST_DMN,MTED_EDaM_Data_Owner,,SHL_CDM_EntityPropertyExtension.MTED_EDaM_Data_Owner
821D653D-58F9-4C6C-8690-121135F8B716,Asset Domain,ASST_DMN,MTED_EDaM_Entity_Critical_Data,F,SHL_CDM_EntityPropertyExtension.MTED_EDaM_Entity_Critical_Data
821D653D-58F9-4C6C-8690-121135F8B716,Asset Domain,ASST_DMN,MTED_EDaM_Entity_Quality_Indication,<unspecified>,SHL_CDM_EntityPropertyExtension.MTED_EDaM_Entity_Quality_Indication
821D653D-58F9-4C6C-8690-121135F8B716,Asset Domain,ASST_DMN,MTED_EDaM_Entity_Availability_Indication,<unspecified>,SHL_CDM_EntityPropertyExtension.MTED_EDaM_Entity_Availability_Indication
821D653D-58F9-4C6C-8690-121135F8B716,Asset Domain,ASST_DMN,MTED_EDaM_Security_Classification,Restricted,SHL_CDM_EntityPropertyExtension.MTED_EDaM_Security_Classification
821D653D-58F9-4C6C-8690-121135F8B716,Asset Domain,ASST_DMN,MTED_EDaM_Design_Status,Approved,SHL_CDM_EntityPropertyExtension.MTED_EDaM_Design_Status
821D653D-58F9-4C6C-8690-121135F8B716,Asset Domain,ASST_DMN,MTED_Version_No,2021.2,SHL_CDM_EntityPropertyExtension.MTED_Version_No
821D653D-58F9-4C6C-8690-121135F8B716,Asset Domain,ASST_DMN,MTED_EDaM_Version_Date,,SHL_CDM_EntityPropertyExtension.MTED_EDaM_Version_Date
821D653D-58F9-4C6C-8690-121135F8B716,Asset Domain,ASST_DMN,CSI,false,SHL_CDM_EntityPropertyExtension.CSI
821D653D-58F9-4C6C-8690-121135F8B716,Asset Domain,ASST_DMN,MTED_EDaM_Business_Critical_Data,false,SHL_CDM_EntityPropertyExtension.MTED_EDaM_Business_Critical_Data
821D653D-58F9-4C6C-8690-121135F8B716,Asset Domain,ASST_DMN,MTED_EDaM_Entity_Maps_To_Entity,,SHL_CDM_EntityPropertyExtension.MTED_EDaM_Entity_Maps_To_Entity
821D653D-58F9-4C6C-8690-121135F8B716,Asset Domain,ASST_DMN,MTED_EDaM_Mapping_Level,,SHL_CDM_EntityPropertyExtension.MTED_EDaM_Mapping_Level
821D653D-58F9-4C6C-8690-121135F8B716,Asset Domain,ASST_DMN,MTED_Encryption_Required,false,SHL_CDM_EntityPropertyExtension.MTED_Encryption_Required
821D653D-58F9-4C6C-8690-121135F8B716,Asset Domain,ASST_DMN,PII,false,SHL_CDM_EntityPropertyExtension.PII
821D653D-58F9-4C6C-8690-121135F8B716,Asset Domain,ASST_DMN,EntityUpdateDate,19/08/2021 Pass 3,SHL_CDM_EntityPropertyExtension.EntityUpdateDate
821D653D-58F9-4C6C-8690-121135F8B716,Asset Domain,ASST_DMN,Generation,true,SHL_CDM_EntityPropertyExtension.Generation
821D653D-58F9-4C6C-8690-121135F8B716,Asset Domain,ASST_DMN,CommerciallySensitiveInformation,No Commercially Sensitive Information,BIM-core.CommerciallySensitiveInformation
821D653D-58F9-4C6C-8690-121135F8B716,Asset Domain,ASST_DMN,Criticality,Critical Data,BIM-core.Criticality
821D653D-58F9-4C6C-8690-121135F8B716,Asset Domain,ASST_DMN,DataCategory,Structured,BIM-core.DataCategory
821D653D-58F9-4C6C-8690-121135F8B716,Asset Domain,ASST_DMN,DataConfidentiality,Internal,BIM-core.DataConfidentiality
821D653D-58F9-4C6C-8690-121135F8B716,Asset Domain,ASST_DMN,EntityCategory,Master,BIM-core.EntityCategory
821D653D-58F9-4C6C-8690-121135F8B716,Asset Domain,ASST_DMN,EntityPersonalData,No Personal Data,BIM-core.EntityPersonalData
821D653D-58F9-4C6C-8690-121135F8B716,Asset Domain,ASST_DMN,FinancialPersonalData,No Financial Personal Data,BIM-core.FinancialPersonalData
821D653D-58F9-4C6C-8690-121135F8B716,Asset Domain,ASST_DMN,SensitivePersonalData,No Sensitive Personal Data,BIM-core.SensitivePersonalData
821D653D-58F9-4C6C-8690-121135F8B716,Asset Domain,ASST_DMN,DesignStatus,Approved,BIM-core.DesignStatus
821D653D-58F9-4C6C-8690-121135F8B716,Asset Domain,ASST_DMN,DataArea,Shell Accountability Structures,BIM-core.DataArea
821D653D-58F9-4C6C-8690-121135F8B716,Asset Domain,ASST_DMN,EnterpriseLevel,No,BIM-core.EnterpriseLevel
821D653D-58F9-4C6C-8690-121135F8B716,Asset Domain,ASST_DMN,ExchangeId,{49F5CB0E-4653-42CD-BA1A-B0B54DB1B92A},BIM-core.ExchangeId
79051A36-676B-473E-8D33-ED64DCE1F231,Assuring Operational Readiness,ASSRNG_OPRTNL_RDNSS,PD_ObjectID,79051A36-676B-473E-8D33-ED64DCE1F231,
79051A36-676B-473E-8D33-ED64DCE1F231,Assuring Operational Readiness,ASSRNG_OPRTNL_RDNSS,PD_SourceExtraction,46603045,
79051A36-676B-473E-8D33-ED64DCE1F231,Assuring Operational Readiness,ASSRNG_OPRTNL_RDNSS,PD_SourceModel,SUBSURFACE AND WELLS,
79051A36-676B-473E-8D33-ED64DCE1F231,Assuring Operational Readiness,ASSRNG_OPRTNL_RDNSS,EntityUpdateDate,19/08/2021 Pass 3,SHL_CDM_EntityPropertyExtension.EntityUpdateDate
79051A36-676B-473E-8D33-ED64DCE1F231,Assuring Operational Readiness,ASSRNG_OPRTNL_RDNSS,CommerciallySensitiveInformation,No Commercially Sensitive Information,BIM-core.CommerciallySensitiveInformation
79051A36-676B-473E-8D33-ED64DCE1F231,Assuring Operational Readiness,ASSRNG_OPRTNL_RDNSS,Criticality,No Critical Data,BIM-core.Criticality
79051A36-676B-473E-8D33-ED64DCE1F231,Assuring Operational Readiness,ASSRNG_OPRTNL_RDNSS,DataCategory,Structured,BIM-core.DataCategory
79051A36-676B-473E-8D33-ED64DCE1F231,Assuring Operational Readiness,ASSRNG_OPRTNL_RDNSS,DataConfidentiality,Internal,BIM-core.DataConfidentiality
79051A36-676B-473E-8D33-ED64DCE1F231,Assuring Operational Readiness,ASSRNG_OPRTNL_RDNSS,DesignStatus,Approved,BIM-core.DesignStatus
79051A36-676B-473E-8D33-ED64DCE1F231,Assuring Operational Readiness,ASSRNG_OPRTNL_RDNSS,EntityCategory,Transaction,BIM-core.EntityCategory
79051A36-676B-473E-8D33-ED64DCE1F231,Assuring Operational Readiness,ASSRNG_OPRTNL_RDNSS,EntityPersonalData,No Personal Data,BIM-core.EntityPersonalData
79051A36-676B-473E-8D33-ED64DCE1F231,Assuring Operational Readiness,ASSRNG_OPRTNL_RDNSS,FinancialPersonalData,No Financial Personal Data,BIM-core.FinancialPersonalData
79051A36-676B-473E-8D33-ED64DCE1F231,Assuring Operational Readiness,ASSRNG_OPRTNL_RDNSS,SensitivePersonalData,No Sensitive Personal Data,BIM-core.SensitivePersonalData
79051A36-676B-473E-8D33-ED64DCE1F231,Assuring Operational Readiness,ASSRNG_OPRTNL_RDNSS,DataArea,Well Activity,BIM-core.DataArea
79051A36-676B-473E-8D33-ED64DCE1F231,Assuring Operational Readiness,ASSRNG_OPRTNL_RDNSS,EnterpriseLevel,Yes,BIM-core.EnterpriseLevel
79051A36-676B-473E-8D33-ED64DCE1F231,Assuring Operational Readiness,ASSRNG_OPRTNL_RDNSS,ExchangeId,{77FBA53A-0D0F-4896-A2DF-D5F5558C209D},BIM-core.ExchangeId
5B66AA7D-C0B9-4A3A-878B-03055B262ACD,Bank Account,BNK_ACCNT,PD_ObjectID,5B66AA7D-C0B9-4A3A-878B-03055B262ACD,
5B66AA7D-C0B9-4A3A-878B-03055B262ACD,Bank Account,BNK_ACCNT,PD_SourceExtraction,46603045,
5B66AA7D-C0B9-4A3A-878B-03055B262ACD,Bank Account,BNK_ACCNT,PD_SourceModel,SUBSURFACE AND WELLS,
5B66AA7D-C0B9-4A3A-878B-03055B262ACD,Bank Account,BNK_ACCNT,MTED_EDaM_Data_Owner,,SHL_CDM_EntityPropertyExtension.MTED_EDaM_Data_Owner
5B66AA7D-C0B9-4A3A-878B-03055B262ACD,Bank Account,BNK_ACCNT,MTED_EDaM_Design_Status,,SHL_CDM_EntityPropertyExtension.MTED_EDaM_Design_Status
5B66AA7D-C0B9-4A3A-878B-03055B262ACD,Bank Account,BNK_ACCNT,MTED_EDaM_Entity_Availability_Indication,<unspecified>,SHL_CDM_EntityPropertyExtension.MTED_EDaM_Entity_Availability_Indication
5B66AA7D-C0B9-4A3A-878B-03055B262ACD,Bank Account,BNK_ACCNT,MTED_EDaM_Entity_Critical_Data,F,SHL_CDM_EntityPropertyExtension.MTED_EDaM_Entity_Critical_Data
5B66AA7D-C0B9-4A3A-878B-03055B262ACD,Bank Account,BNK_ACCNT,MTED_EDaM_Entity_Data_Category,<unspecified>,SHL_CDM_EntityPropertyExtension.MTED_EDaM_Entity_Data_Category
5B66AA7D-C0B9-4A3A-878B-03055B262ACD,Bank Account,BNK_ACCNT,MTED_EDaM_Entity_Quality_Indication,<unspecified>,SHL_CDM_EntityPropertyExtension.MTED_EDaM_Entity_Quality_Indication
5B66AA7D-C0B9-4A3A-878B-03055B262ACD,Bank Account,BNK_ACCNT,MTED_EDaM_Security_Classification,Restricted,SHL_CDM_EntityPropertyExtension.MTED_EDaM_Security_Classification
5B66AA7D-C0B9-4A3A-878B-03055B262ACD,Bank Account,BNK_ACCNT,MTED_EDaM_Version_Date,,SHL_CDM_EntityPropertyExtension.MTED_EDaM_Version_Date
5B66AA7D-C0B9-4A3A-878B-03055B262ACD,Bank Account,BNK_ACCNT,MTED_Version_No,,SHL_CDM_EntityPropertyExtension.MTED_Version_No
5B66AA7D-C0B9-4A3A-878B-03055B262ACD,Bank Account,BNK_ACCNT,CSI,false,SHL_CDM_EntityPropertyExtension.CSI
5B66AA7D-C0B9-4A3A-878B-03055B262ACD,Bank Account,BNK_ACCNT,MTED_Encryption_Required,false,SHL_CDM_EntityPropertyExtension.MTED_Encryption_Required
5B66AA7D-C0B9-4A3A-878B-03055B262ACD,Bank Account,BNK_ACCNT,PII,false,SHL_CDM_EntityPropertyExtension.PII
5B66AA7D-C0B9-4A3A-878B-03055B262ACD,Bank Account,BNK_ACCNT,MTED_EDaM_Business_Critical_Data,false,SHL_CDM_EntityPropertyExtension.MTED_EDaM_Business_Critical_Data
5B66AA7D-C0B9-4A3A-878B-03055B262ACD,Bank Account,BNK_ACCNT,EntityUpdateDate,19/08/2021 Pass 3,SHL_CDM_EntityPropertyExtension.EntityUpdateDate
5B66AA7D-C0B9-4A3A-878B-03055B262ACD,Bank Account,BNK_ACCNT,CommerciallySensitiveInformation,Commercially Sensitive Information,BIM-core.CommerciallySensitiveInformation
5B66AA7D-C0B9-4A3A-878B-03055B262ACD,Bank Account,BNK_ACCNT,Criticality,Critical Data,BIM-core.Criticality
5B66AA7D-C0B9-4A3A-878B-03055B262ACD,Bank Account,BNK_ACCNT,DataCategory,Structured,BIM-core.DataCategory
5B66AA7D-C0B9-4A3A-878B-03055B262ACD,Bank Account,BNK_ACCNT,DataConfidentiality,Confidential,BIM-core.DataConfidentiality
5B66AA7D-C0B9-4A3A-878B-03055B262ACD,Bank Account,BNK_ACCNT,DesignStatus,Approved,BIM-core.DesignStatus
5B66AA7D-C0B9-4A3A-878B-03055B262ACD,Bank Account,BNK_ACCNT,EntityCategory,Master,BIM-core.EntityCategory
5B66AA7D-C0B9-4A3A-878B-03055B262ACD,Bank Account,BNK_ACCNT,EntityPersonalData,No Personal Data,BIM-core.EntityPersonalData
5B66AA7D-C0B9-4A3A-878B-03055B262ACD,Bank Account,BNK_ACCNT,FinancialPersonalData,No Financial Personal Data,BIM-core.FinancialPersonalData
5B66AA7D-C0B9-4A3A-878B-03055B262ACD,Bank Account,BNK_ACCNT,SensitivePersonalData,No Sensitive Personal Data,BIM-core.SensitivePersonalData
5B66AA7D-C0B9-4A3A-878B-03055B262ACD,Bank Account,BNK_ACCNT,DataArea,Bank,BIM-core.DataArea
5B66AA7D-C0B9-4A3A-878B-03055B262ACD,Bank Account,BNK_ACCNT,EnterpriseLevel,No,BIM-core.EnterpriseLevel
5B66AA7D-C0B9-4A3A-878B-03055B262ACD,Bank Account,BNK_ACCNT,ExchangeId,{BC0E01B9-FCC3-428D-AB59-B759F4E649DB},BIM-core.ExchangeId
F18569B0-E9B1-4837-9E69-519B3FF8EB26,Basis For Design Report,BSS_FR_DSGN_RPRT,PD_ObjectID,F18569B0-E9B1-4837-9E69-519B3FF8EB26,
F18569B0-E9B1-4837-9E69-519B3FF8EB26,Basis For Design Report,BSS_FR_DSGN_RPRT,PD_SourceExtraction,46603045,
F18569B0-E9B1-4837-9E69-519B3FF8EB26,Basis For Design Report,BSS_FR_DSGN_RPRT,PD_SourceModel,SUBSURFACE AND WELLS,
F18569B0-E9B1-4837-9E69-519B3FF8EB26,Basis For Design Report,BSS_FR_DSGN_RPRT,CSI,false,SHL_CDM_EntityPropertyExtension.CSI
F18569B0-E9B1-4837-9E69-519B3FF8EB26,Basis For Design Report,BSS_FR_DSGN_RPRT,EntityUpdateDate,19/08/2021 Pass 3,SHL_CDM_EntityPropertyExtension.EntityUpdateDate
F18569B0-E9B1-4837-9E69-519B3FF8EB26,Basis For Design Report,BSS_FR_DSGN_RPRT,MTED_EDaM_Business_Critical_Data,false,SHL_CDM_EntityPropertyExtension.MTED_EDaM_Business_Critical_Data
F18569B0-E9B1-4837-9E69-519B3FF8EB26,Basis For Design Report,BSS_FR_DSGN_RPRT,MTED_Encryption_Required,false,SHL_CDM_EntityPropertyExtension.MTED_Encryption_Required
F18569B0-E9B1-4837-9E69-519B3FF8EB26,Basis For Design Report,BSS_FR_DSGN_RPRT,PII,false,SHL_CDM_EntityPropertyExtension.PII
F18569B0-E9B1-4837-9E69-519B3FF8EB26,Basis For Design Report,BSS_FR_DSGN_RPRT,Generation,true,SHL_CDM_EntityPropertyExtension.Generation
F18569B0-E9B1-4837-9E69-519B3FF8EB26,Basis For Design Report,BSS_FR_DSGN_RPRT,MTED_EDaM_Design_Status,Approved,SHL_CDM_EntityPropertyExtension.MTED_EDaM_Design_Status
F18569B0-E9B1-4837-9E69-519B3FF8EB26,Basis For Design Report,BSS_FR_DSGN_RPRT,MTED_Version_No,2021.2,SHL_CDM_EntityPropertyExtension.MTED_Version_No
F18569B0-E9B1-4837-9E69-519B3FF8EB26,Basis For Design Report,BSS_FR_DSGN_RPRT,CommerciallySensitiveInformation,Commercially Sensitive Information,BIM-core.CommerciallySensitiveInformation
F18569B0-E9B1-4837-9E69-519B3FF8EB26,Basis For Design Report,BSS_FR_DSGN_RPRT,Criticality,No Critical Data,BIM-core.Criticality
F18569B0-E9B1-4837-9E69-519B3FF8EB26,Basis For Design Report,BSS_FR_DSGN_RPRT,DataCategory,Structured,BIM-core.DataCategory
F18569B0-E9B1-4837-9E69-519B3FF8EB26,Basis For Design Report,BSS_FR_DSGN_RPRT,DataConfidentiality,Internal,BIM-core.DataConfidentiality
F18569B0-E9B1-4837-9E69-519B3FF8EB26,Basis For Design Report,BSS_FR_DSGN_RPRT,DesignStatus,Approved,BIM-core.DesignStatus
F18569B0-E9B1-4837-9E69-519B3FF8EB26,Basis For Design Report,BSS_FR_DSGN_RPRT,EntityCategory,Transaction,BIM-core.EntityCategory
F18569B0-E9B1-4837-9E69-519B3FF8EB26,Basis For Design Report,BSS_FR_DSGN_RPRT,EntityPersonalData,No Personal Data,BIM-core.EntityPersonalData
F18569B0-E9B1-4837-9E69-519B3FF8EB26,Basis For Design Report,BSS_FR_DSGN_RPRT,FinancialPersonalData,No Financial Personal Data,BIM-core.FinancialPersonalData
F18569B0-E9B1-4837-9E69-519B3FF8EB26,Basis For Design Report,BSS_FR_DSGN_RPRT,SensitivePersonalData,No Sensitive Personal Data,BIM-core.SensitivePersonalData
F18569B0-E9B1-4837-9E69-519B3FF8EB26,Basis For Design Report,BSS_FR_DSGN_RPRT,DataArea,Project Activity Study Lifecycle,BIM-core.DataArea
F18569B0-E9B1-4837-9E69-519B3FF8EB26,Basis For Design Report,BSS_FR_DSGN_RPRT,EnterpriseLevel,Yes,BIM-core.EnterpriseLevel
F18569B0-E9B1-4837-9E69-519B3FF8EB26,Basis For Design Report,BSS_FR_DSGN_RPRT,ExchangeId,{49CEB02E-AD2C-4914-9221-9C4CB31637AF},BIM-core.ExchangeId
19C9D6E9-E5BE-4890-9BF7-9785E064305C,Boundary Feature,BNDRY_FTR,PD_ObjectID,19C9D6E9-E5BE-4890-9BF7-9785E064305C,
19C9D6E9-E5BE-4890-9BF7-9785E064305C,Boundary Feature,BNDRY_FTR,PD_SourceExtraction,46603045,
19C9D6E9-E5BE-4890-9BF7-9785E064305C,Boundary Feature,BNDRY_FTR,PD_SourceModel,SUBSURFACE AND WELLS,
19C9D6E9-E5BE-4890-9BF7-9785E064305C,Boundary Feature,BNDRY_FTR,EntityCategory,Master,BIM-core.EntityCategory
19C9D6E9-E5BE-4890-9BF7-9785E064305C,Boundary Feature,BNDRY_FTR,DataCategory,Structured,BIM-core.DataCategory
19C9D6E9-E5BE-4890-9BF7-9785E064305C,Boundary Feature,BNDRY_FTR,Criticality,No Critical Data,BIM-core.Criticality
19C9D6E9-E5BE-4890-9BF7-9785E064305C,Boundary Feature,BNDRY_FTR,CommerciallySensitiveInformation,No Commercially Sensitive Information,BIM-core.CommerciallySensitiveInformation
19C9D6E9-E5BE-4890-9BF7-9785E064305C,Boundary Feature,BNDRY_FTR,DataConfidentiality,Internal,BIM-core.DataConfidentiality
19C9D6E9-E5BE-4890-9BF7-9785E064305C,Boundary Feature,BNDRY_FTR,EntityPersonalData,No Personal Data,BIM-core.EntityPersonalData
19C9D6E9-E5BE-4890-9BF7-9785E064305C,Boundary Feature,BNDRY_FTR,FinancialPersonalData,No Financial Personal Data,BIM-core.FinancialPersonalData
19C9D6E9-E5BE-4890-9BF7-9785E064305C,Boundary Feature,BNDRY_FTR,SensitivePersonalData,No Sensitive Personal Data,BIM-core.SensitivePersonalData
19C9D6E9-E5BE-4890-9BF7-9785E064305C,Boundary Feature,BNDRY_FTR,DesignStatus,Approved,BIM-core.DesignStatus
19C9D6E9-E5BE-4890-9BF7-9785E064305C,Boundary Feature,BNDRY_FTR,DataArea,Reservoir,BIM-core.DataArea
19C9D6E9-E5BE-4890-9BF7-9785E064305C,Boundary Feature,BNDRY_FTR,EnterpriseLevel,Yes,BIM-core.EnterpriseLevel
19C9D6E9-E5BE-4890-9BF7-9785E064305C,Boundary Feature,BNDRY_FTR,ExchangeId,{CBAD585D-DD3A-4549-B699-5B9A58B76286},BIM-core.ExchangeId
AB747E9E-28E1-4A5C-9D24-01F21515C155,Business Area,BSNSS_AR,PD_ObjectID,AB747E9E-28E1-4A5C-9D24-01F21515C155,
AB747E9E-28E1-4A5C-9D24-01F21515C155,Business Area,BSNSS_AR,PD_SourceExtraction,46603045,
AB747E9E-28E1-4A5C-9D24-01F21515C155,Business Area,BSNSS_AR,PD_SourceModel,SUBSURFACE AND WELLS,
AB747E9E-28E1-4A5C-9D24-01F21515C155,Business Area,BSNSS_AR,MTED_EDaM_Entity_Data_Category,Master,SHL_CDM_EntityPropertyExtension.MTED_EDaM_Entity_Data_Category
AB747E9E-28E1-4A5C-9D24-01F21515C155,Business Area,BSNSS_AR,MTED_EDaM_Data_Owner,,SHL_CDM_EntityPropertyExtension.MTED_EDaM_Data_Owner
AB747E9E-28E1-4A5C-9D24-01F21515C155,Business Area,BSNSS_AR,MTED_EDaM_Entity_Critical_Data,F,SHL_CDM_EntityPropertyExtension.MTED_EDaM_Entity_Critical_Data
AB747E9E-28E1-4A5C-9D24-01F21515C155,Business Area,BSNSS_AR,MTED_EDaM_Entity_Quality_Indication,<unspecified>,SHL_CDM_EntityPropertyExtension.MTED_EDaM_Entity_Quality_Indication
AB747E9E-28E1-4A5C-9D24-01F21515C155,Business Area,BSNSS_AR,MTED_EDaM_Entity_Availability_Indication,<unspecified>,SHL_CDM_EntityPropertyExtension.MTED_EDaM_Entity_Availability_Indication
AB747E9E-28E1-4A5C-9D24-01F21515C155,Business Area,BSNSS_AR,MTED_EDaM_Security_Classification,Restricted,SHL_CDM_EntityPropertyExtension.MTED_EDaM_Security_Classification
AB747E9E-28E1-4A5C-9D24-01F21515C155,Business Area,BSNSS_AR,MTED_EDaM_Design_Status,Approved,SHL_CDM_EntityPropertyExtension.MTED_EDaM_Design_Status
AB747E9E-28E1-4A5C-9D24-01F21515C155,Business Area,BSNSS_AR,MTED_Version_No,2021.2,SHL_CDM_EntityPropertyExtension.MTED_Version_No
AB747E9E-28E1-4A5C-9D24-01F21515C155,Business Area,BSNSS_AR,MTED_EDaM_Version_Date,,SHL_CDM_EntityPropertyExtension.MTED_EDaM_Version_Date
AB747E9E-28E1-4A5C-9D24-01F21515C155,Business Area,BSNSS_AR,CSI,false,SHL_CDM_EntityPropertyExtension.CSI
AB747E9E-28E1-4A5C-9D24-01F21515C155,Business Area,BSNSS_AR,MTED_Encryption_Required,false,SHL_CDM_EntityPropertyExtension.MTED_Encryption_Required
AB747E9E-28E1-4A5C-9D24-01F21515C155,Business Area,BSNSS_AR,PII,false,SHL_CDM_EntityPropertyExtension.PII
AB747E9E-28E1-4A5C-9D24-01F21515C155,Business Area,BSNSS_AR,MTED_EDaM_Business_Critical_Data,false,SHL_CDM_EntityPropertyExtension.MTED_EDaM_Business_Critical_Data
AB747E9E-28E1-4A5C-9D24-01F21515C155,Business Area,BSNSS_AR,EntityUpdateDate,19/08/2021 Pass 3,SHL_CDM_EntityPropertyExtension.EntityUpdateDate
AB747E9E-28E1-4A5C-9D24-01F21515C155,Business Area,BSNSS_AR,Generation,true,SHL_CDM_EntityPropertyExtension.Generation
AB747E9E-28E1-4A5C-9D24-01F21515C155,Business Area,BSNSS_AR,CommerciallySensitiveInformation,No Commercially Sensitive Information,BIM-core.CommerciallySensitiveInformation
AB747E9E-28E1-4A5C-9D24-01F21515C155,Business Area,BSNSS_AR,Criticality,Critical Data,BIM-core.Criticality
AB747E9E-28E1-4A5C-9D24-01F21515C155,Business Area,BSNSS_AR,DataCategory,Structured,BIM-core.DataCategory
AB747E9E-28E1-4A5C-9D24-01F21515C155,Business Area,BSNSS_AR,DataConfidentiality,Internal,BIM-core.DataConfidentiality
AB747E9E-28E1-4A5C-9D24-01F21515C155,Business Area,BSNSS_AR,EntityCategory,Master,BIM-core.EntityCategory
AB747E9E-28E1-4A5C-9D24-01F21515C155,Business Area,BSNSS_AR,EntityPersonalData,No Personal Data,BIM-core.EntityPersonalData
AB747E9E-28E1-4A5C-9D24-01F21515C155,Business Area,BSNSS_AR,FinancialPersonalData,No Financial Personal Data,BIM-core.FinancialPersonalData
AB747E9E-28E1-4A5C-9D24-01F21515C155,Business Area,BSNSS_AR,SensitivePersonalData,No Sensitive Personal Data,BIM-core.SensitivePersonalData
AB747E9E-28E1-4A5C-9D24-01F21515C155,Business Area,BSNSS_AR,DesignStatus,Approved,BIM-core.DesignStatus
AB747E9E-28E1-4A5C-9D24-01F21515C155,Business Area,BSNSS_AR,DataArea,Shell Accountability Structures,BIM-core.DataArea
AB747E9E-28E1-4A5C-9D24-01F21515C155,Business Area,BSNSS_AR,EnterpriseLevel,No,BIM-core.EnterpriseLevel
AB747E9E-28E1-4A5C-9D24-01F21515C155,Business Area,BSNSS_AR,ExchangeId,{F0226378-A55A-4A12-864F-856B7283AA3F},BIM-core.ExchangeId
E0C35723-F0F8-4CE7-9E4E-158E5A282DBF,Business Partner,BSNSS_PRTNR,PD_ObjectID,E0C35723-F0F8-4CE7-9E4E-158E5A282DBF,
E0C35723-F0F8-4CE7-9E4E-158E5A282DBF,Business Partner,BSNSS_PRTNR,PD_SourceExtraction,46603045,
E0C35723-F0F8-4CE7-9E4E-158E5A282DBF,Business Partner,BSNSS_PRTNR,PD_SourceModel,SUBSURFACE AND WELLS,
E0C35723-F0F8-4CE7-9E4E-158E5A282DBF,Business Partner,BSNSS_PRTNR,CSI,false,SHL_CDM_EntityPropertyExtension.CSI
E0C35723-F0F8-4CE7-9E4E-158E5A282DBF,Business Partner,BSNSS_PRTNR,MTED_EDaM_Business_Critical_Data,false,SHL_CDM_EntityPropertyExtension.MTED_EDaM_Business_Critical_Data
E0C35723-F0F8-4CE7-9E4E-158E5A282DBF,Business Partner,BSNSS_PRTNR,MTED_EDaM_Entity_Data_Category,Master,SHL_CDM_EntityPropertyExtension.MTED_EDaM_Entity_Data_Category
E0C35723-F0F8-4CE7-9E4E-158E5A282DBF,Business Partner,BSNSS_PRTNR,MTED_EDaM_Security_Classification,Restricted,SHL_CDM_EntityPropertyExtension.MTED_EDaM_Security_Classification
E0C35723-F0F8-4CE7-9E4E-158E5A282DBF,Business Partner,BSNSS_PRTNR,MTED_Encryption_Required,false,SHL_CDM_EntityPropertyExtension.MTED_Encryption_Required
E0C35723-F0F8-4CE7-9E4E-158E5A282DBF,Business Partner,BSNSS_PRTNR,PII,false,SHL_CDM_EntityPropertyExtension.PII
E0C35723-F0F8-4CE7-9E4E-158E5A282DBF,Business Partner,BSNSS_PRTNR,EntityUpdateDate,19/08/2021 Pass 3,SHL_CDM_EntityPropertyExtension.EntityUpdateDate
E0C35723-F0F8-4CE7-9E4E-158E5A282DBF,Business Partner,BSNSS_PRTNR,CommerciallySensitiveInformation,Commercially Sensitive Information,BIM-core.CommerciallySensitiveInformation
E0C35723-F0F8-4CE7-9E4E-158E5A282DBF,Business Partner,BSNSS_PRTNR,Criticality,Critical Data,BIM-core.Criticality
E0C35723-F0F8-4CE7-9E4E-158E5A282DBF,Business Partner,BSNSS_PRTNR,DataCategory,Structured,BIM-core.DataCategory
E0C35723-F0F8-4CE7-9E4E-158E5A282DBF,Business Partner,BSNSS_PRTNR,DataConfidentiality,Confidential,BIM-core.DataConfidentiality
E0C35723-F0F8-4CE7-9E4E-158E5A282DBF,Business Partner,BSNSS_PRTNR,DesignStatus,Approved,BIM-core.DesignStatus
E0C35723-F0F8-4CE7-9E4E-158E5A282DBF,Business Partner,BSNSS_PRTNR,EntityCategory,Master,BIM-core.EntityCategory
E0C35723-F0F8-4CE7-9E4E-158E5A282DBF,Business Partner,BSNSS_PRTNR,EntityPersonalData,Personal Data,BIM-core.EntityPersonalData
E0C35723-F0F8-4CE7-9E4E-158E5A282DBF,Business Partner,BSNSS_PRTNR,FinancialPersonalData,No Financial Personal Data,BIM-core.FinancialPersonalData
E0C35723-F0F8-4CE7-9E4E-158E5A282DBF,Business Partner,BSNSS_PRTNR,SensitivePersonalData,No Sensitive Personal Data,BIM-core.SensitivePersonalData
E0C35723-F0F8-4CE7-9E4E-158E5A282DBF,Business Partner,BSNSS_PRTNR,DataArea,Business Partner,BIM-core.DataArea
E0C35723-F0F8-4CE7-9E4E-158E5A282DBF,Business Partner,BSNSS_PRTNR,EnterpriseLevel,No,BIM-core.EnterpriseLevel
E0C35723-F0F8-4CE7-9E4E-158E5A282DBF,Business Partner,BSNSS_PRTNR,ExchangeId,{57A06787-E1EA-4D8D-A24E-A08E42335EBB},BIM-core.ExchangeId
97324BDC-F47C-430E-B8EE-652120B0868A,Capital Operating Expenditure Estimate,CPTL_OPRTNG_EXPNDTR_ESTMT,PD_ObjectID,97324BDC-F47C-430E-B8EE-652120B0868A,
97324BDC-F47C-430E-B8EE-652120B0868A,Capital Operating Expenditure Estimate,CPTL_OPRTNG_EXPNDTR_ESTMT,PD_SourceExtraction,46603045,
97324BDC-F47C-430E-B8EE-652120B0868A,Capital Operating Expenditure Estimate,CPTL_OPRTNG_EXPNDTR_ESTMT,PD_SourceModel,SUBSURFACE AND WELLS,
97324BDC-F47C-430E-B8EE-652120B0868A,Capital Operating Expenditure Estimate,CPTL_OPRTNG_EXPNDTR_ESTMT,CSI,false,SHL_CDM_EntityPropertyExtension.CSI
97324BDC-F47C-430E-B8EE-652120B0868A,Capital Operating Expenditure Estimate,CPTL_OPRTNG_EXPNDTR_ESTMT,EntityUpdateDate,19/08/2021 Pass 3,SHL_CDM_EntityPropertyExtension.EntityUpdateDate
97324BDC-F47C-430E-B8EE-652120B0868A,Capital Operating Expenditure Estimate,CPTL_OPRTNG_EXPNDTR_ESTMT,MTED_EDaM_Business_Critical_Data,false,SHL_CDM_EntityPropertyExtension.MTED_EDaM_Business_Critical_Data
97324BDC-F47C-430E-B8EE-652120B0868A,Capital Operating Expenditure Estimate,CPTL_OPRTNG_EXPNDTR_ESTMT,MTED_Encryption_Required,false,SHL_CDM_EntityPropertyExtension.MTED_Encryption_Required
97324BDC-F47C-430E-B8EE-652120B0868A,Capital Operating Expenditure Estimate,CPTL_OPRTNG_EXPNDTR_ESTMT,PII,false,SHL_CDM_EntityPropertyExtension.PII
97324BDC-F47C-430E-B8EE-652120B0868A,Capital Operating Expenditure Estimate,CPTL_OPRTNG_EXPNDTR_ESTMT,Generation,true,SHL_CDM_EntityPropertyExtension.Generation
97324BDC-F47C-430E-B8EE-652120B0868A,Capital Operating Expenditure Estimate,CPTL_OPRTNG_EXPNDTR_ESTMT,MTED_EDaM_Design_Status,Approved,SHL_CDM_EntityPropertyExtension.MTED_EDaM_Design_Status
97324BDC-F47C-430E-B8EE-652120B0868A,Capital Operating Expenditure Estimate,CPTL_OPRTNG_EXPNDTR_ESTMT,MTED_Version_No,2021.2,SHL_CDM_EntityPropertyExtension.MTED_Version_No
97324BDC-F47C-430E-B8EE-652120B0868A,Capital Operating Expenditure Estimate,CPTL_OPRTNG_EXPNDTR_ESTMT,CommerciallySensitiveInformation,Commercially Sensitive Information,BIM-core.CommerciallySensitiveInformation
97324BDC-F47C-430E-B8EE-652120B0868A,Capital Operating Expenditure Estimate,CPTL_OPRTNG_EXPNDTR_ESTMT,Criticality,No Critical Data,BIM-core.Criticality
97324BDC-F47C-430E-B8EE-652120B0868A,Capital Operating Expenditure Estimate,CPTL_OPRTNG_EXPNDTR_ESTMT,DataCategory,Structured,BIM-core.DataCategory
97324BDC-F47C-430E-B8EE-652120B0868A,Capital Operating Expenditure Estimate,CPTL_OPRTNG_EXPNDTR_ESTMT,DataConfidentiality,Internal,BIM-core.DataConfidentiality
97324BDC-F47C-430E-B8EE-652120B0868A,Capital Operating Expenditure Estimate,CPTL_OPRTNG_EXPNDTR_ESTMT,DesignStatus,Approved,BIM-core.DesignStatus
97324BDC-F47C-430E-B8EE-652120B0868A,Capital Operating Expenditure Estimate,CPTL_OPRTNG_EXPNDTR_ESTMT,EntityCategory,Transaction,BIM-core.EntityCategory
97324BDC-F47C-430E-B8EE-652120B0868A,Capital Operating Expenditure Estimate,CPTL_OPRTNG_EXPNDTR_ESTMT,EntityPersonalData,No Personal Data,BIM-core.EntityPersonalData
97324BDC-F47C-430E-B8EE-652120B0868A,Capital Operating Expenditure Estimate,CPTL_OPRTNG_EXPNDTR_ESTMT,FinancialPersonalData,No Financial Personal Data,BIM-core.FinancialPersonalData
97324BDC-F47C-430E-B8EE-652120B0868A,Capital Operating Expenditure Estimate,CPTL_OPRTNG_EXPNDTR_ESTMT,SensitivePersonalData,No Sensitive Personal Data,BIM-core.SensitivePersonalData
97324BDC-F47C-430E-B8EE-652120B0868A,Capital Operating Expenditure Estimate,CPTL_OPRTNG_EXPNDTR_ESTMT,DataArea,Project Activity Study Lifecycle,BIM-core.DataArea
97324BDC-F47C-430E-B8EE-652120B0868A,Capital Operating Expenditure Estimate,CPTL_OPRTNG_EXPNDTR_ESTMT,EnterpriseLevel,Yes,BIM-core.EnterpriseLevel
97324BDC-F47C-430E-B8EE-652120B0868A,Capital Operating Expenditure Estimate,CPTL_OPRTNG_EXPNDTR_ESTMT,ExchangeId,{D93D0D8F-17B0-41DD-A7E1-07AE344D8FDC},BIM-core.ExchangeId
E46A2FE5-474C-40D2-A248-1D447661DC46,Chrono Stratigraphy,CHRN_STRTGRPHY,PD_ObjectID,E46A2FE5-474C-40D2-A248-1D447661DC46,
E46A2FE5-474C-40D2-A248-1D447661DC46,Chrono Stratigraphy,CHRN_STRTGRPHY,PD_SourceExtraction,46603045,
E46A2FE5-474C-40D2-A248-1D447661DC46,Chrono Stratigraphy,CHRN_STRTGRPHY,PD_SourceModel,SUBSURFACE AND WELLS,
E46A2FE5-474C-40D2-A248-1D447661DC46,Chrono Stratigraphy,CHRN_STRTGRPHY,EntityCategory,Transaction,BIM-core.EntityCategory
E46A2FE5-474C-40D2-A248-1D447661DC46,Chrono Stratigraphy,CHRN_STRTGRPHY,DataCategory,Structured,BIM-core.DataCategory
E46A2FE5-474C-40D2-A248-1D447661DC46,Chrono Stratigraphy,CHRN_STRTGRPHY,Criticality,No Critical Data,BIM-core.Criticality
E46A2FE5-474C-40D2-A248-1D447661DC46,Chrono Stratigraphy,CHRN_STRTGRPHY,CommerciallySensitiveInformation,No Commercially Sensitive Information,BIM-core.CommerciallySensitiveInformation
E46A2FE5-474C-40D2-A248-1D447661DC46,Chrono Stratigraphy,CHRN_STRTGRPHY,DataConfidentiality,Internal,BIM-core.DataConfidentiality
E46A2FE5-474C-40D2-A248-1D447661DC46,Chrono Stratigraphy,CHRN_STRTGRPHY,EntityPersonalData,No Personal Data,BIM-core.EntityPersonalData
E46A2FE5-474C-40D2-A248-1D447661DC46,Chrono Stratigraphy,CHRN_STRTGRPHY,FinancialPersonalData,No Financial Personal Data,BIM-core.FinancialPersonalData
E46A2FE5-474C-40D2-A248-1D447661DC46,Chrono Stratigraphy,CHRN_STRTGRPHY,SensitivePersonalData,No Sensitive Personal Data,BIM-core.SensitivePersonalData
E46A2FE5-474C-40D2-A248-1D447661DC46,Chrono Stratigraphy,CHRN_STRTGRPHY,DesignStatus,Approved,BIM-core.DesignStatus
E46A2FE5-474C-40D2-A248-1D447661DC46,Chrono Stratigraphy,CHRN_STRTGRPHY,DataArea,Geology/Petrophysics,BIM-core.DataArea
E46A2FE5-474C-40D2-A248-1D447661DC46,Chrono Stratigraphy,CHRN_STRTGRPHY,EnterpriseLevel,Yes,BIM-core.EnterpriseLevel
E46A2FE5-474C-40D2-A248-1D447661DC46,Chrono Stratigraphy,CHRN_STRTGRPHY,ExchangeId,{305DFBEE-D243-4212-83D0-4BF17E53B105},BIM-core.ExchangeId
121D328C-C473-4E1E-A232-64F7BFCAC8EC,City,CTY,PD_ObjectID,121D328C-C473-4E1E-A232-64F7BFCAC8EC,
121D328C-C473-4E1E-A232-64F7BFCAC8EC,City,CTY,PD_SourceExtraction,46603045,
121D328C-C473-4E1E-A232-64F7BFCAC8EC,City,CTY,PD_SourceModel,SUBSURFACE AND WELLS,
121D328C-C473-4E1E-A232-64F7BFCAC8EC,City,CTY,MTED_EDaM_Security_Classification,Restricted,SHL_CDM_EntityPropertyExtension.MTED_EDaM_Security_Classification
121D328C-C473-4E1E-A232-64F7BFCAC8EC,City,CTY,MTED_Version_No,2021.2,SHL_CDM_EntityPropertyExtension.MTED_Version_No
121D328C-C473-4E1E-A232-64F7BFCAC8EC,City,CTY,MTED_EDaM_Version_Date,,SHL_CDM_EntityPropertyExtension.MTED_EDaM_Version_Date
121D328C-C473-4E1E-A232-64F7BFCAC8EC,City,CTY,MTED_EDaM_Data_Owner,,SHL_CDM_EntityPropertyExtension.MTED_EDaM_Data_Owner
121D328C-C473-4E1E-A232-64F7BFCAC8EC,City,CTY,MTED_EDaM_Design_Status,Approved,SHL_CDM_EntityPropertyExtension.MTED_EDaM_Design_Status
121D328C-C473-4E1E-A232-64F7BFCAC8EC,City,CTY,MTED_EDaM_Entity_Maps_To_Entity,,SHL_CDM_EntityPropertyExtension.MTED_EDaM_Entity_Maps_To_Entity
121D328C-C473-4E1E-A232-64F7BFCAC8EC,City,CTY,CSI,false,SHL_CDM_EntityPropertyExtension.CSI
121D328C-C473-4E1E-A232-64F7BFCAC8EC,City,CTY,MTED_EDaM_Entity_Data_Category,<unspecified>,SHL_CDM_EntityPropertyExtension.MTED_EDaM_Entity_Data_Category
121D328C-C473-4E1E-A232-64F7BFCAC8EC,City,CTY,MTED_Encryption_Required,false,SHL_CDM_EntityPropertyExtension.MTED_Encryption_Required
121D328C-C473-4E1E-A232-64F7BFCAC8EC,City,CTY,PII,false,SHL_CDM_EntityPropertyExtension.PII
121D328C-C473-4E1E-A232-64F7BFCAC8EC,City,CTY,EntityUpdateDate,19/08/2021 Pass 3,SHL_CDM_EntityPropertyExtension.EntityUpdateDate
121D328C-C473-4E1E-A232-64F7BFCAC8EC,City,CTY,MTED_EDaM_Business_Critical_Data,false,SHL_CDM_EntityPropertyExtension.MTED_EDaM_Business_Critical_Data
121D328C-C473-4E1E-A232-64F7BFCAC8EC,City,CTY,MTED_EDaM_Entity_Availability_Indication,<unspecified>,SHL_CDM_EntityPropertyExtension.MTED_EDaM_Entity_Availability_Indication
121D328C-C473-4E1E-A232-64F7BFCAC8EC,City,CTY,MTED_EDaM_Entity_Critical_Data,F,SHL_CDM_EntityPropertyExtension.MTED_EDaM_Entity_Critical_Data
121D328C-C473-4E1E-A232-64F7BFCAC8EC,City,CTY,MTED_EDaM_Entity_Quality_Indication,<unspecified>,SHL_CDM_EntityPropertyExtension.MTED_EDaM_Entity_Quality_Indication
121D328C-C473-4E1E-A232-64F7BFCAC8EC,City,CTY,Generation,true,SHL_CDM_EntityPropertyExtension.Generation
121D328C-C473-4E1E-A232-64F7BFCAC8EC,City,CTY,CommerciallySensitiveInformation,No Commercially Sensitive Information,BIM-core.CommerciallySensitiveInformation
121D328C-C473-4E1E-A232-64F7BFCAC8EC,City,CTY,Criticality,No Critical Data,BIM-core.Criticality
121D328C-C473-4E1E-A232-64F7BFCAC8EC,City,CTY,DataCategory,Structured,BIM-core.DataCategory
121D328C-C473-4E1E-A232-64F7BFCAC8EC,City,CTY,DataConfidentiality,Internal,BIM-core.DataConfidentiality
121D328C-C473-4E1E-A232-64F7BFCAC8EC,City,CTY,DesignStatus,Approved,BIM-core.DesignStatus
121D328C-C473-4E1E-A232-64F7BFCAC8EC,City,CTY,EntityCategory,External Reference,BIM-core.EntityCategory
121D328C-C473-4E1E-A232-64F7BFCAC8EC,City,CTY,EntityPersonalData,No Personal Data,BIM-core.EntityPersonalData
121D328C-C473-4E1E-A232-64F7BFCAC8EC,City,CTY,FinancialPersonalData,No Financial Personal Data,BIM-core.FinancialPersonalData
121D328C-C473-4E1E-A232-64F7BFCAC8EC,City,CTY,SensitivePersonalData,No Sensitive Personal Data,BIM-core.SensitivePersonalData
121D328C-C473-4E1E-A232-64F7BFCAC8EC,City,CTY,DataArea,Location,BIM-core.DataArea
121D328C-C473-4E1E-A232-64F7BFCAC8EC,City,CTY,EnterpriseLevel,Yes,BIM-core.EnterpriseLevel
121D328C-C473-4E1E-A232-64F7BFCAC8EC,City,CTY,ExchangeId,{95BF51B8-173B-4C3F-BDA8-E2918CD7B2FC},BIM-core.ExchangeId
3134528D-591C-4F6F-B432-9225743C95D8,Company,CMPNY,PD_ObjectID,3134528D-591C-4F6F-B432-9225743C95D8,
3134528D-591C-4F6F-B432-9225743C95D8,Company,CMPNY,PD_SourceExtraction,46603045,
3134528D-591C-4F6F-B432-9225743C95D8,Company,CMPNY,PD_SourceModel,SUBSURFACE AND WELLS,
3134528D-591C-4F6F-B432-9225743C95D8,Company,CMPNY,MTED_EDaM_Entity_Data_Category,<unspecified>,SHL_CDM_EntityPropertyExtension.MTED_EDaM_Entity_Data_Category
3134528D-591C-4F6F-B432-9225743C95D8,Company,CMPNY,MTED_EDaM_Data_Owner,,SHL_CDM_EntityPropertyExtension.MTED_EDaM_Data_Owner
3134528D-591C-4F6F-B432-9225743C95D8,Company,CMPNY,MTED_EDaM_Entity_Critical_Data,F,SHL_CDM_EntityPropertyExtension.MTED_EDaM_Entity_Critical_Data
3134528D-591C-4F6F-B432-9225743C95D8,Company,CMPNY,MTED_EDaM_Entity_Quality_Indication,<unspecified>,SHL_CDM_EntityPropertyExtension.MTED_EDaM_Entity_Quality_Indication
3134528D-591C-4F6F-B432-9225743C95D8,Company,CMPNY,MTED_EDaM_Entity_Availability_Indication,<unspecified>,SHL_CDM_EntityPropertyExtension.MTED_EDaM_Entity_Availability_Indication
3134528D-591C-4F6F-B432-9225743C95D8,Company,CMPNY,MTED_EDaM_Security_Classification,Restricted,SHL_CDM_EntityPropertyExtension.MTED_EDaM_Security_Classification
3134528D-591C-4F6F-B432-9225743C95D8,Company,CMPNY,MTED_EDaM_Design_Status,Approved,SHL_CDM_EntityPropertyExtension.MTED_EDaM_Design_Status
3134528D-591C-4F6F-B432-9225743C95D8,Company,CMPNY,MTED_Version_No,2021.2,SHL_CDM_EntityPropertyExtension.MTED_Version_No
3134528D-591C-4F6F-B432-9225743C95D8,Company,CMPNY,MTED_EDaM_Version_Date,,SHL_CDM_EntityPropertyExtension.MTED_EDaM_Version_Date
3134528D-591C-4F6F-B432-9225743C95D8,Company,CMPNY,CSI,false,SHL_CDM_EntityPropertyExtension.CSI
3134528D-591C-4F6F-B432-9225743C95D8,Company,CMPNY,MTED_EDaM_Business_Critical_Data,false,SHL_CDM_EntityPropertyExtension.MTED_EDaM_Business_Critical_Data
3134528D-591C-4F6F-B432-9225743C95D8,Company,CMPNY,MTED_EDaM_Entity_Maps_To_Entity,,SHL_CDM_EntityPropertyExtension.MTED_EDaM_Entity_Maps_To_Entity
3134528D-591C-4F6F-B432-9225743C95D8,Company,CMPNY,MTED_Encryption_Required,false,SHL_CDM_EntityPropertyExtension.MTED_Encryption_Required
3134528D-591C-4F6F-B432-9225743C95D8,Company,CMPNY,PII,false,SHL_CDM_EntityPropertyExtension.PII
3134528D-591C-4F6F-B432-9225743C95D8,Company,CMPNY,EntityUpdateDate,19/08/2021 Pass 3,SHL_CDM_EntityPropertyExtension.EntityUpdateDate
3134528D-591C-4F6F-B432-9225743C95D8,Company,CMPNY,Generation,true,SHL_CDM_EntityPropertyExtension.Generation
3134528D-591C-4F6F-B432-9225743C95D8,Company,CMPNY,Business_Conceptual_Data_Model_CommerciallySensitiveInformation,No Commercially Sensitive Information,Business Conceptual Data Model.CommerciallySensitiveInformation
3134528D-591C-4F6F-B432-9225743C95D8,Company,CMPNY,Business_Conceptual_Data_Model_DataCategory,Structured,Business Conceptual Data Model.DataCategory
3134528D-591C-4F6F-B432-9225743C95D8,Company,CMPNY,Business_Conceptual_Data_Model_DataConfidentiality,Restricted,Business Conceptual Data Model.DataConfidentiality
3134528D-591C-4F6F-B432-9225743C95D8,Company,CMPNY,Business_Conceptual_Data_Model_DesignStatus,Approved,Business Conceptual Data Model.DesignStatus
3134528D-591C-4F6F-B432-9225743C95D8,Company,CMPNY,Business_Conceptual_Data_Model_EntityCategory,Master,Business Conceptual Data Model.EntityCategory
3134528D-591C-4F6F-B432-9225743C95D8,Company,CMPNY,Business_Conceptual_Data_Model_EntityPersonalData,No Personal Data,Business Conceptual Data Model.EntityPersonalData
3134528D-591C-4F6F-B432-9225743C95D8,Company,CMPNY,Business_Conceptual_Data_Model_FinancialPersonalData,No Financial Personal Data,Business Conceptual Data Model.FinancialPersonalData
3134528D-591C-4F6F-B432-9225743C95D8,Company,CMPNY,BIM_CommerciallySensitiveInformation,No Commercially Sensitive Information,BIM.CommerciallySensitiveInformation
3134528D-591C-4F6F-B432-9225743C95D8,Company,CMPNY,BIM_DataCategory,Structured,BIM.DataCategory
3134528D-591C-4F6F-B432-9225743C95D8,Company,CMPNY,BIM_DataConfidentiality,Restricted,BIM.DataConfidentiality
3134528D-591C-4F6F-B432-9225743C95D8,Company,CMPNY,BIM_DesignStatus,Approved,BIM.DesignStatus
3134528D-591C-4F6F-B432-9225743C95D8,Company,CMPNY,BIM_EntityCategory,Master,BIM.EntityCategory
3134528D-591C-4F6F-B432-9225743C95D8,Company,CMPNY,BIM_EntityPersonalData,No Personal Data,BIM.EntityPersonalData
3134528D-591C-4F6F-B432-9225743C95D8,Company,CMPNY,BIM_FinancialPersonalData,No Financial Personal Data,BIM.FinancialPersonalData
3134528D-591C-4F6F-B432-9225743C95D8,Company,CMPNY,CommerciallySensitiveInformation,No Commercially Sensitive Information,BIM-core.CommerciallySensitiveInformation
3134528D-591C-4F6F-B432-9225743C95D8,Company,CMPNY,Criticality,Critical Data,BIM-core.Criticality
3134528D-591C-4F6F-B432-9225743C95D8,Company,CMPNY,DataCategory,Structured,BIM-core.DataCategory
3134528D-591C-4F6F-B432-9225743C95D8,Company,CMPNY,DataConfidentiality,Internal,BIM-core.DataConfidentiality
3134528D-591C-4F6F-B432-9225743C95D8,Company,CMPNY,DesignStatus,Approved,BIM-core.DesignStatus
3134528D-591C-4F6F-B432-9225743C95D8,Company,CMPNY,EntityCategory,Master,BIM-core.EntityCategory
3134528D-591C-4F6F-B432-9225743C95D8,Company,CMPNY,EntityPersonalData,No Personal Data,BIM-core.EntityPersonalData
3134528D-591C-4F6F-B432-9225743C95D8,Company,CMPNY,FinancialPersonalData,No Financial Personal Data,BIM-core.FinancialPersonalData
3134528D-591C-4F6F-B432-9225743C95D8,Company,CMPNY,SensitivePersonalData,No Sensitive Personal Data,BIM-core.SensitivePersonalData
3134528D-591C-4F6F-B432-9225743C95D8,Company,CMPNY,DataArea,Financial Organisation,BIM-core.DataArea
3134528D-591C-4F6F-B432-9225743C95D8,Company,CMPNY,EnterpriseLevel,No,BIM-core.EnterpriseLevel
3134528D-591C-4F6F-B432-9225743C95D8,Company,CMPNY,ExchangeId,{70C7F5C6-0C2E-4433-A224-50D3E15BD9DA},BIM-core.ExchangeId
3413780E-BEDA-45E1-83F6-46A1766E0A18,Competitor Well,CMPTTR_WLL,PD_ObjectID,3413780E-BEDA-45E1-83F6-46A1766E0A18,
3413780E-BEDA-45E1-83F6-46A1766E0A18,Competitor Well,CMPTTR_WLL,PD_SourceExtraction,46603045,
3413780E-BEDA-45E1-83F6-46A1766E0A18,Competitor Well,CMPTTR_WLL,PD_SourceModel,SUBSURFACE AND WELLS,
3413780E-BEDA-45E1-83F6-46A1766E0A18,Competitor Well,CMPTTR_WLL,EntityUpdateDate,19/08/2021 Pass 3,SHL_CDM_EntityPropertyExtension.EntityUpdateDate
3413780E-BEDA-45E1-83F6-46A1766E0A18,Competitor Well,CMPTTR_WLL,CommerciallySensitiveInformation,Commercially Sensitive Information,BIM-core.CommerciallySensitiveInformation
3413780E-BEDA-45E1-83F6-46A1766E0A18,Competitor Well,CMPTTR_WLL,Criticality,No Critical Data,BIM-core.Criticality
3413780E-BEDA-45E1-83F6-46A1766E0A18,Competitor Well,CMPTTR_WLL,DataCategory,Structured,BIM-core.DataCategory
3413780E-BEDA-45E1-83F6-46A1766E0A18,Competitor Well,CMPTTR_WLL,DataConfidentiality,Internal,BIM-core.DataConfidentiality
3413780E-BEDA-45E1-83F6-46A1766E0A18,Competitor Well,CMPTTR_WLL,DesignStatus,Approved,BIM-core.DesignStatus
3413780E-BEDA-45E1-83F6-46A1766E0A18,Competitor Well,CMPTTR_WLL,EntityCategory,Master,BIM-core.EntityCategory
3413780E-BEDA-45E1-83F6-46A1766E0A18,Competitor Well,CMPTTR_WLL,EntityPersonalData,No Personal Data,BIM-core.EntityPersonalData
3413780E-BEDA-45E1-83F6-46A1766E0A18,Competitor Well,CMPTTR_WLL,FinancialPersonalData,No Financial Personal Data,BIM-core.FinancialPersonalData
3413780E-BEDA-45E1-83F6-46A1766E0A18,Competitor Well,CMPTTR_WLL,SensitivePersonalData,No Sensitive Personal Data,BIM-core.SensitivePersonalData
3413780E-BEDA-45E1-83F6-46A1766E0A18,Competitor Well,CMPTTR_WLL,DataArea,Well,BIM-core.DataArea
3413780E-BEDA-45E1-83F6-46A1766E0A18,Competitor Well,CMPTTR_WLL,EnterpriseLevel,Yes,BIM-core.EnterpriseLevel
3413780E-BEDA-45E1-83F6-46A1766E0A18,Competitor Well,CMPTTR_WLL,ExchangeId,{E1A25D13-995F-432D-AE33-87A317CDC1E8},BIM-core.ExchangeId
25CA7CF8-843B-4141-AA6F-1B0CE578645F,Completing,CMPLTNG,PD_ObjectID,25CA7CF8-843B-4141-AA6F-1B0CE578645F,
25CA7CF8-843B-4141-AA6F-1B0CE578645F,Completing,CMPLTNG,PD_SourceExtraction,46603045,
25CA7CF8-843B-4141-AA6F-1B0CE578645F,Completing,CMPLTNG,PD_SourceModel,SUBSURFACE AND WELLS,
25CA7CF8-843B-4141-AA6F-1B0CE578645F,Completing,CMPLTNG,EntityUpdateDate,19/08/2021 Pass 3,SHL_CDM_EntityPropertyExtension.EntityUpdateDate
25CA7CF8-843B-4141-AA6F-1B0CE578645F,Completing,CMPLTNG,CommerciallySensitiveInformation,No Commercially Sensitive Information,BIM-core.CommerciallySensitiveInformation
25CA7CF8-843B-4141-AA6F-1B0CE578645F,Completing,CMPLTNG,Criticality,No Critical Data,BIM-core.Criticality
25CA7CF8-843B-4141-AA6F-1B0CE578645F,Completing,CMPLTNG,DataCategory,Structured,BIM-core.DataCategory
25CA7CF8-843B-4141-AA6F-1B0CE578645F,Completing,CMPLTNG,DataConfidentiality,Internal,BIM-core.DataConfidentiality
25CA7CF8-843B-4141-AA6F-1B0CE578645F,Completing,CMPLTNG,DesignStatus,Approved,BIM-core.DesignStatus
25CA7CF8-843B-4141-AA6F-1B0CE578645F,Completing,CMPLTNG,EntityCategory,Transaction,BIM-core.EntityCategory
25CA7CF8-843B-4141-AA6F-1B0CE578645F,Completing,CMPLTNG,EntityPersonalData,No Personal Data,BIM-core.EntityPersonalData
25CA7CF8-843B-4141-AA6F-1B0CE578645F,Completing,CMPLTNG,FinancialPersonalData,No Financial Personal Data,BIM-core.FinancialPersonalData
25CA7CF8-843B-4141-AA6F-1B0CE578645F,Completing,CMPLTNG,SensitivePersonalData,No Sensitive Personal Data,BIM-core.SensitivePersonalData
25CA7CF8-843B-4141-AA6F-1B0CE578645F,Completing,CMPLTNG,DataArea,Well Activity,BIM-core.DataArea
25CA7CF8-843B-4141-AA6F-1B0CE578645F,Completing,CMPLTNG,EnterpriseLevel,Yes,BIM-core.EnterpriseLevel
25CA7CF8-843B-4141-AA6F-1B0CE578645F,Completing,CMPLTNG,ExchangeId,{6E168D40-F43C-47DB-A509-D150B231C260},BIM-core.ExchangeId
1F109BCA-390C-4C40-8D60-384E4A9BEC4B,Completion,CMPLTN,PD_ObjectID,1F109BCA-390C-4C40-8D60-384E4A9BEC4B,
1F109BCA-390C-4C40-8D60-384E4A9BEC4B,Completion,CMPLTN,PD_SourceExtraction,46603045,
1F109BCA-390C-4C40-8D60-384E4A9BEC4B,Completion,CMPLTN,PD_SourceModel,SUBSURFACE AND WELLS,
1F109BCA-390C-4C40-8D60-384E4A9BEC4B,Completion,CMPLTN,MTED_EDaM_Entity_Data_Category,<unspecified>,SHL_CDM_EntityPropertyExtension.MTED_EDaM_Entity_Data_Category
1F109BCA-390C-4C40-8D60-384E4A9BEC4B,Completion,CMPLTN,MTED_EDaM_Data_Owner,,SHL_CDM_EntityPropertyExtension.MTED_EDaM_Data_Owner
1F109BCA-390C-4C40-8D60-384E4A9BEC4B,Completion,CMPLTN,MTED_EDaM_Entity_Critical_Data,F,SHL_CDM_EntityPropertyExtension.MTED_EDaM_Entity_Critical_Data
1F109BCA-390C-4C40-8D60-384E4A9BEC4B,Completion,CMPLTN,MTED_EDaM_Entity_Quality_Indication,<unspecified>,SHL_CDM_EntityPropertyExtension.MTED_EDaM_Entity_Quality_Indication
1F109BCA-390C-4C40-8D60-384E4A9BEC4B,Completion,CMPLTN,MTED_EDaM_Entity_Availability_Indication,<unspecified>,SHL_CDM_EntityPropertyExtension.MTED_EDaM_Entity_Availability_Indication
1F109BCA-390C-4C40-8D60-384E4A9BEC4B,Completion,CMPLTN,MTED_EDaM_Security_Classification,Most Confidential,SHL_CDM_EntityPropertyExtension.MTED_EDaM_Security_Classification
1F109BCA-390C-4C40-8D60-384E4A9BEC4B,Completion,CMPLTN,MTED_EDaM_Design_Status,Approved,SHL_CDM_EntityPropertyExtension.MTED_EDaM_Design_Status
1F109BCA-390C-4C40-8D60-384E4A9BEC4B,Completion,CMPLTN,MTED_Version_No,2021.2,SHL_CDM_EntityPropertyExtension.MTED_Version_No
1F109BCA-390C-4C40-8D60-384E4A9BEC4B,Completion,CMPLTN,MTED_EDaM_Version_Date,,SHL_CDM_EntityPropertyExtension.MTED_EDaM_Version_Date
1F109BCA-390C-4C40-8D60-384E4A9BEC4B,Completion,CMPLTN,CSI,false,SHL_CDM_EntityPropertyExtension.CSI
1F109BCA-390C-4C40-8D60-384E4A9BEC4B,Completion,CMPLTN,MTED_EDaM_Business_Critical_Data,false,SHL_CDM_EntityPropertyExtension.MTED_EDaM_Business_Critical_Data
1F109BCA-390C-4C40-8D60-384E4A9BEC4B,Completion,CMPLTN,MTED_Encryption_Required,false,SHL_CDM_EntityPropertyExtension.MTED_Encryption_Required
1F109BCA-390C-4C40-8D60-384E4A9BEC4B,Completion,CMPLTN,PII,false,SHL_CDM_EntityPropertyExtension.PII
1F109BCA-390C-4C40-8D60-384E4A9BEC4B,Completion,CMPLTN,EntityUpdateDate,19/08/2021 Pass 3,SHL_CDM_EntityPropertyExtension.EntityUpdateDate
1F109BCA-390C-4C40-8D60-384E4A9BEC4B,Completion,CMPLTN,Generation,true,SHL_CDM_EntityPropertyExtension.Generation
1F109BCA-390C-4C40-8D60-384E4A9BEC4B,Completion,CMPLTN,CommerciallySensitiveInformation,No Commercially Sensitive Information,BIM-core.CommerciallySensitiveInformation
1F109BCA-390C-4C40-8D60-384E4A9BEC4B,Completion,CMPLTN,Criticality,Critical Data,BIM-core.Criticality
1F109BCA-390C-4C40-8D60-384E4A9BEC4B,Completion,CMPLTN,DataCategory,Structured,BIM-core.DataCategory
1F109BCA-390C-4C40-8D60-384E4A9BEC4B,Completion,CMPLTN,DataConfidentiality,Internal,BIM-core.DataConfidentiality
1F109BCA-390C-4C40-8D60-384E4A9BEC4B,Completion,CMPLTN,DesignStatus,Approved,BIM-core.DesignStatus
1F109BCA-390C-4C40-8D60-384E4A9BEC4B,Completion,CMPLTN,EntityCategory,Master,BIM-core.EntityCategory
1F109BCA-390C-4C40-8D60-384E4A9BEC4B,Completion,CMPLTN,EntityPersonalData,No Personal Data,BIM-core.EntityPersonalData
1F109BCA-390C-4C40-8D60-384E4A9BEC4B,Completion,CMPLTN,FinancialPersonalData,No Financial Personal Data,BIM-core.FinancialPersonalData
1F109BCA-390C-4C40-8D60-384E4A9BEC4B,Completion,CMPLTN,SensitivePersonalData,No Sensitive Personal Data,BIM-core.SensitivePersonalData
1F109BCA-390C-4C40-8D60-384E4A9BEC4B,Completion,CMPLTN,DataArea,Completion,BIM-core.DataArea
1F109BCA-390C-4C40-8D60-384E4A9BEC4B,Completion,CMPLTN,EnterpriseLevel,Yes,BIM-core.EnterpriseLevel
1F109BCA-390C-4C40-8D60-384E4A9BEC4B,Completion,CMPLTN,ExchangeId,{85165894-C7D8-46D7-BAF5-7CA0AEC20120},BIM-core.ExchangeId
4ACFAC8D-EB8E-4835-ADB7-671E771F6683,Completion Actual Wellbore Opening Ntvl,CMPLTN_ACTL_WLLBR_OPNNG_NTVL,PD_ObjectID,4ACFAC8D-EB8E-4835-ADB7-671E771F6683,
4ACFAC8D-EB8E-4835-ADB7-671E771F6683,Completion Actual Wellbore Opening Ntvl,CMPLTN_ACTL_WLLBR_OPNNG_NTVL,PD_SourceExtraction,46603045,
4ACFAC8D-EB8E-4835-ADB7-671E771F6683,Completion Actual Wellbore Opening Ntvl,CMPLTN_ACTL_WLLBR_OPNNG_NTVL,PD_SourceModel,SUBSURFACE AND WELLS,
4ACFAC8D-EB8E-4835-ADB7-671E771F6683,Completion Actual Wellbore Opening Ntvl,CMPLTN_ACTL_WLLBR_OPNNG_NTVL,MTED_EDaM_Entity_Data_Category,<unspecified>,SHL_CDM_EntityPropertyExtension.MTED_EDaM_Entity_Data_Category
4ACFAC8D-EB8E-4835-ADB7-671E771F6683,Completion Actual Wellbore Opening Ntvl,CMPLTN_ACTL_WLLBR_OPNNG_NTVL,MTED_EDaM_Entity_Critical_Data,<unspecified>,SHL_CDM_EntityPropertyExtension.MTED_EDaM_Entity_Critical_Data
4ACFAC8D-EB8E-4835-ADB7-671E771F6683,Completion Actual Wellbore Opening Ntvl,CMPLTN_ACTL_WLLBR_OPNNG_NTVL,MTED_EDaM_Entity_Quality_Indication,<unspecified>,SHL_CDM_EntityPropertyExtension.MTED_EDaM_Entity_Quality_Indication
4ACFAC8D-EB8E-4835-ADB7-671E771F6683,Completion Actual Wellbore Opening Ntvl,CMPLTN_ACTL_WLLBR_OPNNG_NTVL,MTED_EDaM_Entity_Availability_Indication,<unspecified>,SHL_CDM_EntityPropertyExtension.MTED_EDaM_Entity_Availability_Indication
4ACFAC8D-EB8E-4835-ADB7-671E771F6683,Completion Actual Wellbore Opening Ntvl,CMPLTN_ACTL_WLLBR_OPNNG_NTVL,MTED_EDaM_Security_Classification,<unspecified>,SHL_CDM_EntityPropertyExtension.MTED_EDaM_Security_Classification
4ACFAC8D-EB8E-4835-ADB7-671E771F6683,Completion Actual Wellbore Opening Ntvl,CMPLTN_ACTL_WLLBR_OPNNG_NTVL,MTED_EDaM_Design_Status,Approved,SHL_CDM_EntityPropertyExtension.MTED_EDaM_Design_Status
4ACFAC8D-EB8E-4835-ADB7-671E771F6683,Completion Actual Wellbore Opening Ntvl,CMPLTN_ACTL_WLLBR_OPNNG_NTVL,CSI,false,SHL_CDM_EntityPropertyExtension.CSI
4ACFAC8D-EB8E-4835-ADB7-671E771F6683,Completion Actual Wellbore Opening Ntvl,CMPLTN_ACTL_WLLBR_OPNNG_NTVL,MTED_EDaM_Business_Critical_Data,false,SHL_CDM_EntityPropertyExtension.MTED_EDaM_Business_Critical_Data
4ACFAC8D-EB8E-4835-ADB7-671E771F6683,Completion Actual Wellbore Opening Ntvl,CMPLTN_ACTL_WLLBR_OPNNG_NTVL,MTED_Encryption_Required,false,SHL_CDM_EntityPropertyExtension.MTED_Encryption_Required
4ACFAC8D-EB8E-4835-ADB7-671E771F6683,Completion Actual Wellbore Opening Ntvl,CMPLTN_ACTL_WLLBR_OPNNG_NTVL,PII,false,SHL_CDM_EntityPropertyExtension.PII
4ACFAC8D-EB8E-4835-ADB7-671E771F6683,Completion Actual Wellbore Opening Ntvl,CMPLTN_ACTL_WLLBR_OPNNG_NTVL,EntityUpdateDate,19/08/2021 Pass 3,SHL_CDM_EntityPropertyExtension.EntityUpdateDate
4ACFAC8D-EB8E-4835-ADB7-671E771F6683,Completion Actual Wellbore Opening Ntvl,CMPLTN_ACTL_WLLBR_OPNNG_NTVL,Generation,true,SHL_CDM_EntityPropertyExtension.Generation
4ACFAC8D-EB8E-4835-ADB7-671E771F6683,Completion Actual Wellbore Opening Ntvl,CMPLTN_ACTL_WLLBR_OPNNG_NTVL,MTED_Version_No,2021.2,SHL_CDM_EntityPropertyExtension.MTED_Version_No
4ACFAC8D-EB8E-4835-ADB7-671E771F6683,Completion Actual Wellbore Opening Ntvl,CMPLTN_ACTL_WLLBR_OPNNG_NTVL,CommerciallySensitiveInformation,No Commercially Sensitive Information,BIM-core.CommerciallySensitiveInformation
4ACFAC8D-EB8E-4835-ADB7-671E771F6683,Completion Actual Wellbore Opening Ntvl,CMPLTN_ACTL_WLLBR_OPNNG_NTVL,Criticality,No Critical Data,BIM-core.Criticality
4ACFAC8D-EB8E-4835-ADB7-671E771F6683,Completion Actual Wellbore Opening Ntvl,CMPLTN_ACTL_WLLBR_OPNNG_NTVL,DataCategory,Structured,BIM-core.DataCategory
4ACFAC8D-EB8E-4835-ADB7-671E771F6683,Completion Actual Wellbore Opening Ntvl,CMPLTN_ACTL_WLLBR_OPNNG_NTVL,DataConfidentiality,Internal,BIM-core.DataConfidentiality
4ACFAC8D-EB8E-4835-ADB7-671E771F6683,Completion Actual Wellbore Opening Ntvl,CMPLTN_ACTL_WLLBR_OPNNG_NTVL,DesignStatus,Approved,BIM-core.DesignStatus
4ACFAC8D-EB8E-4835-ADB7-671E771F6683,Completion Actual Wellbore Opening Ntvl,CMPLTN_ACTL_WLLBR_OPNNG_NTVL,EntityCategory,Intersection,BIM-core.EntityCategory
4ACFAC8D-EB8E-4835-ADB7-671E771F6683,Completion Actual Wellbore Opening Ntvl,CMPLTN_ACTL_WLLBR_OPNNG_NTVL,EntityPersonalData,No Personal Data,BIM-core.EntityPersonalData
4ACFAC8D-EB8E-4835-ADB7-671E771F6683,Completion Actual Wellbore Opening Ntvl,CMPLTN_ACTL_WLLBR_OPNNG_NTVL,FinancialPersonalData,No Financial Personal Data,BIM-core.FinancialPersonalData
4ACFAC8D-EB8E-4835-ADB7-671E771F6683,Completion Actual Wellbore Opening Ntvl,CMPLTN_ACTL_WLLBR_OPNNG_NTVL,SensitivePersonalData,No Sensitive Personal Data,BIM-core.SensitivePersonalData
4ACFAC8D-EB8E-4835-ADB7-671E771F6683,Completion Actual Wellbore Opening Ntvl,CMPLTN_ACTL_WLLBR_OPNNG_NTVL,DataArea,Completion,BIM-core.DataArea
4ACFAC8D-EB8E-4835-ADB7-671E771F6683,Completion Actual Wellbore Opening Ntvl,CMPLTN_ACTL_WLLBR_OPNNG_NTVL,EnterpriseLevel,Yes,BIM-core.EnterpriseLevel
4ACFAC8D-EB8E-4835-ADB7-671E771F6683,Completion Actual Wellbore Opening Ntvl,CMPLTN_ACTL_WLLBR_OPNNG_NTVL,ExchangeId,{B000306B-7454-43B7-8484-10B5F58ABD36},BIM-core.ExchangeId
220945FB-A755-4414-8BCB-E545CF52AD08,Completion Primary Fluid,CMPLTN_PRMRY_FLD,PD_ObjectID,220945FB-A755-4414-8BCB-E545CF52AD08,
220945FB-A755-4414-8BCB-E545CF52AD08,Completion Primary Fluid,CMPLTN_PRMRY_FLD,PD_SourceExtraction,46603045,
220945FB-A755-4414-8BCB-E545CF52AD08,Completion Primary Fluid,CMPLTN_PRMRY_FLD,PD_SourceModel,SUBSURFACE AND WELLS,
220945FB-A755-4414-8BCB-E545CF52AD08,Completion Primary Fluid,CMPLTN_PRMRY_FLD,MTED_EDaM_Entity_Data_Category,<unspecified>,SHL_CDM_EntityPropertyExtension.MTED_EDaM_Entity_Data_Category
220945FB-A755-4414-8BCB-E545CF52AD08,Completion Primary Fluid,CMPLTN_PRMRY_FLD,MTED_EDaM_Data_Owner,,SHL_CDM_EntityPropertyExtension.MTED_EDaM_Data_Owner
220945FB-A755-4414-8BCB-E545CF52AD08,Completion Primary Fluid,CMPLTN_PRMRY_FLD,MTED_EDaM_Entity_Critical_Data,F,SHL_CDM_EntityPropertyExtension.MTED_EDaM_Entity_Critical_Data
220945FB-A755-4414-8BCB-E545CF52AD08,Completion Primary Fluid,CMPLTN_PRMRY_FLD,MTED_EDaM_Entity_Quality_Indication,<unspecified>,SHL_CDM_EntityPropertyExtension.MTED_EDaM_Entity_Quality_Indication
220945FB-A755-4414-8BCB-E545CF52AD08,Completion Primary Fluid,CMPLTN_PRMRY_FLD,MTED_EDaM_Entity_Availability_Indication,<unspecified>,SHL_CDM_EntityPropertyExtension.MTED_EDaM_Entity_Availability_Indication
220945FB-A755-4414-8BCB-E545CF52AD08,Completion Primary Fluid,CMPLTN_PRMRY_FLD,MTED_EDaM_Security_Classification,Most Confidential,SHL_CDM_EntityPropertyExtension.MTED_EDaM_Security_Classification
220945FB-A755-4414-8BCB-E545CF52AD08,Completion Primary Fluid,CMPLTN_PRMRY_FLD,MTED_EDaM_Design_Status,,SHL_CDM_EntityPropertyExtension.MTED_EDaM_Design_Status
220945FB-A755-4414-8BCB-E545CF52AD08,Completion Primary Fluid,CMPLTN_PRMRY_FLD,MTED_Version_No,,SHL_CDM_EntityPropertyExtension.MTED_Version_No
220945FB-A755-4414-8BCB-E545CF52AD08,Completion Primary Fluid,CMPLTN_PRMRY_FLD,MTED_EDaM_Version_Date,,SHL_CDM_EntityPropertyExtension.MTED_EDaM_Version_Date
220945FB-A755-4414-8BCB-E545CF52AD08,Completion Primary Fluid,CMPLTN_PRMRY_FLD,EntityUpdateDate,19/08/2021 Pass 3,SHL_CDM_EntityPropertyExtension.EntityUpdateDate
220945FB-A755-4414-8BCB-E545CF52AD08,Completion Primary Fluid,CMPLTN_PRMRY_FLD,CommerciallySensitiveInformation,No Commercially Sensitive Information,BIM-core.CommerciallySensitiveInformation
220945FB-A755-4414-8BCB-E545CF52AD08,Completion Primary Fluid,CMPLTN_PRMRY_FLD,Criticality,No Critical Data,BIM-core.Criticality
220945FB-A755-4414-8BCB-E545CF52AD08,Completion Primary Fluid,CMPLTN_PRMRY_FLD,DataCategory,Structured,BIM-core.DataCategory
220945FB-A755-4414-8BCB-E545CF52AD08,Completion Primary Fluid,CMPLTN_PRMRY_FLD,DataConfidentiality,Internal,BIM-core.DataConfidentiality
220945FB-A755-4414-8BCB-E545CF52AD08,Completion Primary Fluid,CMPLTN_PRMRY_FLD,DesignStatus,Approved,BIM-core.DesignStatus
220945FB-A755-4414-8BCB-E545CF52AD08,Completion Primary Fluid,CMPLTN_PRMRY_FLD,EntityCategory,Master,BIM-core.EntityCategory
220945FB-A755-4414-8BCB-E545CF52AD08,Completion Primary Fluid,CMPLTN_PRMRY_FLD,EntityPersonalData,No Personal Data,BIM-core.EntityPersonalData
220945FB-A755-4414-8BCB-E545CF52AD08,Completion Primary Fluid,CMPLTN_PRMRY_FLD,FinancialPersonalData,No Financial Personal Data,BIM-core.FinancialPersonalData
220945FB-A755-4414-8BCB-E545CF52AD08,Completion Primary Fluid,CMPLTN_PRMRY_FLD,SensitivePersonalData,No Sensitive Personal Data,BIM-core.SensitivePersonalData
220945FB-A755-4414-8BCB-E545CF52AD08,Completion Primary Fluid,CMPLTN_PRMRY_FLD,DataArea,Well,BIM-core.DataArea
220945FB-A755-4414-8BCB-E545CF52AD08,Completion Primary Fluid,CMPLTN_PRMRY_FLD,EnterpriseLevel,Yes,BIM-core.EnterpriseLevel
220945FB-A755-4414-8BCB-E545CF52AD08,Completion Primary Fluid,CMPLTN_PRMRY_FLD,ExchangeId,{B323A16B-0153-487A-8684-D7FC87690B1F},BIM-core.ExchangeId
ABCF7F99-D041-4C7C-ADCC-9FD1B561D4E0,Completion Primary Fluid Conveyance Method,CMPLTN_PRMRY_FLD_CNVYNC_MTHD,PD_ObjectID,ABCF7F99-D041-4C7C-ADCC-9FD1B561D4E0,
ABCF7F99-D041-4C7C-ADCC-9FD1B561D4E0,Completion Primary Fluid Conveyance Method,CMPLTN_PRMRY_FLD_CNVYNC_MTHD,PD_SourceExtraction,46603045,
ABCF7F99-D041-4C7C-ADCC-9FD1B561D4E0,Completion Primary Fluid Conveyance Method,CMPLTN_PRMRY_FLD_CNVYNC_MTHD,PD_SourceModel,SUBSURFACE AND WELLS,
ABCF7F99-D041-4C7C-ADCC-9FD1B561D4E0,Completion Primary Fluid Conveyance Method,CMPLTN_PRMRY_FLD_CNVYNC_MTHD,MTED_EDaM_Entity_Data_Category,<unspecified>,SHL_CDM_EntityPropertyExtension.MTED_EDaM_Entity_Data_Category
ABCF7F99-D041-4C7C-ADCC-9FD1B561D4E0,Completion Primary Fluid Conveyance Method,CMPLTN_PRMRY_FLD_CNVYNC_MTHD,MTED_EDaM_Data_Owner,,SHL_CDM_EntityPropertyExtension.MTED_EDaM_Data_Owner
ABCF7F99-D041-4C7C-ADCC-9FD1B561D4E0,Completion Primary Fluid Conveyance Method,CMPLTN_PRMRY_FLD_CNVYNC_MTHD,MTED_EDaM_Entity_Critical_Data,F,SHL_CDM_EntityPropertyExtension.MTED_EDaM_Entity_Critical_Data
ABCF7F99-D041-4C7C-ADCC-9FD1B561D4E0,Completion Primary Fluid Conveyance Method,CMPLTN_PRMRY_FLD_CNVYNC_MTHD,MTED_EDaM_Entity_Quality_Indication,<unspecified>,SHL_CDM_EntityPropertyExtension.MTED_EDaM_Entity_Quality_Indication
ABCF7F99-D041-4C7C-ADCC-9FD1B561D4E0,Completion Primary Fluid Conveyance Method,CMPLTN_PRMRY_FLD_CNVYNC_MTHD,MTED_EDaM_Entity_Availability_Indication,<unspecified>,SHL_CDM_EntityPropertyExtension.MTED_EDaM_Entity_Availability_Indication
ABCF7F99-D041-4C7C-ADCC-9FD1B561D4E0,Completion Primary Fluid Conveyance Method,CMPLTN_PRMRY_FLD_CNVYNC_MTHD,MTED_EDaM_Security_Classification,Most Confidential,SHL_CDM_EntityPropertyExtension.MTED_EDaM_Security_Classification
ABCF7F99-D041-4C7C-ADCC-9FD1B561D4E0,Completion Primary Fluid Conveyance Method,CMPLTN_PRMRY_FLD_CNVYNC_MTHD,MTED_EDaM_Design_Status,,SHL_CDM_EntityPropertyExtension.MTED_EDaM_Design_Status
ABCF7F99-D041-4C7C-ADCC-9FD1B561D4E0,Completion Primary Fluid Conveyance Method,CMPLTN_PRMRY_FLD_CNVYNC_MTHD,MTED_Version_No,,SHL_CDM_EntityPropertyExtension.MTED_Version_No
ABCF7F99-D041-4C7C-ADCC-9FD1B561D4E0,Completion Primary Fluid Conveyance Method,CMPLTN_PRMRY_FLD_CNVYNC_MTHD,MTED_EDaM_Version_Date,,SHL_CDM_EntityPropertyExtension.MTED_EDaM_Version_Date
ABCF7F99-D041-4C7C-ADCC-9FD1B561D4E0,Completion Primary Fluid Conveyance Method,CMPLTN_PRMRY_FLD_CNVYNC_MTHD,EntityUpdateDate,19/08/2021 Pass 3,SHL_CDM_EntityPropertyExtension.EntityUpdateDate
ABCF7F99-D041-4C7C-ADCC-9FD1B561D4E0,Completion Primary Fluid Conveyance Method,CMPLTN_PRMRY_FLD_CNVYNC_MTHD,CommerciallySensitiveInformation,No Commercially Sensitive Information,BIM-core.CommerciallySensitiveInformation
ABCF7F99-D041-4C7C-ADCC-9FD1B561D4E0,Completion Primary Fluid Conveyance Method,CMPLTN_PRMRY_FLD_CNVYNC_MTHD,Criticality,No Critical Data,BIM-core.Criticality
ABCF7F99-D041-4C7C-ADCC-9FD1B561D4E0,Completion Primary Fluid Conveyance Method,CMPLTN_PRMRY_FLD_CNVYNC_MTHD,DataCategory,Structured,BIM-core.DataCategory
ABCF7F99-D041-4C7C-ADCC-9FD1B561D4E0,Completion Primary Fluid Conveyance Method,CMPLTN_PRMRY_FLD_CNVYNC_MTHD,DataConfidentiality,Internal,BIM-core.DataConfidentiality
ABCF7F99-D041-4C7C-ADCC-9FD1B561D4E0,Completion Primary Fluid Conveyance Method,CMPLTN_PRMRY_FLD_CNVYNC_MTHD,DesignStatus,Approved,BIM-core.DesignStatus
ABCF7F99-D041-4C7C-ADCC-9FD1B561D4E0,Completion Primary Fluid Conveyance Method,CMPLTN_PRMRY_FLD_CNVYNC_MTHD,EntityCategory,Master,BIM-core.EntityCategory
ABCF7F99-D041-4C7C-ADCC-9FD1B561D4E0,Completion Primary Fluid Conveyance Method,CMPLTN_PRMRY_FLD_CNVYNC_MTHD,EntityPersonalData,No Personal Data,BIM-core.EntityPersonalData
ABCF7F99-D041-4C7C-ADCC-9FD1B561D4E0,Completion Primary Fluid Conveyance Method,CMPLTN_PRMRY_FLD_CNVYNC_MTHD,FinancialPersonalData,No Financial Personal Data,BIM-core.FinancialPersonalData
ABCF7F99-D041-4C7C-ADCC-9FD1B561D4E0,Completion Primary Fluid Conveyance Method,CMPLTN_PRMRY_FLD_CNVYNC_MTHD,SensitivePersonalData,No Sensitive Personal Data,BIM-core.SensitivePersonalData
ABCF7F99-D041-4C7C-ADCC-9FD1B561D4E0,Completion Primary Fluid Conveyance Method,CMPLTN_PRMRY_FLD_CNVYNC_MTHD,DataArea,Completion,BIM-core.DataArea
ABCF7F99-D041-4C7C-ADCC-9FD1B561D4E0,Completion Primary Fluid Conveyance Method,CMPLTN_PRMRY_FLD_CNVYNC_MTHD,EnterpriseLevel,Yes,BIM-core.EnterpriseLevel
ABCF7F99-D041-4C7C-ADCC-9FD1B561D4E0,Completion Primary Fluid Conveyance Method,CMPLTN_PRMRY_FLD_CNVYNC_MTHD,ExchangeId,{A4C8B27A-B101-4BE1-BD8A-FA985154CA76},BIM-core.ExchangeId
CFB046E0-FED5-4280-A6E6-53E2057DFAA6,Completion Primary Purpose,CMPLTN_PRMRY_PRPS,PD_ObjectID,CFB046E0-FED5-4280-A6E6-53E2057DFAA6,
CFB046E0-FED5-4280-A6E6-53E2057DFAA6,Completion Primary Purpose,CMPLTN_PRMRY_PRPS,PD_SourceExtraction,46603045,
CFB046E0-FED5-4280-A6E6-53E2057DFAA6,Completion Primary Purpose,CMPLTN_PRMRY_PRPS,PD_SourceModel,SUBSURFACE AND WELLS,
CFB046E0-FED5-4280-A6E6-53E2057DFAA6,Completion Primary Purpose,CMPLTN_PRMRY_PRPS,MTED_EDaM_Entity_Data_Category,<unspecified>,SHL_CDM_EntityPropertyExtension.MTED_EDaM_Entity_Data_Category
CFB046E0-FED5-4280-A6E6-53E2057DFAA6,Completion Primary Purpose,CMPLTN_PRMRY_PRPS,MTED_EDaM_Data_Owner,,SHL_CDM_EntityPropertyExtension.MTED_EDaM_Data_Owner
CFB046E0-FED5-4280-A6E6-53E2057DFAA6,Completion Primary Purpose,CMPLTN_PRMRY_PRPS,MTED_EDaM_Entity_Critical_Data,F,SHL_CDM_EntityPropertyExtension.MTED_EDaM_Entity_Critical_Data
CFB046E0-FED5-4280-A6E6-53E2057DFAA6,Completion Primary Purpose,CMPLTN_PRMRY_PRPS,MTED_EDaM_Entity_Quality_Indication,<unspecified>,SHL_CDM_EntityPropertyExtension.MTED_EDaM_Entity_Quality_Indication
CFB046E0-FED5-4280-A6E6-53E2057DFAA6,Completion Primary Purpose,CMPLTN_PRMRY_PRPS,MTED_EDaM_Entity_Availability_Indication,<unspecified>,SHL_CDM_EntityPropertyExtension.MTED_EDaM_Entity_Availability_Indication
CFB046E0-FED5-4280-A6E6-53E2057DFAA6,Completion Primary Purpose,CMPLTN_PRMRY_PRPS,MTED_EDaM_Security_Classification,Most Confidential,SHL_CDM_EntityPropertyExtension.MTED_EDaM_Security_Classification
CFB046E0-FED5-4280-A6E6-53E2057DFAA6,Completion Primary Purpose,CMPLTN_PRMRY_PRPS,MTED_EDaM_Design_Status,,SHL_CDM_EntityPropertyExtension.MTED_EDaM_Design_Status
CFB046E0-FED5-4280-A6E6-53E2057DFAA6,Completion Primary Purpose,CMPLTN_PRMRY_PRPS,MTED_Version_No,,SHL_CDM_EntityPropertyExtension.MTED_Version_No
CFB046E0-FED5-4280-A6E6-53E2057DFAA6,Completion Primary Purpose,CMPLTN_PRMRY_PRPS,MTED_EDaM_Version_Date,,SHL_CDM_EntityPropertyExtension.MTED_EDaM_Version_Date
CFB046E0-FED5-4280-A6E6-53E2057DFAA6,Completion Primary Purpose,CMPLTN_PRMRY_PRPS,EntityUpdateDate,19/08/2021 Pass 3,SHL_CDM_EntityPropertyExtension.EntityUpdateDate
CFB046E0-FED5-4280-A6E6-53E2057DFAA6,Completion Primary Purpose,CMPLTN_PRMRY_PRPS,CommerciallySensitiveInformation,No Commercially Sensitive Information,BIM-core.CommerciallySensitiveInformation
CFB046E0-FED5-4280-A6E6-53E2057DFAA6,Completion Primary Purpose,CMPLTN_PRMRY_PRPS,Criticality,No Critical Data,BIM-core.Criticality
CFB046E0-FED5-4280-A6E6-53E2057DFAA6,Completion Primary Purpose,CMPLTN_PRMRY_PRPS,DataCategory,Structured,BIM-core.DataCategory
CFB046E0-FED5-4280-A6E6-53E2057DFAA6,Completion Primary Purpose,CMPLTN_PRMRY_PRPS,DataConfidentiality,Internal,BIM-core.DataConfidentiality
CFB046E0-FED5-4280-A6E6-53E2057DFAA6,Completion Primary Purpose,CMPLTN_PRMRY_PRPS,DesignStatus,Approved,BIM-core.DesignStatus
CFB046E0-FED5-4280-A6E6-53E2057DFAA6,Completion Primary Purpose,CMPLTN_PRMRY_PRPS,EntityCategory,Master,BIM-core.EntityCategory
CFB046E0-FED5-4280-A6E6-53E2057DFAA6,Completion Primary Purpose,CMPLTN_PRMRY_PRPS,EntityPersonalData,No Personal Data,BIM-core.EntityPersonalData
CFB046E0-FED5-4280-A6E6-53E2057DFAA6,Completion Primary Purpose,CMPLTN_PRMRY_PRPS,FinancialPersonalData,No Financial Personal Data,BIM-core.FinancialPersonalData
CFB046E0-FED5-4280-A6E6-53E2057DFAA6,Completion Primary Purpose,CMPLTN_PRMRY_PRPS,SensitivePersonalData,No Sensitive Personal Data,BIM-core.SensitivePersonalData
CFB046E0-FED5-4280-A6E6-53E2057DFAA6,Completion Primary Purpose,CMPLTN_PRMRY_PRPS,DataArea,Completion,BIM-core.DataArea
CFB046E0-FED5-4280-A6E6-53E2057DFAA6,Completion Primary Purpose,CMPLTN_PRMRY_PRPS,EnterpriseLevel,Yes,BIM-core.EnterpriseLevel
CFB046E0-FED5-4280-A6E6-53E2057DFAA6,Completion Primary Purpose,CMPLTN_PRMRY_PRPS,ExchangeId,{6ED1343C-CD3E-4607-BFE4-BA89B3B37B0B},BIM-core.ExchangeId
794B6001-B910-4E00-B3A2-AFDEA4491822,Completion Reservoir Communication Ntvl,CMPLTN_RSRVR_CMMNCTN_NTVL,PD_ObjectID,794B6001-B910-4E00-B3A2-AFDEA4491822,
794B6001-B910-4E00-B3A2-AFDEA4491822,Completion Reservoir Communication Ntvl,CMPLTN_RSRVR_CMMNCTN_NTVL,PD_SourceExtraction,46603045,
794B6001-B910-4E00-B3A2-AFDEA4491822,Completion Reservoir Communication Ntvl,CMPLTN_RSRVR_CMMNCTN_NTVL,PD_SourceModel,SUBSURFACE AND WELLS,
794B6001-B910-4E00-B3A2-AFDEA4491822,Completion Reservoir Communication Ntvl,CMPLTN_RSRVR_CMMNCTN_NTVL,MTED_EDaM_Entity_Data_Category,<unspecified>,SHL_CDM_EntityPropertyExtension.MTED_EDaM_Entity_Data_Category
794B6001-B910-4E00-B3A2-AFDEA4491822,Completion Reservoir Communication Ntvl,CMPLTN_RSRVR_CMMNCTN_NTVL,MTED_EDaM_Entity_Critical_Data,<unspecified>,SHL_CDM_EntityPropertyExtension.MTED_EDaM_Entity_Critical_Data
794B6001-B910-4E00-B3A2-AFDEA4491822,Completion Reservoir Communication Ntvl,CMPLTN_RSRVR_CMMNCTN_NTVL,MTED_EDaM_Entity_Quality_Indication,<unspecified>,SHL_CDM_EntityPropertyExtension.MTED_EDaM_Entity_Quality_Indication
794B6001-B910-4E00-B3A2-AFDEA4491822,Completion Reservoir Communication Ntvl,CMPLTN_RSRVR_CMMNCTN_NTVL,MTED_EDaM_Entity_Availability_Indication,<unspecified>,SHL_CDM_EntityPropertyExtension.MTED_EDaM_Entity_Availability_Indication
794B6001-B910-4E00-B3A2-AFDEA4491822,Completion Reservoir Communication Ntvl,CMPLTN_RSRVR_CMMNCTN_NTVL,MTED_EDaM_Security_Classification,<unspecified>,SHL_CDM_EntityPropertyExtension.MTED_EDaM_Security_Classification
794B6001-B910-4E00-B3A2-AFDEA4491822,Completion Reservoir Communication Ntvl,CMPLTN_RSRVR_CMMNCTN_NTVL,MTED_EDaM_Design_Status,Approved,SHL_CDM_EntityPropertyExtension.MTED_EDaM_Design_Status
794B6001-B910-4E00-B3A2-AFDEA4491822,Completion Reservoir Communication Ntvl,CMPLTN_RSRVR_CMMNCTN_NTVL,CSI,false,SHL_CDM_EntityPropertyExtension.CSI
794B6001-B910-4E00-B3A2-AFDEA4491822,Completion Reservoir Communication Ntvl,CMPLTN_RSRVR_CMMNCTN_NTVL,MTED_EDaM_Business_Critical_Data,false,SHL_CDM_EntityPropertyExtension.MTED_EDaM_Business_Critical_Data
794B6001-B910-4E00-B3A2-AFDEA4491822,Completion Reservoir Communication Ntvl,CMPLTN_RSRVR_CMMNCTN_NTVL,MTED_Encryption_Required,false,SHL_CDM_EntityPropertyExtension.MTED_Encryption_Required
794B6001-B910-4E00-B3A2-AFDEA4491822,Completion Reservoir Communication Ntvl,CMPLTN_RSRVR_CMMNCTN_NTVL,PII,false,SHL_CDM_EntityPropertyExtension.PII
794B6001-B910-4E00-B3A2-AFDEA4491822,Completion Reservoir Communication Ntvl,CMPLTN_RSRVR_CMMNCTN_NTVL,EntityUpdateDate,19/08/2021 Pass 3,SHL_CDM_EntityPropertyExtension.EntityUpdateDate
794B6001-B910-4E00-B3A2-AFDEA4491822,Completion Reservoir Communication Ntvl,CMPLTN_RSRVR_CMMNCTN_NTVL,Generation,true,SHL_CDM_EntityPropertyExtension.Generation
794B6001-B910-4E00-B3A2-AFDEA4491822,Completion Reservoir Communication Ntvl,CMPLTN_RSRVR_CMMNCTN_NTVL,MTED_Version_No,2021.2,SHL_CDM_EntityPropertyExtension.MTED_Version_No
794B6001-B910-4E00-B3A2-AFDEA4491822,Completion Reservoir Communication Ntvl,CMPLTN_RSRVR_CMMNCTN_NTVL,CommerciallySensitiveInformation,No Commercially Sensitive Information,BIM-core.CommerciallySensitiveInformation
794B6001-B910-4E00-B3A2-AFDEA4491822,Completion Reservoir Communication Ntvl,CMPLTN_RSRVR_CMMNCTN_NTVL,Criticality,No Critical Data,BIM-core.Criticality
794B6001-B910-4E00-B3A2-AFDEA4491822,Completion Reservoir Communication Ntvl,CMPLTN_RSRVR_CMMNCTN_NTVL,DataCategory,Structured,BIM-core.DataCategory
794B6001-B910-4E00-B3A2-AFDEA4491822,Completion Reservoir Communication Ntvl,CMPLTN_RSRVR_CMMNCTN_NTVL,DataConfidentiality,Internal,BIM-core.DataConfidentiality
794B6001-B910-4E00-B3A2-AFDEA4491822,Completion Reservoir Communication Ntvl,CMPLTN_RSRVR_CMMNCTN_NTVL,DesignStatus,Approved,BIM-core.DesignStatus
794B6001-B910-4E00-B3A2-AFDEA4491822,Completion Reservoir Communication Ntvl,CMPLTN_RSRVR_CMMNCTN_NTVL,EntityCategory,Master,BIM-core.EntityCategory
794B6001-B910-4E00-B3A2-AFDEA4491822,Completion Reservoir Communication Ntvl,CMPLTN_RSRVR_CMMNCTN_NTVL,EntityPersonalData,No Personal Data,BIM-core.EntityPersonalData
794B6001-B910-4E00-B3A2-AFDEA4491822,Completion Reservoir Communication Ntvl,CMPLTN_RSRVR_CMMNCTN_NTVL,FinancialPersonalData,No Financial Personal Data,BIM-core.FinancialPersonalData
794B6001-B910-4E00-B3A2-AFDEA4491822,Completion Reservoir Communication Ntvl,CMPLTN_RSRVR_CMMNCTN_NTVL,SensitivePersonalData,No Sensitive Personal Data,BIM-core.SensitivePersonalData
794B6001-B910-4E00-B3A2-AFDEA4491822,Completion Reservoir Communication Ntvl,CMPLTN_RSRVR_CMMNCTN_NTVL,DataArea,Well,BIM-core.DataArea
794B6001-B910-4E00-B3A2-AFDEA4491822,Completion Reservoir Communication Ntvl,CMPLTN_RSRVR_CMMNCTN_NTVL,EnterpriseLevel,Yes,BIM-core.EnterpriseLevel
794B6001-B910-4E00-B3A2-AFDEA4491822,Completion Reservoir Communication Ntvl,CMPLTN_RSRVR_CMMNCTN_NTVL,ExchangeId,{5C82208A-77A3-4FB8-A3AF-CDDA46D204E4},BIM-core.ExchangeId
